tree
version=v4
num_class=1
num_tree_per_iteration=1
label_index=0
max_feature_idx=22
objective=binary sigmoid:1
feature_names=rolling_td_rate_3 rolling_td_rate_5 rolling_td_rate_10 rolling_tds_3 rolling_tds_5 rolling_opportunities_3 rolling_opportunities_5 rolling_yards_3 rolling_yards_5 rolling_targets_5 rolling_carries_5 rolling_target_share_5 team_td_rate_5 opp_td_allowed_5 total_line is_home career_games_before career_td_rate career_opportunities_mean position_QB position_RB position_WR position_TE
feature_infos=[0:1] [0:1] [0:1] [0:2.6666666666666665] [0:2.2000000000000002] [0:35.666666666666664] [0:33] [-7:205.66666666666666] [-7:201] [0:19] [0:29] [0:0.52173913043478259] [0:5.2000000000000002] [0:5] [28.5:57.5] [0:1] [0:67] [0:1] [0:33] [0:1] [0:1] [0:1] [0:1]
tree_sizes=1689 1733 1730 1742 1736 1734 1740 1743 1745 1742 1750 1751 1740 1751 1752 1742 1753 1756 1750 1752 1738 1756 1740 1755 1747 1739 1747 1754 1747 1759 1762 1748 1753 1752 1746 1754 1765 1753 1756 1753 1757 1758 1761 1756 1767 1761 1759 1755 1748 1764 1773 1779 1756 1765 1763 1750 1770 1765 1763 1766 1750 1758 1758 1760 1764 1756 1772 1762 1774 1773 1768 1765 1767 1764 1760 1765 1770 1764 1767 1659 1769 1763 1773 1442 1764 1654 1543 1551 1545 1560 1659 1646 1756 1759 1768 1752 1771 1228 1339 1753 1655 1764 1763 1340 1772 1660 1770 1769 1115 1771 1119 1769 1654 1660 1015 1752 1762 1771 1772 1331 1656 1762 910 1765 1769 1773 1769 1662 1762 1658 1764 1322 909 910 1543 1771 1782 1541 912 1776 1559 1121 1550 1549 1120 1554 1323 1013 1322 1783 1773 1543 1772 1664 1656 1224 1559 1334 1772 1117 1538 1765 1464 1117 1665 1553 1775 910 1541 1461 1325 1659 1558 1778 904 1648 1137 1230 1766 1656 1327 1775 1663 1558 1770 902 1779 1545 1547 916 1551 1653 903 1780 1545 1768 1545 1543 1771 1775 1773 800 1769 1544 1116 1670 1433 1775 1019 1010 1551 1773 1662 1757 1449 1786 1776 908 1749 1770 1769 1763 904 1447 1766 1118 1112 1774 1775 1236 1762 901 1436 1771 1770 1760 1238 1763 1456 1770

Tree=0
num_leaves=15
num_cat=0
split_feature=8 5 8 17 18 7 17 20 11 12 14 18 18 7
split_gain=1077.35 222.6 93.7213 80.553 39.8266 34.7825 31.9894 31.641 29.5373 25.6225 20.5327 14.9593 14.1392 13.6626
threshold=39.63333333333334 9.4166666666666696 25.100000000000005 0.41223155929038285 6.0113636363636376 100.16666666666667 0.19478319783197837 1.0000000180025095e-35 0.017880184331797239 2.6333333333333337 45.750000000000007 6.1913919413919425 5.0568733153638821 76.166666666666671
decision_type=2 2 2 2 2 2 2 2 2 2 2 2 2 2
left_child=2 4 12 5 -2 -3 -4 9 11 -6 -5 -8 -1 -12
right_child=1 3 6 10 7 -7 8 -9 -10 -11 13 -13 -14 -15
leaf_value=-1.3797714770619462 -1.3595000164392452 -1.3396897209041321 -1.3704294170765239 -1.3208223467348652 -1.3473780690920321 -1.3113583178767385 -1.355096533759182 -1.367901930461034 -1.3615457606512964 -1.3304602895859963 -1.3208261730841746 -1.3163634947240868 -1.3702264639048969 -1.2953720065191792
leaf_weight=1238.2669914513826 269.25202253460884 261.94421733915806 490.92211346328259 133.32684589922428 247.65339829027653 45.957974895834923 16.23956710100174 46.445161908864975 259.99546928703785 121.14717057347298 33.615903899073601 20.137063205242157 160.6093186289072 80.385857149958611
leaf_count=7625 1658 1613 3023 821 1525 283 100 286 1601 746 207 124 989 495
internal_value=-1.36136 -1.33903 -1.37402 -1.32493 -1.3505 -1.33531 -1.36574 -1.34469 -1.35796 -1.34175 -1.31216 -1.33302 -1.37868 -1.30246
internal_weight=3425.9 1239.73 2186.17 555.231 684.498 307.902 787.294 415.246 296.372 368.801 247.329 36.3766 1398.88 114.002
internal_count=21096 7634 13462 3419 4215 1896 4848 2557 1825 2271 1523 224 8614 702
is_linear=0
shrinkage=1


Tree=1
num_leaves=15
num_cat=0
split_feature=18 7 9 18 7 12 14 2 17 11 18 13 3 17
split_gain=966.173 166.105 162.09 62.9138 36.6657 32.0196 30.1809 29.3155 29.0183 24.3029 19.5498 18.8906 18.0145 15.0538
threshold=6.8352713178294584 56.166666666666679 3.3666666666666671 16.515813953488376 36.833333333333336 2.9000000000000004 44.750000000000007 0.35416666666666669 0.17902930402930406 0.0061553030303030309 10.300943396226417 3.1000000000000005 0.83333333333333337 0.32200460829493094
decision_type=2 2 2 2 2 2 2 2 2 2 2 2 2 2
left_child=2 4 8 5 9 10 12 -4 -1 -2 -3 -11 -5 -6
right_child=1 3 7 6 13 -7 -8 -9 -10 11 -12 -13 -14 -15
leaf_value=-0.018754832151927546 0.032609807319715391 0.016049481397799981 -0.0019861846662312969 0.027161342809746521 0.010056243228965377 0.04041656753782058 0.064057611810086082 0.013364014634270524 -0.010055836568139286 -0.0084929962620489286 0.030966152423876934 0.02183802266137928 0.059831117299911238 0.025193206178877079
leaf_weight=1090.4072376042604 16.572607651352882 175.0001266002655 650.78787961602211 58.073506504297256 130.84945899248123 138.79364991188049 76.890931382775307 134.20126123726368 510.98242050409317 140.06500445306301 150.61564129590988 20.296136423945427 21.77375254034996 110.44334957003593
leaf_count=6781 101 1064 4014 350 800 837 459 824 3166 863 910 125 131 671
internal_value=-1.60489e-06 0.0241258 -0.0105158 0.033957 0.00947833 0.0282969 0.0504418 0.00065174 -0.0159871 -0.000898985 0.023023 -0.0045426 0.0367 0.01706
internal_weight=3425.75 1039.37 2386.38 621.148 418.227 464.409 156.738 784.989 1601.39 176.934 325.616 160.361 79.8473 241.293
internal_count=21096 6311 14785 3751 2560 2811 940 4838 9947 1089 1974 988 481 1471
is_linear=0
shrinkage=0.03


Tree=2
num_leaves=15
num_cat=0
split_feature=8 8 17 18 8 16 5 18 14 10 12 18 3 14
split_gain=950.217 216.934 57.1424 55.8448 52.5966 26.8364 23.7006 20.8604 20.0022 19.7329 15.2951 13.2883 11.8786 10.7649
threshold=35.225000000000009 68.90000000000002 0.3504385964912281 16.515813953488376 25.100000000000005 7.5000000000000009 7.8333333333333348 6.1913919413919425 44.750000000000007 6.7750000000000012 2.9000000000000004 5.0568733153638821 0.83333333333333337 48.750000000000007
decision_type=2 2 2 2 2 2 2 2 2 2 2 2 2 2
left_child=4 2 7 6 11 -4 -3 -2 12 -6 -8 -1 -5 -7
right_child=1 3 5 8 9 13 10 -9 -10 -11 -12 -13 -14 -15
leaf_value=-0.017759611422157536 -4.7563758078839e-05 0.011566399033555819 0.0035529953780289816 0.028981748794344144 -0.0073161744650719774 0.024573694850966166 0.026394365679410177 0.01041282994181326 0.06098256279647539 0.0179854701455405 0.041536967874383664 -0.0084560502697748601 0.056351872682982106 0.045357643446124508
leaf_weight=1213.2804467082024 319.71283793449402 67.641676127910614 52.670492306351662 52.260772734880447 589.8230721950531 159.69290146231651 193.0408266633749 369.30163908004761 75.565645381808281 28.173311799764633 95.285659745335579 159.01728817820549 22.180154472589493 27.511068746447563
leaf_count=7625 1971 409 318 310 3660 960 1152 2240 435 172 561 989 129 165
internal_value=-2.5841e-06 0.0186001 0.00997252 0.0343882 -0.0134165 0.0225541 0.0277754 0.00556602 0.0497926 -0.00613553 0.0315249 -0.0166885 0.0377757 0.0278528
internal_weight=3425.16 1434.86 928.889 505.975 1990.29 239.874 355.968 689.014 150.007 617.996 288.326 1372.3 74.4409 187.204
internal_count=21096 8650 5654 2996 12446 1443 2122 4211 874 3832 1713 8614 439 1125
is_linear=0
shrinkage=0.03


Tree=3
num_leaves=15
num_cat=0
split_feature=8 8 17 8 18 16 5 18 10 14 12 6 3 0
split_gain=891.915 197.175 52.6417 50.6163 49.5661 24.4936 21.4143 19.4465 18.5468 17.2812 13.618 12.9775 10.4983 10.4227
threshold=35.225000000000009 68.90000000000002 0.3504385964912281 25.100000000000005 16.515813953488376 7.5000000000000009 7.8333333333333348 6.1913919413919425 6.7750000000000012 44.750000000000007 2.9000000000000004 2.4500000000000006 0.83333333333333337 1.0000000180025095e-35
decision_type=2 2 2 2 2 2 2 2 2 2 2 2 2 2
left_child=3 2 7 11 6 -4 -3 -2 13 12 -8 -1 -6 -5
right_child=1 4 5 8 9 -7 10 -9 -10 -11 -12 -13 -14 -15
leaf_value=-0.019224113956744105 -4.6142593450441139e-05 0.011149391791449118 0.0034413150913044253 -0.0097917721234379324 0.027672695124977595 0.026598953434462367 0.025220560948245971 0.010039511364940142 0.017285422525499302 0.057249366073823124 0.039373981417357408 -0.013295105455777521 0.053112041449279002 -0.001133864483851277
leaf_weight=698.42589224874973 319.70382259786129 68.096759170293808 52.779167786240578 406.17210659384727 53.124704763293266 190.1926586329937 195.96512457728386 371.54533588886261 28.470739766955376 78.10305842757225 97.524013757705688 660.08680529892445 22.877049565315247 181.0792006701231
leaf_count=4440 1971 409 318 2536 310 1125 1152 2240 172 435 561 4174 129 1124
internal_value=-3.29646e-06 0.0178562 0.00961909 -0.013122 0.0327309 0.0216033 0.026524 0.00538155 -0.00597348 0.0470297 0.0300414 -0.0163552 0.0359204 -0.00712857
internal_weight=3424.15 1449.91 934.221 1974.23 515.691 242.972 361.586 691.249 615.722 154.105 293.489 1358.51 76.0018 587.251
internal_count=21096 8650 5654 12446 2996 1443 2122 4211 3832 874 1713 8614 439 3660
is_linear=0
shrinkage=0.03


Tree=4
num_leaves=15
num_cat=0
split_feature=8 8 8 17 18 16 5 18 14 10 8 17 14 3
split_gain=837.49 179.689 48.6945 48.5164 44.276 22.3786 18.9701 18.2843 17.6122 17.4367 13.7142 12.8943 12.0741 11.2588
threshold=35.225000000000009 68.90000000000002 25.100000000000005 0.3504385964912281 16.300322061191633 7.5000000000000009 7.8333333333333348 6.8352713178294584 44.750000000000007 6.7750000000000012 97.300000000000026 0.11583184257602865 38.250000000000007 0.83333333333333337
decision_type=2 2 2 2 2 2 2 2 2 2 2 2 2 2
left_child=2 3 11 7 6 -5 -3 12 13 -4 -8 -1 -2 -6
right_child=1 4 9 5 8 -7 10 -9 -10 -11 -12 -13 -14 -15
leaf_value=-0.018604886447006006 -0.016160636657823142 0.010750437271036008 -0.0069454513458420469 0.0033333701314933956 0.025336248227593866 0.025416820973916884 0.024693103129639321 0.010870388929145325 0.053940996917744774 0.016620695266461656 0.040489396880144635 -0.012615028641452237 0.002592160103146373 0.050779235109627646
leaf_weight=763.55885531008244 32.738441407680511 68.535440981388092 584.7456619143486 52.884429171681404 57.248371586203575 193.06868746876717 223.14295476675034 293.88041305541992 84.325777694582939 28.756648793816566 67.917866542935371 581.46973320841789 366.78499661386013 23.703887283802032
leaf_count=4903 201 409 3660 318 329 1125 1285 1757 457 172 386 3711 2253 130
internal_value=-4.2993e-06 0.0171518 -0.0128327 0.00927926 0.0311967 0.0207012 0.0251605 0.00520387 0.0440996 -0.00581559 0.0285051 -0.0160267 0.00101897 0.033315
internal_weight=3422.76 1464.23 1958.53 939.357 524.874 245.953 359.596 693.404 165.278 613.502 291.061 1345.03 399.523 80.9523
internal_count=21096 8650 12446 5654 2996 1443 2080 4211 916 3832 1671 8614 2454 459
is_linear=0
shrinkage=0.03


Tree=5
num_leaves=15
num_cat=0
split_feature=8 8 8 17 6 16 4 14 10 12 11 6 5 11
split_gain=786.654 164.135 46.8354 44.7709 33.039 20.4816 17.3822 16.7841 16.4545 12.9487 12.6403 12.6341 12.5574 11.258
threshold=35.225000000000009 68.90000000000002 25.100000000000005 0.3504385964912281 11.550000000000002 7.5000000000000009 0.36666666666666675 45.750000000000007 0.22500000000000003 3.1000000000000005 0.2353536869586195 2.4500000000000006 9.1666666666666696 0.24773335060027493
decision_type=2 2 2 2 2 2 2 2 2 2 2 2 2 2
left_child=2 3 11 12 10 -5 -4 9 -8 -6 -3 -1 13 -2
right_child=1 4 6 5 7 -7 8 -9 -10 -11 -12 -13 -14 -15
leaf_value=-0.018566737007490428 0.0015980846304471934 0.010426825405962197 -0.0080192222829764924 0.0032290199167695818 0.026343061572072269 0.024309087193633692 -0.0048953572701508283 0.043975856294522365 0.018435556953372987 0.051510923775055388 0.025876250179748036 -0.012662371254378243 0.012463374058461575 0.017994988964198495
leaf_weight=683.2247452288866 498.43620672821999 75.841564655303955 502.03517113626003 52.986390620470047 160.9686893671751 195.81309761106968 62.627736657857895 137.8455516397953 46.675161421298981 21.520778670907021 137.38698036968708 648.61185510456562 157.25725880265236 39.796976551413536
leaf_count=4440 3040 442 3155 318 903 1125 390 748 287 118 785 4174 933 238
internal_value=-5.19277e-06 0.0164845 -0.0125482 0.0089532 0.0297716 0.0198506 -0.00566111 0.0358899 0.00514436 0.0295756 0.0204555 -0.0157029 0.00503195 0.0028416
internal_weight=3421.03 1477.85 1943.17 944.29 533.564 248.799 611.338 320.335 109.303 182.489 213.229 1331.84 695.49 538.233
internal_count=21096 8650 12446 5654 2996 1443 3832 1769 677 1021 1227 8614 4211 3278
is_linear=0
shrinkage=0.03


Tree=6
num_leaves=15
num_cat=0
split_feature=8 5 17 8 17 7 11 14 2 11 14 16 18 18
split_gain=739.141 150.913 51.9813 45.0319 35.7338 25.6679 18.8993 16.9986 16.4621 14.4256 12.7507 13.0813 12.7487 12.6041
threshold=35.225000000000009 9.4166666666666696 0.41223155929038285 25.100000000000005 0.25677655677655681 100.16666666666667 0.25646449753064654 37.750000000000007 0.2678571428571429 0.23769105659614523 45.750000000000007 8.5000000000000018 5.0568733153638821 6.1091269841269851
decision_type=2 2 2 2 2 2 2 2 2 2 2 2 2 2
left_child=3 4 5 12 6 -3 -2 -6 -5 -9 -4 -12 -1 -10
right_child=1 2 10 8 7 -7 -8 9 13 -11 11 -13 -14 -15
leaf_value=-0.01645913450209089 -0.00046887384615943979 0.015568444547172407 0.030112620799671315 -0.0079770908872890678 -0.013732481418489288 0.038457894756377821 0.024096852354494762 0.011602141386857676 -0.002856581640776147 0.024502893162139907 0.026230254859235809 0.049158263374651533 -0.0072160119980169335 0.017108336714792671
leaf_weight=1164.600323215127 385.36436456441879 294.10219423472881 151.0103260576725 487.09398028254509 18.912056609988213 51.799395680427551 29.407063275575638 323.2555385529995 78.795355930924416 104.00900776684284 34.093617364764214 98.920260190963745 154.3319093734026 43.347590535879135
leaf_count=7625 2348 1686 832 3077 112 283 173 1909 491 597 184 526 989 264
internal_value=-6.0123e-06 0.0158511 0.0269995 -0.0122687 0.00767239 0.0190972 0.00132659 0.0135554 -0.00551064 0.0147925 0.0365227 0.043521 -0.0153839 0.00431021
internal_weight=3419.04 1490.87 629.926 1928.17 860.948 345.902 414.771 446.177 609.237 427.265 284.024 133.014 1318.93 122.143
internal_count=21096 8650 3511 12446 5139 1969 2521 2618 3832 2506 1542 710 8614 755
is_linear=0
shrinkage=0.03


Tree=7
num_leaves=15
num_cat=0
split_feature=8 8 8 17 18 16 4 18 10 7 17 2 18 14
split_gain=694.684 139.46 43.2846 38.7003 35.4133 17.6896 16.0084 15.5508 15.0053 14.0792 12.5655 11.7704 11.7647 11.4071
threshold=35.225000000000009 68.90000000000002 25.100000000000005 0.34248120300751889 16.515813953488376 5.5000000000000009 0.36666666666666675 6.3361581920903962 0.22500000000000003 76.166666666666671 0.11583184257602865 0.31666666666666671 9.0108695652173925 44.750000000000007
decision_type=2 2 2 2 2 2 2 2 2 2 2 2 2 2
left_child=2 3 10 7 9 -5 -4 11 -8 -3 -1 -2 -11 -6
right_child=1 4 6 5 13 -7 8 -9 -10 12 -12 -13 -14 -15
leaf_value=-0.017656602553561558 -0.0021681207348776708 0.01401647446915812 -0.0076478529747058092 0.00019245097760555257 0.030042886478851418 0.021365277729235018 -0.0046790019006515884 0.0089141102784057718 0.017543114018636258 0.017782927737098206 -0.011664938555044821 0.015101468011542453 0.031515575108397489 0.046734643221642239
leaf_weight=739.84316626191139 295.44462491571903 131.55112633109093 497.57055555284023 42.216641515493393 81.212568014860153 223.30539682507515 62.32337099313736 353.84455654025078 47.290161907672882 96.287366792559624 566.46463993191719 39.354987144470215 154.23825442790985 85.843432039022446
leaf_count=4903 1816 742 3155 251 439 1260 390 2088 287 542 3711 239 838 435
internal_value=-6.72436e-06 0.0152492 -0.011994 0.00830272 0.0272823 0.0180123 -0.00536371 0.0045383 0.00498013 0.0221375 -0.0150693 -9.91907e-05 0.0263292 0.0388472
internal_weight=3416.79 1503.3 1913.49 954.166 549.133 265.522 607.184 688.644 109.614 382.077 1306.31 334.8 250.526 167.056
internal_count=21096 8650 12446 5654 2996 1511 3832 4143 677 2122 8614 2055 1380 874
is_linear=0
shrinkage=0.03


Tree=8
num_leaves=15
num_cat=0
split_feature=8 5 17 6 17 2 7 10 11 14 11 16 14 10
split_gain=653.092 128.831 43.9154 41.9025 31.085 25.1747 23.3969 17.9441 17.1671 15.7231 12.8504 12.7544 13.7762 12.6861
threshold=35.225000000000009 9.4166666666666696 0.38529014844804327 3.1000000000000005 0.25677655677655681 0.29285714285714287 104.50000000000001 6.366666666666668 0.25646449753064654 37.750000000000007 0.23769105659614523 8.5000000000000018 44.750000000000007 0.55000000000000016
decision_type=2 2 2 2 2 2 2 2 2 2 2 2 2 2
left_child=3 4 6 -1 8 13 -3 -7 -2 -6 -11 -4 -13 -5
right_child=1 2 11 5 9 7 -8 -9 -10 10 -12 12 -14 -15
leaf_value=-0.016166483585120996 -0.00053410067672558673 0.013911988229464316 0.019792210576904178 -0.0062565719978433104 -0.013705505732957639 -0.00037432279170609094 0.038538602538630902 0.029879830262765986 0.022679442872849266 0.010720164731495686 0.02277263456973996 0.028108648045576348 0.042568535826945191 -0.01405815118557077
leaf_weight=952.41564901173115 385.83875477313995 286.96995066106319 60.742545142769814 448.00324527919292 18.894561767578125 154.17222015559673 39.094733074307442 18.920569822192192 29.97016179561615 327.68648733198643 106.3305829167366 126.68187868595123 132.87253619730473 325.64549712836742
leaf_count=6353 2348 1617 324 2886 112 977 206 112 173 1909 597 681 683 2118
internal_value=-7.44756e-06 0.0146773 0.0248102 -0.011724 0.00711824 -0.0072426 0.0169735 0.00308536 0.00118945 0.0125467 0.0137185 0.0327104 0.035646 -0.00955433
internal_weight=3414.24 1515.08 646.362 1899.16 868.721 946.742 326.065 173.093 415.809 452.912 434.017 320.297 259.554 773.649
internal_count=21096 8650 3511 12446 5139 6093 1823 1089 2521 2618 2506 1688 1364 5004
is_linear=0
shrinkage=0.03


Tree=9
num_leaves=15
num_cat=0
split_feature=8 8 6 18 18 4 18 6 18 1 14 12 13 7
split_gain=614.271 121.561 38.9024 32.2404 29.6658 19.9415 18.0524 16.4878 15.5924 16.085 14.3652 13.5432 11.6234 17.7803
threshold=34.900000000000006 66.550000000000011 2.4500000000000006 16.300322061191633 6.8352713178294584 0.36666666666666675 6.7795138888888902 7.1000000000000005 3.6020833333333337 0.55000000000000016 44.750000000000007 2.9000000000000004 2.9000000000000004 37.416666666666679
decision_type=2 2 2 2 2 2 2 2 2 2 2 2 2 2
left_child=2 4 -1 7 8 -4 -7 -3 -2 -10 -5 -9 13 -6
right_child=1 3 5 10 12 6 -8 11 9 -11 -12 -13 -14 -15
leaf_value=-0.017290648541377792 -0.012962666984493972 0.0030324697285013516 -0.0098961548129953697 0.02576273342523332 -0.0054118128397997439 -0.0032679715644393917 0.022262122223006039 0.017762194792776236 0.0017995051444591511 0.020532381346507565 0.043178480704598891 0.029979853206269495 0.021951661731091861 0.012976191128886698
leaf_weight=678.29792661964893 55.143201813101768 47.547126606106758 1016.4266729801893 89.984803378582001 55.563351839780807 147.61053724586964 28.953192010521889 257.36414895951748 373.87494286894798 45.407624870538712 94.581857115030289 125.32117408514023 94.915302589535713 300.50220023095608
leaf_count=4590 340 276 6650 474 325 945 174 1411 2267 265 464 665 542 1708
internal_value=-7.91359e-06 0.0140189 -0.0115543 0.0243497 0.00713663 -0.00828101 0.00102029 0.0197653 0.00189237 0.00387227 0.0348721 0.0218309 0.0126371 0.0100997
internal_weight=3411.49 1540.21 1871.29 614.799 925.407 1192.99 176.564 430.232 474.426 419.283 184.567 382.685 450.981 356.066
internal_count=21096 8737 12359 3290 5447 7769 1119 2352 2872 2532 938 2076 2575 2033
is_linear=0
shrinkage=0.03


Tree=10
num_leaves=15
num_cat=0
split_feature=8 5 8 7 17 18 3 14 14 11 9 17 11 12
split_gain=577.802 112.997 37.8837 37.029 28.33 14.1747 14.1625 13.9543 13.8186 13.6205 12.4343 11.9546 11.7239 10.021
threshold=34.900000000000006 9.1666666666666696 25.100000000000005 76.166666666666671 0.25677655677655681 16.300322061191633 1.0000000180025095e-35 45.750000000000007 37.750000000000007 0.11994353462884318 0.45000000000000007 0.11583184257602865 0.23769105659614523 3.4500000000000006
decision_type=2 2 2 2 2 2 2 2 2 2 2 2 2 2
left_child=2 4 11 5 9 -3 -4 -5 -6 -2 -8 -1 -10 -11
right_child=1 3 6 7 8 -7 10 -9 12 13 -12 -13 -14 -15
leaf_value=-0.016763885068815387 -0.0088658227795949656 0.012102201617742434 -0.0081422387719496843 0.023377795601865314 -0.013302421841756236 0.028214961837113743 0.021397413723150006 0.035480092540718031 0.0098300781727453258 0.002278831634470865 -0.0011914315968386934 -0.010847961216768861 0.021834090930764067 0.02462445404448908
leaf_weight=718.03968235850334 103.09169413149357 270.86230981349945 399.8075517565012 197.31217610836029 18.625842705368996 60.290341943502426 24.360953599214554 168.84182117879391 326.49006418883801 292.00349104404449 161.57361693680286 553.83327376842499 95.139952272176743 18.279143095016479
leaf_count=4903 632 1509 2579 1038 111 316 147 851 1884 1762 1019 3711 524 110
internal_value=-8.44038e-06 0.0135047 -0.0112919 0.0224565 0.00617448 0.0151118 -0.00496727 0.0290399 0.0114612 0.000529921 0.00186677 -0.0141984 0.012584 0.00367012
internal_weight=3408.55 1550.94 1857.62 697.307 853.63 331.153 585.742 366.154 440.256 413.374 185.935 1271.87 421.63 310.283
internal_count=21096 8737 12359 3714 5023 1825 3745 1889 2519 2504 1166 8614 2408 1872
is_linear=0
shrinkage=0.03


Tree=11
num_leaves=15
num_cat=0
split_feature=8 5 6 17 17 10 2 14 11 16 14 8 20 9
split_gain=543.593 104.259 36.8983 33.815 26.392 19.0233 16.2355 12.9528 12.8625 12.0416 13.138 11.2732 11.1537 9.56315
threshold=34.900000000000006 9.1666666666666696 2.4500000000000006 0.38529014844804327 0.25677655677655681 7.291666666666667 0.11805555555555557 37.750000000000007 0.11994353462884318 8.5000000000000018 44.750000000000007 76.450000000000017 1.0000000180025095e-35 3.1000000000000005
decision_type=2 2 2 2 2 2 2 2 2 2 2 2 2 2
left_child=2 4 -1 11 8 6 -4 -6 -2 -5 -11 -3 -9 -8
right_child=1 3 5 9 7 -7 13 12 -10 10 -12 -13 -14 -15
leaf_value=-0.016687301256428096 -0.0086478116818335411 0.011048884812406779 -0.012027628477731445 0.016239780331454096 -0.013019144361070146 0.019564261834683461 -0.0075629926784630611 0.013377861691984799 0.0035548811765246783 0.02394982327407013 0.037432114021859468 0.022230543004854334 -0.0065469012314234125 0.00050664053201998312
leaf_weight=664.57233184576035 102.55340020358562 232.79088540375233 560.62201276421547 64.840599611401558 18.484111145138741 21.458525985479355 400.82169020175934 398.06722834706306 310.92846661806107 135.39629507064819 144.1624898314476 127.58098773658276 26.417928710579872 196.77705043554306
leaf_count=4590 632 1302 3754 335 111 128 2619 2255 1872 704 710 663 153 1268
internal_value=-9.07767e-06 0.0130135 -0.0110343 0.0215526 0.00596985 -0.00783817 -0.0083623 0.0110492 0.000514759 0.0282851 0.031011 0.015058 0.0121254 -0.00490942
internal_weight=3405.47 1561.22 1844.25 704.771 856.451 1179.68 1158.22 442.969 413.482 344.399 279.559 360.372 424.485 597.599
internal_count=21096 8737 12359 3714 5023 7769 7641 2519 2504 1749 1414 1965 2408 3887
is_linear=0
shrinkage=0.03


Tree=12
num_leaves=15
num_cat=0
split_feature=8 8 8 18 18 18 1 7 10 18 3 12 16 15
split_gain=511.482 97.3297 35.4231 26.2537 25.2203 14.0931 14.2255 13.7403 13.4904 11.7478 11.3405 10.9608 9.36324 8.50186
threshold=34.900000000000006 66.550000000000011 25.100000000000005 16.300322061191633 6.8352713178294584 3.6020833333333337 0.55000000000000016 91.833333333333357 6.7750000000000012 5.0568733153638821 0.83333333333333337 2.6333333333333337 53.500000000000007 1.0000000180025095e-35
decision_type=2 2 2 2 2 2 2 2 2 2 2 2 2 2
left_child=2 4 9 7 5 -2 -7 11 -4 -1 -5 -3 13 -6
right_child=1 3 8 10 12 6 -8 -9 -10 -11 -12 -13 -14 -15
leaf_value=-0.014695824851560423 -0.012644684941381566 0.0093730190507185715 -0.0056800612587707541 0.024820883983451222 0.0060799603384182523 0.0014573485074264772 0.018895324410753651 0.025373142635373349 0.015503690417427256 -0.005659201134143913 0.040457298787509324 0.021206153148390295 0.029390815809717891 0.01450475888992009
leaf_weight=1101.0831043720245 54.660942956805229 190.0137675255537 554.00076477229595 119.44789439439774 216.1827284693718 376.23345690965652 46.441326349973679 138.49266397953033 27.495749995112419 148.63534310460091 72.460374563932419 114.09316276013851 23.933610707521439 219.0706898868084
leaf_count=7625 340 1034 3584 594 1213 2267 265 710 161 989 344 608 131 1231
internal_value=-9.90511e-06 0.0125441 -0.0107812 0.021608 0.00638674 0.00155197 0.00341342 0.0175168 -0.0046535 -0.0136264 0.030904 0.0138675 0.0113983 0.0103438
internal_weight=3402.25 1571.03 1831.21 634.508 936.523 477.336 422.675 442.6 581.497 1249.72 191.908 304.107 459.187 435.253
internal_count=21096 8737 12359 3290 5447 2872 2532 2352 3745 8614 938 1642 2575 2444
is_linear=0
shrinkage=0.03


Tree=13
num_leaves=15
num_cat=0
split_feature=8 5 6 17 17 4 18 14 11 9 16 14 8 20
split_gain=481.416 90.4687 34.8444 29.2753 23.3952 17.9298 16.0687 12.0273 11.9554 11.3737 10.8337 11.6953 10.7011 10.333
threshold=34.900000000000006 9.1666666666666696 2.4500000000000006 0.38529014844804327 0.25677655677655681 0.36666666666666675 6.7795138888888902 37.750000000000007 0.11994353462884318 3.3666666666666671 8.5000000000000018 44.750000000000007 42.45000000000001 1.0000000180025095e-35
decision_type=2 2 2 2 2 2 2 2 2 2 2 2 2 2
left_child=2 4 -1 12 8 9 -7 -6 -2 -4 -5 -12 -3 -9
right_child=1 3 5 10 7 6 -8 13 -10 -11 11 -13 -14 -15
leaf_value=-0.016091051887620434 -0.008465983341721342 -0.004609121404793701 -0.010926170316916685 0.014829432059682759 -0.012935246250567007 -0.0026917905321373822 0.021299150639353844 0.012498638839956467 0.003311904978000661 -0.0036628286274299048 0.022102031022171675 0.03465760139715212 0.015353683176754526 -0.0066450357226260732
leaf_weight=651.26639539003372 102.09331080317497 25.574682012200356 725.6037280857563 65.978320017457008 18.439128771424294 145.71713791787624 29.323792591691017 403.14165589213371 312.26985105872154 266.57159878313541 138.30735009908676 147.90199293196201 340.16592657566071 26.472482219338417
leaf_count=4590 632 146 4891 335 111 945 174 2255 1872 1759 704 710 1819 153
internal_value=-9.80934e-06 0.0120976 -0.0105325 0.0199582 0.0055384 -0.00741997 0.00142546 0.0102821 0.000396602 -0.00898035 0.0261414 0.0286883 0.013949 0.0113063
internal_weight=3398.83 1580.34 1818.48 717.928 862.416 1167.22 175.041 448.053 414.363 992.175 352.188 286.209 365.741 429.614
internal_count=21096 8737 12359 3714 5023 7769 1119 2519 2504 6650 1749 1414 1965 2408
is_linear=0
shrinkage=0.03


Tree=14
num_leaves=15
num_cat=0
split_feature=7 18 6 12 18 1 7 4 2 15 14 18 18 16
split_gain=440.423 99.2944 43.9381 35.1338 29.2609 22.953 20.5686 16.4469 15.7101 10.1095 10.0307 8.85128 8.59603 8.10252
threshold=36.166666666666679 6.7307185234014506 3.7750000000000004 2.7083333333333335 10.300943396226417 0.55000000000000016 73.833333333333357 1.3666666666666669 0.31666666666666671 1.0000000180025095e-35 40.250000000000007 4.202040816326531 2.9104278074866312 10.500000000000002
decision_type=2 2 2 2 2 2 2 2 2 2 2 2 2 2
left_child=2 8 9 4 -3 13 -6 -5 10 -1 -2 -10 -12 -4
right_child=1 3 5 7 6 -7 -8 -9 11 -11 12 -13 -14 -15
leaf_value=-0.016573945881799283 -0.012774691708977447 0.006750239435834045 -0.0088721096255856158 0.023274366110420251 0.011260407637999639 0.018559208545406325 0.025822271260904261 0.048961145188105293 -0.0064219440134936894 -0.010720029605309879 -0.018763819436465379 0.013972507675630746 0.0015187286248425154 -0.0026321206487568672
leaf_weight=543.37564654648304 63.107705011963844 319.15777161717415 346.04227855801582 315.86137172579765 161.92718625068665 36.497350946068764 195.37295264005661 24.262467965483665 22.859978869557381 538.48002976179123 19.072993978857994 102.86420203745365 296.96895289421082 409.50150714814663
leaf_count=3810 390 1768 2283 1627 863 215 968 116 136 3777 124 583 1812 2624
internal_value=-1.06354e-05 0.0119761 -0.00974414 0.0173727 0.0133832 -0.00436745 0.0192727 0.0252449 0.00109701 -0.0136728 -0.00195467 0.0102428 0.000239362 -0.00549801
internal_weight=3395.35 1521.46 1873.9 1016.58 676.458 792.041 357.3 340.124 504.874 1081.86 379.15 125.724 316.042 755.544
internal_count=21096 8387 12709 5342 3599 5122 1831 1743 3045 7587 2326 719 1936 4907
is_linear=0
shrinkage=0.03


Tree=15
num_leaves=15
num_cat=0
split_feature=8 8 6 18 18 4 18 16 14 6 7 14 18 4
split_gain=427.643 78.9238 32.7582 21.709 21.0879 16.643 14.5363 12.413 17.0509 12.3864 11.2128 11.0944 10.8071 11.9604
threshold=34.900000000000006 66.550000000000011 2.4500000000000006 16.300322061191633 6.0113636363636376 0.36666666666666675 6.7795138888888902 24.500000000000004 48.250000000000007 7.1000000000000005 31.416666666666668 44.750000000000007 3.6020833333333337 0.55000000000000016
decision_type=2 2 2 2 2 2 2 2 2 2 2 2 2 2
left_child=2 4 -1 9 12 -4 -7 10 -9 -3 -6 -5 -2 -14
right_child=1 3 5 11 7 6 -8 8 -10 -11 -12 -13 13 -15
leaf_value=-0.015511066727119925 -0.012209483686492193 0.0013441747281122041 -0.0085540299485039224 0.019938866712622925 -0.012871259246976354 -0.0024717750752114597 0.020220722737745001 0.011536078520163482 0.036749729127478772 0.01734449453086186 0.0071317931929745972 0.034601115882596338 -0.00043836097389535943 0.01530556961944657
leaf_weight=638.58258883655071 54.009454652667046 48.984189406037331 981.11663122475147 96.194884315133095 26.49511781334877 145.00058057904243 29.764227569103241 215.48739941418171 26.583065062761307 404.19024100899696 315.54504756629467 101.86724312603474 256.7353193461895 51.256212964653969
leaf_count=4590 340 276 6650 474 157 945 174 1196 145 2076 1762 464 1554 293
internal_value=-1.12793e-05 0.0112755 -0.0100589 0.0193063 0.00573313 -0.00703604 0.00148604 0.00925419 0.0144447 0.0156218 0.00554931 0.0276159 4.18538e-05 0.00222281
internal_weight=3391.81 1597.35 1794.46 651.237 946.112 1155.88 174.765 584.111 242.07 453.174 342.04 198.062 362.001 307.992
internal_count=21096 8737 12359 3290 5447 7769 1119 3260 1341 2352 1919 938 2187 1847
is_linear=0
shrinkage=0.03


Tree=16
num_leaves=15
num_cat=0
split_feature=8 8 8 18 17 16 0 7 18 17 9 14 6 3
split_gain=402.639 73.1792 31.7117 20.0643 19.8802 12.4441 12.1711 11.4809 11.0937 11.0742 10.9371 10.2114 9.58796 9.41616
threshold=34.900000000000006 66.550000000000011 25.100000000000005 16.300322061191633 0.3306010928961749 7.5000000000000009 1.0000000180025095e-35 91.833333333333357 6.0113636363636376 0.11583184257602865 0.45000000000000007 44.750000000000007 7.2250000000000005 0.83333333333333337
decision_type=2 2 2 2 2 2 2 2 2 2 2 2 2 2
left_child=2 4 9 7 8 -6 -4 12 -2 -1 -8 13 -3 -5
right_child=1 3 6 11 5 -7 10 -9 -10 -11 -12 -13 -14 -15
leaf_value=-0.015119419363900028 -0.0018990894748940499 -0.00063162825355632195 -0.0070020047453228399 0.012912526047600069 0.00095157809717909519 0.014922022236013676 0.020542019976104338 0.022080399419802197 0.0060828879078931256 -0.009294604234328728 -0.00057158593166079593 0.033179235156060909 0.013970771239272079 0.033680497620298115
leaf_weight=679.37743005156517 287.0456909686327 47.623574867844582 388.63563944399357 69.052629664540291 75.165816843509674 243.51533170044422 24.621580362319946 143.61325114965439 343.14921343326569 530.56092950701714 159.43669901788235 103.06967528164387 265.23169356584549 27.966670960187912
leaf_count=4903 1762 268 2579 343 426 1300 147 710 1959 3711 1019 464 1374 131
internal_value=-1.14039e-05 0.0108828 -0.00982331 0.0185763 0.0055455 0.0116402 -0.00399798 0.0150434 0.00244995 -0.012575 0.00234853 0.0265212 0.011753 0.0191816
internal_weight=3388.07 1605.43 1782.63 656.557 948.876 318.681 572.694 456.469 630.195 1209.94 184.058 200.089 312.855 97.0193
internal_count=21096 8737 12359 3290 5447 1726 3745 2352 3721 8614 1166 938 1642 474
is_linear=0
shrinkage=0.03


Tree=17
num_leaves=15
num_cat=0
split_feature=8 18 17 6 7 3 4 17 18 17 8 12 10 10
split_gain=379.175 68.4349 32.4382 30.9567 16.7297 16.5432 13.6224 14.6185 13.0481 11.7766 11.768 9.37553 7.01255 6.97662
threshold=34.900000000000006 6.8352713178294584 0.40161290322580651 2.4500000000000006 103.16666666666667 0.83333333333333337 1.3666666666666669 0.72902097902097907 3.6020833333333337 0.21370023419203749 21.900000000000002 2.6333333333333337 0.36666666666666675 6.7750000000000012
decision_type=2 2 2 2 2 2 2 2 2 2 2 2 2 2
left_child=3 8 4 -1 11 10 7 -4 -2 12 -5 -3 -10 -12
right_child=1 2 6 5 -6 -7 -8 -9 9 -11 13 -13 -14 -15
leaf_value=-0.014951159566276942 -0.011806540397892947 0.0066748787801887768 0.020960339862209559 -0.010863451096266919 0.026979484050100554 0.019406518314868913 0.040672537369903679 -0.004629912392713144 0.001779939008186567 0.0077048995818149385 -0.0052429321320752861 0.015238096711531294 -0.0098044239761051998 0.0098575316203225096
leaf_weight=626.56543445587158 55.615339800715446 420.85603991150856 388.36948794126511 454.81774927675724 50.342956572771072 20.593388184905052 29.917473077774048 20.838752403855324 159.04352943599224 263.0870423913002 641.23982280492783 159.34727643430233 65.640785351395607 27.871105909347534
leaf_count=4590 352 2285 1906 3202 241 127 139 103 959 1510 4273 841 401 167
internal_value=-1.12843e-05 0.0105076 0.0149085 -0.00959216 0.0105209 -0.00664791 0.0211705 0.0196491 0.00183294 0.00340907 -0.00714212 0.00904886 -0.00163284 -0.00460017
internal_weight=3384.15 1613.06 1069.67 1771.09 630.546 1144.52 439.126 409.208 543.387 487.771 1123.93 580.203 224.684 669.111
internal_count=21096 8737 5515 12359 3367 7769 2148 2009 3222 2870 7642 3126 1360 4440
is_linear=0
shrinkage=0.03


Tree=18
num_leaves=15
num_cat=0
split_feature=8 5 2 17 11 17 7 18 9 14 17 12 18 4
split_gain=357.393 77.6925 25.274 24.1212 21.4176 14.8667 13.8039 11.8636 11.1664 10.7608 10.3448 10.245 9.45449 13.7514
threshold=31.100000000000005 9.4166666666666696 0.11805555555555557 0.41223155929038285 0.21530634834361745 0.32200460829493094 100.16666666666667 4.1684397163120579 3.9000000000000004 40.750000000000007 0.31866537717601556 2.7083333333333335 6.2240143369175636 0.29166666666666669
decision_type=2 2 2 2 2 2 2 2 2 2 2 2 2 2
left_child=2 4 -1 6 5 -2 -3 -7 12 10 -6 -11 -4 -14
right_child=1 3 8 -5 9 7 -8 -9 -10 11 -12 -13 13 -15
leaf_value=-0.013387571727409651 -0.0011366844638537967 0.0093224529137464329 -0.0083605013289190979 0.022874728841028619 0.0090683999651717702 -0.015057740527145085 0.024985882047222102 0.0099692731420894399 0.0054202282835509371 0.009113054317352598 -0.018269866695229807 0.022469008460140813 -0.0061078312002545683 0.023872671682111605
leaf_weight=948.373669937253 550.43436363339424 329.52087303996086 528.54443797469139 328.5622725635767 32.356167629361153 17.667068287730217 59.587107107043266 209.67220613360405 71.370777547359467 144.10347124934196 18.887177333235741 81.975171357393265 39.308867782354355 19.958029717206955
leaf_count=6854 3376 1733 3674 1554 185 107 283 1156 468 792 102 429 262 121
internal_value=-1.14525e-05 0.00927515 -0.0102519 0.0168836 0.00408885 0.00153107 0.011779 0.00796694 -0.00572701 0.0112311 -0.00116472 0.0140335 -0.00708738 0.00421665
internal_weight=3380.32 1772.77 1607.56 717.67 1055.1 777.774 389.108 227.339 659.182 277.322 51.2433 226.079 587.811 59.2669
internal_count=21096 9717 11379 3570 6147 4639 2016 1263 4525 1508 287 1221 4057 383
is_linear=0
shrinkage=0.03


Tree=19
num_leaves=15
num_cat=0
split_feature=8 5 17 17 11 17 7 18 7 3 9 12 9 2
split_gain=336.904 72.2419 24.3548 22.2936 19.9898 13.9238 12.7905 10.602 10.061 10.6929 10.9781 9.82341 9.76324 8.60942
threshold=31.100000000000005 9.4166666666666696 0.11583184257602865 0.41223155929038285 0.21530634834361745 0.32200460829493094 100.16666666666667 4.202040816326531 11.16666666666667 0.58333333333333337 0.45000000000000007 2.7083333333333335 3.1000000000000005 0.38750000000000007
decision_type=2 2 2 2 2 2 2 2 2 2 2 2 2 2
left_child=2 4 -1 6 5 13 -3 -7 12 -10 -11 -6 -4 -2
right_child=1 3 8 -5 11 7 -8 -9 9 10 -12 -13 -14 -15
leaf_value=-0.013988996449360013 -0.002124089498356606 0.0090024925082670786 -0.014604540680052663 0.02199640905540607 0.0069176052485611416 -0.013845412669059717 0.024014418607332416 0.009600153313358813 -0.0059863507955899538 0.027456455725368263 -0.00070273923352000332 0.019019386359709178 0.0087475254050198153 0.012624669996090894
leaf_weight=742.26122640073299 512.78604945540428 331.00793187320232 177.78509396314621 331.42648224532604 189.85284632444382 18.039978176355362 60.169021666049957 210.23165175318718 598.48119159042835 16.240803226828575 44.765906944870949 89.01592168211937 17.055846989154816 37.280957013368607
leaf_count=5457 3159 1733 1289 1554 1046 110 283 1153 4114 105 297 462 117 217
internal_value=-1.17216e-05 0.00896138 -0.0100139 0.0162659 0.0039581 0.00148356 0.0113669 0.00769498 -0.00654792 -0.00476541 0.00711552 0.0108347 -0.0125261 -0.00110339
internal_weight=3376.4 1779.81 1596.59 722.603 1057.21 778.339 391.177 228.272 854.329 659.488 61.0067 278.869 194.841 550.067
internal_count=21096 9717 11379 3570 6147 4639 2016 1263 5922 4516 402 1508 1406 3376
is_linear=0
shrinkage=0.03


Tree=20
num_leaves=15
num_cat=0
split_feature=8 8 2 6 18 12 10 14 18 3 16 9 18 4
split_gain=317.623 67.2897 23.502 17.1245 16.4246 19.3496 12.2689 11.6564 11.0911 10.6201 13.9795 10.498 8.90575 12.6116
threshold=31.100000000000005 66.550000000000011 0.11805555555555557 3.1000000000000005 10.300943396226417 2.6333333333333337 9.9000000000000021 37.250000000000007 6.8352713178294584 0.83333333333333337 19.500000000000004 3.9000000000000004 6.2240143369175636 0.29166666666666669
decision_type=2 2 2 2 2 2 2 2 2 2 2 2 2 2
left_child=2 3 -1 -2 5 -3 7 -5 -7 -6 -11 12 -4 -14
right_child=1 4 11 6 9 8 -8 -9 -10 10 -12 -13 13 -15
leaf_value=-0.01283883148462932 -0.01733845028193114 0.0033947407875069145 -0.0079858800436164255 -0.011256449610721139 0.016506205221039388 0.0023996701519922348 0.014171486667539777 0.0043931865972566117 0.02431602338132581 0.015638139541610599 0.035859484384180546 0.0053906924366749738 -0.0057704902160423529 0.022858943649287734
leaf_weight=931.99155224859715 31.53690505027771 155.15793219208717 523.28311038017273 43.971091866493225 269.26861381530762 27.000636860728264 110.96162167191505 925.83282409608364 92.762777715921402 57.329994425177574 72.675151333212852 71.410482376813889 38.981376022100449 20.236327841877937
leaf_count=6854 208 815 3674 265 1288 147 580 5374 452 261 327 468 262 121
internal_value=-1.17906e-05 0.00866045 -0.00978025 0.00412112 0.0161323 0.0104278 0.00476277 0.00367277 0.0194358 0.0200244 0.0271297 -0.00540805 -0.00673887 0.00423012
internal_weight=3372.4 1786.5 1585.9 1112.3 674.195 274.921 1080.77 969.804 119.763 399.274 130.005 653.911 582.501 59.2177
internal_count=21096 9717 11379 6427 3290 1414 6219 5639 599 1876 588 4525 4057 383
is_linear=0
shrinkage=0.03


Tree=21
num_leaves=15
num_cat=0
split_feature=8 5 17 7 17 20 16 7 3 16 9 14 18 16
split_gain=299.453 62.9559 22.7844 20.3074 18.0681 17.9439 13.2075 9.53335 9.86209 12.1316 9.29287 9.20776 8.37724 7.3177
threshold=31.100000000000005 9.4166666666666696 0.11583184257602865 76.166666666666671 0.19836065573770495 1.0000000180025095e-35 35.500000000000007 11.16666666666667 0.58333333333333337 28.500000000000004 3.1000000000000005 45.750000000000007 16.300322061191633 10.500000000000002
decision_type=2 2 2 2 2 2 2 2 2 2 2 2 2 2
left_child=2 4 -1 12 -2 6 -6 10 -9 -10 -4 -5 -3 -13
right_child=1 3 7 11 5 -7 -8 8 9 -11 -12 13 -14 -15
leaf_value=-0.013438299343476876 -0.001900595434083709 0.0073556329510861733 -0.014118147628095233 0.015375038305237045 0.0053253222736783677 -0.0090039802671023177 0.015036885366177411 -0.0056385331582711005 -0.0011443594408588839 0.028606332237795937 0.008660230892758948 0.014737637762898638 0.019220796173584451 0.028606105008222103
leaf_weight=728.96835948526859 348.16812208294868 273.48148852586746 174.92910832166672 209.73527055978775 481.33396802842617 61.138748854398727 170.82346880435944 593.30546791851521 45.266732349991798 15.920004934072493 17.083609580993652 51.319765776395798 66.574313744902611 130.40227757394314
leaf_count=5457 2149 1425 1289 1001 2712 356 930 4114 300 102 117 235 318 591
internal_value=-1.1767e-05 0.00837079 -0.00955085 0.0151367 0.00369815 0.00642979 0.00788826 -0.00619126 -0.00445457 0.00693192 -0.0120572 0.0197984 0.00972808 0.0247916
internal_weight=3368.45 1792.98 1575.47 731.513 1061.46 713.296 652.157 846.505 654.492 61.1867 192.013 391.457 340.056 181.722
internal_count=21096 9717 11379 3570 6147 3998 3642 5922 4516 402 1406 1827 1743 826
is_linear=0
shrinkage=0.03


Tree=22
num_leaves=15
num_cat=0
split_feature=8 7 2 4 6 1 16 14 14 7 6 9 9 18
split_gain=282.343 59.0921 21.8344 19.891 18.2978 13.8269 20.7482 11.3823 10.3264 12.8081 10.2108 9.78922 8.88143 8.36047
threshold=31.100000000000005 62.166666666666679 0.11805555555555557 0.63333333333333341 3.1000000000000005 0.55000000000000016 35.500000000000007 51.750000000000007 43.750000000000007 100.16666666666667 7.1000000000000005 3.9000000000000004 1.9000000000000001 6.2240143369175636
decision_type=2 2 2 2 2 2 2 2 2 2 2 2 2 2
left_child=2 4 12 10 -2 7 -7 -6 9 -5 -3 13 -1 -4
right_child=1 3 11 8 5 6 -8 -9 -10 -11 -12 -13 -14 -15
leaf_value=-0.014835574843337366 -0.019319020228223242 0.0017098180604771403 -0.0076194803558756246 -0.0008060022142885022 0.0018532479816115411 0.0053954996699161215 0.032306310933031206 0.018208594281661983 0.025226938852201446 0.025278782466138783 0.01283033342234316 0.0053099176798472548 -0.0088050800733124324 0.0042240700177560101
leaf_weight=530.21546436846256 30.288185954093933 89.042637005448341 518.19859284162521 36.8907211124897 814.98478336632252 88.867735207080841 35.638475432991982 39.210104048252106 175.36332233250141 30.235427349805832 458.6274139881134 71.517952084541321 386.19299225509167 59.186204522848129
leaf_count=4021 202 505 3674 181 4735 470 185 228 808 139 2264 468 2833 383
internal_value=-1.16242e-05 0.00809253 -0.00932566 0.0142314 0.00327575 0.003994 0.0132944 0.00262442 0.0213897 0.0111419 0.0110287 -0.00510342 -0.0123066 -0.00640022
internal_weight=3364.46 1799.15 1565.31 790.16 1008.99 978.701 124.506 854.195 242.489 67.1261 547.67 648.903 916.408 577.385
internal_count=21096 9717 11379 3897 5820 5618 655 4963 1128 320 2769 4525 6854 4057
is_linear=0
shrinkage=0.03


Tree=23
num_leaves=15
num_cat=0
split_feature=8 5 17 17 17 20 16 7 7 3 16 9 16 7
split_gain=266.228 55.6432 21.2226 18.5183 16.3921 16.6234 11.829 10.6575 9.00598 9.22896 11.2016 8.81079 7.05373 8.43187
threshold=31.100000000000005 9.4166666666666696 0.11583184257602865 0.41223155929038285 0.19836065573770495 1.0000000180025095e-35 35.500000000000007 100.16666666666667 11.16666666666667 0.58333333333333337 28.500000000000004 3.1000000000000005 3.5000000000000004 76.166666666666671
decision_type=2 2 2 2 2 2 2 2 2 2 2 2 2 2
left_child=2 4 -1 7 -2 6 -6 -3 11 -10 -11 -4 -5 -14
right_child=1 3 8 12 5 -7 -8 -9 9 10 -12 -13 13 -15
leaf_value=-0.012897906296279774 -0.0019053355204206679 0.0075815385572645232 -0.013642298064614209 0.0036901224701657831 0.0049887096511009631 -0.0088628350224806557 0.014132420479319657 0.02109560235414357 -0.0053226795777268406 -0.0009943337042013316 0.02745722315845835 0.0085252079194439237 0.013589760110842869 0.024124418939862731
leaf_weight=716.17718677222729 348.16420152783394 337.47236216068268 172.18359945714474 24.706873714923859 483.87712259590626 60.941101923584938 172.89275848865509 61.890962645411491 588.65532132983208 45.112071052193642 16.168947473168373 17.127142295241356 110.00450663268566 205.16838082671165
leaf_count=5457 2149 1733 1289 117 2712 356 930 283 4114 300 102 117 521 916
internal_value=-1.16089e-05 0.00782459 -0.00910494 0.0141439 0.00343263 0.00602114 0.00741359 0.00972333 -0.00585669 -0.00416782 0.00683291 -0.0116025 0.0192944 0.0205021
internal_weight=3360.54 1805.12 1555.42 739.243 1065.88 717.711 656.77 399.363 839.247 649.936 61.281 189.311 339.88 315.173
internal_count=21096 9717 11379 3570 6147 3998 3642 2016 5922 4516 402 1406 1554 1437
is_linear=0
shrinkage=0.03


Tree=24
num_leaves=15
num_cat=0
split_feature=8 18 12 5 6 4 4 6 6 13 14 7 9 7
split_gain=251.031 52.1765 24.294 19.7062 18.3761 12.6313 12.1925 12.6539 12.1698 11.722 10.9567 9.83309 7.60527 9.36466
threshold=31.100000000000005 6.8352713178294584 2.7083333333333335 16.166666666666668 2.4500000000000006 1.3666666666666669 0.36666666666666675 5.291666666666667 3.1000000000000005 3.5500000000000003 38.250000000000007 37.416666666666679 3.3666666666666671 11.833333333333334
decision_type=2 2 2 2 2 2 2 2 2 2 2 2 2 2
left_child=4 8 3 9 -1 11 12 -8 -2 -3 -10 -4 -6 -14
right_child=1 2 5 -5 6 -7 7 -9 10 -11 -12 -13 13 -15
leaf_value=-0.013067219786916988 -0.017057060272829813 0.0044402240057171381 -0.0011491158277580297 0.016269999296698357 -0.0092357563047702727 0.037216992474553547 -0.0032761322972139372 0.018020979526739749 -0.012133043159217089 0.025449301102288248 0.0029079285720767828 0.017464484142146963 0.015417476615628787 -0.004834865229081965
leaf_weight=587.23421797156334 31.384368509054184 533.57096889615059 27.563233330845833 204.92093859612942 635.49744226038456 27.040284112095833 96.169457077980042 32.877558395266533 46.088843256235123 24.092653647065163 587.97360889613628 328.06147667765617 22.343419343233109 171.64376436173916
leaf_count=4568 211 2809 155 949 4607 119 649 201 284 126 3487 1577 157 1197
internal_value=-1.14987e-05 0.00756703 0.0114462 0.00833246 -0.00888807 0.0176134 -0.00631681 0.00224662 0.000883762 0.00539181 0.00179724 0.0160226 -0.00765017 -0.0024351
internal_weight=3356.46 1810.7 1145.25 762.585 1545.77 382.665 958.532 129.047 665.447 557.664 634.062 355.625 829.485 193.987
internal_count=21096 9717 5735 3884 11379 1851 6811 850 3982 2935 3771 1732 5961 1354
is_linear=0
shrinkage=0.03


Tree=25
num_leaves=15
num_cat=0
split_feature=8 7 17 17 6 1 16 7 6 6 7 3 16 9
split_gain=236.701 49.3124 20.0827 17.9969 16.4016 12.2119 18.5305 12.0189 10.7038 9.37127 8.5295 8.4187 10.2858 8.02645
threshold=31.100000000000005 62.166666666666679 0.11583184257602865 0.37965517241379315 3.1000000000000005 0.55000000000000016 35.500000000000007 104.50000000000001 12.900000000000002 7.1000000000000005 11.16666666666667 0.58333333333333337 28.500000000000004 3.1000000000000005
decision_type=2 2 2 2 2 2 2 2 2 2 2 2 2 2
left_child=2 4 -1 7 -2 8 -7 -3 -6 -5 13 -12 -13 -4
right_child=1 3 10 9 5 6 -8 -9 -10 -11 11 12 -14 -15
leaf_value=-0.012401062443426616 -0.018713307455930001 0.0064240822578158626 -0.013131534423930299 0.0011389837203634528 0.001348609967747704 0.0047990347862258888 0.02998095499042585 0.02211354002038636 0.014091644619228572 0.018723398362882549 -0.0049767240670113401 -0.00093625351376601601 0.02617389351795649 0.0079453933223571742
leaf_weight=704.6355504244566 29.618244752287865 355.32768975198269 169.28832699358463 29.60367850959301 795.6233074516058 89.631805300712585 36.52065122127533 49.49628084897995 63.135927960276604 367.15393631160259 583.61125275492668 45.037979915738106 16.450823321938515 17.318371623754501
leaf_count=5457 202 1843 1289 156 4642 470 185 226 321 1672 4114 300 102 117
internal_value=-1.14362e-05 0.00731858 -0.00867538 0.0128756 0.00291965 0.00358852 0.0122676 0.00839214 0.00230078 0.0174175 -0.00550782 -0.00386286 0.00661963 -0.0111435
internal_weight=3352.45 1816.11 1536.34 801.582 1014.53 984.912 126.152 404.824 858.759 396.758 831.707 645.1 61.4888 186.607
internal_count=21096 9717 11379 3897 5820 5618 655 2069 4963 1828 5922 4516 402 1406
is_linear=0
shrinkage=0.03


Tree=26
num_leaves=15
num_cat=0
split_feature=7 18 6 12 1 18 7 18 4 14 5 7 17 12
split_gain=221.43 48.9216 26.8571 21.658 18.4505 14.8736 12.2248 12.1892 10.7993 9.96823 9.69204 7.64419 10.4719 7.41558
threshold=35.416666666666679 6.6849624060150381 2.5500000000000003 2.7083333333333335 0.55000000000000016 10.300943396226417 73.833333333333357 3.1384099616858241 1.3666666666666669 38.250000000000007 6.5833333333333348 15.41666666666667 0.059411764705882358 2.1000000000000005
decision_type=2 2 2 2 2 2 2 2 2 2 2 2 2 2
left_child=2 7 13 5 11 -3 -7 -2 10 -9 -5 -4 -13 -1
right_child=1 3 4 8 -6 6 -8 9 -10 -11 -12 12 -14 -15
leaf_value=-0.01666194531246484 -0.014715764549991213 0.0039283094689124727 -0.0098878506010848626 0.032839895326605716 0.013911914633157213 0.0065846862042322927 0.017359462511511544 -0.013414915979707828 0.035636968749325482 0.0029996663182790427 0.014347904305841581 -0.011656090847809199 -0.0025793665715724738 -0.009766001816799012
leaf_weight=246.52764509618282 43.074475727975368 340.8304068595171 274.51172192394733 27.60815717279911 44.690880715847015 173.92043763399124 212.3657486140728 35.011359572410583 26.856983199715614 442.74462795257568 317.1311482489109 136.59160950779915 684.78516691923141 341.7038544639945
leaf_count=1953 292 1807 2029 142 262 875 968 216 116 2615 1506 1002 4616 2697
internal_value=-1.12575e-05 0.00795701 -0.00747618 0.0115442 -0.00478394 0.0085131 0.0125378 0.00038213 0.0174364 0.00177125 0.0159195 -0.00555835 -0.00410113 -0.0126795
internal_weight=3348.35 1619.54 1728.81 1098.71 1140.58 727.117 386.286 520.83 371.596 477.756 344.739 1095.89 821.377 588.231
internal_count=21096 8537 12559 5414 7909 3650 1843 3123 1764 2831 1648 7647 5618 4650
is_linear=0
shrinkage=0.03


Tree=27
num_leaves=15
num_cat=0
split_feature=8 10 11 2 17 3 14 9 9 18 11 17 18 1
split_gain=211.049 43.2777 24.4086 18.7334 13.6587 13.5544 9.34745 8.58148 8.26731 7.54183 7.40943 8.48509 7.39671 13.3742
threshold=31.100000000000005 9.9000000000000021 0.24011687348865743 0.11805555555555557 0.32392686804451515 0.83333333333333337 38.250000000000007 3.9000000000000004 1.9000000000000001 4.252659574468086 0.11277997228157934 0.51787994891443179 6.2240143369175636 0.29166666666666669
decision_type=2 2 2 2 2 2 2 2 2 2 2 2 2 2
left_child=3 2 4 8 6 -3 -2 12 -1 -6 -7 -12 -5 -14
right_child=1 5 -4 7 9 10 -8 -9 -10 -11 11 -13 13 -15
leaf_value=-0.01359971276303115 -0.012630297818857925 0.011367624148462109 0.011496879227318828 -0.0067474909854530413 -0.010958317928716812 0.028129196309765167 0.0005058402931419272 0.005406866525277455 -0.007681779631832939 0.0079621573640636795 0.0001133278394347582 0.024298373715711009 -0.0055163225493611101 0.024414628806503271
leaf_weight=507.94958228617907 51.695747494697571 339.45891155302525 309.40933704376221 506.24270777404308 19.303397998213768 84.481823846697807 650.80734404921532 71.371546566486359 374.17154238373041 318.85594262182713 23.979045659303665 27.685446724295616 39.808910995721817 19.078926041722298
leaf_count=4021 319 1612 1535 3674 118 376 3870 468 2833 1665 104 118 272 111
internal_value=-1.13707e-05 0.00686039 0.00411313 -0.00827163 0.00190887 0.0146339 -0.0004774 -0.00433914 -0.011101 0.00685298 0.0226355 0.0132887 -0.00557736 0.00442668
internal_weight=3344.3 1825.68 1350.07 1518.62 1040.66 475.605 702.503 636.502 882.121 338.159 136.146 51.6645 565.131 58.8878
internal_count=21096 9717 7507 11379 5972 2210 4189 4525 6854 1783 598 222 4057 383
is_linear=0
shrinkage=0.03


Tree=28
num_leaves=15
num_cat=0
split_feature=8 7 17 17 6 17 16 7 17 6 16 7 9 3
split_gain=199.014 41.1041 18.0487 15.4193 14.9167 10.7129 11.7343 10.7088 8.33849 8.1802 7.80698 7.67389 7.61401 7.5888
threshold=31.100000000000005 62.166666666666679 0.11583184257602865 0.37965517241379315 3.1000000000000005 0.19836065573770495 47.500000000000007 104.50000000000001 0.1856158484065461 7.1000000000000005 16.500000000000004 11.16666666666667 3.1000000000000005 0.58333333333333337
decision_type=2 2 2 2 2 2 2 2 2 2 2 2 2 2
left_child=2 4 -1 7 -2 8 -7 -3 -6 -5 -11 12 -4 -13
right_child=1 3 11 9 5 6 -8 -9 -10 10 -12 13 -14 -15
leaf_value=-0.011656075976735559 -0.0182050261238609 0.0056892099390600161 -0.01244546735280375 0.00069406866179260699 5.5532526133854511e-05 0.004070929245309207 0.017051333970981533 0.020386925273580856 -0.019919190032810109 0.01134806939813667 0.020456467244783321 -0.0045706605660054515 0.0081241041576028961 0.0064312564471898249
leaf_weight=687.77070032060146 29.063768997788429 358.8662923425436 165.49179103970528 29.810218513011932 312.33183163404465 589.08309371769428 69.349757045507431 50.271700873970985 19.014041513204575 141.05205059051514 231.55624251067638 577.72195102274418 17.257903128862381 61.646045178174973
leaf_count=5457 202 1843 1289 156 1901 3238 366 226 113 639 1033 4114 117 402
internal_value=-1.13356e-05 0.00663781 -0.00807098 0.011671 0.00262116 0.00325045 0.00546188 0.00754046 -0.00114719 0.0158413 0.0170481 -0.00506123 -0.0104693 -0.0035015
internal_weight=3340.29 1830.4 1509.89 811.557 1018.84 989.779 658.433 409.138 331.346 402.419 372.608 822.118 182.75 639.368
internal_count=21096 9717 11379 3897 5820 5618 3604 2069 2014 1828 1672 5922 1406 4516
is_linear=0
shrinkage=0.03


Tree=29
num_leaves=15
num_cat=0
split_feature=8 10 11 2 17 3 14 18 2 5 20 12 18 11
split_gain=187.661 38.6105 21.7191 17.3158 12.3126 12.2858 8.86773 7.39427 9.95307 7.38059 10.6757 7.15248 6.89956 6.89927
threshold=31.100000000000005 9.9000000000000021 0.24011687348865743 0.11805555555555557 0.32392686804451515 0.83333333333333337 38.250000000000007 6.2240143369175636 0.29285714285714287 1.5833333333333337 1.0000000180025095e-35 3.4500000000000006 4.252659574468086 0.11277997228157934
decision_type=2 2 2 2 2 2 2 2 2 2 2 2 2 2
left_child=3 2 4 9 6 -3 -2 -5 -9 10 -1 -11 -6 -7
right_child=1 5 -4 7 12 13 -8 8 -10 11 -12 -13 -14 -15
leaf_value=-0.017858448025942095 -0.012398626224307886 0.010631805716543326 0.01075893213255886 -0.0052183017154308125 -0.010678673739784282 0.026565076422854959 0.0004322504504793408 -0.007281217578663588 0.015408481914383994 -0.0099523249734735728 0.0078843400825288831 0.0022263796093887141 0.007474121162042653 0.012330662007551303
leaf_weight=178.27081295847893 51.369676858186722 342.11729381978512 312.10022519528866 564.06815081089735 19.156397238373756 85.477348864078522 651.61466406285763 30.984872043132782 37.404319778084755 629.2153614461422 15.219197094440458 46.256579264998436 321.00662477314472 52.024875864386559
leaf_count=1466 319 1612 1535 4081 118 376 3870 212 232 4901 125 362 1665 222
internal_value=-1.15084e-05 0.00642309 0.00382886 -0.0078742 0.00174712 0.0137303 -0.00052163 -0.00408841 0.00517175 -0.0106217 -0.0158035 -0.00911626 0.00642354 0.0213073
internal_weight=3336.29 1834.87 1355.25 1501.42 1043.15 479.62 702.984 632.457 68.3892 868.962 193.49 675.472 340.163 137.502
internal_count=21096 9717 7507 11379 5972 2210 4189 4525 444 6854 1591 5263 1783 598
is_linear=0
shrinkage=0.03


Tree=30
num_leaves=15
num_cat=0
split_feature=8 7 17 14 6 10 17 16 9 17 8 7 10 15
split_gain=176.961 36.4966 16.7451 14.9117 13.9739 10.1826 9.58739 11.0433 8.71064 7.98739 7.41815 7.2521 8.79916 7.13369
threshold=31.100000000000005 62.166666666666679 0.11583184257602865 44.250000000000007 3.1000000000000005 11.450000000000001 0.19836065573770495 36.500000000000007 6.7083333333333348 0.18257575757575759 119.30000000000003 11.16666666666667 1.0000000180025095e-35 1.0000000180025095e-35
decision_type=2 2 2 2 2 2 2 2 2 2 2 2 2 2
left_child=2 4 -1 5 -2 8 9 -8 -3 -6 -5 12 -4 -13
right_child=1 3 11 10 6 -7 7 -9 -10 -11 -12 13 -14 -15
leaf_value=-0.011168428810810706 -0.01785623762839747 -0.0061308195147770587 -0.0032098854064041235 0.01334539030963661 0.00013724743838945536 0.012087968406369482 0.002956802592608083 0.012081546860359225 0.0067073797008069301 -0.018204622643311914 0.028366226248685709 -0.0064063604520221825 -0.016472400096276141 -5.4635529378744482e-05
leaf_weight=677.02315779775381 28.689992412924767 76.867319941520691 87.84235255420208 438.26883295178413 309.24932795763016 149.27088506519794 506.08770015835762 155.66182319819927 121.34318399429321 21.952698618173599 31.787156358361244 320.48099632561207 92.670552976429462 315.16820102930069
leaf_count=5457 202 407 688 2069 1882 682 2782 822 604 132 135 2280 718 2236
internal_value=-1.164e-05 0.00621603 -0.00768138 0.0109365 0.0024316 0.00619741 0.00303517 0.00511819 0.00172286 -0.00112963 0.0144192 -0.00477867 -0.0100717 -0.00326207
internal_weight=3332.36 1839.18 1493.19 817.537 1021.64 347.481 992.952 661.75 198.211 331.202 470.056 816.162 180.513 635.649
internal_count=21096 9717 11379 3897 5820 1693 5618 3604 1011 2014 2204 5922 1406 4516
is_linear=0
shrinkage=0.03


Tree=31
num_leaves=15
num_cat=0
split_feature=7 18 6 12 1 13 18 14 14 18 4 5 8 12
split_gain=167.03 36.8786 22.7965 18.7203 15.7867 14.2768 11.8845 10.6676 9.9836 9.21122 9.1381 9.39447 7.56654 7.29868
threshold=35.416666666666679 6.6849624060150381 2.5500000000000003 2.7083333333333335 0.55000000000000016 2.5500000000000003 10.300943396226417 37.250000000000007 44.750000000000007 3.1384099616858241 1.3666666666666669 6.5833333333333348 21.900000000000002 2.1000000000000005
decision_type=2 2 2 2 2 2 2 2 2 2 2 2 2 2
left_child=2 7 13 6 12 -6 -3 -2 -8 -9 11 -5 -4 -1
right_child=1 3 4 10 5 -7 8 9 -10 -11 -12 -13 -14 -15
leaf_value=-0.015571928999171243 -0.018964771244850385 0.0030041993065369047 -0.0081279964696822707 0.030311742179696163 -0.0014303070040258454 0.032183955989933156 0.0067832153065164767 -0.012557489045399554 0.016617275781730615 0.0023779266894152838 0.031823620834292313 0.01238623118430268 -0.0029296332856487352 -0.0086087664461408
leaf_weight=236.3674151673913 23.855681635439396 345.43583093583584 403.74428448826075 28.349467277526855 26.297087967395782 18.928057461977005 240.84450736641884 39.440976999700069 152.97172629833221 458.6117547005415 27.495566368103027 323.30885227024555 673.00908657163382 329.91106291115284
leaf_count=1953 153 1807 3101 142 152 110 1146 273 697 2697 116 1506 4546 2697
internal_value=-1.20357e-05 0.00680368 -0.0066343 0.00987423 -0.00415149 0.0130301 0.00707845 0.000217445 0.0106355 0.00117239 0.0152923 0.0139132 -0.00488457 -0.0115376
internal_weight=3328.57 1640.31 1688.26 1118.41 1121.98 45.2251 739.252 521.908 393.816 498.053 379.154 351.658 1076.75 566.278
internal_count=21096 8537 12559 5414 7909 262 3650 3123 1843 2970 1764 1648 7647 4650
is_linear=0
shrinkage=0.03


Tree=32
num_leaves=15
num_cat=0
split_feature=8 17 17 7 16 2 12 10 11 16 9 17 12 7
split_gain=157.599 33.0067 15.6872 12.6254 10.9196 12.8963 11.0411 8.62305 8.31912 7.43507 6.77487 11.637 8.00302 6.70253
threshold=31.100000000000005 0.3306010928961749 0.11583184257602865 102.16666666666667 5.5000000000000009 0.64583333333333337 2.3666666666666671 12.225000000000001 0.21171110251755412 17.500000000000004 3.4500000000000006 0.065942028985507259 2.4500000000000006 11.16666666666667
decision_type=2 2 2 2 2 2 2 2 2 2 2 2 2 2
left_child=2 3 10 7 -3 -6 -7 8 -2 -9 12 -12 -1 -4
right_child=1 4 13 -5 5 6 -8 9 -10 -11 11 -13 -14 -15
leaf_value=-0.014129064534766141 -0.00099194583806064014 0.0017750936346249979 -0.009625673860417008 0.019169105564134294 0.0098731429007845612 0.0042723878973637665 0.026716022222596832 0.023044370703979841 0.0057803507732135237 0.0034189555005527078 -0.0094975323992724878 0.019863161763862849 -0.0068607239016102405 -0.0030411129665365651
leaf_weight=399.84341807663441 675.26084285974503 120.1019204556942 178.07449874281883 36.654075101017952 622.39167186617851 26.664061695337296 79.833588153123856 28.3898596316576 214.211555108428 43.531912535429001 39.505330950021744 16.355899304151535 211.54642659425735 632.25538812577724
leaf_count=3298 4002 610 1406 164 2987 120 345 137 1142 210 300 121 1738 4516
internal_value=-1.17837e-05 0.00582891 -0.0073119 0.00212653 0.0101737 0.0115532 0.0211888 0.00145752 0.000643685 0.0113755 -0.0107171 -0.000702722 -0.0116295 -0.00449819
internal_weight=3324.62 1847.04 1477.58 998.048 848.991 728.889 106.498 961.394 889.472 71.9218 667.251 55.8612 611.39 810.33
internal_count=21096 9717 11379 5655 4062 3452 465 5491 5144 347 5457 421 5036 5922
is_linear=0
shrinkage=0.03


Tree=33
num_leaves=15
num_cat=0
split_feature=7 18 6 12 1 13 18 14 7 18 4 5 12 8
split_gain=148.958 32.9589 21.1006 16.9879 14.5841 13.1924 10.8098 10.1464 9.69565 8.59176 8.33756 8.68904 6.95441 6.81548
threshold=35.416666666666679 6.6849624060150381 2.5500000000000003 2.7083333333333335 0.55000000000000016 2.5500000000000003 10.300943396226417 37.250000000000007 73.833333333333357 3.1384099616858241 1.3666666666666669 6.5833333333333348 2.1000000000000005 21.900000000000002
decision_type=2 2 2 2 2 2 2 2 2 2 2 2 2 2
left_child=2 7 12 6 13 -6 -3 -2 -8 -9 11 -5 -1 -4
right_child=1 3 4 10 5 -7 8 9 -10 -11 -12 -13 -14 -15
leaf_value=-0.015057541896739787 -0.018652106130886702 0.002739477730685138 -0.0077377893742697082 0.028739120744691371 -0.0014413174751958439 0.030718772165752559 0.0047639724889983583 -0.01224302479642498 0.014226695751277722 0.0022425752182928314 0.030131626089033987 0.011637128670627786 -0.0082066211682185145 -0.0027837725340399649
leaf_weight=231.75335994362831 23.593732416629791 346.76069985330105 399.27270812541246 28.816951498389244 26.291526705026627 19.260882824659348 178.0306049734354 39.062382988631725 218.3000643402338 459.62908350676298 27.747306481003761 325.66408345103264 325.94923552125692 670.68154730647802
leaf_count=1953 153 1807 3101 142 152 110 875 273 968 2697 116 1506 2697 4546
internal_value=-1.14378e-05 0.00638954 -0.00631452 0.00927804 -0.00392652 0.0125247 0.00661948 0.000160115 0.00999876 0.00108569 0.0144158 0.0131043 -0.0110754 -0.00463795
internal_weight=3320.81 1647.6 1673.21 1125.32 1115.51 45.5524 743.091 522.285 396.331 498.691 382.228 354.481 557.703 1069.95
internal_count=21096 8537 12559 5414 7909 262 3650 3123 1843 2970 1764 1648 4650 7647
is_linear=0
shrinkage=0.03


Tree=34
num_leaves=15
num_cat=0
split_feature=8 10 9 2 4 3 13 16 16 14 14 9 9 14
split_gain=140.354 29.6502 16.1356 14.798 12.8945 10.1859 9.65132 8.63744 8.27171 9.37771 7.92367 7.64537 7.49752 7.02104
threshold=31.100000000000005 9.9000000000000021 7.5500000000000007 0.11805555555555557 0.63333333333333341 0.83333333333333337 2.7750000000000004 20.500000000000004 34.500000000000007 47.250000000000007 38.250000000000007 3.9000000000000004 1.9000000000000001 40.250000000000007
decision_type=2 2 2 2 2 2 2 2 2 2 2 2 2 2
left_child=3 2 4 12 10 -3 -6 -7 -4 -10 -2 -5 -1 -14
right_child=1 5 8 11 6 7 -8 -9 9 -11 -12 -13 13 -15
leaf_value=-0.012005025637564606 -0.010298349317179571 0.0090156237434959423 0.0054746007240322487 -0.0046349079417670495 0.0046552408017828161 0.010169393387638103 0.02463646380809913 0.025365867721525083 0.0098268280329850514 0.029076406949608318 0.00089151092358882703 0.0057763666496089047 -0.01476656220469922 -0.0041691355539043322
leaf_weight=480.89089577645063 60.028408974409103 347.8462568372488 242.95720967650414 551.47083438932896 63.124001309275627 63.041289433836937 32.706533148884773 76.946857586503029 84.24636772274971 31.250684186816216 851.97716744244099 70.859488412737846 69.271792814135551 290.23762634396553
leaf_count=4021 370 1612 1186 4057 325 273 167 325 415 144 4900 468 544 2289
internal_value=-1.12027e-05 0.00546885 0.00319747 -0.00695658 0.00124983 0.0118108 0.0116587 0.0186431 0.0086548 0.0152402 0.000144519 -0.0034421 -0.00955193 -0.00624639
internal_weight=3316.86 1854.12 1366.29 1462.73 1007.84 487.834 95.8305 139.988 358.454 115.497 912.006 622.33 840.4 359.509
internal_count=21096 9717 7507 11379 5762 2210 492 598 1745 559 5270 4525 6854 2833
is_linear=0
shrinkage=0.03


Tree=35
num_leaves=15
num_cat=0
split_feature=7 18 8 12 14 1 18 14 14 13 18 16 16 14
split_gain=132.809 29.4025 17.8018 15.5452 10.2806 10.2111 9.68114 9.4635 9.16367 8.42084 8.06921 7.96891 7.60972 10.5656
threshold=35.416666666666679 6.6849624060150381 10.100000000000001 2.7083333333333335 39.250000000000007 0.55000000000000016 10.300943396226417 37.250000000000007 44.750000000000007 2.5500000000000003 3.1384099616858241 53.500000000000007 2.5000000000000004 49.250000000000007
decision_type=2 2 2 2 2 2 2 2 2 2 2 2 2 2
left_child=2 7 12 6 -4 -6 -3 -2 -8 -7 -9 -5 13 -1
right_child=1 3 4 11 5 9 8 10 -10 -11 -12 -13 -14 -15
leaf_value=-0.0080838495488530539 -0.018199017080930049 0.0025118067749629151 -0.011854667584582196 0.012362395937836198 -0.0039350887591999943 -0.00093552904179611349 0.005701843055509863 -0.011972520102757383 0.015055629660045937 0.025059846459484517 0.0021168243877029303 0.029215962293490449 -0.013868158158295198 0.021788847168602223
leaf_weight=62.322971098124981 23.22015704959631 347.89843039214611 143.83327580243349 358.07578918337822 1095.8023862540722 25.136874869465828 243.76874724030495 38.739111863076687 154.96094058454037 19.150109581649303 460.59328932315111 26.914002105593681 300.83472648262978 11.827095963060854
leaf_count=534 153 1807 1072 1644 8044 146 1146 273 697 110 2697 120 2552 101
internal_value=-1.07252e-05 0.00600253 -0.00600681 0.00871844 -0.00432124 -0.00336127 0.00617966 0.000115655 0.00936564 0.0106103 0.001002 0.0136132 -0.0117513 -0.00309256
internal_weight=3313.08 1654.17 1658.91 1131.62 1283.92 1140.09 746.628 522.553 398.73 44.287 499.332 384.99 374.985 74.1501
internal_count=21096 8537 12559 5414 9372 8300 3650 3123 1843 256 2970 1764 3187 635
is_linear=0
shrinkage=0.03


Tree=36
num_leaves=15
num_cat=0
split_feature=8 17 17 7 5 12 3 17 10 11 14 8 7 10
split_gain=125.382 26.7092 14.0329 10.8627 9.92443 7.52453 7.24908 13.1513 7.02236 7.23556 6.59261 6.2781 5.87959 8.76307
threshold=31.100000000000005 0.3306010928961749 0.11583184257602865 102.16666666666667 4.8333333333333348 2.5500000000000003 1.5833333333333337 0.75735294117647067 12.225000000000001 0.21171110251755412 42.250000000000007 -1.0000000180025095e-35 11.16666666666667 1.0000000180025095e-35
decision_type=2 2 2 2 2 2 2 2 2 2 2 2 2 2
left_child=2 3 10 8 5 -3 7 -6 9 -2 -1 -12 13 -4
right_child=1 4 12 -5 6 -7 -8 -9 -10 -11 11 -13 -14 -15
leaf_value=-0.014149782006383275 -0.001076459442370843 -0.015388208090283791 -0.0018902623466057224 0.017510705395264423 0.0098942629537773583 0.0070519691895696152 0.023161092421520358 -0.0131041669887199 0.010069475327056019 0.0052197580953737659 -0.027728386570318085 -0.0070383871710985773 -0.0025898432018740579 -0.015355838934555714
leaf_weight=218.53891859203577 675.87052726745605 24.531603455543518 84.947649538516998 37.164341330528259 749.42416633665562 27.529891863465309 34.613164246082306 22.235838338732719 73.011500418186188 215.9195813536644 12.775841549038885 418.59361813217402 625.39661107957363 88.828915767371655
leaf_count=1844 4002 139 688 164 3515 155 148 105 347 1142 111 3502 4516 718
internal_value=-1.0592e-05 0.00514196 -0.00662432 0.00181181 0.00902274 -0.00361267 0.00984208 0.00921545 0.00118958 0.000452115 -0.00989643 -0.00771388 -0.00395431 -0.0088219
internal_weight=3309.38 1860.3 1449.08 1001.97 858.335 52.0615 806.273 771.66 964.802 891.79 649.908 431.369 799.173 173.777
internal_count=21096 9717 11379 5655 4062 294 3768 3620 5491 5144 5457 3613 5922 1406
is_linear=0
shrinkage=0.03


Tree=37
num_leaves=15
num_cat=0
split_feature=7 18 6 12 1 8 12 4 11 6 5 16 12 18
split_gain=118.308 26.3913 18.6707 13.9541 12.8061 10.1803 9.24961 7.26577 7.22 7.38375 7.14008 6.73707 6.70482 5.55323
threshold=35.416666666666679 6.0113636363636376 2.5500000000000003 2.7083333333333335 0.63333333333333341 112.10000000000001 1.5500000000000003 1.3666666666666669 0.12262749278000847 6.4500000000000011 16.166666666666668 3.5000000000000004 2.1000000000000005 3.1384099616858241
decision_type=2 2 2 2 2 2 2 2 2 2 2 2 2 2
left_child=2 6 12 5 8 10 -2 11 -4 -10 -3 -5 -1 -8
right_child=1 3 4 7 -6 -7 13 -9 9 -11 -12 -13 -14 -15
leaf_value=-0.014234632835100911 -0.012073988578700394 0.0031972836175924858 -0.0052235057590437322 -0.0024213568656548498 0.023229692279654109 0.021152108188039986 -0.010482509929028267 0.026688674923147644 0.0025387638634283222 -0.011854840111816286 0.0098421659654568949 0.012203205608369511 -0.0074202018054719716 0.0020938858668787387
leaf_weight=224.60282927006483 57.762379519641399 609.32876291871071 826.28465455770493 30.391965329647064 14.963400602340696 34.889338985085487 34.207539960741997 28.483458116650581 224.80625516176224 36.388484515249729 191.00358951091766 366.62405398488045 318.37630574405193 307.71033632010221
leaf_count=1953 361 3132 6119 144 86 149 243 118 1488 216 847 1709 2697 1834
internal_value=-1.10429e-05 0.0056369 -0.00571037 0.00776504 -0.00346232 0.00550125 -0.00107855 0.0121854 -0.00385059 0.000495945 0.00479342 0.0110804 -0.01026 0.000808767
internal_weight=3305.82 1660.4 1645.42 1260.72 1102.44 835.222 399.68 425.499 1087.48 261.195 800.332 397.016 542.979 341.918
internal_count=21096 8537 12559 6099 7909 4128 2438 1971 7823 1704 3979 1853 4650 2077
is_linear=0
shrinkage=0.03


Tree=38
num_leaves=15
num_cat=0
split_feature=8 17 2 7 16 2 12 7 12 9 13 10 14 16
split_gain=111.809 23.8742 13.2532 9.81153 9.33336 10.3743 9.57066 7.34254 6.95898 6.8685 6.86412 6.292 7.09772 6.86437
threshold=31.100000000000005 0.3306010928961749 0.11805555555555557 102.16666666666667 5.5000000000000009 0.64583333333333337 2.3666666666666671 -1.0000000180025095e-35 3.4500000000000006 3.9000000000000004 2.1000000000000005 12.225000000000001 38.250000000000007 17.500000000000004
decision_type=2 2 2 2 2 2 2 2 2 2 2 2 2 2
left_child=2 3 7 11 -3 10 -7 -1 -9 -4 -6 12 -2 -13
right_child=1 4 9 -5 5 6 -8 8 -10 -11 -12 13 -14 -15
leaf_value=-0.024790136828236348 -0.0089940323592447198 0.00077455149642775194 -0.0041101496699922479 0.016541548527057977 0.0042189664934878194 0.0027085381762940765 0.023389629876295018 -0.0090618320600510966 0.0016972338180598987 0.0057635356971430587 0.010688317678635807 0.020513627415609324 0.001149617218570079 0.0019130733866963444
leaf_weight=24.293504536151886 66.121066354215145 121.55025269091129 544.13616893440485 37.462067976593971 238.9458741247654 27.026793912053108 81.432398155331612 738.58515999466181 58.064359627664089 70.869795903563499 393.73472195118666 29.145428225398064 826.38800509274006 44.371408700942993
leaf_count=216 404 610 4057 164 1130 120 345 6158 480 468 1857 137 4740 210
internal_value=-1.08907e-05 0.00483038 -0.00630165 0.00168136 0.00848715 0.00974931 0.018308 -0.00879475 -0.00827651 -0.00296485 0.00825554 0.00108858 0.000388905 0.00946351
internal_weight=3302.13 1866.18 1435.95 1003.49 862.69 741.14 108.459 820.943 796.65 615.006 632.681 966.026 892.509 73.5168
internal_count=21096 9717 11379 5655 4062 3452 465 6854 6638 4525 2987 5491 5144 347
is_linear=0
shrinkage=0.03


Tree=39
num_leaves=15
num_cat=0
split_feature=7 18 7 17 17 1 13 12 4 5 12 8 16 13
split_gain=105.697 23.8016 15.8551 12.7347 9.09548 8.79482 10.1442 8.71218 8.26036 7.48961 6.96393 5.85038 6.14131 8.80975
threshold=35.416666666666679 6.0113636363636376 8.4166666666666696 0.40161290322580651 0.75735294117647067 0.55000000000000016 2.5500000000000003 1.5500000000000003 0.63333333333333341 1.5833333333333337 2.6333333333333337 -1.0000000180025095e-35 1.5000000000000002 2.3666666666666671
decision_type=2 2 2 2 2 2 2 2 2 2 2 2 2 2
left_child=2 7 11 10 8 9 -7 -2 -5 -4 -3 -1 13 -13
right_child=1 3 5 4 -6 6 -8 -9 -10 -11 -12 12 -14 -15
leaf_value=-0.026791308673511136 -0.011794862670733181 0.0030572921524825263 -0.013941372896522176 0.00833110112079667 -0.0071321355934028481 -0.0035201042065403395 0.023413125962317843 0.00074695689940315461 0.01636809726596155 -0.0037935224637024624 0.0093286936652849477 -0.014333268823803065 -0.011418038763228531 0.015270990501921343
leaf_weight=19.378594696521759 57.3280333802104 546.21195025742054 68.576990470290184 259.99096174538136 22.923758000135422 28.027653537690639 21.519664853811264 342.219053350389 212.08064831793308 1159.6470420882106 225.0432103574276 15.56941421329975 301.14546720683575 18.946112968027592
leaf_count=175 361 2807 588 1183 104 166 123 2077 917 8605 1088 137 2600 165
internal_value=-1.06455e-05 0.00530449 -0.00543309 0.00731751 0.0110716 -0.00386923 0.00840945 -0.00107753 0.0119687 -0.004371 0.00489692 -0.0110347 -0.0100481 0.0018894
internal_weight=3298.61 1665.8 1632.81 1266.25 494.995 1277.77 49.5473 399.547 472.072 1228.22 771.255 355.04 335.661 34.5155
internal_count=21096 8537 12559 6099 2204 9482 289 2438 2100 9193 3895 3077 2902 302
is_linear=0
shrinkage=0.03


Tree=40
num_leaves=15
num_cat=0
split_feature=8 10 11 17 14 3 5 16 11 16 14 14 8 14
split_gain=99.8767 21.7648 13.5579 12.5383 9.2897 8.316 8.05926 7.67636 7.13505 7.13113 7.3272 6.36441 5.90485 5.60712
threshold=31.100000000000005 9.9000000000000021 0.24011687348865743 0.11583184257602865 37.250000000000007 0.83333333333333337 3.1666666666666674 20.500000000000004 0.11156600444837826 34.500000000000007 47.250000000000007 42.250000000000007 -1.0000000180025095e-35 52.250000000000007
decision_type=2 2 2 2 2 2 2 2 2 2 2 2 2 2
left_child=3 2 4 11 -2 -3 -6 -7 -9 -4 -11 -1 -13 -5
right_child=1 5 9 13 6 7 -8 8 -10 10 -12 12 -14 -15
leaf_value=-0.013375593459097807 -0.012986142017157254 0.0074284022065570976 0.0046046999778891423 -0.0040412837651827935 -0.0096458512642794356 0.0081561830021395446 0.0021564484356270276 0.029733779992414479 0.010825490510305454 0.0088509963693657288 0.025476011351474051 -0.026964716581995216 -0.006326000378744966 0.007566302112706081
leaf_weight=212.382962487638 40.365819312632084 353.26182670891285 206.39084587991238 750.79729250073433 54.073751911520958 63.928107693791389 959.97904685139656 46.586932480335236 31.576714918017387 81.271273583173752 34.002795413136482 11.98808643221855 410.02048375457525 38.516443267464638
leaf_count=1844 254 1612 990 5636 360 273 5358 195 130 392 153 111 3502 286
internal_value=-1.09692e-05 0.00454356 0.00259881 -0.00599681 0.000951173 0.00992994 0.00151822 0.0160538 0.0223284 0.00798006 0.0139319 -0.00913525 -0.00697465 -0.00346601
internal_weight=3295.14 1871.44 1376.08 1423.71 1054.42 495.354 1014.05 142.092 78.1636 321.665 115.274 634.392 422.009 789.314
internal_count=21096 9717 7507 11379 5972 2210 5718 598 325 1535 545 5457 3613 5922
is_linear=0
shrinkage=0.03


Tree=41
num_leaves=15
num_cat=0
split_feature=8 10 14 11 2 3 5 16 7 3 11 12 18 2
split_gain=94.191 20.4113 12.7744 12.6761 12.0217 7.81404 7.61953 7.18505 6.87039 6.66796 6.64349 6.62459 6.55177 9.06354
threshold=31.100000000000005 9.9000000000000021 37.250000000000007 0.24011687348865743 0.11805555555555557 0.83333333333333337 3.1666666666666674 20.500000000000004 -1.0000000180025095e-35 0.41666666666666669 0.11156600444837826 3.4500000000000006 6.2240143369175636 0.29285714285714287
decision_type=2 2 2 2 2 2 2 2 2 2 2 2 2 2
left_child=4 2 -2 6 8 -3 -4 -7 -1 -5 -9 -10 -6 -14
right_child=1 5 3 9 12 7 -8 10 11 -11 -12 -13 13 -15
leaf_value=-0.024076306090065957 -0.011853986479264746 0.0071884017411758686 -0.0094181516599478755 0.012510013786897263 -0.0037538166287059485 0.0079010350406085832 0.0020894600091982372 0.028716198105557214 -0.0085222632895443975 0.0036712964715171232 0.010494403759853109 0.0020126070034069462 -0.0060410852962604145 0.015857558235081063
leaf_weight=23.16340709477663 52.539507634937763 354.12455490231514 53.748812682926655 164.85874731838703 543.33894354104996 64.043266907334328 961.04893392324448 46.822376593947411 726.4242510125041 145.23947840929031 31.626511007547379 57.634578347206116 29.985873527824879 37.094024792313576
leaf_count=216 321 1612 360 808 4081 273 5358 195 6158 660 130 480 212 232
internal_value=-1.07814e-05 0.00440202 0.00251855 0.00309701 -0.00584328 0.00961053 0.00147129 0.015538 -0.00824409 0.00839537 0.0215947 -0.00774629 -0.00266014 0.00612354
internal_weight=3291.69 1874.05 1377.44 1324.9 1417.64 496.617 1014.8 142.492 807.222 310.098 78.4489 784.059 610.419 67.0799
internal_count=21096 9717 7507 7186 11379 2210 5718 598 6854 1468 325 6638 4525 444
is_linear=0
shrinkage=0.03


Tree=42
num_leaves=15
num_cat=0
split_feature=18 9 12 15 13 8 8 18 8 17 10 13 12 2
split_gain=88.9146 32.4663 13.9985 11.9946 11.7958 9.16704 8.9887 8.91215 11.5379 8.72757 8.54716 6.36404 5.4313 5.24015
threshold=6.8352713178294584 3.1000000000000005 2.7083333333333335 1.0000000180025095e-35 3.5500000000000003 112.10000000000001 25.450000000000003 7.0776772247360489 57.63333333333334 0.18257575757575759 9.6333333333333346 2.9000000000000004 2.4500000000000006 0.31666666666666671
decision_type=2 2 2 2 2 2 2 2 2 2 2 2 2 2
left_child=1 3 4 6 5 10 -1 -4 11 12 -2 -9 -5 -3
right_child=2 13 7 9 -6 -7 -8 8 -10 -11 -12 -13 -14 -15
leaf_value=-0.012472103455417081 9.2507478894863856e-06 -0.00064584225262156797 0.026991230984317278 -0.0093936801203109137 0.020592557077807789 0.018526450189896716 -0.0040857943859075891 -0.0028680544418703412 0.012367563540289709 0.00099310648639127329 0.0064098200595643631 0.01546339976810731 -0.00203316959047126 0.0051974319274183398
leaf_weight=426.86979725956917 481.45980181545019 651.42986362427473 27.023518159985542 248.83421897888184 35.551029972732067 32.550615087151527 159.09810674935579 84.453067824244499 299.31557810306549 198.08211222290993 306.82478940486908 20.29401945322752 142.282406039536 174.23799705505371
leaf_count=3666 2594 4238 138 2138 178 137 1124 456 1308 1464 1394 106 1189 966
internal_value=-1.06531e-05 -0.00396717 0.00613639 -0.00716823 0.00390934 0.0031626 -0.0102059 0.0105413 0.00937723 -0.004135 0.00250552 0.000796182 -0.00672805 0.00059204
internal_weight=3288.31 2000.83 1287.47 1175.17 856.386 820.835 585.968 431.086 404.063 589.199 788.285 104.747 391.117 825.668
internal_count=21096 14785 6311 9581 4303 4125 4790 2008 1870 4791 3988 562 3327 5204
is_linear=0
shrinkage=0.03


Tree=43
num_leaves=15
num_cat=0
split_feature=7 18 6 1 12 8 12 14 12 8 5 18 7 9
split_gain=84.2363 19.4068 15.3597 11.2324 10.9181 8.33794 8.17184 6.93031 6.4025 6.24059 6.00838 6.95127 5.87725 7.00448
threshold=35.416666666666679 6.0113636363636376 2.5500000000000003 0.63333333333333341 2.7083333333333335 112.10000000000001 1.5500000000000003 39.250000000000007 2.1000000000000005 10.100000000000001 5.8333333333333348 16.300322061191633 21.416666666666668 0.90000000000000013
decision_type=2 2 2 2 2 2 2 2 2 2 2 2 2 2
left_child=2 6 8 7 5 -3 -2 -4 -1 -9 -6 -12 13 -10
right_child=1 4 3 -5 10 -7 -8 9 12 -11 11 -13 -14 -15
leaf_value=-0.013099342328818774 -0.011502514329796707 0.0038693017205052127 -0.010043982147324236 0.021929162199045386 0.024288090917560633 0.018554981681444108 0.00068644776887815632 -0.012216549386900977 -0.012229957686840289 -0.0017825481333883818 0.0074939470997760996 0.017488617020606181 -0.018086156117832451 -0.0017413411503012291
leaf_weight=215.21022104471922 56.849469415843487 808.65229198336601 118.89289400726557 15.207887411117552 25.660622075200081 35.45988255739212 342.46317813545465 53.789664059877396 80.476153738796711 897.99624826014042 328.74139149487019 77.673495411872864 33.147418729960918 194.5829975605011
leaf_count=1953 361 3979 895 86 126 149 2077 457 726 6471 1524 321 275 1696
internal_value=-1.01369e-05 0.00469678 -0.00491054 -0.00287116 0.00650162 0.00450745 -0.00107327 -0.00324355 -0.00912792 -0.00238442 0.0103781 0.00944235 -0.00632141 -0.00484326
internal_weight=3284.8 1675.5 1609.3 1085.89 1276.19 844.112 399.313 1070.68 523.417 951.786 432.076 406.415 308.207 275.059
internal_count=21096 8537 12559 7909 6099 4128 2438 7823 4650 6928 1971 1845 2697 2422
is_linear=0
shrinkage=0.03


Tree=44
num_leaves=15
num_cat=0
split_feature=7 18 6 17 1 17 4 18 7 16 5 16 15 15
split_gain=79.385 18.2097 14.652 10.6586 10.5227 8.45927 6.82369 6.72986 5.98174 5.892 10.1225 5.85119 5.61325 5.47475
threshold=35.416666666666679 6.0113636363636376 2.5500000000000003 0.40161290322580651 0.63333333333333341 0.75735294117647067 0.63333333333333341 3.1384099616858241 104.50000000000001 37.500000000000007 4.166666666666667 39.500000000000007 1.0000000180025095e-35 1.0000000180025095e-35
decision_type=2 2 2 2 2 2 2 2 2 2 2 2 2 2
left_child=2 7 11 8 9 6 -5 -2 -3 12 -11 13 -4 -1
right_child=1 3 4 5 -6 -7 -8 -9 -10 10 -12 -13 -14 -15
leaf_value=-0.011197870879795261 -0.012536088270629946 0.0033332416120701682 -0.0063070036760600537 0.0072820794990743672 0.021084787550729039 -0.0077757301037210732 0.014545217404758851 0.00027381551952572973 0.013266156189882052 -0.0048341869763932612 0.011779762164014588 -0.020268771894148996 -0.0016613237317755949 -0.0047791829162413969
leaf_weight=240.88035330921412 40.13724809885025 720.63657534122467 468.34289152175188 262.53743399679661 15.379767850041388 23.050414860248566 214.41692797839642 358.91835867613554 58.227080777287483 71.214567475020885 59.883241519331932 37.324320338666439 468.90690471231937 241.70299872010946
leaf_count=2165 292 3647 3462 1183 86 104 917 2146 248 526 389 332 3446 2153
internal_value=-1.01386e-05 0.00455014 -0.00478153 0.00629477 -0.00279089 0.00971124 0.0105709 -0.00104273 0.00409188 -0.003154 0.00278651 -0.00891761 -0.00398701 -0.00799959
internal_weight=3281.56 1677.92 1603.64 1278.87 1083.73 500.005 476.954 399.056 778.864 1068.35 131.098 519.908 937.25 482.583
internal_count=21096 8537 12559 6099 7909 2204 2100 2438 3895 7823 915 4650 6908 4318
is_linear=0
shrinkage=0.03


Tree=45
num_leaves=15
num_cat=0
split_feature=8 17 8 2 16 8 7 14 11 12 3 3 14 16
split_gain=74.961 16.9153 11.2628 8.12536 7.96882 9.41523 7.73236 6.32545 6.15544 6.02951 5.64376 7.41108 5.32919 5.59684
threshold=31.100000000000005 0.3306010928961749 3.5500000000000003 0.11805555555555557 11.500000000000002 119.30000000000003 102.16666666666667 45.250000000000007 0.042500730644272851 1.7750000000000001 1.1666666666666667 0.41666666666666669 42.250000000000007 46.500000000000007
decision_type=2 2 2 2 2 2 2 2 2 2 2 2 2 2
left_child=2 6 -1 12 10 8 -2 -5 -6 -9 11 -3 -4 -14
right_child=1 4 3 7 5 -7 -8 9 -10 -11 -12 -13 13 -15
leaf_value=-0.014564116079544694 0.00071724589779534537 0.0075365343861737988 -0.010284609502019567 -0.0047124955244101999 0.018790066203821905 0.02477744163040364 0.014328649082570819 -0.01200912993930627 0.0070282485541423708 0.0030059520776240774 0.014953731422197542 -0.0034379537227487802 -0.0055214690726977447 0.0094957922121216374
leaf_weight=107.62445136904716 970.64238125830889 90.796215057373047 241.38567911833525 323.18123388290405 42.753459811210632 30.704255416989326 38.081494510173798 25.737874768674374 543.23688113689423 241.22318127006292 28.07555827498436 138.64543911069632 433.43437638878822 22.657796077430248
leaf_count=1000 5491 454 2087 2421 196 126 164 192 2496 1787 124 666 3707 185
internal_value=-1.02143e-05 0.00389404 -0.00527817 -0.00449131 0.00694601 0.00879514 0.00124479 -0.0018958 0.00791693 0.00151892 0.00250087 0.000918804 -0.00668154 -0.0047563
internal_weight=3278.18 1882.94 1395.24 1287.62 874.212 616.695 1008.72 590.142 585.99 266.961 257.517 229.442 697.478 456.092
internal_count=21096 9717 11379 10379 4062 2818 5655 4400 2692 1979 1244 1120 5979 3892
is_linear=0
shrinkage=0.03


Tree=46
num_leaves=15
num_cat=0
split_feature=18 9 12 13 14 5 14 8 18 8 10 13 16 16
split_gain=71.1482 27.7878 11.9645 11.0231 10.7345 9.48512 9.38262 8.56741 8.3133 10.0329 7.0779 5.94448 5.28586 5.79231
threshold=6.8352713178294584 3.1000000000000005 2.7083333333333335 3.5500000000000003 38.250000000000007 16.166666666666668 42.750000000000007 -1.0000000180025095e-35 7.0776772247360489 57.63333333333334 5.7750000000000012 2.9000000000000004 30.500000000000004 28.500000000000004
decision_type=2 2 2 2 2 2 2 2 2 2 2 2 2 2
left_child=1 6 3 5 -3 -2 -1 -8 -4 11 -9 -10 13 -6
right_child=2 4 8 -5 12 -7 7 10 9 -11 -12 -13 -14 -15
leaf_value=-0.010362837586297873 0.00078239765695863365 -0.011493520222633443 0.025241489890802223 0.019431544585602582 0.00084398498266252924 0.0081372809619037461 -0.028936645117135271 -0.0048084201650680069 -0.0031419379851613189 0.01115827464107072 0.010047087857990532 0.014490773708192703 0.0059372435405340316 -0.012956432357327623
leaf_weight=391.26470118016005 613.15010499954224 59.982835754752159 27.512157060205936 35.966720685362816 548.71239045262337 211.62269991636276 11.873156830668448 722.90172649919987 84.710598044097424 301.84125529229641 29.151227325201035 20.530721269547939 188.116798132658 27.806716591119766
leaf_count=3318 3209 412 138 178 3474 916 117 5964 456 1308 182 106 1147 171
internal_value=-9.81515e-06 -0.00358577 0.00545428 0.00339894 0.000620918 0.0026771 -0.00658661 -0.00464149 0.00950786 0.00838528 -0.00422001 0.00040191 0.00158502 0.00015708
internal_weight=3275.14 1979.81 1295.33 860.74 824.619 824.773 1155.19 763.926 434.595 407.083 752.053 105.241 764.636 576.519
internal_count=21096 14785 6311 4303 5204 4125 9581 6263 2008 1870 6146 562 4792 3645
is_linear=0
shrinkage=0.03


Tree=47
num_leaves=15
num_cat=0
split_feature=18 9 17 12 5 14 6 8 16 18 14 4 16 14
split_gain=67.1355 20.0115 19.0628 10.6998 7.38634 7.37397 7.06382 6.95467 6.21944 6.91193 7.25246 5.48891 5.33049 4.92698
threshold=5.506756756756757 2.9000000000000004 0.40161290322580651 2.1000000000000005 3.1666666666666674 50.250000000000007 4.1000000000000005 34.900000000000006 11.500000000000002 7.0080645161290329 45.750000000000007 0.36666666666666675 4.5000000000000009 51.250000000000007
decision_type=2 2 2 2 2 2 2 2 2 2 2 2 2 2
left_child=1 3 4 11 -2 -5 -6 -8 -4 -10 -11 -1 -7 -3
right_child=2 13 8 5 6 12 7 -9 9 10 -12 -13 -14 -15
leaf_value=-0.011975340607336795 -0.011461914940523159 -0.00088385929288292025 0.0036413205311556641 -0.0058737016675108411 0.019116270181514475 0.01078116500678992 -0.0033766376586143025 0.0031056617790218379 0.026414835196486523 0.0060555713363929734 0.014576582353059836 0.0011393365556519341 -0.0042664545453204245 0.0098610209552102493
leaf_weight=358.67342915385962 34.86182651668787 572.40658380836248 155.60644981265068 507.63914352655411 21.245369136333466 44.019428953528404 177.79713748395443 895.05486193299294 23.173286706209183 213.31437212228775 157.73279157280922 31.03468345105648 39.239370822906494 40.165470883250237
leaf_count=3163 262 3833 722 4273 152 350 1234 4538 115 953 676 242 327 256
internal_value=-9.72334e-06 -0.00441952 0.00417534 -0.00707476 0.00194106 -0.00451752 0.0023782 0.00202925 0.00875114 0.0107538 0.00970731 -0.0109307 0.00372284 -0.00016441
internal_weight=3271.96 1593.18 1678.79 980.606 1128.96 590.898 1094.1 1072.85 549.827 394.22 371.047 389.708 83.2588 612.572
internal_count=21096 12444 8652 8355 6186 4950 5924 5772 2466 1744 1629 3405 677 4089
is_linear=0
shrinkage=0.03


Tree=48
num_leaves=15
num_cat=0
split_feature=7 18 6 1 17 17 8 18 4 14 16 14 7 6
split_gain=63.5501 15.0057 12.527 9.34451 8.63971 7.79126 6.52675 6.14304 6.10305 5.893 5.76356 5.14543 5.41134 5.06218
threshold=35.416666666666679 6.0113636363636376 2.4500000000000006 0.55000000000000016 0.40161290322580651 0.75735294117647067 10.100000000000001 3.1384099616858241 0.63333333333333341 39.250000000000007 39.500000000000007 36.750000000000007 104.50000000000001 3.7083333333333335
decision_type=2 2 2 2 2 2 2 2 2 2 2 2 2 2
left_child=2 7 10 6 11 8 -4 -2 -6 -8 -1 -3 -13 -9
right_child=1 4 3 -5 5 -7 9 13 -10 -11 -12 12 -14 -15
leaf_value=-0.0073271542235219846 -0.012103071970118688 -0.0094821041302227977 -0.012495293347865536 0.01045408529079463 0.0064079897765458461 -0.008071366855200825 -0.0091029781315596896 0.011688289233419268 0.01324474087283618 -0.0016808184124028015 -0.019679525480860788 0.0033485991522111984 0.012871476206112611 -0.00088896098040060266
leaf_weight=460.7273141592741 39.579717822372913 25.096462100744247 61.721575386822224 46.855830609798431 264.65529471635818 23.098989680409431 107.37804178148508 30.55825849622488 216.0132177323103 870.40187845379114 36.219657368957996 700.5480263531208 57.37206694483757 328.69199763983488
leaf_count=4222 292 133 540 263 1183 104 822 202 917 6380 332 3520 242 1944
internal_value=-9.3161e-06 0.0040435 -0.00432384 -0.00251497 0.00561832 0.0086814 -0.00310904 -0.00103884 0.00950156 -0.00250437 -0.00826516 0.00363907 0.00408546 0.00021035
internal_weight=3268.92 1685.61 1583.3 1086.36 1286.78 503.768 1039.5 398.83 480.669 977.78 496.947 783.017 757.92 359.25
internal_count=21096 8537 12559 8005 6099 2204 7742 2438 2100 7202 4554 3895 3762 2146
is_linear=0
shrinkage=0.03


Tree=49
num_leaves=15
num_cat=0
split_feature=7 17 16 6 9 1 12 13 8 14 5 12 7 15
split_gain=59.8806 13.6067 13.1026 11.9292 9.66962 8.95946 8.22403 6.60836 6.21402 6.38986 5.77235 5.7593 6.9251 7.06806
threshold=35.416666666666679 0.38529014844804327 5.5000000000000009 2.4500000000000006 1.7750000000000001 0.63333333333333341 2.6333333333333337 2.9000000000000004 10.100000000000001 39.250000000000007 6.8333333333333348 2.1000000000000005 21.416666666666668 1.0000000180025095e-35
decision_type=2 2 2 2 2 2 2 2 2 2 2 2 2 2
left_child=3 6 7 11 -4 8 -2 -3 -5 -10 -6 -1 13 -13
right_child=1 2 4 5 10 -7 -8 -9 9 -11 -12 12 -14 -15
leaf_value=-0.011954623885656582 0.00021322900846733938 -0.007936813844052662 0.022088901003509236 -0.011952788814412531 0.017514112135694353 0.019326281701676926 0.0058644126741796013 0.0088256627831068031 -0.0090266066524889738 -0.0013716899458185755 0.0068492305646171243 -0.0087076333981783646 -0.018847762489191545 0.00112385058015208
leaf_weight=202.37295476347208 762.29441251605749 65.141432709991932 48.962596043944359 61.675306431949139 51.325599655508995 15.766128808259962 332.06383589655161 30.180420100688934 109.27799450606108 897.68594790250063 397.45326733589172 129.29571322351694 29.650230713188648 132.57070531696081
leaf_count=1920 4157 320 213 544 253 87 1730 144 838 6536 1720 1184 256 1194
internal_value=-9.57907e-06 0.00391808 0.00757392 -0.00420863 0.00952228 -0.0024445 0.00193177 -0.00259302 -0.00278346 -0.00221055 0.00810517 -0.00806925 -0.00534035 -0.00374507
internal_weight=3265.72 1687.42 593.063 1578.29 497.741 1084.41 1094.36 95.3219 1068.64 1006.96 448.779 493.89 291.517 261.866
internal_count=21096 8537 2650 12559 2186 8005 5887 464 7918 7374 1973 4554 2634 2378
is_linear=0
shrinkage=0.03


Tree=50
num_leaves=15
num_cat=0
split_feature=18 9 7 15 12 13 14 7 8 5 14 18 17 13
split_gain=57.3372 23.0371 12.6934 11.1158 10.4506 10.8964 9.76715 7.69584 7.45147 7.14866 7.09612 7.08545 8.73347 5.33309
threshold=6.8352713178294584 3.1000000000000005 15.833333333333334 1.0000000180025095e-35 2.7083333333333335 3.5500000000000003 38.250000000000007 -1.0000000180025095e-35 25.450000000000003 16.166666666666668 50.250000000000007 7.0776772247360489 0.20881782945736438 2.7750000000000004
decision_type=2 2 2 2 2 2 2 2 2 2 2 2 2 2
left_child=1 3 -2 8 5 9 -3 -5 -1 -4 -9 -6 -13 -10
right_child=2 6 4 7 11 -7 -8 10 13 -11 -12 12 -14 -15
leaf_value=-0.011139377886574079 -0.015615356637756445 -0.011067378660360684 0.00094095054238592813 -0.02634141899605378 0.02410827093698855 0.019354067814127171 0.0014798481208923386 -0.0036575126739960486 -0.00013523518078527145 0.0073350360292736699 0.0075930925363233166 -0.0038323417128435736 0.0097053772013777038 -0.01272556134477032
leaf_weight=407.38497677445412 25.731157287955284 59.223756335675716 597.88181323558092 11.516354307532309 25.823011629283428 35.671456888318062 765.76848810166121 505.80114524066448 116.46520026773214 212.76435750722885 55.097360663115978 48.209642231464386 355.71190370619297 39.927786596119404
leaf_count=3666 191 412 3076 115 125 173 4792 4233 839 916 443 251 1579 285
internal_value=-9.54675e-06 -0.00324896 0.00486946 -0.00601767 0.00529443 0.0033532 0.000566811 -0.00306476 -0.00900508 0.00262613 -0.00254081 0.00910073 0.00808412 -0.00341003
internal_weight=3262.98 1961.19 1301.79 1136.19 1276.06 846.318 824.992 572.415 563.778 810.646 560.899 429.745 403.922 156.393
internal_count=21096 14785 6311 9581 6120 4165 5204 4791 4790 3992 4676 1955 1830 1124
is_linear=0
shrinkage=0.03


Tree=51
num_leaves=15
num_cat=0
split_feature=18 9 17 15 14 17 7 16 13 11 5 11 7 18
split_gain=53.9993 16.8581 15.6084 9.5227 10.0998 7.82195 7.51195 7.44462 6.26965 6.10925 5.62585 5.8946 5.46333 5.55128
threshold=5.506756756756757 3.3666666666666671 0.3306010928961749 1.0000000180025095e-35 41.250000000000007 0.18257575757575759 102.16666666666667 8.5000000000000018 1.7750000000000001 0.088960950936757419 3.1666666666666674 0.027639571389571394 69.833333333333357 4.7944947209653099
decision_type=2 2 2 2 2 2 2 2 2 2 2 2 2 2
left_child=1 3 6 4 -1 -5 10 -6 -4 -7 -2 -12 13 -3
right_child=2 12 8 5 7 9 -8 -9 -10 -11 11 -13 -14 -15
leaf_value=-0.016795123034611208 -0.012276048924133857 0.0035075736198266969 0.00086943305483635624 -0.0058300182038266415 -0.0028326126743305094 -0.00032864724500455337 0.013706762208420032 -0.010896950100411192 0.0077691657513148764 0.016015756712545435 0.0081993068944078325 -0.00020583190398061987 -0.013611007573170951 -0.0032343643942673167
leaf_weight=116.03056877106428 30.243259966373444 317.73566805571318 142.94244028627872 363.01769509166479 212.32641864567995 152.61871667206287 37.883866012096405 200.90506725758314 700.75639586895704 22.783939242362976 83.258790738880634 690.02196396887302 22.55263763666153 166.84711286425591
leaf_count=1040 236 2116 664 3233 1793 1179 161 1753 3216 168 515 3860 125 1037
internal_value=-9.80067e-06 -0.00400251 0.00372175 -0.00614005 -0.00899548 -0.00332171 0.000828645 -0.00677018 0.0066026 0.00187317 0.000205197 0.000708566 0.00050092 0.00118437
internal_weight=3259.92 1574.82 1685.11 1067.68 529.262 538.42 841.408 413.231 843.699 175.403 803.524 773.281 507.135 484.583
internal_count=21096 12444 8652 9166 4586 4580 4772 3546 3880 1347 4611 4375 3278 3153
is_linear=0
shrinkage=0.03


Tree=52
num_leaves=15
num_cat=0
split_feature=18 9 7 6 14 14 18 7 14 7 10 18 5 13
split_gain=51.0627 20.7483 11.7975 10.2189 9.22474 8.47303 10.3146 8.62765 8.33587 7.31057 6.0037 4.59633 4.10998 7.48241
threshold=6.8352713178294584 3.1000000000000005 15.833333333333334 5.5500000000000007 38.250000000000007 44.750000000000007 16.300322061191633 41.166666666666679 42.750000000000007 -1.0000000180025095e-35 5.7750000000000012 4.6715686274509816 6.8333333333333348 1.7750000000000001
decision_type=2 2 2 2 2 2 2 2 2 2 2 2 2 2
left_child=1 8 -2 -4 11 7 -7 -5 -1 -10 -11 -3 -6 -14
right_child=2 4 3 5 12 6 -8 -9 9 10 -12 -13 13 -15
leaf_value=-0.0093510094305624802 -0.015282755407180822 0.00021345858760113539 0.020163948120084887 -0.0056764154003458873 0.00042672037008381511 0.0050359934837843944 0.014712713153052384 0.0036515335498931386 -0.024044421948965132 -0.0039990832289860268 0.0096479291296713132 -0.017082879349766385 0.021804003425838256 0.002905639803030238
leaf_weight=378.56172379106283 25.424686260521412 21.650468461215496 37.809995368123055 106.43808527290821 638.18947557359934 483.29459644109011 124.49201874434948 527.61338838934898 14.870416067540644 703.91025840491056 29.327010430395603 37.149488613009453 22.030714482069016 106.43962622433901
leaf_count=3318 191 162 223 618 4086 2301 510 2468 152 5929 182 250 121 585
internal_value=-1.00402e-05 -0.00308072 0.00458193 0.00498824 0.000532669 0.00451034 0.00703897 0.00207918 -0.00572622 -0.00388195 -0.00344085 -0.0108172 0.00141612 0.0062898
internal_weight=3257.2 1952.13 1305.07 1279.65 825.46 1241.84 607.787 634.051 1126.67 748.108 733.237 58.8 766.66 128.47
internal_count=21096 14785 6311 6120 5204 5897 2811 3086 9581 6263 6111 412 4792 706
is_linear=0
shrinkage=0.03


Tree=53
num_leaves=15
num_cat=0
split_feature=5 2 12 5 10 12 11 12 11 14 14 7 7 7
split_gain=48.2621 17.9658 10.2471 8.42348 9.61727 7.8527 7.40232 7.12909 7.10532 7.33969 7.05935 6.26755 5.86009 8.52213
threshold=4.166666666666667 0.29285714285714287 2.1000000000000005 14.41666666666667 0.55000000000000016 1.9000000000000001 0.017880184331797239 2.7083333333333335 0.0075498575498575511 47.250000000000007 52.750000000000007 1.0000000180025095e-35 45.500000000000007 39.416666666666679
decision_type=2 2 2 2 2 2 2 2 2 2 2 2 2 2
left_child=2 3 11 4 -2 -5 -6 8 -3 -10 12 -1 13 -4
right_child=1 7 10 5 6 -7 -8 -9 9 -11 -12 -13 -14 -15
leaf_value=-0.0248511143929315 0.0013328526588467764 0.01658099039808859 -0.0035703001395343565 0.022502734127257985 0.0028132048746799128 0.0010187237854747152 -0.0072634912033430442 0.0080672365706563002 0.00091798419104370597 0.0083824588805097265 0.01044248455645245 -0.007833363777940857 -0.019956948645655392 0.017344161755241425
leaf_weight=19.683850854635239 572.54099299013615 33.277850598096848 570.87211483716965 25.937541171908379 85.16947203874588 35.711258441209793 278.18777760118246 448.80919552594423 534.97567822784185 151.42353537678719 33.764349788427353 428.93340956419706 17.823008090257645 17.110219053924084
leaf_count=201 3626 182 4821 119 603 161 1754 2085 2618 721 271 3714 111 109
internal_value=-1.00723e-05 0.00257925 -0.00516175 -0.000378002 -0.00108979 0.0102726 -0.00490032 0.00510205 0.00324426 0.00257449 -0.00271676 -0.00863366 -0.00346618 -0.00293328
internal_weight=3254.22 2166.03 1088.19 997.547 935.898 61.6488 363.357 1168.49 719.677 686.399 639.57 448.617 605.805 587.982
internal_count=21096 11869 9227 6263 5983 280 2357 5606 3521 3339 5312 3915 5041 4930
is_linear=0
shrinkage=0.03


Tree=54
num_leaves=15
num_cat=0
split_feature=18 9 7 15 6 14 14 18 7 8 17 13 16 16
split_gain=46.1408 19.0301 10.9319 10.2512 9.6499 8.6838 7.39637 9.84873 7.53624 6.75903 6.63436 5.15052 4.91249 5.53643
threshold=6.8352713178294584 3.1000000000000005 15.833333333333334 1.0000000180025095e-35 5.7750000000000012 38.250000000000007 44.750000000000007 16.300322061191633 44.416666666666679 25.450000000000003 0.18257575757575759 2.7750000000000004 30.500000000000004 28.500000000000004
decision_type=2 2 2 2 2 2 2 2 2 2 2 2 2 2
left_child=1 3 -2 9 -4 -3 8 -8 -6 -1 -5 -11 13 -7
right_child=2 5 4 10 6 12 7 -9 -10 11 -12 -13 -14 -15
leaf_value=-0.010456601118385292 -0.014903651261115283 -0.010541797621584597 0.017961061606628213 -0.0049845109086551608 -0.004504721918871319 0.00066167376108268612 0.0046162810209231988 0.014067663316856046 0.003602152056681155 0.00016988479761383189 0.0018466775268952619 -0.012276971140146281 0.0055512320738881939 -0.012856492576621798
leaf_weight=397.94522661715746 25.081246837973595 58.344433650374413 46.886460036039352 371.80630379170179 129.00026436895132 550.23365327715874 480.73088037967682 124.73808288574219 500.99673646688461 115.63274726271629 194.1628902181983 39.353338770568371 189.2099521458149 27.685930080711842
leaf_count=3666 191 412 272 3327 734 3474 2278 510 2326 839 1464 285 1147 171
internal_value=-9.88174e-06 -0.00293971 0.00434618 -0.00548716 0.004734 0.000515732 0.00421791 0.00658343 0.00193765 -0.00838951 -0.00264186 -0.00304901 0.00136935 -7.01929e-06
internal_weight=3251.81 1944.37 1307.43 1118.9 1282.35 825.474 1235.47 605.469 629.997 552.931 565.969 154.986 767.13 577.92
internal_count=21096 14785 6311 9581 6120 5204 5848 2788 3060 4790 4791 1124 4792 3645
is_linear=0
shrinkage=0.03


Tree=55
num_leaves=15
num_cat=0
split_feature=18 9 2 12 5 9 12 14 16 9 8 7 14 11
split_gain=43.494 14.0792 12.84 9.45761 7.89933 8.82723 7.21831 6.48673 6.47799 6.24607 6.02824 12.451 7.80544 7.4545
threshold=5.506756756756757 2.9000000000000004 0.29285714285714287 2.1000000000000005 14.41666666666667 7.5500000000000007 2.1000000000000005 50.250000000000007 35.500000000000007 0.45000000000000007 37.225000000000009 36.416666666666679 44.750000000000007 0.0075498575498575511
decision_type=2 2 2 2 2 2 2 2 2 2 2 2 2 2
left_child=1 3 4 -1 5 9 -6 -5 -7 -2 13 -12 -13 -4
right_child=2 -3 10 7 6 8 -8 -9 -10 -11 11 12 -14 -15
leaf_value=-0.0096276964286598887 0.0074395838681578065 -7.2261593619753672e-05 0.026933470262954756 -0.0047895199784538404 0.019600521545453851 0.0026847209220702533 -0.0008006385755952286 0.0042748935628995899 0.020682094675525065 -0.0039781545066752766 -0.010441195817634859 0.0024904737439821532 0.0080587414488263731 0.0075906336277427279
leaf_weight=372.96198034286499 47.000214502215385 610.9272482842207 23.268250785768032 492.29738342016935 32.426217302680016 77.05476351082325 29.140848115086555 82.212605230510235 22.643632233142853 429.25980474054813 46.088877022266388 436.18016228079796 473.35959242284298 74.096485003829002
leaf_count=3405 298 4089 125 4273 147 391 131 677 113 2651 244 2011 2095 446
internal_value=-1.01439e-05 -0.00362418 0.00332162 -0.00591196 -3.90648e-05 -0.00113697 0.0100858 -0.00348722 0.0069371 -0.00283816 0.00535442 0.00462025 0.00539408 0.01244
internal_weight=3248.92 1558.4 1690.52 947.472 637.525 575.958 61.5671 574.51 99.6984 476.26 1052.99 955.629 909.54 97.3647
internal_count=21096 12444 8652 8355 3731 3453 278 4950 504 2949 4921 4350 4106 571
is_linear=0
shrinkage=0.03


Tree=56
num_leaves=15
num_cat=0
split_feature=18 9 18 15 8 18 14 14 18 16 8 17 1 12
split_gain=41.0472 17.2044 10.8812 9.80638 8.26018 9.30341 8.21362 7.16191 6.87819 6.85476 6.38875 6.17274 5.86537 4.77144
threshold=6.8352713178294584 3.1000000000000005 6.9534632034632038 1.0000000180025095e-35 48.225000000000009 13.241516436903501 38.250000000000007 44.750000000000007 16.300322061191633 25.500000000000004 25.450000000000003 0.18257575757575759 1.0000000180025095e-35 2.3666666666666671
decision_type=2 2 2 2 2 2 2 2 2 2 2 2 2 2
left_child=1 3 -2 10 5 9 -3 12 -9 -4 -1 -5 -6 -12
right_child=2 6 4 11 7 -7 -8 8 -10 -11 13 -13 -14 -15
leaf_value=-0.010103897897554419 0.023036645455554068 -0.010298683953685035 -0.0028434729329783639 -0.0047074206738926998 0.011694090224193788 -0.014578307352363191 0.0013223892070993453 0.0054456890525572997 0.013567602439779529 0.0074227090810809818 0.0018424694687930051 0.001892935032764152 0.0012479474626964221 -0.0087122558028531038
leaf_weight=393.19880810379982 25.759609945118427 57.935961037874222 144.12147918343544 368.89807894825935 53.343965619802475 37.468273267149925 767.72712248563766 383.90694551169872 124.57454739511013 97.1520636677742 85.660551734268665 193.93223272264004 443.84230604767799 68.672179415822029
leaf_count=3666 138 412 853 3327 266 216 4792 1743 508 552 633 1464 2035 491
internal_value=-9.52467e-06 -0.00278414 0.0040895 -0.00522112 0.00369188 -0.00087544 0.000495478 0.00495742 0.00745823 0.00130392 -0.00807661 -0.00243384 0.00238996 -0.00287983
internal_weight=3246.19 1936.02 1310.17 1110.36 1284.41 278.742 825.663 1005.67 508.481 241.274 547.532 562.83 497.186 154.333
internal_count=21096 14785 6311 9581 6173 1621 5204 4552 2251 1405 4790 4791 2301 1124
is_linear=0
shrinkage=0.03


Tree=57
num_leaves=15
num_cat=0
split_feature=18 9 17 15 14 7 16 4 16 17 7 5 6 13
split_gain=38.7851 12.7095 12.2035 8.35921 9.58311 7.10223 7.03107 5.86618 7.11897 5.63987 5.61374 5.36511 7.29284 5.57046
threshold=5.506756756756757 3.3666666666666671 0.40161290322580651 1.0000000180025095e-35 41.250000000000007 -1.0000000180025095e-35 8.5000000000000018 1.3666666666666669 5.5000000000000009 0.18469785575048733 10.833333333333334 3.1666666666666674 4.1000000000000005 3.4500000000000006
decision_type=2 2 2 2 2 2 2 2 2 2 2 2 2 2
left_child=1 3 11 4 -1 -5 -6 8 -4 -7 -3 -2 -13 -14
right_child=2 10 7 5 6 9 -8 -9 -10 -11 -12 12 13 -15
leaf_value=-0.015817872508259837 -0.010300011997054584 0.017730962998259998 -0.0030198056683405127 -0.025657305302029195 -0.002018449637756626 -0.0037373123718458662 -0.0099548845140714753 0.018464262217027749 0.0072978834290676311 0.0039796299900236873 -0.00011784940391347591 0.018664788584265755 0.0008800457970406263 0.011168815779864212
leaf_weight=111.28773044794798 33.564214549958706 15.386742338538168 68.811991974711418 10.8406730517745 207.8267624899745 411.76160808652639 194.64536316692829 35.275742530822754 453.48231562972069 106.5401097536087 492.08088614791632 21.363789133727551 1031.942605920136 48.654128350317478
leaf_count=1040 262 116 324 115 1793 3622 1753 146 1996 843 3162 152 5520 252
internal_value=-9.40942e-06 -0.00343651 0.00312897 -0.00532975 -0.00805285 -0.0026756 -0.00587186 0.00675966 0.00593536 -0.00214644 0.000457145 0.00134183 0.00170544 0.0013532
internal_weight=3243.46 1550.37 1693.09 1042.9 513.76 529.142 402.472 557.57 522.294 518.302 507.468 1135.52 1101.96 1080.6
internal_count=21096 12444 8652 9166 4586 4580 3546 2466 2320 4465 3278 6186 5924 5772
is_linear=0
shrinkage=0.03


Tree=58
num_leaves=15
num_cat=0
split_feature=5 17 12 4 7 7 12 15 11 17 18 9 7 7
split_gain=36.8629 14.9001 9.38801 8.4718 6.83577 10.1457 8.03018 6.46251 6.4604 6.41517 8.85901 6.16543 6.08276 5.72469
threshold=4.166666666666667 0.19836065573770495 2.1000000000000005 0.63333333333333341 45.500000000000007 33.416666666666679 3.2916666666666674 1.0000000180025095e-35 0.041784590723274222 0.58411949685534603 17.456439393939394 8.5500000000000025 1.0000000180025095e-35 56.166666666666679
decision_type=2 2 2 2 2 2 2 2 2 2 2 2 2 2
left_child=2 11 12 9 5 7 -7 -4 -5 10 -3 -2 -1 -10
right_child=1 3 4 8 -6 6 -8 -9 13 -11 -12 -13 -14 -15
leaf_value=-0.02425758005915624 -0.0020756355101494697 0.0021287441297074701 -0.0060505144956589322 0.018458184341823905 -0.019450693888989169 0.0029355362198362146 0.02845033705391916 0.00038060360796857845 -0.0027871537772995061 -0.011395827410140521 0.011475238165862546 0.013660799033151233 -0.00714454215379671 0.0080898032156335904
leaf_weight=18.797065056860447 637.17329523712397 1021.6495869457722 278.47496344894171 44.642153218388557 19.063564777374268 35.3161915615201 15.375613212585447 282.83440968394279 51.481559887528419 27.740814313292503 99.335816241800785 22.232950448989868 419.89714041352272 266.97505782544613
leaf_count=201 4273 5349 2449 203 120 240 99 2404 252 121 423 110 3714 1138
internal_value=-9.37596e-06 0.00223624 -0.00456502 0.00387677 -0.00221605 -0.00164835 0.0110752 -0.00281507 0.00786617 0.00261002 0.00296647 -0.00152517 -0.0079313 0.00632822
internal_weight=3240.99 2171.23 1069.76 1511.82 631.065 612.001 50.6918 561.309 363.099 1148.73 1120.99 659.406 438.694 318.457
internal_count=21096 11869 9227 7486 5312 5192 339 4853 1593 5893 5772 4383 3915 1390
is_linear=0
shrinkage=0.03


Tree=59
num_leaves=15
num_cat=0
split_feature=5 17 12 4 7 7 14 14 11 17 17 7 10 17
split_gain=34.7754 13.9993 8.93733 7.95782 6.5414 9.69088 6.58988 6.24081 6.1468 6.05469 7.29211 5.92658 5.19742 4.88076
threshold=4.166666666666667 0.19836065573770495 2.1000000000000005 0.63333333333333341 45.500000000000007 39.416666666666679 50.250000000000007 40.750000000000007 0.041784590723274222 0.58411949685534603 0.55291153415453542 1.0000000180025095e-35 10.775000000000002 0.1856158484065461
decision_type=2 2 2 2 2 2 2 2 2 2 2 2 2 2
left_child=2 12 11 9 5 6 -4 -5 -9 10 -3 -1 13 -2
right_child=1 3 4 7 -6 -7 -8 8 -10 -11 -12 -13 -14 -15
leaf_value=-0.024006944007258311 -0.0014708723694770813 0.0025053226377184279 -0.0034861652092913168 -0.0036512791877862816 -0.019108095971003502 0.019197808830749265 0.0059841630982881977 0.019951239823142342 0.0073892743607025932 -0.01109677780714775 0.018808783491858182 -0.0069674367775695309 0.011178081507321193 -0.014340186755863507
leaf_weight=18.439383506774902 604.98412042111158 1097.9127463400364 517.77616335451603 38.938397377729416 18.844478897750378 18.531738549470901 74.86576572060585 39.615030333399773 285.12334187328815 27.661916702985764 24.290869012475014 417.71243461221457 26.978622406721115 26.764159113168716
leaf_count=201 4096 5666 4458 177 120 116 618 178 1238 121 106 3714 125 162
internal_value=-9.26684e-06 0.00216852 -0.00444428 0.00375658 -0.0021533 -0.00160017 -0.00228176 0.00761973 0.00897826 0.0025292 0.00287465 -0.00774109 -0.00148049 -0.00203789
internal_weight=3238.44 2172.27 1066.17 1513.54 630.018 611.174 592.642 363.677 324.738 1149.87 1122.2 436.152 658.727 631.748
internal_count=21096 11869 9227 7486 5312 5192 5076 1593 1416 5893 5772 3915 4383 4258
is_linear=0
shrinkage=0.03


Tree=60
num_leaves=15
num_cat=0
split_feature=5 17 12 16 11 8 8 13 5 14 5 9 17 16
split_gain=32.8026 13.1567 8.50646 7.80595 10.545 11.3117 7.33275 7.10005 7.78388 6.20582 5.83734 5.80998 5.32169 5.80707
threshold=4.166666666666667 0.19836065573770495 2.1000000000000005 11.500000000000002 0.027639571389571394 119.30000000000003 38.900000000000006 3.2250000000000005 11.583333333333334 52.750000000000007 1.4166666666666667 8.5500000000000025 0.1856158484065461 50.500000000000007
decision_type=2 2 2 2 2 2 2 2 2 2 2 2 2 2
left_child=2 11 10 7 6 -6 -5 8 -3 -4 -1 12 13 -2
right_child=1 3 9 4 5 -7 -8 -9 -10 -11 -12 -13 -14 -15
leaf_value=-0.014829897840586368 -0.0018825677996040131 -0.0044154368034996019 -0.0028089274585287316 0.026214854712843967 0.0035599043261492712 0.02076485575863015 0.0069275698609430631 0.011135933800698741 0.0050994418600482086 0.01021327410356636 -0.0058657707409400057 0.013268331963474718 -0.014949106750152949 0.015971544790539759
leaf_weight=80.234867066144943 593.61059698462486 242.2290863469243 595.13494019955397 32.867680110037327 1008.7370182052255 34.667650029063225 39.35828509926796 44.980279020965099 112.53021463751793 33.891137860715389 353.44348753243685 22.339041024446487 26.24564603716135 15.866752870380877
leaf_count=826 4013 1320 5041 190 4934 141 188 223 490 271 3089 110 160 100
internal_value=-9.24808e-06 0.00210262 -0.00432633 0.00364003 0.00492788 0.00415088 0.0159427 4.245e-05 -0.00139145 -0.00209221 -0.00755453 -0.00143785 -0.00197465 -0.00139236
internal_weight=3236.14 2173.43 1062.7 1515.37 1115.63 1043.4 72.226 399.74 354.759 629.026 433.678 658.062 635.723 609.477
internal_count=21096 11869 9227 7486 5453 5075 378 2033 1810 5312 3915 4383 4273 4113
is_linear=0
shrinkage=0.03


Tree=61
num_leaves=15
num_cat=0
split_feature=18 9 18 7 6 15 14 5 14 7 14 14 18 14
split_gain=31.1244 14.2487 10.1514 13.1798 10.3316 8.81267 7.67447 7.24219 5.99269 6.25742 5.59786 5.76693 4.94729 4.90302
threshold=6.8352713178294584 3.1000000000000005 6.9534632034632038 15.833333333333334 5.366666666666668 1.0000000180025095e-35 38.250000000000007 9.1666666666666696 41.250000000000007 2.8333333333333335 50.250000000000007 51.250000000000007 5.3387978142076511 49.250000000000007
decision_type=2 2 2 2 2 2 2 2 2 2 2 2 2 2
left_child=1 5 -2 -4 -5 8 -3 -6 12 -10 13 -12 -1 -7
right_child=2 6 3 4 7 10 -8 -9 9 -11 11 -13 -14 -15
leaf_value=-0.015679442704443245 0.021712186147354085 -0.0099583106836724569 -0.018978076981110651 0.021408081061414629 -3.0044657268696699e-05 -0.0025116329097138799 0.0013276885976291444 0.0048059110432385477 -0.016881614925789372 -0.004543840095276871 0.021508412520010362 0.00064093464812348556 0.0040289034807057152 -0.019570832727867679
leaf_weight=101.84348795562983 26.135581627488136 57.347307741641998 22.785980321466923 27.597756542265415 422.87313406169415 486.11712312698364 767.22528620064259 816.44221770018339 40.219019286334515 381.99433702230453 16.004956133663654 40.069747649133205 12.494393557310103 14.684279806911944
leaf_count=985 138 412 178 162 2199 4215 4792 3634 413 3300 131 323 92 122
internal_value=-8.62e-06 -0.0024459 0.0035432 0.00315847 0.00357126 -0.00468977 0.000531659 0.00315712 -0.00743049 -0.00575622 -0.00204049 0.00686946 -0.0135095 -0.00304984
internal_weight=3233.83 1918 1315.83 1289.7 1266.91 1093.43 824.573 1239.32 536.551 422.213 556.876 56.0747 114.338 500.801
internal_count=21096 14785 6311 6173 5995 9581 5204 5833 4790 3713 4791 454 1077 4337
is_linear=0
shrinkage=0.03


Tree=62
num_leaves=15
num_cat=0
split_feature=17 15 14 4 16 8 7 18 19 7 16 5 17 19
split_gain=29.3976 10.6944 10.4796 9.16546 11.2533 9.87514 8.51195 8.46669 7.65919 11.8913 9.0787 7.24866 6.26446 6.13961
threshold=0.19098277608915909 1.0000000180025095e-35 39.750000000000007 1.3666666666666669 2.5000000000000004 116.10000000000001 17.416666666666668 2.9511904761904768 1.0000000180025095e-35 21.416666666666668 1.5000000000000002 14.16666666666667 0.18697033898305088 1.0000000180025095e-35
decision_type=2 2 2 2 2 2 2 2 2 2 2 2 2 2
left_child=7 2 11 4 -3 -6 -4 8 9 10 -1 -2 -9 -8
right_child=1 3 6 -5 5 -7 13 12 -10 -11 -12 -13 -14 -15
leaf_value=0.013628114452951538 -0.0129139447524559 -0.013667229585731905 -0.0089106082111654553 0.023532962822763424 0.0043992894507875408 0.024850432203001076 0.0016777140326476683 -0.0012444397241815209 -0.01358202957246128 -0.014778699996122151 -0.0034471941136213075 0.0056533471102533702 -0.016560796837222072 0.01465951754439487
leaf_weight=30.659961029887199 81.186715207993984 29.400065824389458 65.646522112190723 21.920954406261444 847.08315145224333 20.856502220034599 702.80719318240881 922.76756846904755 107.61132280528545 76.985317148268223 243.59392911940813 23.949961796402931 23.687534943223 33.42406590282917
leaf_count=305 508 172 549 92 4558 85 3575 6693 1093 658 2367 104 157 180
internal_value=-8.82167e-06 0.0025006 0.000188612 0.0047791 0.00429528 0.00491876 0.00135957 -0.00326942 -0.0066095 -0.00444079 -0.0014957 -0.00867093 -0.00164485 0.00228616
internal_weight=3231.58 1826.28 907.014 919.261 897.34 867.94 801.878 1405.31 458.851 351.239 274.254 105.137 946.455 736.231
internal_count=21096 9823 4916 4907 4815 4643 4304 11273 4423 3330 2672 612 6850 3755
is_linear=0
shrinkage=0.03


Tree=63
num_leaves=15
num_cat=0
split_feature=18 9 18 7 6 15 8 14 8 10 14 7 18 7
split_gain=28.0175 13.078 9.47692 12.3718 9.63548 8.30078 7.32705 7.23313 5.89732 7.90373 5.71285 5.96791 5.48521 5.40443
threshold=6.8352713178294584 3.1000000000000005 6.9534632034632038 15.833333333333334 5.366666666666668 1.0000000180025095e-35 48.225000000000009 37.250000000000007 40.900000000000006 5.5500000000000007 41.250000000000007 2.8333333333333335 4.6715686274509816 10.833333333333334
decision_type=2 2 2 2 2 2 2 2 2 2 2 2 2 2
left_child=1 5 -2 -4 -5 10 -6 12 9 -7 -1 -12 -3 -9
right_child=2 7 3 4 6 8 -8 13 -10 -11 11 -13 -14 -15
leaf_value=-0.013143700911606666 0.020822342914353347 0.0024851769586124346 -0.018622217030063767 0.02050508544834069 -0.0018142516368274094 -0.0020736712040714876 0.0040840658030571854 0.015678682545487585 -0.018988955361767285 0.01688073117573962 -0.016495314297268721 -0.0043464955491460244 -0.02154680809594197 0.00069683585621811695
leaf_weight=112.71902784705162 26.403152272105217 13.368447035551069 22.446673572063446 27.921957701444626 232.76030833274126 518.81977501511574 1008.2955811023712 21.304329141974449 16.636917501688004 19.589014321565628 39.487897723913193 379.89612846821547 21.808667458593845 768.09781291335821
leaf_count=1077 138 104 178 162 1298 4558 4535 161 103 130 413 3300 156 4783
internal_value=-8.84059e-06 -0.00232835 0.00335521 0.00298226 0.00337878 -0.0044878 0.00297727 0.000520715 -0.00191582 -0.00135403 -0.00716205 -0.00552691 -0.0125976 0.00112049
internal_weight=3229.56 1911.73 1317.83 1291.42 1268.98 1087.15 1241.06 824.579 555.046 538.409 532.103 419.384 35.1771 789.402
internal_count=21096 14785 6311 6173 5995 9581 5833 5204 4791 4688 4790 3713 260 4944
is_linear=0
shrinkage=0.03


Tree=64
num_leaves=15
num_cat=0
split_feature=5 4 12 14 18 14 7 7 12 11 7 15 1 11
split_gain=26.6948 11.2241 7.95085 6.9577 6.68263 7.4528 6.41999 8.89066 7.2247 6.25111 5.73408 5.63601 5.44492 8.89554
threshold=4.166666666666667 0.63333333333333341 2.1000000000000005 40.750000000000007 17.456439393939394 44.750000000000007 45.500000000000007 33.416666666666679 3.2916666666666674 0.24773335060027493 1.0000000180025095e-35 1.0000000180025095e-35 0.45000000000000007 0.041784590723274222
decision_type=2 2 2 2 2 2 2 2 2 2 2 2 2 2
left_child=2 4 10 -3 9 -6 7 11 -9 -2 -1 -4 -5 -14
right_child=1 3 6 12 5 -7 -8 8 -10 -11 -12 -13 13 -15
leaf_value=-0.023423565034709531 -0.00027645715660376704 -0.0050313528158343656 -0.0053894727983334932 0.020234501752433479 0.0016812985578099247 0.017110638023820565 -0.018688430996959604 0.0028763151841464277 0.026931088697468158 0.0051585416774595477 -0.0063227967525050785 0.00065502034124535345 0.020524609612943716 0.00486033315089935
leaf_weight=17.62641267478466 1471.3508540391922 40.296372920274734 273.12664468586445 29.383209481835365 71.39698550850153 45.810746699571609 18.555983789265156 35.333637960255146 15.674612253904341 217.76440222561359 409.67085499316454 280.90913061797619 36.454041332006454 264.08984170854092
leaf_count=201 8730 185 2449 133 308 187 120 240 99 1023 3714 2404 162 1141
internal_value=-9.04843e-06 0.00188667 -0.00393339 0.00663796 0.000909713 0.0078056 -0.00176856 -0.00121966 0.0106439 0.000426872 -0.00708126 -0.00232911 0.00807412 0.00682207
internal_weight=3227.44 2176.55 1050.9 370.223 1806.32 117.208 623.6 605.044 51.0083 1689.12 427.297 554.036 329.927 300.544
internal_count=21096 11869 9227 1621 10248 495 5312 5192 339 9753 3915 4853 1436 1303
is_linear=0
shrinkage=0.03


Tree=65
num_leaves=15
num_cat=0
split_feature=17 15 14 4 16 8 7 12 11 7 5 18 11 10
split_gain=25.4472 9.88521 9.58115 8.48375 10.5599 9.16625 7.9251 8.43711 7.5 7.46844 6.76527 6.70542 6.54295 9.11628
threshold=0.19098277608915909 1.0000000180025095e-35 39.750000000000007 1.3666666666666669 2.5000000000000004 116.10000000000001 56.166666666666679 3.4500000000000006 0.051358373410399387 17.416666666666668 13.41666666666667 4.9921875000000009 0.087429812806847071 0.45000000000000007
decision_type=2 2 2 2 2 2 2 2 2 2 2 2 2 2
left_child=6 2 10 4 -3 -6 7 8 -1 -4 -2 -9 -8 -14
right_child=1 3 9 -5 5 -7 12 11 -10 -11 -12 -13 13 -15
leaf_value=-0.0077391245975164009 -0.012802052240539432 -0.013418354727297273 -0.008478733908508165 0.022526664126831814 0.0041428098380153827 0.023816218539767228 0.01779006226720322 0.00064160156886604119 -0.0027078266359278095 0.0020724798156518125 0.0046203758734715194 0.01995326750129877 0.0072788417453102843 -0.010987491525792349
leaf_weight=411.05845682322979 78.068931072950363 29.197288185358047 64.767076671123505 21.977559223771095 849.35476326942444 20.921010166406631 24.037925407290459 76.624570868909359 761.03312364965677 737.57404990494251 26.293722838163376 19.538499109447002 67.333272643387318 37.416609391570091
leaf_count=3877 497 172 549 92 4558 85 120 650 5937 3755 115 130 374 185
internal_value=-8.62797e-06 0.00232034 9.57591e-05 0.00450685 0.00404203 0.00464254 -0.00305577 -0.00377608 -0.00447742 0.00121126 -0.00841036 0.00473034 0.00401202 0.000711915
internal_weight=3225.2 1828.15 906.704 921.451 899.473 870.276 1397.04 1268.25 1172.09 802.341 104.363 96.1631 128.788 104.75
internal_count=21096 9823 4916 4907 4815 4643 11273 10594 9814 4304 612 780 679 559
is_linear=0
shrinkage=0.03


Tree=66
num_leaves=15
num_cat=0
split_feature=7 17 14 12 11 16 18 7 19 16 16 17 4 14
split_gain=23.9927 11.9319 8.88069 7.97012 7.14066 6.7149 6.23433 5.50249 7.46056 5.07716 4.62827 4.53908 7.48488 7.56542
threshold=56.166666666666679 0.19098277608915909 36.750000000000007 3.4500000000000006 0.051358373410399387 57.500000000000007 4.9921875000000009 11.41666666666667 1.0000000180025095e-35 6.5000000000000009 16.500000000000004 0.75735294117647067 0.70833333333333337 43.750000000000007
decision_type=2 2 2 2 2 2 2 2 2 2 2 2 2 2
left_child=1 3 -2 4 -1 7 10 -3 -9 -6 -5 12 -4 -14
right_child=2 5 11 6 9 -7 -8 8 -10 -11 -12 -13 13 -15
leaf_value=-0.0075516657707726548 -0.012149459791725067 -0.0069529159707899819 0.0029983075509224634 0.0057332379273151062 0.00085812218322107515 0.018949981767155594 0.019158017348855191 0.00027807700899681734 0.010186743579283236 -0.0043516661973314061 -0.0097317029888156041 -0.0084130859786252822 0.00093620886012312009 0.01225295831970155
leaf_weight=408.68581831455231 29.623382553458214 81.48377238214016 713.70680584013462 51.623739175498486 250.96377680450678 16.986769571900368 19.776844695210457 761.02971985936165 74.147978216409683 508.66773177683353 25.036098450422287 23.899969846010208 75.142671406269073 182.24280607700348
leaf_count=3877 148 717 3364 443 1971 94 130 4543 443 3966 207 107 324 762
internal_value=-8.20237e-06 -0.00177519 0.00378107 -0.00367301 -0.00435767 0.000796837 0.00458115 0.000440155 0.00116891 -0.00263161 0.000622314 0.00426708 0.00458749 0.00896549
internal_weight=3223.02 2198.4 1024.62 1264.75 1168.32 933.648 96.4367 916.661 835.178 759.632 76.6598 994.992 971.092 257.385
internal_count=21096 16391 4705 10594 9814 5797 780 5703 4986 5937 650 4557 4450 1086
is_linear=0
shrinkage=0.03


Tree=67
num_leaves=15
num_cat=0
split_feature=18 9 17 14 3 13 17 16 18 14 8 12 13 9
split_gain=22.6198 9.33592 8.53965 8.01191 6.8361 8.37056 5.17786 4.93657 6.32652 4.97342 4.87632 4.52989 4.34834 5.28533
threshold=5.506756756756757 1.9000000000000001 0.40161290322580651 52.250000000000007 0.41666666666666669 2.2916666666666674 0.42146381578947373 11.500000000000002 7.0080645161290329 45.750000000000007 -1.0000000180025095e-35 1.9000000000000001 3.4500000000000006 3.5500000000000003
decision_type=2 2 2 2 2 2 2 2 2 2 2 2 2 2
left_child=1 4 12 6 10 -6 -3 -4 -9 -10 -1 -12 -2 -14
right_child=2 3 7 -5 5 -7 -8 8 9 -11 11 -13 13 -15
leaf_value=-0.023354060627129976 0.00046855851181484311 -0.0011371925268459817 0.00090730386519538369 0.010260540797905162 -0.0080680094259847242 0.020768212994735906 -0.01256436770818971 0.021748172097863581 0.003188575382267906 0.0101553067545556 -0.010477452825523967 -0.0042163145051757282 0.021359744443272863 0.0016413661622160663
leaf_weight=14.602591790258883 1089.9858315140009 897.98614852875471 159.13721670210361 53.308567218482494 16.794380262494087 17.689159095287323 36.183714009821415 24.224618524312973 217.98932563513517 160.66012352705002 153.10526948422194 328.36024594306946 19.190699934959412 31.513657957315445
leaf_count=170 5923 6753 722 372 136 138 222 115 953 676 1547 3106 106 157
internal_value=-7.9834e-06 -0.00266973 0.00236525 -0.000943141 -0.00587549 0.00689264 -0.00159277 0.00538862 0.00715213 0.00616351 -0.00677513 -0.00622494 0.000872238 0.00937319
internal_weight=3220.73 1518.03 1702.7 987.478 530.552 34.4835 934.17 562.011 402.874 378.649 496.068 481.466 1140.69 50.7044
internal_count=21096 12444 8652 7347 5097 274 6975 2466 1744 1629 4823 4653 6186 263
is_linear=0
shrinkage=0.03


Tree=68
num_leaves=15
num_cat=0
split_feature=17 16 8 13 18 18 19 16 17 11 17 14 9 12
split_gain=21.5976 8.08231 9.35735 9.27277 9.18418 6.79102 6.79661 7.94947 6.73881 9.04083 6.06774 6.01405 6.59722 5.13514
threshold=0.19098277608915909 11.500000000000002 119.30000000000003 3.5500000000000003 13.402702702702705 2.9104278074866312 1.0000000180025095e-35 1.5000000000000002 0.38935969868173265 0.020857738473079809 0.18697033898305088 38.250000000000007 8.5500000000000025 2.4500000000000006
decision_type=2 2 2 2 2 2 2 2 2 2 2 2 2 2
left_child=5 3 8 4 -2 6 7 13 -3 -10 11 -7 -13 -1
right_child=1 2 -4 -5 -6 10 -8 -9 9 -11 -12 12 -14 -15
leaf_value=-0.0011326270798713994 -0.0039083213894434334 0.0014311632695132941 0.018537686458600645 0.013969426637413391 0.0068913742879468482 -0.0094627084819506255 -0.012644016310185606 -0.005370638339268697 0.024143332030546239 0.0049914587160090817 -0.016170201595487821 -0.00070974656155602534 0.016865135470025976 0.021760466887288277
leaf_weight=18.489485368132591 409.58936544507742 848.74811057001352 34.782932549715042 33.822276473045349 84.706229522824287 68.842914961278439 102.1924842223525 306.16096529364586 22.608284153044224 396.24596095830202 23.360283903777599 834.88976496458054 18.675667330622673 15.697341993451117
leaf_count=193 2500 4792 141 180 362 551 1078 2950 106 1742 157 6107 90 147
internal_value=-7.68832e-06 0.00213194 0.00340059 -0.000997196 -0.00204743 -0.00282831 -0.00589157 -0.00383299 0.00297094 0.00608025 -0.00139026 -0.000998843 -0.00030593 0.00969873
internal_weight=3218.81 1830.5 1302.39 528.118 494.296 1388.31 442.54 340.348 1267.6 418.854 945.769 922.408 853.565 34.1868
internal_count=21096 9823 6781 3042 2862 11273 4368 3290 6640 1848 6905 6748 6197 340
is_linear=0
shrinkage=0.03


Tree=69
num_leaves=15
num_cat=0
split_feature=8 4 8 15 14 8 14 16 1 18 9 20 16 13
split_gain=20.4835 8.3945 6.82891 6.9733 6.80831 5.86528 5.80124 5.94632 5.74906 5.44651 5.60392 5.2749 5.11622 7.99913
threshold=25.100000000000005 0.63333333333333341 -1.0000000180025095e-35 1.0000000180025095e-35 51.750000000000007 50.45000000000001 40.750000000000007 36.500000000000007 0.45000000000000007 6.8352713178294584 3.5500000000000003 1.0000000180025095e-35 1.5000000000000002 2.3666666666666671
decision_type=2 2 2 2 2 2 2 2 2 2 2 2 2 2
left_child=2 4 -1 9 5 11 -3 8 -8 10 -4 -2 13 -5
right_child=1 6 3 12 -6 -7 7 -9 -10 -11 -12 -13 -14 -15
leaf_value=-0.023375645917063093 -4.1658369674082544e-05 -0.0049664854037132786 -0.0079741667738104701 -0.0085774352473701587 0.0081102516884571131 0.0021152243394131904 0.018190749918154069 0.013812250844119129 0.0030768721043915601 0.0083364301194180038 0.003589669717628995 -0.0051636395933139581 -0.0016693716107792998 0.023077300277659696
leaf_weight=14.731638468801973 728.30738316476345 41.041152715682983 383.77920179069042 10.92430801689625 104.63848092406988 834.92750378698111 24.218032643198967 83.1412573158741 230.66791868209839 21.560602813959122 41.24546255916357 239.79333208501339 439.72025311738253 17.859507404267788
leaf_count=175 4726 191 3744 105 593 3987 109 353 1013 166 315 1510 3945 164
internal_value=-7.14205e-06 0.00151945 -0.00375914 -0.00341817 0.000707917 0.000274066 0.00559092 0.0068836 0.0045784 -0.0060962 -0.00684619 -0.00131436 -0.000857883 0.0111788
internal_weight=3216.56 2286.74 929.821 915.089 1907.67 1803.03 379.068 338.027 254.886 446.585 425.025 968.101 468.504 28.7838
internal_count=21096 12482 8614 8439 10816 10223 1666 1475 1122 4225 4059 6236 4214 269
is_linear=0
shrinkage=0.03


Tree=70
num_leaves=15
num_cat=0
split_feature=7 17 14 15 9 12 11 16 16 11 16 6 11 16
split_gain=19.5672 9.99376 8.19996 7.77269 7.02626 6.89453 6.49539 6.05118 5.6052 5.55355 5.53456 5.49888 4.44304 4.42175
threshold=56.166666666666679 0.19836065573770495 36.750000000000007 1.0000000180025095e-35 7.1000000000000005 3.4500000000000006 0.051358373410399387 11.500000000000002 20.500000000000004 0.012278429545163826 9.5000000000000018 3.1000000000000005 0.073012162686581297 6.5000000000000009
decision_type=2 2 2 2 2 2 2 2 2 2 2 2 2 2
left_child=1 5 -2 9 7 6 -1 -5 10 -3 -7 -11 -10 -8
right_child=2 3 -4 4 -6 8 13 -9 12 11 -12 -13 -14 -15
leaf_value=-0.0070560709245964821 -0.011931210955504359 0.0072245955181706803 0.0038721164560765226 -0.0027371935084862654 0.014951421912711009 0.0035362787614996107 0.00091555363250469494 0.004849008844198875 -0.017566711110758224 -0.01155992756523758 0.02240637292439817 -0.0017296644754239592 0.0052537342339263379 -0.003938814845148463
leaf_weight=403.40309435874224 29.500412821769714 50.999488443136215 997.55966335535049 141.75416277348995 42.683101311326027 50.055391125380993 250.58862565457821 280.52760497480631 14.856753274798395 59.236498527228832 18.687806718051434 345.65310748666525 14.1961432993412 514.85795683413744
leaf_count=3889 148 337 4557 945 211 412 1971 1684 132 530 147 1997 99 4037
internal_value=-6.89334e-06 -0.0016106 0.00340703 0.000767216 0.00349277 -0.00333852 -0.00397916 0.00230198 0.00428118 -0.00201416 0.00891382 -0.0031928 -0.00661216 -0.00235049
internal_weight=3214.56 2187.5 1027.06 920.854 464.965 1266.65 1168.85 422.282 97.7961 455.889 68.7432 404.89 29.0529 765.447
internal_count=21096 16391 4705 5704 2840 10687 9897 2629 790 2864 559 2527 231 6008
is_linear=0
shrinkage=0.03


Tree=71
num_leaves=15
num_cat=0
split_feature=7 6 17 13 14 12 19 16 7 19 6 18 17 4
split_gain=18.4053 9.61839 7.93393 14.9304 7.74291 7.196 6.64926 5.7186 4.61111 5.14098 5.6898 4.33535 4.26556 6.38909
threshold=56.166666666666679 1.4500000000000002 0.19836065573770495 3.6750000000000003 36.750000000000007 3.4500000000000006 1.0000000180025095e-35 20.500000000000004 14.41666666666667 1.0000000180025095e-35 1.1000000000000003 8.146428571428574 0.75735294117647067 0.70833333333333337
decision_type=2 2 2 2 2 2 2 2 2 2 2 2 2 2
left_child=1 8 5 6 -2 11 -4 -7 9 10 -1 -3 13 -6
right_child=4 2 3 -5 12 7 -8 -9 -10 -11 -12 -13 -14 -15
leaf_value=0.0046578883087357095 -0.011638046671806134 -0.0038155377868762932 -0.00048925723100786344 0.022931914889196468 0.0025969262353833728 0.010774035628429731 0.0081356636470144694 -0.0056858476942565342 -0.024314015985042237 -0.016940134710857639 -0.009763057549205147 0.0049879100378258786 -0.0085348361034857951 0.0080998364482075796
leaf_weight=42.854218013584614 29.363519437611103 999.58904629945755 784.61611235886812 26.282624587416649 716.55409360677004 59.088369190692902 88.62619648873806 27.02455772459507 14.876317046582697 33.96663361787796 55.455629229545593 52.175702683627605 23.903637528419495 258.22835530340672
leaf_count=440 148 8359 4782 152 3364 464 569 212 145 381 568 319 107 1086
internal_value=-6.87763e-06 -0.00156451 -0.0010273 0.00107764 0.00330132 -0.00269081 0.000394399 0.00560251 -0.00894528 -0.00704739 -0.00349322 -0.0033745 0.00375177 0.0040615
internal_weight=3212.61 2184.56 2037.4 899.525 1028.05 1137.88 873.242 86.1129 147.153 132.276 98.3098 1051.76 998.686 974.782
internal_count=21096 16391 14857 5503 4705 9354 5351 676 1534 1389 1008 8678 4557 4450
is_linear=0
shrinkage=0.03


Tree=72
num_leaves=15
num_cat=0
split_feature=5 16 5 12 7 1 14 5 13 15 12 7 7 7
split_gain=17.5245 8.31367 9.51997 8.76923 8.60493 8.43557 7.8807 8.84191 7.46478 8.14298 7.07937 6.60636 8.01423 5.43795
threshold=4.166666666666667 35.500000000000007 11.583333333333334 3.1000000000000005 25.166666666666668 0.77500000000000013 38.250000000000007 8.1666666666666696 2.3666666666666671 1.0000000180025095e-35 2.1000000000000005 45.500000000000007 39.416666666666679 1.0000000180025095e-35
decision_type=2 2 2 2 2 2 2 2 2 2 2 2 2 2
left_child=10 2 6 4 -3 -6 7 -2 -4 -10 13 12 -12 -1
right_child=1 3 8 -5 5 -7 -8 -9 9 -11 11 -13 -14 -15
leaf_value=-0.022626599893744128 -0.0036725599345885139 0.021021643443200625 0.00024619794580822522 0.013171919766395436 0.00047632452775952199 0.017998523249550893 -0.00023438863832422042 -0.027400317259953427 0.0023359582051061182 0.013387343817056229 -0.0012580728681732697 -0.018418775344026028 0.01815854281520269 -0.0055105925060107202
leaf_weight=16.577322095632553 48.618486575782299 21.350393876433372 220.96415516734123 94.595116056501865 324.50463361293077 25.772860497236252 1185.4407235607505 19.157104209065437 120.31036216020584 119.73963334411383 576.66582451015711 18.373738586902618 18.788266241550446 399.77803273499012
leaf_count=201 352 150 966 436 1634 110 7071 110 520 520 5076 120 116 3714
internal_value=-7.09567e-06 0.00151629 0.000549069 0.00506382 0.00297015 0.00181315 -0.000807378 -0.0106802 0.00423019 0.00788118 -0.00322978 -0.00117799 -0.000616007 -0.00624465
internal_weight=3210.64 2180.45 1714.23 466.223 371.628 350.277 1253.22 67.7756 461.014 240.05 1030.18 613.828 595.454 416.355
internal_count=21096 11869 9539 2330 1894 1744 7533 462 2006 1040 9227 5312 5192 3915
is_linear=0
shrinkage=0.03


Tree=73
num_leaves=15
num_cat=0
split_feature=8 17 8 15 14 7 18 8 18 16 13 7 13 16
split_gain=16.6522 7.0908 6.53289 6.55541 6.45564 6.58274 6.12865 5.59255 4.98755 4.84353 7.41291 5.39501 4.66386 5.50204
threshold=25.100000000000005 0.3306010928961749 -1.0000000180025095e-35 1.0000000180025095e-35 38.250000000000007 102.16666666666667 4.1348484848484857 90.63333333333334 5.506756756756757 1.5000000000000002 2.3666666666666671 27.416666666666668 2.3666666666666671 6.5000000000000009
decision_type=2 2 2 2 2 2 2 2 2 2 2 2 2 2
left_child=2 4 -1 8 -2 7 -3 -6 -4 10 -5 -11 -8 -14
right_child=1 6 3 9 5 -7 12 -9 -10 11 -12 -13 13 -15
leaf_value=-0.022925190515110296 -0.0077172181277928272 -0.010392658667698043 -0.0068636899119645439 -0.0081515367844968052 0.00041625762615221304 0.01287977379482122 0.0015606808364458738 -0.015168730032324237 0.002964796112402788 -0.0023263126971456894 0.022407706279087027 0.010408184767312083 -0.00077259188961143843 0.0074332275066148531
leaf_weight=14.211253009736536 90.667286604642868 27.347397938370705 388.9580889865756 10.759031631052496 1200.8724870681763 36.67528609931469 440.58075524866581 20.086011588573456 52.187064491212368 405.11375257372856 18.056769572198391 31.33837254345417 90.848098129034042 381.08336989581585
leaf_count=175 597 182 3811 105 7319 153 2008 90 414 3690 164 255 433 1700
internal_value=-7.03984e-06 0.00136381 -0.003412 -0.00308113 -3.09247e-05 0.000528899 0.00336258 0.000147665 -0.00569691 -0.000594078 0.011107 -0.00139024 0.00378574 0.00585529
internal_weight=3208.79 2288.16 920.624 906.413 1348.3 1257.63 939.86 1220.96 441.145 465.268 28.8158 436.452 912.512 471.931
internal_count=21096 12482 8614 8439 8159 7562 4323 7409 4225 4214 269 3945 4141 2133
is_linear=0
shrinkage=0.03


Tree=74
num_leaves=15
num_cat=0
split_feature=7 5 15 9 8 14 14 8 7 14 16 12 12 5
split_gain=15.8042 8.82942 7.66802 8.66703 8.30714 7.08728 7.03869 6.43991 6.26693 4.90823 5.59303 4.20798 3.8433 3.43117
threshold=56.166666666666679 1.5833333333333337 1.0000000180025095e-35 7.2250000000000005 56.675000000000004 39.750000000000007 36.750000000000007 66.550000000000011 8.4166666666666696 46.750000000000007 19.500000000000004 2.9000000000000004 2.1000000000000005 5.416666666666667
decision_type=2 2 2 2 2 2 2 2 2 2 2 2 2 2
left_child=1 9 4 8 5 -3 -2 -6 -4 -1 11 -11 -5 -8
right_child=6 2 3 12 7 -7 13 -9 -10 10 -12 -13 -14 -15
leaf_value=-0.010524292153769715 -0.011244992444685995 -0.0088269068414490118 -0.0074264113549479035 0.021346212578862621 -0.019174646314333892 -0.00094509672259292092 -0.0051453802120221721 0.00020320703777401691 0.0011208751644360701 -0.0028823229640024448 -0.016716335098664575 0.015103603791744528 0.0042080148057435226 0.0038363117684061887
leaf_weight=139.41413973271847 29.135137960314751 117.08468890935183 83.697806686162949 24.67877097427845 45.43775187432766 789.56336242705584 39.028225854039192 23.088621214032173 871.84456827491522 27.275006256997585 13.26966682821512 19.175492808222771 22.874235600233078 961.35054510831833
leaf_count=1472 148 959 815 129 230 5878 218 109 6092 278 136 181 112 4339
internal_value=-7.19511e-06 -0.00145525 -0.000847311 0.000993886 -0.0027403 -0.00197156 0.00305386 -0.0127366 0.000365221 -0.00746035 -0.000252166 0.00470438 0.0133588 0.00348112
internal_weight=3206.92 2177.4 1978.27 1003.1 975.174 906.648 1029.51 68.5264 955.542 199.134 59.7202 46.4505 47.553 1000.38
internal_count=21096 16391 14324 7148 7176 6837 4705 339 6907 2067 595 459 241 4557
is_linear=0
shrinkage=0.03


Tree=75
num_leaves=15
num_cat=0
split_feature=17 15 14 4 16 8 5 8 17 7 18 17 9 3
split_gain=15.2768 8.29399 7.7951 7.46913 9.40661 7.75384 6.17237 6.00156 5.75724 7.78939 6.62762 5.50038 6.39833 12.3297
threshold=0.19098277608915909 1.0000000180025095e-35 39.750000000000007 1.3666666666666669 2.5000000000000004 116.10000000000001 14.16666666666667 -1.0000000180025095e-35 0.3306010928961749 15.41666666666667 4.1067629179331311 0.1856158484065461 3.3666666666666671 0.58333333333333337
decision_type=2 2 2 2 2 2 2 2 2 2 2 2 2 2
left_child=7 2 6 4 -3 -6 -2 -1 9 -4 -10 12 13 -9
right_child=1 3 8 -5 5 -7 -8 11 10 -11 -12 -13 -14 -15
leaf_value=-0.021940494708116355 -0.011990749311574895 -0.013198958103349527 -0.015300307143027202 0.020681882629607559 0.0034490683299450578 0.021497998381059286 0.0051721326936309542 -0.0038219421426294716 -0.010132960390604764 -0.00060730142458987929 0.0040226460815767145 -0.014858103132027848 0.0011853438968748278 0.020018499229944878
leaf_weight=13.015709795057772 79.096369810402393 28.962723113596439 35.118505753576756 21.980566829442978 854.71662616729736 21.021096289157867 24.034140363335609 896.75385841727257 31.115167655050755 322.73745648562908 414.85434578359127 29.221292279660702 413.78997132927179 18.978061251342297
leaf_count=166 508 172 317 92 4558 85 104 8088 250 1827 1910 208 2675 136
internal_value=-7.55367e-06 0.0017834 -0.000256348 0.00377785 0.00334477 0.00390634 -0.00797975 -0.00240108 0.000743245 -0.00208783 0.00301455 -0.00219791 -0.0019087 -0.00330656
internal_weight=3205.4 1833.64 906.956 926.681 904.7 875.738 103.131 1371.76 803.825 357.856 445.97 1358.74 1329.52 915.732
internal_count=21096 9823 4916 4907 4815 4643 612 11273 4304 2144 2160 11107 10899 8224
is_linear=0
shrinkage=0.03


Tree=76
num_leaves=15
num_cat=0
split_feature=17 15 14 3 16 7 5 8 17 7 18 17 9 3
split_gain=14.3916 7.79749 7.37147 6.10486 8.67639 7.52916 5.88261 5.79479 5.41895 7.44055 6.26371 5.24948 6.0375 11.5424
threshold=0.19098277608915909 1.0000000180025095e-35 39.750000000000007 1.1666666666666667 2.5000000000000004 120.50000000000001 13.41666666666667 -1.0000000180025095e-35 0.3306010928961749 15.41666666666667 4.1067629179331311 0.1856158484065461 3.3666666666666671 0.58333333333333337
decision_type=2 2 2 2 2 2 2 2 2 2 2 2 2 2
left_child=7 2 6 4 -3 -6 -2 -1 9 -4 -10 12 13 -9
right_child=1 3 8 -5 5 -7 -8 11 10 -11 -12 -13 -14 -15
leaf_value=-0.02169776643200361 -0.011961179684758511 -0.012899801039482269 -0.015021085665672127 0.013098088273453816 0.0031138831582609235 0.020677306798567156 0.0043214236158755272 -0.0037178888001692767 -0.0099066883641052237 -0.00058931846990349244 0.0038977517890670704 -0.014561180084156926 0.0011490525773214647 0.019217542135462534
leaf_weight=12.781226105988024 76.288005895912647 28.771485432982445 34.722812511026859 56.943846747279167 820.43127816915512 21.614620059728622 26.339408650994301 894.26238712668419 30.897258326411247 322.64017862826586 415.32766219973564 28.947229206562042 414.08032469451427 19.213960520923138
leaf_count=166 497 172 317 241 4406 88 115 8088 250 1827 1910 208 2675 136
internal_value=-7.70619e-06 0.00172943 -0.000250092 0.00366118 0.00302977 0.00358871 -0.00778086 -0.00233394 0.000720149 -0.00202957 0.0029219 -0.00213564 -0.00185395 -0.00321498
internal_weight=3203.26 1833.98 906.215 927.761 870.817 842.046 102.627 1369.29 803.588 357.363 446.225 1356.5 1327.56 913.476
internal_count=21096 9823 4916 4907 4666 4494 612 11273 4304 2144 2160 11107 10899 8224
is_linear=0
shrinkage=0.03


Tree=77
num_leaves=15
num_cat=0
split_feature=17 15 14 4 16 8 5 7 17 7 11 17 7 18
split_gain=13.5566 7.33064 6.97082 6.84351 8.40392 7.10257 5.5891 5.31645 5.1267 5.4844 6.43101 5.10063 7.10598 5.91973
threshold=0.19098277608915909 1.0000000180025095e-35 39.750000000000007 1.3666666666666669 2.5000000000000004 116.10000000000001 13.41666666666667 1.0000000180025095e-35 0.1856158484065461 56.166666666666679 0.087429812806847071 0.3306010928961749 15.41666666666667 4.1067629179331311
decision_type=2 2 2 2 2 2 2 2 2 2 2 2 2 2
left_child=7 2 6 4 -3 -6 -2 -1 9 -9 -11 12 -4 -13
right_child=1 3 11 -5 5 -7 -8 8 -10 10 -12 13 -14 -15
leaf_value=-0.012858740045773054 -0.011687090128641154 -0.012606313965852576 -0.014744772418706854 0.019717996250386553 0.0032238311455688507 0.020486101230047668 0.004191898860766821 -0.0022870478210519989 -0.014268489267191797 0.018226064570219185 0.00098102271397124282 -0.0096842601707866297 -0.00057186300628682071 0.0037768945211834981
leaf_weight=40.404835246503353 75.766286060214043 28.584228046238422 34.336946368217468 22.010011151432991 857.13776855170727 21.048982441425323 26.36910691857338 1174.0700951293111 28.679410733282566 23.172374859452248 100.55082440376282 30.684927850961685 322.54576944559813 415.78416927903891
leaf_count=473 497 172 317 92 4558 85 115 9946 208 114 532 250 1827 1910
internal_value=-7.93001e-06 0.001677 -0.000244019 0.0035481 0.00313432 0.00366042 -0.00758659 -0.00226858 -0.00193656 -0.00165327 0.00433112 0.000697761 -0.00197288 0.00283216
internal_weight=3201.15 1834.27 905.487 928.781 906.771 878.187 102.135 1366.88 1326.47 1297.79 123.723 803.352 356.883 446.469
internal_count=21096 9823 4916 4907 4815 4643 612 11273 10800 10592 646 4304 2144 2160
is_linear=0
shrinkage=0.03


Tree=78
num_leaves=15
num_cat=0
split_feature=17 13 7 16 18 8 11 3 7 17 7 11 12 19
split_gain=12.7691 7.05311 10.6353 8.27742 8.11439 7.844 6.0091 5.5383 5.08076 4.89033 5.16866 6.01162 5.75468 3.78743
threshold=0.19098277608915909 3.6750000000000003 58.833333333333336 11.500000000000002 13.578784119106702 119.30000000000003 0.027639571389571394 0.41666666666666669 1.0000000180025095e-35 0.1856158484065461 56.166666666666679 0.087429812806847071 3.4500000000000006 1.0000000180025095e-35
decision_type=2 2 2 2 2 2 2 2 2 2 2 2 2 2
left_child=8 3 -3 4 -2 6 -5 -6 13 10 12 -12 -10 -1
right_child=1 2 -4 5 7 -7 -8 -9 9 -11 11 -13 -14 -15
leaf_value=-0.0023661543299593303 -0.0036856052022871452 0.024321945381339558 -0.0021206835831990641 0.0093459749234512998 0.016133845104661509 0.016629060225515933 0.0015769202754290998 0.00042106906994425833 -0.0028319846733178057 -0.013979995701511875 0.017577416664723591 0.00095144804753523923 0.0049970757721001296 -0.020846204516339974
leaf_weight=18.392281278967857 416.74354616552591 28.836962603032589 25.020406320691109 96.26235207170248 31.827849105000496 33.811871752142906 1149.4565462991595 52.581957742571831 1081.4274633601308 28.417750209569931 23.340940594673157 100.59642887115479 90.746902078390121 21.595136493444443
leaf_count=202 2550 166 110 567 139 137 5935 219 9218 208 114 532 728 271
internal_value=-7.95343e-06 0.00162631 0.0122228 0.00129913 -0.0019664 0.00257868 0.00218429 0.00646531 -0.00220474 -0.00188128 -0.00160544 0.00419822 -0.00222213 -0.0126114
internal_weight=3199.06 1834.54 53.8574 1780.68 501.153 1279.53 1245.72 84.4098 1364.52 1324.53 1296.11 123.937 1172.17 39.9874
internal_count=21096 9823 276 9547 2908 6639 6502 358 11273 10800 10592 646 9946 473
is_linear=0
shrinkage=0.03


Tree=79
num_leaves=14
num_cat=0
split_feature=8 18 8 15 3 17 8 18 7 7 14 18 8
split_gain=12.0965 5.87112 5.68753 5.73763 5.57505 5.29381 7.03897 4.71809 6.20684 4.21373 4.56993 3.82048 2.6681
threshold=25.100000000000005 2.4944444444444449 -1.0000000180025095e-35 1.0000000180025095e-35 1.5833333333333337 0.75735294117647067 119.30000000000003 6.8352713178294584 16.833333333333339 27.416666666666668 49.750000000000007 3.9905660377358494 29.900000000000002
decision_type=2 2 2 2 2 2 2 2 2 2 2 2 2
left_child=2 12 -1 7 5 6 -3 8 -4 10 -5 -11 -2
right_child=1 4 3 9 -6 -7 -8 -9 -10 11 -12 -13 -14
leaf_value=-0.021863783832142731 -0.0025787530054574201 0.0010560636094200041 -0.003142406496596189 -0.0020767166749269699 0.012496365375519233 -0.011851559301482668 0.013542265829981985 0.008305818867126195 -0.01089551015787878 0.00066753011670022213 0.0085334602246273233 0.021356799148013333 -0.020965208424932939
leaf_weight=13.084340520203112 13.975470125675203 2155.3053153529763 270.19705408811569 390.88099697977304 38.523653522133827 26.937578625977039 40.425682619214058 21.550479166209698 141.68649587780237 17.705166012048725 39.303904689848423 13.806557178497313 14.149257265031336
leaf_count=175 117 11797 2771 3618 160 129 164 166 1288 150 341 105 115
internal_value=-7.47577e-06 0.00115476 -0.00293514 -0.00263437 0.00132659 0.00112746 0.00129201 -0.00510907 -0.00582938 -0.00030514 -0.00108977 0.0101104 -0.012231
internal_weight=3197.53 2289.32 908.215 895.131 2261.19 2222.67 2195.73 433.434 411.884 461.697 430.185 31.5117 28.1247
internal_count=21096 12482 8614 8439 12250 12090 11961 4225 4059 4214 3959 255 232
is_linear=0
shrinkage=0.03


Tree=80
num_leaves=15
num_cat=0
split_feature=17 15 14 4 16 7 11 5 11 10 2 10 18 14
split_gain=11.6241 6.81806 6.57987 6.27079 7.74227 6.62174 5.41245 7.18545 4.85077 8.26432 11.6518 5.71675 5.22773 5.07697
threshold=0.19098277608915909 1.0000000180025095e-35 39.750000000000007 1.3666666666666669 2.5000000000000004 9.1666666666666696 0.20956427813996129 4.8333333333333348 0.051358373410399387 5.7750000000000012 0.10555555555555557 4.2250000000000005 4.9344086021505387 40.250000000000007
decision_type=2 2 2 2 2 2 2 2 2 2 2 2 2 2
left_child=8 2 6 4 -3 -6 7 -2 9 11 -11 12 -1 -10
right_child=1 3 -4 -5 5 -7 -8 -9 13 10 -12 -13 -14 -15
leaf_value=-0.0057822038572770181 -0.01700753335132929 -0.012217970701600812 0.0006093672087203331 0.018832243527024582 -0.011184244279743901 0.0039171050429762516 -0.020316397801011941 0.0022746567766272017 -0.0060299690925633689 0.017626234133908951 -0.010524547020163035 -0.016283279835625896 0.0099495530737611342 9.6963151441863417e-05
leaf_weight=325.22254848852754 24.188125565648079 28.334635652601719 803.34156066179276 22.004711464047432 26.012306280434132 854.00665584951639 21.934784315526485 55.588938221335411 143.36541417986155 31.755918525159359 21.34204226732254 44.015254586935043 19.295246101915836 775.76560097932816
leaf_count=3422 207 172 4304 92 226 4417 114 291 1163 204 126 368 172 5818
internal_value=-7.49143e-06 0.00154997 -0.000304044 0.00335194 0.00295664 0.00345854 -0.00745405 -0.00370981 -0.00210781 -0.00468817 0.006326 -0.00620577 -0.00487488 -0.000864226
internal_weight=3196.17 1835.41 905.053 930.358 908.354 880.019 101.712 79.7771 1360.76 441.631 53.098 388.533 344.518 919.131
internal_count=21096 9823 4916 4907 4815 4643 612 498 11273 4292 330 3962 3594 6981
is_linear=0
shrinkage=0.03


Tree=81
num_leaves=15
num_cat=0
split_feature=17 13 7 16 18 8 11 3 8 17 9 3 7 10
split_gain=10.9445 6.69603 9.86433 7.59596 7.47465 6.96942 5.65323 5.21744 5.11385 4.59639 5.38646 10.679 9.57361 3.68563
threshold=0.19098277608915909 3.6750000000000003 58.833333333333336 11.500000000000002 13.578784119106702 119.30000000000003 0.027639571389571394 0.41666666666666669 -1.0000000180025095e-35 0.1856158484065461 3.3666666666666671 0.58333333333333337 11.41666666666667 3.7083333333333335
decision_type=2 2 2 2 2 2 2 2 2 2 2 2 2 2
left_child=8 3 -3 4 13 6 -5 -6 -1 10 11 -10 -12 -2
right_child=1 2 -4 5 7 -7 -8 -9 9 -11 12 -13 -14 -15
leaf_value=-0.020806355470127481 -0.0019947372672770979 0.023341858045587 -0.0020629609032206822 0.0089654355977334434 0.015487624057974806 0.015654374016384545 0.0014458018518340547 0.00026199378308387668 -0.0033897519866999534 -0.013659132381170929 0.024232698821753388 0.018586387741841355 0.00032602032111680274 -0.0085755291118874664
leaf_weight=11.965438086539505 315.29029546678066 29.183106653392315 24.997848644852638 96.689768947660923 31.982072964310646 33.791793763637543 1150.9845635667443 52.587139397859573 885.83605786412954 28.121547691524029 14.669691368937491 19.375840365886688 398.61116740107536 100.59176980704069
leaf_count=166 1988 166 110 567 139 137 5935 219 8088 208 114 136 2561 562
internal_value=-7.92676e-06 0.00150218 0.0117957 0.00118275 -0.00194887 0.00240631 0.00203526 0.00613367 -0.00204841 -0.00186642 -0.00160474 -0.00289937 0.00123105 -0.00360322
internal_weight=3194.68 1836.1 54.181 1781.92 500.451 1281.47 1247.67 84.5692 1358.58 1346.61 1318.49 905.212 413.281 415.882
internal_count=21096 9823 276 9547 2908 6639 6502 358 11273 11107 10899 8224 2675 2550
is_linear=0
shrinkage=0.03


Tree=82
num_leaves=15
num_cat=0
split_feature=7 6 20 14 16 15 8 9 7 2 17 4 14 14
split_gain=10.5323 7.16618 8.29235 6.30951 6.13669 5.48126 10.8477 8.33637 4.54166 5.20346 3.71318 4.76601 6.67467 5.00441
threshold=56.166666666666679 1.4500000000000002 1.0000000180025095e-35 36.750000000000007 56.500000000000007 1.0000000180025095e-35 56.675000000000004 7.2250000000000005 14.41666666666667 0.11805555555555557 0.75735294117647067 0.70833333333333337 43.750000000000007 50.250000000000007
decision_type=2 2 2 2 2 2 2 2 2 2 2 2 2 2
left_child=1 2 8 -2 5 6 -3 -7 9 -1 11 13 -13 -5
right_child=3 4 -4 10 -6 7 -8 -9 -10 -11 -12 12 -14 -15
leaf_value=-0.01073899690269344 -0.011089382160432461 -0.0016899716043193851 0.018105335516832053 0.0010451435517226432 0.012130403297861532 -1.0605563459558186e-05 -0.014133688170684078 0.012833904633912688 -0.025456650018560636 0.0049739786384373876 -0.008601142592091689 -0.00082384132826743967 0.0097366545466847695 0.0091172752951222801
leaf_weight=94.673267364501953 28.976500570774078 908.61685968562961 9.5005283430218679 644.36547962576151 31.805751480162144 965.46844188868999 66.793768182396889 46.724056795239449 13.831786654889582 23.024939619004726 23.778216443955898 75.889970347285271 183.36109727621078 76.484231695532799
leaf_count=1065 148 7014 99 3012 198 7078 332 235 141 229 107 324 762 352
internal_value=-7.35343e-06 -0.00119856 -0.00771234 0.00248305 -0.000740058 -0.000952008 -0.00255569 0.000594395 -0.00969971 -0.00764911 0.00288546 0.00317262 0.00665402 0.00191306
internal_weight=3193.29 2160.44 141.031 1032.86 2019.41 1987.6 975.411 1012.19 131.53 117.698 1003.88 980.101 259.251 720.85
internal_count=21096 16391 1534 4705 14857 14659 7346 7313 1435 1294 4557 4450 1086 3364
is_linear=0
shrinkage=0.03


Tree=83
num_leaves=12
num_cat=0
split_feature=11 7 14 6 20 16 15 7 11 3 3
split_gain=10.0622 11.9337 6.96977 6.83607 7.83441 5.73812 5.12069 4.43531 3.60426 4.20824 3.47556
threshold=0.3506147934122073 56.166666666666679 36.750000000000007 1.4500000000000002 1.0000000180025095e-35 56.500000000000007 1.0000000180025095e-35 14.41666666666667 0.29496988795988149 1.5833333333333337 0.58333333333333337
decision_type=2 2 2 2 2 2 2 2 2 2 2
left_child=1 3 -3 4 7 6 -5 -1 9 -4 -10
right_child=-2 2 8 5 -6 -7 -8 -9 10 -11 -12
leaf_value=-0.0074676652541058024 -0.023286161502064532 -0.011561257694907817 0.0022702744650599789 -0.0024600905721468684 0.017386523222519844 0.01170502525677207 0.00058616537120675721 -0.025212519751637592 0.016487340881856598 0.013131819308620183 0.0038351890389581251
leaf_weight=116.976298507303 15.624468833208082 28.622385539114475 877.08880891650915 973.4282299503684 9.6357446834444982 32.005999691784382 1012.2284905686975 13.560546934604643 33.655795305967331 32.387435749173164 46.693163022398949
leaf_count=1294 67 147 4013 7343 99 198 7312 141 151 134 197
internal_value=-7.35401e-06 0.00011445 0.00278951 -0.00114882 -0.00753119 -0.000701913 -0.000907687 -0.00948871 0.00321574 0.00267106 0.00927233
internal_weight=3191.91 3176.28 1018.45 2157.84 140.173 2017.66 1985.66 130.537 989.825 909.476 80.349
internal_count=21096 21029 4642 16387 1534 14853 14655 1435 4495 4147 348
is_linear=0
shrinkage=0.03


Tree=84
num_leaves=15
num_cat=0
split_feature=5 16 12 12 5 16 14 5 8 14 13 5 11 21
split_gain=9.61846 6.74848 7.38254 6.55154 6.28157 6.97077 6.38421 8.56792 5.93213 5.86131 4.91226 4.38629 4.04929 4.0446
threshold=4.166666666666667 35.500000000000007 3.1000000000000005 2.1000000000000005 11.583333333333334 31.500000000000004 38.250000000000007 8.1666666666666696 46.100000000000009 52.250000000000007 2.3666666666666671 1.4166666666666667 0.058186643254508834 1.0000000180025095e-35
decision_type=2 2 2 2 2 2 2 2 2 2 2 2 2 2
left_child=3 4 -3 11 6 10 7 -2 9 -5 -6 -1 -11 -8
right_child=1 2 -4 8 5 -7 13 -9 -10 12 -12 -13 -14 -15
leaf_value=-0.012079097541273998 -0.002929115002476473 0.0023816355137461576 0.011712978127506707 -0.00067866485841563463 0.00088346427268810011 -0.009453170907104666 -0.0022480223929586042 -0.026563874516105462 -0.015884604264016611 0.0013812701231188456 0.0073184621289716593 -0.003908026441699906 0.020722870783597226 0.00126443946423008
leaf_weight=71.442111775279045 47.720614671707153 373.32400768995285 95.178465478122234 543.07849586755037 202.72985084354877 35.127314433455467 546.45420683920383 18.59702655673027 20.590291179716587 19.182765170931816 225.27574306726456 333.87209472060204 19.119911327958107 638.99728252738714
leaf_count=826 352 1894 436 4873 884 152 3500 110 125 173 970 3089 141 3571
internal_value=-7.31169e-06 0.00111141 0.00429825 -0.00243096 0.000238783 0.0032199 -0.000865868 -0.00985301 -0.000443437 0.000129766 0.00427961 -0.00537447 0.0113178 -0.00035522
internal_weight=3190.69 2183.4 468.502 1007.29 1714.9 463.133 1251.77 66.3176 601.971 581.381 428.006 405.314 38.3027 1185.45
internal_count=21096 11869 2330 9227 9539 2006 7533 462 5312 5187 1854 3915 314 7071
is_linear=0
shrinkage=0.03


Tree=85
num_leaves=14
num_cat=0
split_feature=11 18 18 11 8 10 18 14 13 8 10 5 11
split_gain=9.60934 10.4868 9.18068 6.01827 6.44867 5.95561 5.58489 7.52593 4.54708 6.14749 5.15402 4.25949 2.75165
threshold=0.3506147934122073 6.8352713178294584 6.9534632034632038 0.12262749278000847 42.45000000000001 5.7750000000000012 4.8255434782608706 38.250000000000007 3.5500000000000003 48.225000000000009 8.9000000000000021 7.166666666666667 0.074976803502645156
decision_type=2 2 2 2 2 2 2 2 2 2 2 2 2
left_child=1 3 -3 4 5 -1 11 -8 9 -4 -10 -5 -6
right_child=-2 2 8 6 12 -7 7 -9 10 -11 -12 -13 -14
leaf_value=-0.0025076436085614902 -0.022806897015081557 0.019259056705904498 -0.0026184550817559987 0.0060692006691366917 -0.0035058731075913049 0.0097760337847440995 -0.01542030199903781 0.00011759002945526028 0.017085212058008399 0.0025177627554765509 -0.00098412374952889115 -0.0094020432242458967 -0.019135138601326172
leaf_weight=1150.0908925794065 15.551294758915899 26.680563189089298 267.20899360626936 204.48763681203127 16.300980977714062 35.68633072078228 29.300835631787777 378.41909665614367 34.746992781758308 962.39918774366379 23.405095502734184 16.486086368560791 28.331972450017929
leaf_count=10467 67 137 1551 1331 99 231 208 2176 168 4288 100 95 178
internal_value=-7.53398e-06 0.000111339 0.00216136 -0.00133847 -0.00255788 -0.00213004 0.0010483 -0.00103404 0.00179245 0.00140038 0.00991896 0.00487779 -0.0136289
internal_weight=3189.1 3173.54 1314.44 1859.1 1230.41 1185.78 628.694 407.72 1287.76 1229.61 58.1521 220.974 44.633
internal_count=21096 21029 6244 14785 10975 10698 3810 2384 6107 5839 268 1426 277
is_linear=0
shrinkage=0.03


Tree=86
num_leaves=13
num_cat=0
split_feature=11 7 14 15 9 8 6 8 7 12 17 4
split_gain=9.12166 10.1398 6.41775 6.39608 7.82693 7.09068 8.44424 6.25773 5.32017 3.84051 3.53534 4.83874
threshold=0.3506147934122073 56.166666666666679 36.750000000000007 1.0000000180025095e-35 7.2250000000000005 56.675000000000004 1.9000000000000001 66.550000000000011 52.833333333333336 2.1000000000000005 0.75735294117647067 0.70833333333333337
decision_type=2 2 2 2 2 2 2 2 2 2 2 2
left_child=1 3 -3 5 8 6 -1 -7 -5 -6 11 -4
right_child=-2 2 10 4 9 7 -8 -9 -10 -11 -12 -13
leaf_value=-0.0095414049776451938 -0.0222768594821811 -0.011245984990787735 0.0019806787570044353 0.00041718502147077637 0.0201801506338532 -0.018492047582813944 -0.0010446349841323366 0.0007205389550102232 -0.01067262092850939 0.0032109982323003869 -0.0085842140855433707 0.0067930828022689325
leaf_weight=118.92184438556433 15.46872343122959 28.430572487413883 714.19241932034492 1014.0297986865044 24.955610655248165 44.604018598794937 864.49185416847467 22.819420352578163 39.486092686653137 23.163489550352097 22.32078393548727 254.95636555552483
leaf_count=1340 67 147 3327 7757 128 229 6509 108 204 112 101 1067
internal_value=-7.68111e-06 0.000107891 0.00257041 -0.00105957 0.000537566 -0.00273283 -0.00208078 -0.0120741 -8.19095e-06 0.0122432 0.00297753 0.00325239
internal_weight=3187.84 3172.37 1019.9 2152.47 1101.63 1050.84 983.414 67.4234 1053.52 48.1191 991.47 969.149
internal_count=21096 21029 4642 16387 8201 8186 7849 337 7961 240 4495 4394
is_linear=0
shrinkage=0.03


Tree=87
num_leaves=13
num_cat=0
split_feature=11 7 8 14 17 13 12 7 17 1 14 14
split_gain=8.65955 9.53884 6.18218 6.06414 4.43293 12.6225 5.10819 3.55801 3.33521 3.83032 3.24158 1.17876
threshold=0.3506147934122073 56.166666666666679 3.5500000000000003 36.750000000000007 0.19836065573770495 3.6750000000000003 3.4500000000000006 -1.0000000180025095e-35 0.75735294117647067 0.70833333333333337 48.250000000000007 44.250000000000007
decision_type=2 2 2 2 2 2 2 2 2 2 2 2
left_child=1 2 7 -3 6 -6 -4 11 9 -5 -9 -1
right_child=-2 3 4 8 5 -7 -8 10 -10 -11 -12 -13
leaf_value=-0.010555849759379947 -0.021761417864741388 -0.010969450060189253 -0.0025114351550675111 0.002461744493264242 0.00023121528506108493 0.020501388908645966 0.0049290238256778545 -0.0087271884034766482 -0.0083553112077217728 0.008321233109045121 0.0078605615657140731 -0.029117436296846686
leaf_weight=7.3032951317727557 15.385026052594183 28.300090260803699 1064.2649320811033 856.72985541820526 883.65722305327654 27.54246873408556 89.144813127815723 58.879642818123102 22.272457234561443 113.08850891888142 12.065035685896872 8.1099811159074289
leaf_count=103 67 147 9055 3925 5470 155 707 664 101 469 124 109
internal_value=-8.04596e-06 0.000104311 -0.00102887 0.00249171 -0.000697766 0.000865717 -0.0019326 -0.00884625 0.00288636 0.00315287 -0.00583618 -0.0215014
internal_weight=3186.74 3171.36 2150.97 1020.39 2064.61 911.2 1153.41 86.358 992.091 969.818 70.9447 15.4133
internal_count=21096 21029 16387 4642 15387 5625 9762 1000 4495 4394 788 212
is_linear=0
shrinkage=0.03


Tree=88
num_leaves=13
num_cat=0
split_feature=11 18 18 7 6 8 16 11 8 18 17 13
split_gain=8.2217 9.03083 8.64732 9.95965 9.30357 5.49418 4.57125 4.02589 6.79232 5.36984 3.33552 3.25603
threshold=0.3506147934122073 6.8352713178294584 6.9534632034632038 15.833333333333334 5.5500000000000007 3.5500000000000003 4.5000000000000009 0.12262749278000847 42.45000000000001 4.8255434782608706 0.06186224489795919 2.3666666666666671
decision_type=2 2 2 2 2 2 2 2 2 2 2 2
left_child=1 5 -3 -4 -5 6 11 8 -7 -9 -8 -1
right_child=-2 2 3 4 -6 7 10 9 -10 -11 -12 -13
leaf_value=-0.0098669436775191965 -0.021259863983316155 0.018528613610703678 -0.018000992513518024 0.01690353209903056 0.0015500539439239165 -0.0014759311909482724 -0.022286430313313663 0.0047926599382137882 -0.013337515285896296 -0.0010033272945257873 -0.0060160522106287315 0.0070844923313581106
leaf_weight=18.378665328025818 15.300427287817 26.896842941641808 21.830129705369473 35.592553563416004 1231.3339012265205 1096.0022925063968 24.536259729415178 221.20861610025167 44.269572518765926 407.29214137047529 22.197795875370502 20.540551539510489
leaf_count=213 67 137 178 200 5729 9703 305 1423 277 2383 253 228
internal_value=-8.38946e-06 0.000100853 0.00200102 0.00164199 0.00199438 -0.00124761 -0.00862374 -0.000885743 -0.00194772 0.00104101 -0.0148462 -0.000967061
internal_weight=3185.38 3170.08 1315.65 1288.76 1266.93 1854.43 85.6533 1768.77 1140.27 628.501 46.7341 38.9192
internal_count=21096 21029 6244 6107 5929 14785 999 13786 9980 3806 558 441
is_linear=0
shrinkage=0.03


Tree=89
num_leaves=13
num_cat=0
split_feature=11 18 18 6 20 14 15 3 18 15 8 17
split_gain=7.80667 8.50262 8.08362 5.35795 7.72647 4.5412 4.36581 5.86143 5.82009 4.2644 4.08772 3.36937
threshold=0.3506147934122073 6.8352713178294584 6.9534632034632038 1.4500000000000002 1.0000000180025095e-35 39.250000000000007 1.0000000180025095e-35 1.1666666666666667 9.0108695652173925 1.0000000180025095e-35 5.4500000000000011 0.27823315118397091
decision_type=2 2 2 2 2 2 2 2 2 2 2 2
left_child=1 3 -3 4 11 9 8 -8 -4 -5 -7 -1
right_child=-2 2 6 5 -6 10 7 -9 -10 -11 -12 -13
leaf_value=-0.010226527656249047 -0.020771544133849108 0.017861152245303585 -0.0040780438354951687 -0.01031976516570538 0.017960742135079664 -0.0078468423413941401 0.0024887925797859416 0.013163484799588633 0.0019273985135783861 -0.00080041506929490419 7.0339384653270843e-05 0.0080593279260947979
leaf_weight=118.60365753620863 15.21513447165489 27.09912084043026 222.6250125169754 81.18931706994772 9.517869256436823 60.104555543512106 604.12728127837181 49.243111297488213 413.35290598869324 87.759834505617619 1486.4778661951423 9.0872286558151227
leaf_count=1347 67 137 1129 734 98 665 2871 203 1904 732 11120 89
internal_value=-8.74087e-06 9.74612e-05 0.00194009 -0.00121214 -0.00689482 -0.000753886 0.00159188 0.00331221 -0.000177917 -0.00540879 -0.000242216 -0.00887269
internal_weight=3184.4 3169.19 1316.45 1852.74 137.209 1715.53 1289.35 653.37 635.978 168.949 1546.58 127.691
internal_count=21096 21029 6244 14785 1534 13251 6107 3074 3033 1466 11785 1436
is_linear=0
shrinkage=0.03


Tree=90
num_leaves=14
num_cat=0
split_feature=5 20 4 17 17 14 1 11 14 8 4 17 9
split_gain=7.59366 9.1172 5.84901 5.88122 6.65244 5.703 5.3545 7.28739 5.32536 4.2059 4.26857 2.69362 1.53482
threshold=1.5833333333333337 1.0000000180025095e-35 0.63333333333333341 0.58411949685534603 0.55291153415453542 40.750000000000007 0.45000000000000007 0.041784590723274222 50.250000000000007 20.900000000000002 0.36666666666666675 0.20722186076772939 4.1000000000000005
decision_type=2 2 2 2 2 2 2 2 2 2 2 2 2
left_child=1 9 3 4 8 12 -7 -8 -2 10 11 -1 -4
right_child=2 -3 5 -5 -6 6 7 -9 -10 -11 -12 -13 -14
leaf_value=-0.0064336305950901005 -0.00060265912947994518 0.015580379598003199 -0.011970926067828284 -0.013449711997151639 0.015104195683063515 0.016711785729440511 0.0157308919746935 0.0021018076923987371 0.0040393708032355159 -0.023427413000254284 0.01027741294743573 -0.020568085321253173 -0.0006198837843050108
leaf_weight=135.31944765150547 2304.79218153283 15.473373740911482 21.435349084436893 28.602012574672699 24.975475415587425 31.216101758182049 39.532373271882534 277.81839085370302 245.16771035641432 13.403172656893728 11.947569005191324 12.683191634714602 20.752695679664612
leaf_count=1542 15502 157 102 125 107 142 181 1210 1561 130 115 124 98
internal_value=-8.55638e-06 -0.00582724 0.000360206 -0.000153979 -1.12789e-06 0.00377778 0.00504059 0.00384366 -0.000154939 -0.00781647 -0.00637091 -0.0077748 -0.00653088
internal_weight=3183.12 188.827 2994.29 2603.54 2574.94 390.755 348.567 317.351 2549.96 173.353 159.95 148.003 42.188
internal_count=21096 2068 19028 17295 17170 1733 1533 1391 17063 1911 1781 1666 200
is_linear=0
shrinkage=0.03


Tree=91
num_leaves=14
num_cat=0
split_feature=11 7 15 11 8 6 7 8 14 11 3 3 8
split_gain=7.42904 8.17009 5.90713 7.14909 6.94875 7.40955 6.8344 5.95742 5.63795 3.31552 3.70787 3.39077 2.99
threshold=0.3506147934122073 56.166666666666679 1.0000000180025095e-35 0.22626121467933963 56.675000000000004 1.9000000000000001 53.166666666666679 66.550000000000011 36.750000000000007 0.29496988795988149 1.5833333333333337 0.58333333333333337 49.900000000000006
decision_type=2 2 2 2 2 2 2 2 2 2 2 2 2
left_child=1 2 4 6 5 -1 -4 -6 -3 10 -10 -11 -5
right_child=-2 8 3 12 7 -7 -8 -9 9 11 -12 -13 -14
leaf_value=-0.0089885006547569691 -0.020316047387046288 -0.010707654723793557 0.00048676191756254141 0.002620633306073537 -0.018141985102232944 -0.00095801769904304656 -0.012639461587710035 0.00062461996574638258 0.0017856810709484603 0.015560808150065849 0.011980181971968573 0.0031237640768758731 0.016940100391074166
leaf_weight=116.5520607791841 15.130607113242148 28.165580898523331 1009.4970978572965 22.717221170663834 44.257822677493095 862.34393606334925 36.007026016712189 22.84323787689209 880.11519654095173 33.919453710317612 32.372332647442818 46.851429149508476 31.514039263129234
leaf_count=1340 67 147 7742 121 229 6509 186 108 4013 151 134 197 152
internal_value=-8.41199e-06 9.49866e-05 -0.000956254 0.000578766 -0.00256915 -0.00192236 2.30507e-05 -0.0118379 0.00230213 0.00268144 0.00216007 0.00847308 0.0110978
internal_weight=3182.29 3167.16 2145.73 1099.74 1046 978.896 1045.5 67.1011 1021.42 993.258 912.488 80.7709 54.2313
internal_count=21096 21029 16387 8201 8186 7849 7928 337 4642 4495 4147 348 273
is_linear=0
shrinkage=0.03


Tree=92
num_leaves=15
num_cat=0
split_feature=11 7 15 9 8 6 8 7 12 5 5 18 6 16
split_gain=7.05526 7.69062 5.5726 6.83506 6.59611 7.04414 5.68796 4.90792 3.54169 3.24189 4.35559 3.57778 3.07301 2.69381
threshold=0.3506147934122073 56.166666666666679 1.0000000180025095e-35 7.2250000000000005 56.675000000000004 1.9000000000000001 66.550000000000011 52.833333333333336 2.1000000000000005 5.416666666666667 6.416666666666667 5.9903846153846159 7.9000000000000012 18.500000000000004
decision_type=2 2 2 2 2 2 2 2 2 2 2 2 2 2
left_child=1 2 4 7 5 -1 -6 -4 -5 13 11 -11 -12 -3
right_child=-2 9 3 8 6 -7 -8 -9 -10 10 12 -13 -14 -15
leaf_value=-0.008784905217746641 -0.019851920818807788 -0.014077142158329213 0.00045563059708623722 0.019000826588771266 -0.017754410225805962 -0.00092989242124015049 0.00060653001957250343 -0.010238366897734153 0.0027933028880992713 0.0010475760830145869 -0.0018479624310928369 0.016408923310148094 0.0028328514036175742 0.0012626437673693524
leaf_weight=115.71171246469021 15.044516548514364 18.606573365628719 1012.3606018833816 25.297364421188831 43.894632570445538 861.81181863695383 22.848530516028404 39.154705479741096 23.277006730437279 22.256126306951046 150.04183675348759 34.871655985713005 774.75209146738052 21.39714814722538
leaf_count=1340 67 109 7757 128 229 6509 108 204 112 126 756 169 3366 116
internal_value=-8.46645e-06 9.20573e-05 -0.000928588 0.000561339 -0.0024972 -0.00186774 -0.0115526 4.80748e-05 0.0114471 0.00223254 0.00257543 0.0105454 0.00207224 -0.00604152
internal_weight=3181.33 3166.28 2144.36 1100.09 1044.27 977.524 66.7432 1051.52 48.5744 1021.93 981.922 57.1278 924.794 40.0037
internal_count=21096 21029 16387 8201 8186 7849 337 7961 240 4642 4417 295 4122 225
is_linear=0
shrinkage=0.03


Tree=93
num_leaves=15
num_cat=0
split_feature=17 13 7 16 18 8 11 10 17 9 3 7 16 10
split_gain=6.85087 5.81753 8.99632 6.50144 6.00728 6.00377 5.53257 5.22758 4.42984 4.53065 9.96013 8.72642 7.0297 5.98517
threshold=0.19098277608915909 3.6750000000000003 58.833333333333336 11.500000000000002 13.578784119106702 119.30000000000003 0.027639571389571394 15.900000000000002 0.1856158484065461 3.3666666666666671 0.58333333333333337 11.41666666666667 27.500000000000004 0.55000000000000016
decision_type=2 2 2 2 2 2 2 2 2 2 2 2 2 2
left_child=8 3 -3 4 -2 6 -5 -6 9 10 12 -11 -1 -13
right_child=1 2 -4 5 7 -7 -8 -9 -10 11 -12 13 -14 -15
leaf_value=-0.0018882781449266249 -0.0035106026323726905 0.02158324615676863 -0.0025311242696929516 0.0085154743524686414 0.010331282513674976 0.014326247093448461 0.0010860430164787974 -0.0053590071619299684 -0.013287957890811941 0.022941706871198665 0.018117455770987556 0.0021322522944648573 -0.0092374793703373266 -0.0071853678064462663
leaf_weight=744.30059238150716 414.26037068665028 29.790807411074638 25.071646258234978 96.920993000268936 57.188529968261719 33.686528667807579 1152.879302740097 27.699342846870422 27.754027560353279 15.000881791114805 19.488399371504784 322.32555408030748 138.22398849949241 75.781063862144947
leaf_count=6898 2550 166 110 567 244 137 5935 114 208 116 136 2121 1354 440
internal_value=-8.62588e-06 0.00118143 0.0107152 0.000882177 -0.0020203 0.00201165 0.00166854 0.00520868 -0.00163668 -0.00138089 -0.00257163 0.001219 -0.00304849 0.000345049
internal_weight=3180.37 1837.5 54.8625 1782.64 499.148 1283.49 1249.8 84.8879 1342.87 1315.12 902.013 413.107 882.525 398.107
internal_count=21096 9823 276 9547 2908 6639 6502 358 11273 11065 8388 2677 8252 2561
is_linear=0
shrinkage=0.03


Tree=94
num_leaves=15
num_cat=0
split_feature=5 20 14 15 7 18 14 4 11 8 16 4 12 9
split_gain=6.55686 8.62225 5.29843 5.56699 6.7611 6.45443 5.96188 5.64671 5.10173 4.16485 4.14741 4.0237 3.36257 2.50434
threshold=1.5833333333333337 1.0000000180025095e-35 35.750000000000007 1.0000000180025095e-35 8.4166666666666696 4.202040816326531 39.750000000000007 1.3666666666666669 0.20956427813996129 20.900000000000002 39.500000000000007 0.36666666666666675 3.1000000000000005 2.7750000000000004
decision_type=2 2 2 2 2 2 2 2 2 2 2 2 2 2
left_child=1 9 13 6 5 -5 8 -6 -4 11 -8 12 -1 -2
right_child=2 -3 3 4 7 -7 10 -9 -10 -11 -12 -13 -14 -15
leaf_value=-0.0094971565609700184 -0.01852775816326405 0.015294838620495584 -0.0040494542373498508 -0.0030539349136832435 0.0019983019290266517 -0.026779728725654404 -0.00090757446776015913 0.017025916417241226 -0.019193497058453853 -0.023105768121085023 0.003772524390991201 0.010153031264996872 0.0022052395702901986 -0.0036089043167705846
leaf_weight=119.26336629316211 17.470214433968067 15.558685064315794 129.00473466515541 68.379614818841219 1399.8279221951962 11.231197588145731 1097.3829867243767 21.894273743033409 22.916723057627678 13.108807198703287 200.71380459517241 11.978404395282267 26.665089894086123 23.791806556284428
leaf_count=1389 148 157 982 699 8461 102 7139 92 123 130 1125 115 277 157
internal_value=-8.03122e-06 -0.00544911 0.0003329 0.000483769 0.00176369 -0.00669177 -0.000841745 0.00224153 -0.00644444 -0.0074143 -0.000181583 -0.00597445 -0.00735836 -0.0102144
internal_weight=3179.19 186.574 2992.61 2951.35 1501.33 79.6108 1450.02 1421.72 151.921 171.016 1298.1 157.907 145.928 41.262
internal_count=21096 2068 19028 18723 9354 801 9369 8553 1105 1911 8264 1781 1666 305
is_linear=0
shrinkage=0.03


Tree=95
num_leaves=15
num_cat=0
split_feature=17 13 7 16 8 6 6 10 3 17 9 3 7 16
split_gain=6.26502 5.44094 8.38628 6.1013 5.6171 5.43438 4.82002 6.50621 4.60251 4.2441 4.17193 9.27675 8.18732 6.69741
threshold=0.19098277608915909 3.6750000000000003 58.833333333333336 11.500000000000002 119.30000000000003 22.500000000000004 11.900000000000002 3.9000000000000004 0.41666666666666669 0.1856158484065461 3.3666666666666671 0.58333333333333337 11.41666666666667 27.500000000000004
decision_type=2 2 2 2 2 2 2 2 2 2 2 2 2 2
left_child=9 3 -3 6 5 -5 7 -2 -8 10 11 13 -12 -1
right_child=1 2 -4 4 -6 -7 8 -9 -10 -11 12 -13 -14 -15
leaf_value=-0.0017968607238793679 -0.0017136214280838585 0.02073504156108175 -0.00249595385816378 0.0019030481125757919 0.013849644490401625 -0.011242019742933746 0.010838283212529616 -0.011733345304571733 -0.0013800325355898797 -0.013020391352769285 0.022072224520093317 0.017393498351435898 0.0003226994441734249 -0.0089958645869317264
leaf_weight=742.45432867854834 312.44376330822706 30.098222315311432 25.063136070966721 1222.7024213969707 33.649277418851852 27.990983784198761 44.428517758846283 70.853592328727245 70.793056324124336 27.514921866357327 15.212478674948214 19.707946814596653 398.32482270896435 137.10847304388881
leaf_count=6898 1995 166 110 6387 137 115 195 420 298 208 116 136 2561 1354
internal_value=-8.52122e-06 0.00112863 0.0103233 0.000838524 0.00193157 0.00160011 -0.00197573 -0.00359151 0.00338397 -0.00156761 -0.00131785 -0.00246382 0.0011741 -0.002928
internal_weight=3178.35 1838.02 55.1614 1782.86 1284.34 1250.69 498.519 383.297 115.222 1340.32 1312.81 899.271 413.537 879.563
internal_count=21096 9823 276 9547 6639 6502 2908 2415 493 11273 11065 8388 2677 8252
is_linear=0
shrinkage=0.03


Tree=96
num_leaves=15
num_cat=0
split_feature=5 20 14 15 7 18 14 4 17 8 4 17 12 16
split_gain=6.05648 8.12599 5.0276 5.25268 6.30215 6.28902 5.63695 5.30855 4.73253 4.07672 3.77779 3.46292 3.20676 2.50033
threshold=1.5833333333333337 1.0000000180025095e-35 35.750000000000007 1.0000000180025095e-35 8.4166666666666696 4.202040816326531 39.750000000000007 1.3666666666666669 0.3306010928961749 20.900000000000002 0.36666666666666675 0.34514106583072107 3.1000000000000005 27.500000000000004
decision_type=2 2 2 2 2 2 2 2 2 2 2 2 2 2
left_child=1 9 13 6 5 -5 11 -6 -8 10 12 -4 -1 -2
right_child=2 -3 3 4 7 -7 8 -9 -10 -11 -12 -13 -14 -15
leaf_value=-0.0092263688065546672 -0.0027497921467546206 0.014770408845962722 -0.0036683085665659546 -0.0029090290380348396 0.0019319926370570516 -0.026523967671918041 -0.0014838580317490058 0.016508669309217988 0.0023353436546947209 -0.022842601881044339 0.0097979970155174893 -0.01423948205134952 0.002211087494436781 -0.017550433954064273
leaf_weight=118.09465067461133 21.6383441016078 15.720121361315249 115.04272352904081 68.093050871044397 1400.8592985793948 10.99979245662689 855.56977965310216 21.874803349375725 442.04144284129143 12.874990172684191 12.071393169462679 36.323157526552677 26.660540524870157 19.352954171597958
leaf_count=1389 172 157 922 699 8461 102 6152 92 2112 130 115 183 277 133
internal_value=-8.11394e-06 -0.00525452 0.000318688 0.000465214 0.00170794 -0.00648342 -0.000823128 0.00216755 -0.000182021 -0.00718516 -0.00576315 -0.00628187 -0.00711914 -0.00998907
internal_weight=3177.22 185.422 2991.8 2950.8 1501.83 79.0928 1448.98 1422.73 1297.61 169.702 156.827 151.366 144.755 40.9913
internal_count=21096 2068 19028 18723 9354 801 9369 8553 8264 1911 1781 1105 1666 305
is_linear=0
shrinkage=0.03


Tree=97
num_leaves=10
num_cat=0
split_feature=3 11 8 14 11 16 14 17 16
split_gain=6.05046 6.70267 5.86441 4.66118 5.21437 4.42218 3.69307 3.27125 2.72319
threshold=1.8333333333333337 0.3506147934122073 3.5500000000000003 35.750000000000007 0.29496988795988149 4.5000000000000009 47.750000000000007 0.06186224489795919 27.500000000000004
decision_type=2 2 2 2 2 2 2 2 2
left_child=1 2 5 8 -5 6 -1 -7 -4
right_child=-2 -3 3 4 -6 7 -8 -9 -10
leaf_value=-0.0059602394346648943 0.018264983854330549 -0.019494017318530728 -0.002381463285208957 0.0001299873680468529 0.0073623222914963515 -0.021638901636534511 0.014244710254111928 -0.0053008611408638584 -0.017487804271752831
leaf_weight=27.776366665959358 15.224213659763334 14.960998341441153 23.329707853496075 2928.4011902734637 91.556782864034176 23.402479231357574 10.354398928582667 21.680971644818783 19.503822691738605
leaf_count=330 65 67 192 19235 400 305 111 254 137
internal_value=-8.54325e-06 -0.000102303 -3.91946e-06 0.000210755 0.000351616 -0.00781395 -0.000249776 -0.0140673 -0.00950202
internal_weight=3176.19 3160.97 3146.01 3062.79 3019.96 83.2142 38.1308 45.0835 42.8335
internal_count=21096 21031 20964 19964 19635 1000 441 559 329
is_linear=0
shrinkage=0.03


Tree=98
num_leaves=11
num_cat=0
split_feature=3 6 20 7 17 14 15 7 14 16
split_gain=5.70991 5.47711 6.10781 4.68962 4.84021 4.61648 4.36007 6.69605 5.9834 2.28308
threshold=1.8333333333333337 1.4500000000000002 1.0000000180025095e-35 14.41666666666667 0.12403846153846156 35.750000000000007 1.0000000180025095e-35 8.4166666666666696 39.750000000000007 27.500000000000004
decision_type=2 2 2 2 2 2 2 2 2 2
left_child=1 2 3 4 -1 9 8 -8 -7 -3
right_child=-2 5 -4 -5 -6 6 7 -9 -10 -11
leaf_value=-0.0093849747095686217 0.017735596339215762 -0.0028432098123132243 0.015513880202145705 -0.02445946087124929 0.004915505415282866 -0.0064942741052252768 -0.0061724656746750244 0.0019457711150339084 -0.00021333175896111412 -0.01702298248203361
leaf_weight=82.680989008396864 15.237911835312842 21.741716608405113 9.9998853132128698 12.771163091063498 27.86615876108408 151.34701262786984 96.741082817316055 1424.9256660491228 1313.268695820123 19.133566752076149
leaf_count=1001 65 174 99 142 293 1116 986 8602 8483 135
internal_value=-8.68108e-06 -9.98162e-05 -0.00602775 -0.0078853 -0.00576843 0.000163159 0.000301767 0.00142593 -0.000866365 -0.00972872
internal_weight=3175.71 3160.48 133.318 123.318 110.547 3027.16 2986.28 1521.67 1464.62 40.8753
internal_count=21096 21031 1535 1436 1294 19496 19187 9588 9599 309
is_linear=0
shrinkage=0.03


Tree=99
num_leaves=15
num_cat=0
split_feature=17 13 7 16 18 8 11 3 17 18 11 11 12 7
split_gain=5.40255 5.06979 7.85609 5.84824 5.31201 5.18295 5.18488 4.92187 4.09237 3.90867 5.83907 8.98906 5.1768 6.06883
threshold=0.19098277608915909 3.6750000000000003 58.833333333333336 11.500000000000002 13.578784119106702 119.30000000000003 0.027639571389571394 0.41666666666666669 0.1856158484065461 7.9888888888888898 0.087429812806847071 0.058791190106678104 3.4500000000000006 33.166666666666679
decision_type=2 2 2 2 2 2 2 2 2 2 2 2 2 2
left_child=8 3 -3 4 -2 6 -5 -6 9 12 11 -11 -1 -14
right_child=1 2 -4 5 7 -7 -8 -9 -10 10 -12 -13 13 -15
leaf_value=-0.0023066854429308814 -0.0033971752914998218 0.0198992724302781 -0.002531752600006096 0.0081306735244594114 0.013823084748848403 0.013292562272631753 0.0009524526783043348 -0.00088945878633665202 -0.012753939191874009 0.0010631739599023264 -0.0023739937504684539 0.025676374986001931 0.00082230068819961046 0.018740984136785595
leaf_weight=1098.8555819950998 413.15620649605989 30.400311224162579 25.068941533565521 97.318529635667801 32.325803577899933 33.592164620757103 1154.1912872344255 52.737260147929192 27.275603227317333 32.99575313180685 60.395187631249428 21.538389779627323 74.011549271643162 21.127246141433716
leaf_count=9667 2550 166 110 567 139 137 5935 219 208 195 307 121 646 129
internal_value=-8.80112e-06 0.0010459 0.00989642 0.000765213 -0.0019913 0.0018346 0.00151668 0.00479728 -0.0014599 -0.001215 0.00404639 0.0110715 -0.0017244 0.00495501
internal_weight=3174.99 1838.79 55.4693 1783.32 498.219 1285.1 1251.51 85.0631 1336.2 1308.92 114.929 54.5341 1193.99 95.1388
internal_count=21096 9823 276 9547 2908 6639 6502 358 11273 11065 623 316 10442 775
is_linear=0
shrinkage=0.03


Tree=100
num_leaves=14
num_cat=0
split_feature=3 8 16 14 7 17 7 14 17 6 16 11 16
split_gain=5.37572 5.19163 4.28922 4.10182 3.61651 5.02048 4.67459 3.48388 3.17704 2.81574 2.52181 1.81594 0.347155
threshold=1.8333333333333337 3.5500000000000003 4.5000000000000009 35.750000000000007 56.166666666666679 0.73431372549019625 53.166666666666679 47.750000000000007 0.06186224489795919 1.7750000000000001 27.500000000000004 0.020857738473079809 11.500000000000002
decision_type=2 2 2 2 2 2 2 2 2 2 2 2 2
left_child=1 2 7 10 6 -6 -5 11 12 -10 -3 -1 -4
right_child=-2 3 8 4 5 -7 -8 -9 9 -11 -12 -13 -14
leaf_value=-0.012841967158040214 0.017208135091594134 -0.0022235523772986634 -0.026781401229545379 -0.00019773949870244628 0.0020542410134646613 -0.010790725853210798 -0.0074265376076383775 0.013966267068375258 0.0038147536427318341 -0.017396165424735214 -0.016844912905956546 0.002189696327859069 -0.01569144410423505
leaf_weight=14.001106772571804 15.239938989281653 23.23431134968996 9.6252567470073718 1939.8338801711798 983.93059032410383 27.187268421053886 83.000242315232754 10.414713047444819 12.896254237741234 8.6286236830055696 19.115047253668308 13.486456099897621 13.206750106066464
leaf_count=173 65 192 131 14690 4460 122 430 111 156 98 137 157 174
internal_value=-7.94571e-06 -9.64328e-05 -0.00748838 0.000103594 0.00023444 0.00169854 -0.000497872 -3.86057e-05 -0.0137129 -0.00508284 -0.00905948 -0.00564888 -0.0212942
internal_weight=3173.8 3158.56 82.2592 3076.3 3033.95 1011.12 2022.83 37.9023 44.3569 21.5249 42.3494 27.4876 22.832
internal_count=21096 21031 1000 20031 19702 4582 15120 441 559 254 329 330 305
is_linear=0
shrinkage=0.03


Tree=101
num_leaves=15
num_cat=0
split_feature=6 20 7 17 17 15 16 13 7 18 8 12 6 10
split_gain=5.15565 5.79484 4.60084 4.54579 7.1779 4.05133 5.64642 6.70823 5.23779 7.36612 6.18087 4.5532 4.63531 4.50668
threshold=1.4500000000000002 1.0000000180025095e-35 14.41666666666667 0.12403846153846156 0.17595459236326114 1.0000000180025095e-35 43.500000000000007 2.5500000000000003 8.4166666666666696 4.3858560794044674 13.900000000000002 3.2250000000000005 22.500000000000004 0.55000000000000016
decision_type=2 2 2 2 2 2 2 2 2 2 2 2 2 2
left_child=1 2 3 -1 -5 6 -2 -8 9 10 -7 12 -10 -9
right_child=5 -3 -4 4 -6 8 7 13 11 -11 -12 -13 -14 -15
leaf_value=-0.0090689078501576311 -0.0015402687878471558 0.015102851104205044 -0.024201118141346314 0.02288395210566814 -0.0072268319405559469 0.0008478935421893383 0.0094786965791337531 0.0033925440157731995 0.0013527254375176388 -0.026822259063851831 -0.023095879034406058 0.0059449448769793483 -0.011721650873016121 -0.011358665054166982
leaf_weight=81.713303133845329 1318.0114747434855 10.082804739475248 12.504427939653395 10.796995274722578 17.149195045232773 75.615376017987728 95.639600895345211 46.88711005449295 1228.0388905182481 11.589185051620005 10.121123060584067 201.42397499829531 23.906748220324516 29.589004956185818
leaf_count=1001 8818 99 142 121 172 796 540 265 7559 109 95 1118 98 163
internal_value=-8.48195e-06 -0.00578445 -0.00761701 -0.00552432 0.00479513 0.000244537 -0.00087223 0.00422276 0.00131755 -0.00538578 -0.00221234 0.00176984 0.00109391 -0.00238772
internal_weight=3173.07 132.247 122.164 109.659 27.9462 3040.82 1490.13 172.116 1550.7 97.3257 85.7365 1453.37 1251.95 76.4761
internal_count=21096 1535 1436 1294 293 19561 9786 968 9775 1000 891 8775 7657 428
is_linear=0
shrinkage=0.03


Tree=102
num_leaves=15
num_cat=0
split_feature=8 15 14 5 4 8 17 17 13 6 12 7 2 12
split_gain=4.95428 4.04867 6.3405 6.22012 5.1659 5.592 4.13409 5.23618 4.74613 3.9974 3.96995 3.60982 3.13188 3.69174
threshold=3.5500000000000003 1.0000000180025095e-35 39.750000000000007 14.16666666666667 1.3666666666666669 119.30000000000003 0.3306010928961749 0.57259953161592514 1.2916666666666667 22.500000000000004 1.4500000000000002 -1.0000000180025095e-35 0.15476190476190479 3.1000000000000005
decision_type=2 2 2 2 2 2 2 2 2 2 2 2 2 2
left_child=11 2 3 10 5 9 8 -8 -4 -3 -2 -1 13 -13
right_child=1 4 6 -5 -6 -7 7 -9 -10 -11 -12 12 -14 -15
leaf_value=-0.020467881341393303 -0.016380344920834785 0.0010057712586461849 0.0079370768589163629 0.0072313681028863437 0.01540666285901701 0.017131867682659809 0.0036119324864583402 -0.0049817443212614729 -0.0019109702876327827 -0.012938238140085158 -0.0054761340603202173 -0.0050323646444180459 -0.019207527126546563 0.013931024566118649
leaf_weight=14.265678104013203 41.759531565010548 1521.6886389181018 45.482684999704361 25.389824882149696 21.857358917593956 18.19422335922718 369.54791249334812 76.176384784281254 845.72690270096064 17.734415575861931 107.47519294917583 47.306070178747177 9.5878613814711553 10.432982325553892
leaf_count=212 350 9818 332 111 92 74 1801 346 6238 73 861 578 99 111
internal_value=-8.94466e-06 0.000184751 -0.000924803 -0.00628389 0.00124651 0.00103805 -0.000220648 0.00213537 -0.00140004 0.000836839 -0.00861612 -0.00726026 -0.00420313 -0.001427
internal_weight=3172.63 3091.03 1511.56 174.625 1579.47 1557.62 1336.93 445.724 891.21 1539.42 149.235 81.5926 67.3269 57.7391
internal_count=21096 20096 10039 1322 10057 9965 8717 2147 6570 9891 1211 1000 788 689
is_linear=0
shrinkage=0.03


Tree=103
num_leaves=11
num_cat=0
split_feature=3 5 20 8 14 15 18 14 12 9
split_gain=4.92737 4.59944 7.12871 4.04736 3.93818 4.09634 5.35031 4.5632 3.49444 2.55977
threshold=1.8333333333333337 1.5833333333333337 1.0000000180025095e-35 20.900000000000002 35.750000000000007 1.0000000180025095e-35 1.7156334231805932 39.750000000000007 2.1000000000000005 2.7750000000000004
decision_type=2 2 2 2 2 2 2 2 2 2
left_child=1 2 3 8 9 7 -7 -6 -1 -3
right_child=-2 4 -4 -5 5 6 -8 -9 -10 -11
leaf_value=-0.010737413151352404 0.016469697677147638 -0.017591276436376525 0.013854183207611953 -0.022386200672675684 -0.0057764566106556928 0.01757144478438279 0.001217600942070255 -0.00024745317358368168 -0.0014921918140936873 -0.0023504621950132315
leaf_weight=59.991667915135622 15.247371584177015 16.849077701568604 16.007724113762379 12.480710759758948 148.99051846563816 17.233921434730291 1479.1267096921802 1288.888293735683 93.727321870625019 23.141168430447578
leaf_count=759 65 148 157 130 1103 183 9136 8236 1022 157
internal_value=-8.99559e-06 -9.37879e-05 -0.00470722 -0.00656715 0.000190328 0.000319224 0.00141756 -0.000823975 -0.00514639 -0.00904437
internal_weight=3171.68 3156.44 182.207 166.2 2974.23 2934.24 1496.36 1437.88 153.719 39.9902
internal_count=21096 21031 2068 1911 18963 18658 9319 9339 1781 305
is_linear=0
shrinkage=0.03


Tree=104
num_leaves=15
num_cat=0
split_feature=17 10 13 21 1 17 18 9 9 6 12 17 8 7
split_gain=4.7474 4.97885 3.79881 5.17939 4.73659 5.32717 4.37175 5.78283 4.23815 7.90595 3.59801 4.73178 4.80567 3.55816
threshold=0.072077922077922088 10.450000000000001 1.9000000000000001 1.0000000180025095e-35 0.70833333333333337 0.75735294117647067 16.515813953488376 1.1000000000000003 9.4500000000000011 5.7750000000000012 2.4500000000000006 0.050423728813559332 51.266666666666673 57.416666666666679
decision_type=2 2 2 2 2 2 2 2 2 2 2 2 2 2
left_child=1 10 3 6 -4 -6 7 -2 9 -5 13 12 -12 -1
right_child=2 -3 4 8 5 -7 -8 -9 -10 -11 11 -13 -14 -15
leaf_value=-0.0056617660587200015 0.0015414617341576906 0.014568116608760966 0.00077728469891638608 -0.0021577737980789939 0.0097087547089640697 -0.0039886674923980941 0.0032562713779207336 -0.0075329298400875679 -0.0090007297078456578 0.0082457447033940784 0.0036300604156272896 -0.013495581494801494 -0.013105721980692023 0.0070164516692640634
leaf_weight=319.19194402173162 85.727268688380718 13.86886554956436 1811.1420726925135 136.47079149633646 107.08659043908119 32.849486619234085 67.120746217668056 236.40640097856522 29.407353848218918 125.26488943397999 151.0743649341166 18.996661148965359 16.203832507133484 20.41291543841362
leaf_count=3181 651 63 11237 1015 451 172 281 1484 128 631 1436 175 83 108
internal_value=-8.95344e-06 -0.0025692 0.000516963 -0.00141185 0.00118997 0.00648785 -0.0036716 -0.00512073 0.00161164 0.00283371 -0.00304795 0.000302784 0.00194066 -0.00488134
internal_weight=3171.22 539.749 2631.48 680.397 1951.08 139.936 389.254 322.134 291.143 261.736 525.88 186.275 167.278 339.605
internal_count=21096 5046 16050 4190 11860 623 2416 2135 1774 1646 4983 1694 1519 3289
is_linear=0
shrinkage=0.03


Tree=105
num_leaves=14
num_cat=0
split_feature=3 8 16 14 15 18 14 14 17 16 17 5 16
split_gain=4.64824 4.48553 4.15814 3.61467 3.68352 4.80327 4.47374 3.21903 3.08459 2.47805 2.12856 1.75969 0.371806
threshold=1.8333333333333337 3.5500000000000003 4.5000000000000009 35.750000000000007 1.0000000180025095e-35 16.515813953488376 39.750000000000007 47.750000000000007 0.06186224489795919 27.500000000000004 0.133974358974359 1.4166666666666667 11.500000000000002
decision_type=2 2 2 2 2 2 2 2 2 2 2 2 2
left_child=1 2 7 9 6 -6 -5 11 12 -3 -10 -1 -4
right_child=-2 3 8 4 5 -7 -8 -9 10 -11 -12 -13 -14
leaf_value=-0.010493967794751523 0.015997138670991614 -0.0017795520890662557 -0.026474900860898393 -0.005707667286084424 0.00075677343419862158 0.0070452192331885146 -0.00029428583143712713 0.013707132093851717 0.0041541579074778068 -0.016351767029500239 -0.014112405353140655 0.0050738065429331691 -0.015184624327232105
leaf_weight=17.756413973867897 15.245553791522978 22.959882140159607 9.2598389312624949 152.25236927717924 1433.361930064857 117.38257001340389 1329.3219405338168 10.468385670334099 11.210595957934858 18.798170022666454 10.068089611828325 9.2806828022003156 12.85610134154558
leaf_count=219 65 192 131 1153 9373 487 8689 111 142 137 112 111 174
internal_value=-8.8766e-06 -9.12656e-05 -0.00702037 9.33105e-05 0.000215378 0.00123701 -0.000854061 0.000325452 -0.0132336 -0.00856851 -0.00473424 -0.00515984 -0.0208526
internal_weight=3170.22 3154.98 80.9001 3074.08 3032.32 1550.74 1481.57 37.5055 43.3946 41.7581 21.2787 27.0371 22.1159
internal_count=21096 21031 1000 20031 19702 9860 9842 441 559 329 254 330 305
is_linear=0
shrinkage=0.03


Tree=106
num_leaves=15
num_cat=0
split_feature=17 16 18 7 18 7 17 2 14 2 20 14 18 8
split_gain=4.41338 5.65758 5.19938 6.65266 4.77752 4.40193 3.91261 5.39763 3.61999 6.32617 6.05395 11.1769 5.8859 6.16709
threshold=0.11451990632318503 4.5000000000000009 3.9016129032258067 41.833333333333336 4.1067629179331311 56.833333333333336 0.03883861236802414 0.10555555555555557 44.750000000000007 0.70714285714285718 1.0000000180025095e-35 41.750000000000007 16.300322061191633 91.450000000000017
decision_type=2 2 2 2 2 2 2 2 2 2 2 2 2 2
left_child=1 -1 6 4 -4 -5 -3 -8 9 10 -2 -12 -10 -14
right_child=8 2 3 5 -6 -7 7 -9 12 -11 11 -13 13 -15
leaf_value=0.001660457171228301 0.00065031326945124985 -0.0097170536472038008 0.021821236363342666 -0.014291181999006516 0.0023215403147196544 0.0021445219745768974 -0.00051736208128755421 -0.015509130511298189 0.0010732848169472552 0.012754985814906665 0.0010931948455849506 -0.0086998000453834684 0.015065641560218064 0.0015497113991139223
leaf_weight=242.86990974470973 816.52387382090092 150.63309529423714 11.807702280580996 35.735398568212986 99.685711704194546 24.025174759328365 133.57251603156328 24.804622501134872 1059.882204502821 30.530347608029842 210.28700368851423 207.8831425756216 57.472891509532928 63.781357631087303
leaf_count=2173 5320 1624 105 218 804 126 1367 239 6272 147 1122 1084 235 260
internal_value=-9.12031e-06 -0.0020665 -0.00395075 0.000243249 0.00456227 -0.00775709 -0.00626836 -0.00294791 0.000599627 -0.00051527 -0.000853461 -0.0037843 0.00179332 0.00802691
internal_weight=3169.49 723.134 480.264 171.254 111.493 59.7606 309.01 158.377 2446.36 1265.22 1234.69 418.17 1181.14 121.254
internal_count=21096 6656 4483 1253 909 344 3230 1606 14440 7673 7526 2206 6767 495
is_linear=0
shrinkage=0.03


Tree=107
num_leaves=15
num_cat=0
split_feature=6 20 14 2 17 10 18 18 6 11 15 17 6 9
split_gain=4.32425 5.22483 3.76071 3.64564 5.25752 4.24945 3.5792 3.47657 7.62856 5.52208 3.40998 7.85393 4.94069 2.55697
threshold=1.4500000000000002 1.0000000180025095e-35 35.750000000000007 0.64583333333333337 0.56048780487804895 15.500000000000002 2.6628787878787885 1.4807407407407409 1.1000000000000003 0.02935455148837442 1.0000000180025095e-35 0.58411949685534603 1.7750000000000001 2.7750000000000004
decision_type=2 2 2 2 2 2 2 2 2 2 2 2 2 2
left_child=1 6 13 10 -5 -6 7 8 -1 -9 11 -4 -12 -2
right_child=2 -3 3 4 5 -7 -8 9 -10 -11 12 -13 -14 -15
leaf_value=-0.001131933079531085 -0.017366383535340812 0.014323910330276789 -0.00068519871043468182 0.012201810448691373 0.0042998355167933391 -0.0088799701596595209 -0.024141370195755754 -0.013159874003134949 -0.020562139260351449 0.01049140228365981 0.012977093721273108 -0.018610148317181181 0.00084768767424579046 -0.0021242084652647523
leaf_weight=44.071393892168999 16.807026162743568 10.241841614246367 1362.5590566284955 54.416054800152779 84.549940928816795 28.655449271202087 9.2722695246338827 12.886032760143278 30.111913733184338 23.722777280956507 29.890830833464861 21.363365784287453 1417.1322435438633 23.053909845650196
leaf_count=532 151 99 9168 228 400 118 108 170 356 270 308 93 8937 158
internal_value=-8.8987e-06 -0.00533917 0.000221377 0.00034445 0.00462982 0.000915116 -0.00712095 -0.0054933 -0.00918748 0.00203777 8.91655e-05 -0.000975141 0.00110703 -0.00881867
internal_weight=3168.73 130.306 3038.43 2998.57 167.621 113.205 120.064 110.792 74.1833 36.6088 2830.95 1383.92 1447.02 39.8609
internal_count=21096 1535 19561 19252 746 518 1436 1328 888 440 18506 9261 9245 309
is_linear=0
shrinkage=0.03


Tree=108
num_leaves=9
num_cat=0
split_feature=3 7 14 18 5 8 9 6
split_gain=4.32414 4.27595 3.5145 3.43576 6.68457 4.01617 2.23766 1.49287
threshold=1.8333333333333337 -1.0000000180025095e-35 35.750000000000007 17.456439393939394 19.500000000000004 119.30000000000003 2.7750000000000004 1.5500000000000003
decision_type=2 2 2 2 2 2 2 2
left_child=1 7 6 5 -5 -4 -3 -1
right_child=-2 2 3 4 -6 -7 -8 -9
leaf_value=-0.024509482015062353 0.015421754896872409 -0.015903914870404715 -0.00024438322616279485 0.0097288011464615708 -0.0012361122629640678 0.013286898091023054 -0.0020655922117001715 -0.0059264258300869566
leaf_weight=7.0896587409079102 15.259968549013136 18.911107115447521 2876.6119533590972 93.20151674747467 106.31197494268417 18.877855971455574 23.025693573057652 9.1668862551450712
leaf_count=115 65 179 19554 389 435 77 158 124
internal_value=-9.26597e-06 -8.88104e-05 -6.88308e-06 0.000111335 0.00390905 -0.000151606 -0.00853095 -0.0149814
internal_weight=3168.46 3153.2 3136.94 3095 199.513 2895.49 41.9368 16.2565
internal_count=21096 21031 20792 20455 824 19631 337 239
is_linear=0
shrinkage=0.03


Tree=109
num_leaves=15
num_cat=0
split_feature=8 16 10 11 8 20 8 7 0 15 1 10 14 17
split_gain=4.15232 3.85886 3.46282 6.39086 6.57041 5.87143 4.89312 7.10438 4.5654 4.40156 3.72139 3.1263 3.01332 2.97182
threshold=3.5500000000000003 4.5000000000000009 9.9000000000000021 0.3506147934122073 110.30000000000003 1.0000000180025095e-35 91.450000000000017 102.16666666666667 0.58333333333333337 1.0000000180025095e-35 1.0000000180025095e-35 10.450000000000001 47.750000000000007 0.06186224489795919
decision_type=2 2 2 2 2 2 2 2 2 2 2 2 2 2
left_child=1 12 3 4 5 -2 10 9 -9 -8 -4 -12 -1 -3
right_child=2 13 6 -5 -6 -7 7 8 -10 -11 11 -13 -14 -15
leaf_value=-0.0050146259148669582 0.00037127640721972921 -0.020416562896391183 0.014204431917976955 -0.019248954221177908 0.01530202001895507 -0.0033524759390032156 -0.017125164633355897 -0.0058911592893963541 0.007473376125303746 -0.0015273623661776889 0.012558364099809408 0.0024543731917698033 0.013188439961062821 -0.0044598128150264054
leaf_weight=26.903065592050552 2066.8379996567965 21.44404860958457 30.918229088187218 14.892642498016356 23.479873701930046 466.19744017720222 32.53364971280098 33.382225275039673 69.006909936666489 32.068595916032791 29.597258016467094 288.81470538675785 10.582500942051409 21.088694851845503
leaf_count=330 14444 305 146 67 96 3272 135 136 282 133 135 1250 111 254
internal_value=-9.13893e-06 -0.00671342 0.000166719 -0.000283724 -0.000165761 -0.000315121 0.00240625 -0.00181045 0.00310126 -0.00952371 0.00442139 0.00342994 0.000333415 -0.012789
internal_weight=3167.75 80.0183 3087.73 2571.41 2556.52 2533.04 516.322 166.991 102.389 64.6022 349.33 318.412 37.4856 42.5327
internal_count=21096 1000 20096 17879 17812 17716 2217 686 418 268 1531 1385 441 559
is_linear=0
shrinkage=0.03


Tree=110
num_leaves=9
num_cat=0
split_feature=7 3 14 17 2 16 9 6
split_gain=4.05286 3.98412 3.34593 3.26823 5.0406 2.20272 3.31681 1.47182
threshold=-1.0000000180025095e-35 1.8333333333333337 35.750000000000007 0.75735294117647067 0.64583333333333337 27.500000000000004 2.3666666666666671 1.5500000000000003
decision_type=2 2 2 2 2 2 2 2
left_child=7 2 5 4 -4 6 -2 -1
right_child=1 -3 3 -5 -6 -7 -8 -9
leaf_value=-0.024246410847795052 -0.012957044647790638 0.01488254093591386 -3.9425459304417629e-05 -0.0089632473701815023 0.0060933041636980307 -0.015801014485806102 0.0088101276530177103 -0.0056659886648065504
leaf_weight=6.8818664737045756 11.462424311786892 15.257286250591276 2935.0239581987262 34.338657967746258 124.78828687220812 18.462196424603462 11.775534510612486 9.0779723562300187
leaf_count=115 116 65 19736 185 534 137 84 124
internal_value=-9.0719e-06 6.96259e-05 -7.16689e-06 0.000107899 0.000212595 -0.00834762 -0.00201841 -0.0146351
internal_weight=3167.07 3151.11 3135.85 3094.15 3059.81 41.7002 23.238 15.9598
internal_count=21096 20857 20792 20455 20270 337 200 239
is_linear=0
shrinkage=0.03


Tree=111
num_leaves=15
num_cat=0
split_feature=17 16 16 16 8 14 2 18 8 20 14 16 14 18
split_gain=3.94734 8.66823 4.62965 6.05195 12.138 4.37672 5.87828 5.25192 8.57426 4.97987 11.7081 5.82275 4.17547 4.0179
threshold=0.072077922077922088 26.500000000000004 5.5000000000000009 18.500000000000004 16.450000000000003 44.750000000000007 0.70714285714285718 17.456439393939394 92.300000000000026 1.0000000180025095e-35 41.750000000000007 58.500000000000007 47.750000000000007 3.2873015873015876
decision_type=2 2 2 2 2 2 2 2 2 2 2 2 2 2
left_child=1 2 -1 -4 -5 6 9 13 -9 11 -11 -2 -10 -7
right_child=5 -3 3 4 -6 7 -8 8 12 10 -12 -13 -14 -15
leaf_value=0.0013256510132909887 -5.3456807625173787e-05 -0.015788193302779061 -0.006616906777627142 0.024639848402845881 -0.010031720651105495 0.0058206620003073088 0.012084615806580979 0.018844679409826308 0.0087890315825352536 0.0012479525567735325 -0.0085294673823065829 0.018000417315302848 -0.0076503234043768104 0.00052152916176358859
leaf_weight=275.62788888067007 887.96937983855605 39.007249627262354 187.07365982607007 16.653990667313337 17.892015606164932 146.49906817823648 30.623407229781151 40.132125571370125 26.965294703841209 221.1783302500844 218.28873624652624 15.374286644160746 26.663030073046684 1016.5976542457938
leaf_count=2483 6031 424 1800 192 147 1318 147 163 110 1210 1172 84 109 5706
internal_value=-9.20748e-06 -0.00235256 -0.00126901 -0.00448745 0.00690576 0.00046926 -0.000701211 0.00174784 0.00854026 -0.00100157 -0.00361695 0.000273372 0.000625257 0.00119341
internal_weight=3166.55 536.255 497.248 221.62 34.546 2630.29 1373.43 1256.86 93.7605 1342.81 439.467 903.344 53.6283 1163.1
internal_count=21096 5046 4622 2139 339 16050 8644 7406 382 8497 2382 6115 219 7024
is_linear=0
shrinkage=0.03


Tree=112
num_leaves=14
num_cat=0
split_feature=5 20 8 4 8 15 16 13 14 4 8 12 16
split_gain=3.91769 6.53097 4.05618 3.30128 3.29927 3.40639 4.80406 6.62223 5.86343 4.0488 4.75638 2.81283 1.2071
threshold=1.5833333333333337 1.0000000180025095e-35 20.900000000000002 0.36666666666666675 1.9000000000000001 1.0000000180025095e-35 43.500000000000007 2.5500000000000003 39.750000000000007 1.3666666666666669 119.30000000000003 2.9000000000000004 5.5000000000000009
decision_type=2 2 2 2 2 2 2 2 2 2 2 2 2
left_child=1 2 3 11 12 6 8 -8 -6 10 -7 -1 -2
right_child=4 -3 -4 -5 5 9 7 -9 -10 -11 -12 -13 -14
leaf_value=-0.0084127548166043741 -0.0036875107176265157 0.0133660694871178 -0.022088739238631364 0.0098247751820325028 -0.006946912434874569 0.0009366260722398457 0.0092418973375295067 -0.0025956388287857379 -0.00060598223808730868 0.013870385796096651 0.015986078021115416 0.0014428312707661128 -0.019901760298815439
leaf_weight=105.16279217973351 8.2385152950882929 16.161504246294498 12.23138080537319 12.06129954010248 147.45267704874277 1476.5594319924712 94.944184556603432 75.770544335246086 1134.7218022122979 21.802327454090118 18.151367038488388 34.19281317666173 8.5902987346053106
leaf_count=1299 98 157 130 115 1126 9227 529 421 7344 92 74 367 117
internal_value=-8.70144e-06 -0.00429679 -0.00611172 -0.00468465 0.000250849 0.000327995 -0.000709873 0.00400337 -0.00134005 0.00132213 0.00112995 -0.0060015 -0.0126161
internal_weight=3166.04 179.81 163.648 151.417 2986.23 2969.4 1452.89 170.715 1282.17 1516.51 1494.71 139.356 16.8288
internal_count=21096 2068 1911 1781 19028 18813 9420 950 8470 9393 9301 1666 215
is_linear=0
shrinkage=0.03


Tree=113
num_leaves=14
num_cat=0
split_feature=7 15 16 14 11 4 8 6 5 1 8 16 6
split_gain=3.80424 3.84341 4.88827 5.15595 6.52727 3.94412 4.6078 3.88797 3.71871 8.68027 3.58966 3.06437 1.45898
threshold=-1.0000000180025095e-35 1.0000000180025095e-35 43.500000000000007 39.750000000000007 0.20956427813996129 1.3666666666666669 119.30000000000003 22.500000000000004 4.166666666666667 1.0000000180025095e-35 3.9000000000000004 50.500000000000007 1.5500000000000003
decision_type=2 2 2 2 2 2 2 2 2 2 2 2 2
left_child=12 2 3 4 -2 6 7 -3 11 -10 -5 -4 -1
right_child=1 5 8 10 -6 -7 -8 -9 9 -11 -12 -13 -14
leaf_value=-0.024002496787696472 -0.004162537509271356 0.00089518773313305847 0.0033349556718541415 -0.011144830257741194 -0.021544028196398023 0.013483533627951008 0.015544051953659615 -0.012859072864003222 0.02277036830002914 0.0025706702485948801 -0.00068247320236341233 -0.014150119417799846 -0.005386993941046722
leaf_weight=6.6949258223175994 133.94697578623891 1557.0925332009792 18.456408757716417 29.282165162265301 21.921653464436531 21.783985540270805 18.136176273226738 17.721692815423012 21.98281891644001 116.81793594360352 1176.2817717194557 16.095100332051516 8.984508562833069
leaf_count=115 1127 10204 161 360 123 92 74 73 128 553 7824 138 124
internal_value=-8.55677e-06 6.70973e-05 -0.00100751 -0.00161219 -0.00672886 0.00108849 0.000910628 0.000732346 0.00372342 0.00590983 -0.000945622 -0.00497901 -0.0142981
internal_weight=3165.2 3149.52 1534.78 1361.43 155.869 1614.73 1592.95 1574.81 173.352 138.801 1205.56 34.5515 15.6794
internal_count=21096 20857 10414 9434 1250 10443 10351 10277 980 681 8184 299 239
is_linear=0
shrinkage=0.03


Tree=114
num_leaves=8
num_cat=0
split_feature=7 3 17 18 8 17 10
split_gain=3.64722 3.55223 3.13869 4.34564 4.89038 4.66472 1.44484
threshold=-1.0000000180025095e-35 1.8333333333333337 0.75735294117647067 17.456439393939394 119.30000000000003 0.36451048951048953 1.3666666666666669
decision_type=2 2 2 2 2 2 2
left_child=6 2 3 4 -2 -5 -1
right_child=1 -3 -4 5 -6 -7 -8
leaf_value=-0.023912427661404806 -0.00029851005097020493 0.014051173234270957 -0.0089032860290031435 0.015436287014303765 0.01518744885775484 0.0024564680017252543 -0.0052854693017954117
leaf_weight=6.5034978240728369 2884.520459715277 15.259066417813299 34.295367695391178 28.348176136612892 17.470735818147659 169.23758163303137 8.9967699758708459
leaf_count=109 19717 65 185 119 71 700 130
internal_value=-8.74193e-06 6.49467e-05 -7.61378e-06 9.36524e-05 -0.000200081 0.00438707 -0.0140764
internal_weight=3164.63 3149.13 3133.87 3099.58 2901.99 197.586 15.5003
internal_count=21096 20857 20792 20607 19788 819 239
is_linear=0
shrinkage=0.03


Tree=115
num_leaves=15
num_cat=0
split_feature=6 7 12 18 18 7 14 14 4 17 17 13 16 6
split_gain=3.56062 4.78486 4.21772 3.62708 8.79559 3.73984 3.45087 3.15077 2.93617 6.1445 6.39869 5.40302 5.12722 3.83559
threshold=1.4500000000000002 14.41666666666667 1.9000000000000001 1.1846590909090911 1.4807407407407409 2.8333333333333335 43.750000000000007 35.750000000000007 0.63333333333333341 0.58411949685534603 0.55291153415453542 2.7750000000000004 33.500000000000007 8.1000000000000014
decision_type=2 2 2 2 2 2 2 2 2 2 2 2 2 2
left_child=1 2 6 5 -5 -4 -1 -2 9 10 -9 12 -10 -13
right_child=7 -3 3 4 -6 -7 -8 8 11 -11 -12 13 -14 -15
leaf_value=-0.017872504194940263 -0.0081542649393472645 -0.021835722041146897 -0.0027154240385767431 -0.019609389070289848 0.0058786044854094504 0.017821264512929976 0.0015799202096729672 -4.7807717465877079e-05 -0.0022789966788494855 -0.013795756923142352 0.015007921480973784 0.016314539086470653 0.0068447949320059008 0.0045095479384825287
leaf_weight=23.336924362927675 39.102021351456642 12.452447336167095 13.854270715266468 18.945352200418711 30.486336089670658 17.106754593551159 12.1547141559422 2554.6599120385945 191.1977868527174 27.9529177993536 24.660758495330811 34.398663870990276 76.90511617064476 86.742969155311584
leaf_count=310 309 146 168 220 355 178 158 17300 861 122 105 174 328 362
internal_value=-8.42609e-06 -0.00488332 -0.00289046 0.000937789 -0.00408514 0.00883419 -0.01135 0.00019921 0.0003109 -5.23308e-05 0.0001019 0.00273782 0.000353866 0.00796775
internal_weight=3163.96 128.337 115.884 80.3927 49.4317 30.961 35.4916 3035.62 2996.52 2607.27 2579.32 389.245 268.103 121.142
internal_count=21096 1535 1389 921 575 346 468 19561 19252 17527 17405 1725 1189 536
is_linear=0
shrinkage=0.03


Tree=116
num_leaves=15
num_cat=0
split_feature=7 15 16 14 11 4 16 7 7 16 7 11 18 18
split_gain=3.47562 3.62388 4.51588 4.81282 6.2622 3.6498 7.75368 13.0516 8.56189 6.03901 4.9608 4.01719 3.51528 6.68111
threshold=-1.0000000180025095e-35 1.0000000180025095e-35 43.500000000000007 39.750000000000007 0.20956427813996129 0.55000000000000016 35.500000000000007 67.166666666666671 94.500000000000014 42.500000000000007 53.833333333333336 0.191491945973329 10.131182795698926 8.7211111111111119
decision_type=2 2 2 2 2 2 2 2 2 2 2 2 2 2
left_child=-1 2 3 4 -2 9 8 -8 -7 11 -11 -3 13 -4
right_child=1 5 12 -5 -6 6 7 -9 -10 10 -12 -13 -14 -15
leaf_value=-0.013824925130695935 -0.0040101085683743511 0.00024095494917224751 0.0028954691441314176 -0.00092040686188838545 -0.021120034084983062 -0.0020968783329938954 0.025373486451449444 0.0021033528598581844 0.010301773900537792 -0.0012971689250286457 -0.01347015547802999 0.0051808143862257967 -0.003193279307505912 0.020746117897093928
leaf_weight=15.30196490511298 133.41205497458577 962.70100970566273 102.25892619043589 1204.5760947279632 21.667175903916359 192.88116343319416 34.907323159277439 55.305153653025627 66.619083493947983 81.153732284903526 47.152351588010788 174.13570436835289 49.059236370027065 22.271280243992805
leaf_count=239 1127 7196 653 8184 123 928 162 235 274 555 217 876 224 103
internal_value=-8.49188e-06 6.30344e-05 -0.000981226 -0.00156348 -0.00652065 0.00105451 0.00376255 0.0112871 0.00111344 0.000303573 -0.0058403 0.00100151 0.00356218 0.00622776
internal_weight=3163.4 3148.1 1533.24 1359.66 155.079 1614.86 349.713 90.2125 259.5 1265.14 128.306 1136.84 173.589 124.53
internal_count=21096 20857 10414 9434 1250 10443 1599 397 1202 8844 772 8072 980 756
is_linear=0
shrinkage=0.03


Tree=117
num_leaves=15
num_cat=0
split_feature=5 20 18 17 18 8 8 14 15 16 14 14 6 18
split_gain=3.38223 6.13617 4.09958 5.93809 3.85431 3.22544 2.97316 2.87899 2.83 3.92405 4.9409 3.72496 3.66346 8.55809
threshold=1.5833333333333337 1.0000000180025095e-35 2.4021276595744685 0.048003072196620589 2.0678160919540236 11.450000000000001 1.9000000000000001 43.750000000000007 1.0000000180025095e-35 43.500000000000007 39.750000000000007 47.750000000000007 22.500000000000004 17.456439393939394
decision_type=2 2 2 2 2 2 2 2 2 2 2 2 2 2
left_child=1 2 3 7 -5 -4 -2 -1 9 10 -8 -11 13 -10
right_child=6 -3 5 4 -6 -7 8 -9 12 11 -12 -13 -14 -15
leaf_value=-0.015379105840229119 -0.012115336241629922 0.013042720001118438 -0.0062445345609535626 -0.00012959592423775359 0.018754933697074379 -0.025515912903312152 -0.0063978130382167289 -0.003592405630350873 0.00088033613668179783 0.0012612314301382972 -0.00054412210852992763 0.011934153105007277 -0.0093324528457732255 0.011096511321941014
leaf_weight=32.046762235462666 16.449602331966162 16.263106148689985 18.013777129352093 41.292997755110264 11.718840982764958 14.120061956346033 145.59675628691912 44.721867848187685 1412.8453054130077 134.70088745653629 1133.1855100691319 36.766201592981815 28.116744428873062 76.883113034069538
leaf_count=435 215 157 210 452 131 150 1126 533 8958 761 7344 189 116 319
internal_value=-8.28844e-06 -0.00401165 -0.00579418 -0.00335999 0.00431498 -0.0152272 0.000231976 -0.0086472 0.000304464 -0.000643016 -0.00121508 0.00360566 0.00120958 0.00141467
internal_weight=3162.72 178.177 161.914 129.78 53.0118 32.1338 2984.54 76.7686 2968.09 1450.25 1278.78 171.467 1517.85 1489.73
internal_count=21096 2068 1911 1551 583 360 19028 968 18813 9420 8470 950 9393 9277
is_linear=0
shrinkage=0.03


Tree=118
num_leaves=15
num_cat=0
split_feature=10 11 11 18 8 7 12 18 7 0 16 8 15 1
split_gain=3.27322 6.04855 6.08425 5.61365 4.86781 6.44896 4.58218 8.01453 5.14443 4.13382 6.37481 4.12912 4.04252 3.51627
threshold=9.9000000000000021 0.3506147934122073 0.12262749278000847 13.241516436903501 91.450000000000017 102.16666666666667 2.6333333333333337 10.300943396226417 23.833333333333339 0.58333333333333337 19.500000000000004 46.100000000000009 1.0000000180025095e-35 1.0000000180025095e-35
decision_type=2 2 2 2 2 2 2 2 2 2 2 2 2 2
left_child=1 2 3 11 13 12 7 -4 -8 -7 -11 -1 -6 -2
right_child=4 -3 6 -5 5 9 8 -9 -10 10 -12 -13 -14 -15
leaf_value=-0.00085109152415942366 0.013665934260763901 -0.018938087106605578 -0.00083649784421183017 -0.012064752280172997 -0.016691126476744735 -0.0059053200184721166 -0.01026981265564891 0.011063972871195123 0.0048106776583210446 -0.0041619711615871425 0.01422549765018424 -0.0073266465969360657 -0.0017197257355962912 0.0032171787047650404
leaf_weight=1315.1993843577802 31.07274803519249 14.805470332503317 741.71760281175375 43.912865824997425 32.434499397873878 33.331342503428459 20.646613121032715 53.68204902112484 361.81819304078817 27.890542432665825 40.930611684918404 94.066398024559021 32.045387625694275 318.42455480992794
leaf_count=11688 146 67 4221 241 135 136 142 238 1776 114 168 506 133 1385
internal_value=-8.38834e-06 -0.000434894 -0.000323617 -0.00162194 0.00217463 -0.0020365 0.00127819 -2.04432e-05 0.00397193 0.00265146 0.00682089 -0.00128821 -0.00939049 0.00418249
internal_weight=3161.98 2645.85 2631.04 1453.18 516.13 166.632 1177.86 795.4 382.465 102.152 68.8212 1409.27 64.4799 349.497
internal_count=21096 18879 18812 12435 2217 686 6377 4459 1918 418 282 12194 268 1531
is_linear=0
shrinkage=0.03


Tree=119
num_leaves=11
num_cat=0
split_feature=3 6 20 18 18 14 17 2 8 8
split_gain=3.28039 3.07828 4.45311 3.56852 3.22466 2.84892 2.50348 4.12022 1.88075 2.69193
threshold=1.8333333333333337 1.4500000000000002 1.0000000180025095e-35 2.6628787878787885 1.4807407407407409 35.750000000000007 0.75735294117647067 0.64583333333333337 53.225000000000009 31.900000000000002
decision_type=2 2 2 2 2 2 2 2 2 2
left_child=1 2 3 4 -1 8 7 -7 9 -3
right_child=-2 5 -4 -5 -6 6 -8 -9 -10 -11
leaf_value=-0.0083408453742767775 0.013438389222226411 -0.0037680969556540076 0.013314141371491239 -0.023648031533249327 0.0025684293630737162 7.8841352022115003e-05 -0.0078734690746126487 0.0056399556881749774 0.001429935888159253 -0.023238382469648367
leaf_weight=71.869783032685518 15.243762746453283 15.142054148018362 10.450697876513003 8.8834089376032335 36.068783398717642 2822.5992938019335 32.99059871584177 124.22664237767458 12.939367607235907 10.694510899484156
leaf_count=888 65 162 99 108 440 18486 172 529 68 79
internal_value=-8.52367e-06 -7.79324e-05 -0.00462962 -0.00633422 -0.00470529 0.00011545 0.00022184 0.00031511 -0.00786038 -0.012393
internal_weight=3161.11 3145.87 127.273 116.822 107.939 3018.59 2979.82 2946.83 38.7759 25.8366
internal_count=21096 21031 1535 1436 1328 19496 19187 19015 309 241
is_linear=0
shrinkage=0.03


Tree=120
num_leaves=14
num_cat=0
split_feature=7 15 6 14 8 13 5 4 8 6 14 10 9
split_gain=3.2135 3.21893 4.13958 4.67215 4.2056 3.70972 3.54044 3.4525 4.07599 3.6394 3.42916 1.46005 1.31704
threshold=-1.0000000180025095e-35 1.0000000180025095e-35 1.9000000000000001 47.750000000000007 7.7083333333333348 1.1000000000000003 1.8333333333333337 1.3666666666666669 119.30000000000003 22.500000000000004 39.750000000000007 1.3666666666666669 3.3666666666666671
decision_type=2 2 2 2 2 2 2 2 2 2 2 2 2
left_child=11 2 3 6 -5 12 -2 8 9 -3 -7 -1 -4
right_child=1 7 5 4 -6 10 -8 -9 -10 -11 -12 -13 -14
leaf_value=-0.02350314149011775 -0.0071745699231357558 0.00081748596985493655 0.0030611510220150107 -0.0076266355141591099 0.016462740895568827 -0.004951448953483182 -0.024174691066240213 0.012609749990458557 0.014610545293549411 -0.01250298082251527 -0.00021295596736043237 -0.0046016823591030227 0.01515415544681026
leaf_weight=6.2199596352875224 67.753466561436653 1557.3921635299921 16.501548245549202 11.967236615717413 12.275693111121653 153.6075302734971 12.629751004278658 21.709120452404022 18.081258818507195 17.683874398469925 1239.6771480813622 8.7744848541915399 16.234250731766224
leaf_count=109 848 10204 125 136 133 1148 147 92 74 73 7784 130 93
internal_value=-8.62767e-06 5.95562e-05 -0.000925872 -0.00665663 0.00474025 -0.000501041 -0.0101098 0.000993587 0.000827489 0.000660095 -0.000738544 -0.0134216 0.00932972
internal_weight=3160.51 3145.51 1530.65 104.626 24.2429 1426.02 80.3832 1614.87 1593.16 1575.08 1393.28 14.9944 32.7358
internal_count=21096 20857 10414 1264 269 9150 995 10443 10351 10277 8932 239 218
is_linear=0
shrinkage=0.03


Tree=121
num_leaves=15
num_cat=0
split_feature=17 16 16 16 8 14 2 18 8 14 18 4 5 10
split_gain=3.07273 8.3054 4.31446 5.71612 11.4372 3.61586 5.18353 4.54055 5.30248 4.61041 4.23885 6.5314 4.21503 3.43929
threshold=0.072077922077922088 26.500000000000004 5.5000000000000009 18.500000000000004 16.450000000000003 44.750000000000007 0.70714285714285718 16.300322061191633 91.450000000000017 48.250000000000007 3.2873015873015876 0.55000000000000016 2.1666666666666674 17.225000000000005
decision_type=2 2 2 2 2 2 2 2 2 2 2 2 2 2
left_child=1 2 -1 -4 -5 6 13 10 -9 -10 11 -7 -12 -2
right_child=5 -3 3 4 -6 7 -8 8 9 -11 12 -13 -14 -15
leaf_value=0.0014789708153044219 -0.0006350165305282373 -0.0153707649059561 -0.0062467232186722401 0.02393071440434753 -0.0097141544334216519 0.0076353280586483468 0.011356998318511717 0.013591160809298723 0.0077735616696327763 -0.0083718620335128027 -0.012345974142221191 -0.014667953364202268 0.00057714431896711534 -0.0086188772794886549
leaf_weight=274.30031577125192 1290.2771439738572 38.23969279974699 184.87797731533647 16.851148586720228 17.706010084599257 134.75714609771967 30.601378187537193 57.497406676411629 37.158973053097725 26.322408974170685 22.260711632668972 12.022291034460066 967.6044600084424 49.473145559430122
leaf_count=2483 8291 424 1800 192 147 1225 147 235 152 108 208 93 5385 206
internal_value=-8.67245e-06 -0.00208571 -0.0010278 -0.00415383 0.00690375 0.000412412 -0.000653448 0.00157341 0.0070745 0.00105289 0.000982195 0.00572163 0.000274355 -0.000936046
internal_weight=3159.95 531.975 493.735 219.435 34.5572 2627.98 1370.35 1257.62 120.979 63.4814 1136.64 146.779 989.865 1339.75
internal_count=21096 5046 4622 2139 339 16050 8644 7406 495 260 6911 1318 5593 8497
is_linear=0
shrinkage=0.03


Tree=122
num_leaves=7
num_cat=0
split_feature=3 17 8 14 14 3
split_gain=2.99958 2.96296 3.82469 3.57452 9.84705 7.94836
threshold=1.8333333333333337 0.75735294117647067 119.30000000000003 50.250000000000007 49.250000000000007 0.83333333333333337
decision_type=2 2 2 2 2 2
left_child=1 2 3 4 -1 -5
right_child=-2 -3 -4 5 -6 -7
leaf_value=-0.00010808547312182262 0.012851748362016628 -0.0087269063158630835 0.0088958519325636719 0.0045397267663151155 -0.0098889469736804566 -0.010866078779483654
leaf_weight=2656.6837100945413 15.238928139209746 34.225634127855301 42.116628363728523 283.39154766499996 94.987122118473053 32.75823563337326
leaf_count=18102 65 186 173 1831 598 141
internal_value=-8.66388e-06 -7.50613e-05 2.29291e-05 -0.000101742 -0.000449189 0.00291421
internal_weight=3159.4 3144.16 3109.94 3067.82 2751.67 316.15
internal_count=21096 21031 20845 20672 18700 1972
is_linear=0
shrinkage=0.03


Tree=123
num_leaves=15
num_cat=0
split_feature=8 16 13 10 12 16 13 13 8 9 16 6 6 2
split_gain=2.92851 3.662 3.0547 2.9756 2.85473 4.89506 4.32122 3.72486 3.90992 3.28279 2.64014 3.04204 2.04874 3.05296
threshold=3.5500000000000003 4.5000000000000009 2.3666666666666671 0.22500000000000003 2.7083333333333335 1.0000000180025095e-35 1.1000000000000003 1.9000000000000001 112.10000000000001 3.1000000000000005 53.500000000000007 19.300000000000001 1.7750000000000001 1.0000000180025095e-35
decision_type=2 2 2 2 2 2 2 2 2 2 2 2 2 2
left_child=1 2 -1 -4 6 -6 -2 9 -9 -8 11 -7 13 -3
right_child=4 12 3 -5 5 10 7 8 -10 -11 -12 -13 -14 -15
leaf_value=-0.007899861436876288 0.0080275077491345857 -0.014020612347222291 0.018531453911427218 -0.0042422809008521439 -0.011315864543813925 0.0018792164129919151 -0.0058007425400785403 -0.00020047382761859402 0.010944342826864297 -0.0008006480893110921 0.0091709259211862626 -0.0061219691142846491 -0.02007332071880288 0.00673888712472455
leaf_weight=17.013811025768518 51.346589840948582 15.473997212946417 11.182844098657371 8.422158867120741 25.21731886267662 866.04906242340803 211.36086792498827 1547.6286955550313 27.85912112891674 267.30772098898888 41.153089851140976 44.022959753870964 15.613221921026705 9.6248164623975736
leaf_count=213 344 239 126 102 192 5367 1730 10450 114 1514 204 181 201 119
internal_value=-8.47695e-06 -0.00573683 0.00115601 0.00901695 0.000137071 0.00147697 -0.000484724 -0.000701302 3.41556e-06 -0.00301598 0.00182764 0.00148588 -0.0118157 -0.00610664
internal_weight=3159.28 77.3308 36.6188 19.605 3081.95 976.442 2105.5 2054.16 1575.49 478.669 951.225 910.072 40.712 25.0988
internal_count=21096 1000 441 228 20096 5944 14152 13808 10564 3244 5752 5548 559 358
is_linear=0
shrinkage=0.03


Tree=124
num_leaves=15
num_cat=0
split_feature=7 15 16 13 8 14 11 7 6 18 3 8 11 6
split_gain=2.99162 3.02533 3.89674 6.12453 3.99334 3.98725 6.10295 3.37563 3.31552 8.01568 3.86592 3.13987 2.95592 1.46541
threshold=-1.0000000180025095e-35 1.0000000180025095e-35 43.500000000000007 2.5500000000000003 41.225000000000009 39.750000000000007 0.20956427813996129 39.416666666666679 22.500000000000004 17.456439393939394 1.4166666666666667 3.9000000000000004 0.11918279296536431 1.5500000000000003
decision_type=2 2 2 2 2 2 2 2 2 2 2 2 2 2
left_child=13 2 5 4 -4 6 -2 -5 9 10 -3 -7 -11 -1
right_child=1 8 3 7 -6 11 -8 -9 -10 12 -12 -13 -14 -15
leaf_value=-0.023197935111354387 -0.0035004973969619373 0.00050085308246039463 0.016285287210049394 -0.011848624501271429 0.0036248368748854143 -0.010519909224514457 -0.02051586223063313 0.001388348251562681 -0.0090891725984031772 0.0051265350215971596 0.015107251806588291 -0.00061552418076215221 0.017059168539404833 -0.0041788808571241063
leaf_weight=6.1240419410169116 131.70996349304914 1494.5462874509394 34.861408345401287 24.836650028824806 61.96352781355381 28.539204649627209 21.303490847349167 52.181236580014229 28.018754899501801 43.040092937648296 15.490182921290396 1173.7014968208969 33.842885389924049 8.6006425358355028
leaf_count=115 1127 9943 259 191 286 360 123 244 116 180 65 7824 139 124
internal_value=-8.47768e-06 5.67865e-05 -0.000899278 0.00331699 0.00830306 -0.00144216 -0.00598731 -0.00297745 0.000962028 0.0011451 0.000660587 -0.000859185 0.0105307 -0.0130612
internal_weight=3158.76 3144.04 1529.1 173.843 96.8249 1355.25 153.013 77.0179 1614.94 1586.92 1510.04 1202.24 76.883 14.7247
internal_count=21096 20857 10414 980 545 9434 1250 435 10443 10327 10008 8184 319 239
is_linear=0
shrinkage=0.03


Tree=125
num_leaves=15
num_cat=0
split_feature=7 15 6 14 16 16 13 14 5 12 6 18 2 17
split_gain=2.8673 2.85062 3.82641 4.37307 7.14437 4.10078 6.18127 4.04227 3.4817 3.21268 3.81458 6.84461 3.36144 10.5584
threshold=-1.0000000180025095e-35 1.0000000180025095e-35 1.9000000000000001 47.750000000000007 9.5000000000000018 43.500000000000007 2.5500000000000003 39.750000000000007 1.8333333333333337 3.2250000000000005 22.500000000000004 17.456439393939394 0.61250000000000016 0.42462121212121218
decision_type=2 2 2 2 2 2 2 2 2 2 2 2 2 2
left_child=-1 2 3 8 -5 7 -7 -4 -2 10 11 -3 13 -11
right_child=1 9 5 4 -6 6 -8 -9 -10 12 -12 -13 -14 -15
leaf_value=-0.012850702236022686 -0.0068819176750578252 0.00012774866472648123 -0.005841775016457224 0.017721153737124767 -0.013986984730562455 0.0089301125632358491 -0.0025365690692050187 -0.00045323780468171904 -0.023896072985315538 0.0058613136846697852 -0.011282092539430097 0.0099643873563171805 0.013602282803707856 -0.013086212193292706
leaf_weight=14.570205133408306 67.065511908382177 1303.5690193474293 140.20003249496222 14.274347975850107 10.061280786991118 95.121050905436277 74.943753272294998 1114.1991548538208 12.336652088910339 162.38199354708195 23.722011163830757 65.935112111270428 29.156185775995255 30.617053382098675
leaf_count=239 848 8765 1079 153 116 519 411 7141 147 1040 98 273 125 142
internal_value=-8.55448e-06 5.50353e-05 -0.000873478 -0.0064079 0.00457716 -0.000466216 0.00389171 -0.00105967 -0.00978972 0.000933435 0.000397861 0.000608261 0.0042754 0.00280355
internal_weight=3158.15 3143.58 1528.2 103.738 24.3356 1424.46 170.065 1254.4 79.4022 1615.38 1393.23 1369.5 222.155 192.999
internal_count=21096 20857 10414 1264 269 9150 930 8220 995 10443 9136 9038 1307 1182
is_linear=0
shrinkage=0.03


Tree=126
num_leaves=15
num_cat=0
split_feature=18 18 14 11 12 14 7 18 8 17 15 16 11 14
split_gain=2.80174 8.14388 4.4418 6.69624 2.77187 2.47741 2.41053 3.53618 4.31122 3.32001 2.60769 2.3395 1.53887 1.39735
threshold=1.4807407407407409 1.1846590909090911 47.750000000000007 0.026560284448069123 2.1000000000000005 35.750000000000007 1.0000000180025095e-35 1.7156334231805932 13.633333333333335 0.067424242424242428 1.0000000180025095e-35 27.500000000000004 0.043143488697936459 44.750000000000007
decision_type=2 2 2 2 2 2 2 2 2 2 2 2 2 2
left_child=1 2 3 -1 -5 11 10 8 -8 -9 -7 -2 13 -3
right_child=5 12 -4 4 -6 6 7 9 -10 -11 -12 -13 -14 -15
leaf_value=-0.015522952624628942 -0.00042299318011498031 -0.0048518111000508523 0.016617554666521987 -0.0031400658159582216 0.019670986108922296 0.0014752834695753554 0.013090080095045351 -0.0023575999590845671 -0.0078927787634673671 0.0005739363855392463 -0.019559010467641056 -0.014945487394798038 -0.026802696263096941 -0.01901581804134924
leaf_weight=18.108897436410189 21.300585854798555 14.132484614849092 13.342305660247801 8.1995280459523219 9.7836212590336782 9.6436846293509007 37.088911071419716 401.19256234914064 10.7276264578104 2564.9030092209578 10.444083489477634 17.890868447721004 8.9393415302038175 11.797430779784916
leaf_count=239 183 189 138 108 107 141 409 3494 110 15459 139 137 106 137
internal_value=-8.75395e-06 -0.00537175 0.00247738 -0.00305697 0.00965263 0.000140063 0.000238006 0.000308626 0.00831733 0.000176757 -0.00986982 -0.00725941 -0.0162583 -0.0117629
internal_weight=3157.49 84.3036 49.4344 36.092 17.9831 3073.19 3034 3013.91 47.8165 2966.1 20.0878 39.1915 34.8693 25.9299
internal_count=21096 1024 592 454 215 20072 19752 19472 519 18953 280 320 432 326
is_linear=0
shrinkage=0.03


Tree=127
num_leaves=14
num_cat=0
split_feature=5 20 8 18 17 14 14 0 18 17 19 10 8
split_gain=2.71646 5.5691 4.01296 2.9013 6.71569 2.62286 3.99914 4.64057 3.90046 2.62162 6.13125 3.30223 1.13072
threshold=1.5833333333333337 1.0000000180025095e-35 20.900000000000002 2.4021276595744685 0.048003072196620589 55.250000000000007 52.750000000000007 0.41666666666666669 8.4202037351443142 0.40161290322580651 1.0000000180025095e-35 0.55000000000000016 10.900000000000002
decision_type=2 2 2 2 2 2 2 2 2 2 2 2 2
left_child=1 2 3 4 -1 6 9 8 -8 11 -11 -2 -5
right_child=5 -3 -4 12 -6 -7 7 -9 -10 10 -12 -13 -14
leaf_value=-0.007697812510036187 0.00054966145406777037 0.012527909896365269 -0.02152067504577259 -0.007525414576944358 0.0065244112858010624 -0.011513749345172495 0.0060112777972871276 -0.0042976657204237224 0.022194844168100733 0.0010908160381070554 0.014340825915545037 -0.0017759324209418751 -0.021105434059189535
leaf_weight=72.791626010090113 1340.274557325989 16.426707442849874 11.769900739192961 16.689931455999616 49.268237862735987 16.091056771576405 60.811156705021858 28.38858187943697 16.701401770114899 556.63543906807899 32.330130346119404 929.99525147303939 8.996650315821169
leaf_count=938 9336 157 130 200 543 88 416 132 75 2506 165 6310 100
internal_value=-9.24169e-06 -0.00362076 -0.00535141 -0.00392729 -0.00195079 0.000205042 0.000272497 0.00596946 0.00973658 5.94782e-05 0.00184122 -0.000403359 -0.0128944
internal_weight=3157.17 175.943 159.516 147.746 122.06 2981.23 2965.14 105.901 77.5126 2859.24 588.966 2270.27 25.6866
internal_count=21096 2068 1911 1781 1481 19028 18940 623 491 18317 2671 15646 300
is_linear=0
shrinkage=0.03


Tree=128
num_leaves=15
num_cat=0
split_feature=10 11 11 18 11 11 1 17 17 10 11 18 18 12
split_gain=2.7029 5.80866 5.15803 5.42495 4.47759 5.6271 4.78343 4.53046 5.47982 4.63863 4.35359 6.51632 4.62664 3.50913
threshold=9.9000000000000021 0.3506147934122073 0.12262749278000847 13.241516436903501 0.1401367742880901 0.16499774868957154 0.45000000000000007 0.5913729128014843 0.54631217838765023 15.500000000000002 0.13403056098620617 3.9905660377358494 4.1348484848484857 1.3666666666666669
decision_type=2 2 2 2 2 2 2 2 2 2 2 2 2 2
left_child=1 2 3 -1 7 -6 -7 8 13 -9 11 -4 -12 -2
right_child=4 -3 10 -5 5 6 -8 9 -10 -11 12 -13 -14 -15
leaf_value=-0.0011593556234561866 0.014212844487401285 -0.018581294979435958 0.017902603674085159 -0.011784720528201285 -0.011515239499863364 -0.006306524964974209 0.011467119893561381 0.0041736783858466481 0.016413066341355923 -0.013852823118818424 -0.0063090298936851388 0.0017504161328459041 0.0011794022878270246 0.0024735880043399903
leaf_weight=1403.9932933039963 23.805937543511391 14.716644436120985 32.718295641243458 43.640745967626572 44.616972252726555 25.688334658741951 26.952656537294388 24.378729522228241 30.673786908388138 25.342952877283096 79.224146582186222 68.197919793426991 998.25955333560705 314.51046991348267
leaf_count=12194 107 67 231 241 187 107 111 102 126 105 518 428 5200 1372
internal_value=-9.19481e-06 -0.000397403 -0.000288463 -0.00148758 0.00197459 -0.00379679 0.00283786 0.00332101 0.00446733 -0.00510633 0.00118464 0.00711143 0.000623461 0.00333908
internal_weight=3156.72 2640.75 2626.03 1447.63 515.97 97.258 52.641 418.712 368.99 49.7217 1178.4 100.916 1077.48 338.316
internal_count=21096 18879 18812 12435 2217 405 218 1812 1605 207 6377 659 5718 1479
is_linear=0
shrinkage=0.03


Tree=129
num_leaves=14
num_cat=0
split_feature=7 15 6 14 8 5 13 4 8 6 12 6 9
split_gain=2.61758 2.70191 3.51353 4.09698 3.90615 3.44425 3.41126 2.98664 3.72813 3.06512 2.90956 1.4843 1.21676
threshold=-1.0000000180025095e-35 1.0000000180025095e-35 1.9000000000000001 47.750000000000007 7.7083333333333348 1.8333333333333337 1.1000000000000003 1.3666666666666669 119.30000000000003 22.500000000000004 1.6333333333333335 1.5500000000000003 3.3666666666666671
decision_type=2 2 2 2 2 2 2 2 2 2 2 2 2
left_child=11 2 3 5 -5 -2 12 8 9 -3 -8 -1 -4
right_child=1 7 6 4 -6 -7 10 -9 -10 -11 -12 -13 -14
leaf_value=-0.022801294474991574 -0.0065981157033219578 0.00073615293994998504 0.0029110425419249749 -0.0075641792540820704 0.015570967524885218 -0.023653593001086607 -0.0033707080973439394 0.011722710774555363 0.01395034305176613 -0.011519353194473194 9.5007836774976095e-06 -0.0034830380957799304 0.014501833257697454
leaf_weight=5.8662907406687728 66.404952112585306 1557.9219792820513 16.534774631261826 11.931982457637789 12.492980614304541 12.091140598058699 288.3262292444706 21.657459929585457 18.033636704087257 17.587931156158447 1102.4963636696339 8.3920817822217924 16.38051301240921
leaf_count=115 848 10204 125 136 133 147 1982 92 74 73 6950 124 93
internal_value=-9.00577e-06 5.11766e-05 -0.000853447 -0.00617891 0.00441609 -0.00948975 -0.000464406 0.000906209 0.000751945 0.000592121 -0.000693156 -0.0124046 0.00893679
internal_weight=3156.12 3141.86 1526.66 102.921 24.425 78.4961 1423.74 1615.2 1593.54 1575.51 1390.82 14.2584 32.9153
internal_count=21096 20857 10414 1264 269 995 9150 10443 10351 10277 8932 239 218
is_linear=0
shrinkage=0.03


Tree=130
num_leaves=15
num_cat=0
split_feature=10 8 7 5 9 18 7 18 14 7 0 16 15 1
split_gain=2.52188 4.48699 5.91024 4.24961 4.01203 6.38976 6.18711 5.84118 4.2946 4.14304 3.75967 5.96081 3.72 3.38491
threshold=9.9000000000000021 91.450000000000017 102.16666666666667 14.583333333333334 3.1000000000000005 11.254032258064518 10.833333333333334 10.209914320685437 37.250000000000007 43.416666666666679 0.58333333333333337 19.500000000000004 1.0000000180025095e-35 1.0000000180025095e-35
decision_type=2 2 2 2 2 2 2 2 2 2 2 2 2 2
left_child=3 13 12 4 5 7 -6 -1 -8 -7 -4 -12 -3 -2
right_child=1 2 10 -5 6 9 8 -9 -10 -11 11 -13 -14 -15
leaf_value=-0.0013179270951891294 0.013107499126804794 -0.016209517671091755 -0.0058128703935679295 -0.014022652156153646 0.015695336226486147 -0.015985660458041989 -0.008226356050028593 0.014766015840894674 0.00085851247142364954 0.00026121375280210851 -0.0042819546264406573 0.013517817031750283 -0.0018240687326659692 0.0028835705401493565
leaf_weight=1123.9109958894551 31.237376734614372 32.324982523918152 33.251772701740265 19.403332859277725 23.683668956160545 42.673642374575138 47.52653930336237 19.699710234999657 1341.7672134712338 20.832526460289955 27.832945808768272 40.765830516815186 31.998848497867584 318.68269546329975
leaf_count=10304 146 135 136 88 183 273 343 118 7468 102 114 168 133 1385
internal_value=-9.00552e-06 0.00190686 -0.00214359 -0.00038419 -0.000277878 -0.00154732 0.000806947 -0.00102821 0.000542034 -0.0107346 0.00235313 0.00633806 -0.00919074 0.00383101
internal_weight=3155.59 516.094 166.174 2639.5 2620.09 1207.12 1412.98 1143.61 1389.29 63.5062 101.851 68.5988 64.3238 349.92
internal_count=21096 2217 686 18879 18791 10797 7994 10422 7811 375 418 282 268 1531
is_linear=0
shrinkage=0.03


Tree=131
num_leaves=11
num_cat=0
split_feature=14 14 8 5 8 5 18 8 16 12
split_gain=2.5117 4.47138 4.02088 3.38204 3.70424 3.33035 5.0438 5.04064 4.52992 4.07955
threshold=55.250000000000007 52.750000000000007 16.450000000000003 9.1666666666666696 51.70000000000001 4.166666666666667 3.0106382978723407 45.708333333333336 58.500000000000007 2.1000000000000005
decision_type=2 2 2 2 2 2 2 2 2 2
left_child=1 5 -3 4 -4 7 -7 9 -8 -1
right_child=-2 2 3 -5 -6 6 8 -9 -10 -11
leaf_value=-0.0036586458494196031 -0.011124763236261229 0.018873453302982662 0.0041364729610796928 0.011522710996296577 -0.011159884115623407 0.014516455839886283 0.00016574318808591776 -0.013985619155334734 0.011277372632626249 0.00042639752995680074
leaf_weight=373.27587594464421 17.189226225018501 17.097190849483013 46.626688919961452 30.293121054768562 19.332388609647751 21.857778295874596 2035.4143389090896 27.912395730614662 32.565243259072304 533.397794123739
leaf_count=3822 99 158 313 129 93 172 11061 176 155 4918
internal_value=-8.8989e-06 5.55205e-05 0.0058788 0.00340024 -0.00044655 -0.000164596 0.000501169 -0.00165226 0.000346088 -0.00125759
internal_weight=3154.96 3137.77 113.349 96.2522 65.9591 3024.42 2089.84 934.586 2067.98 906.674
internal_count=21096 20997 693 535 406 20304 11388 8916 11216 8740
is_linear=0
shrinkage=0.03


Tree=132
num_leaves=7
num_cat=0
split_feature=3 17 8 18 14 14
split_gain=2.6104 2.87514 3.34703 2.97329 5.00166 2.97129
threshold=1.8333333333333337 0.75735294117647067 119.30000000000003 17.456439393939394 44.750000000000007 50.250000000000007
decision_type=2 2 2 2 2 2
left_child=1 2 3 5 -5 -1
right_child=-2 -3 -4 4 -6 -7
leaf_value=-0.00064982348612113272 0.01199711674523193 -0.0086045165751591594 0.0083362827394023661 -0.00085883927022185934 0.0093684070545136892 0.002479611059871972
leaf_weight=2586.1954055503011 15.215961262583731 34.132526628673077 42.014918461441994 95.845212504267693 76.885619655251503 304.29178598895669
leaf_count=18036 65 186 173 405 312 1919
internal_value=-8.52294e-06 -7.0514e-05 2.60311e-05 -9.06351e-05 0.00372121 -0.000319633
internal_weight=3154.58 3139.37 3105.23 3063.22 172.731 2890.49
internal_count=21096 21031 20845 20672 717 19955
is_linear=0
shrinkage=0.03


Tree=133
num_leaves=7
num_cat=0
split_feature=3 17 8 10 10 8
split_gain=2.46665 2.71957 3.15558 2.82459 6.96774 5.54708
threshold=1.8333333333333337 0.75735294117647067 119.30000000000003 6.7750000000000012 4.291666666666667 37.225000000000009
decision_type=2 2 2 2 2 2
left_child=1 2 3 4 -1 -5
right_child=-2 -3 -4 5 -6 -7
leaf_value=-0.00010328062951144823 0.011665160075879456 -0.0083824047311858666 0.0080969520076367256 0.011554654539183392 -0.0062444899159176366 0.00088937945958339514
leaf_weight=2235.5263752192259 15.208070844411848 34.014159768819809 41.989049896597862 46.362852334976196 178.63925543427467 602.09407778829336
leaf_count=16479 65 186 173 270 1237 2686
internal_value=-8.06931e-06 -6.83289e-05 2.543e-05 -8.78387e-05 -0.000560105 0.00166853
internal_weight=3153.83 3138.63 3104.61 3062.62 2414.17 648.457
internal_count=21096 21031 20845 20672 17716 2956
is_linear=0
shrinkage=0.03


Tree=134
num_leaves=13
num_cat=0
split_feature=14 14 8 8 0 18 6 11 4 1 17 11
split_gain=2.4197 4.10338 4.52743 4.39141 5.68225 3.17144 8.01563 2.83671 2.77778 6.59249 4.27599 1.73083
threshold=55.250000000000007 52.750000000000007 14.900000000000002 28.633333333333336 0.58333333333333337 1.4807407407407409 1.1000000000000003 0.031254898523224162 0.63333333333333341 0.45000000000000007 0.58411949685534603 0.032030801883743069
decision_type=2 2 2 2 2 2 2 2 2 2 2 2
left_child=1 5 -3 -4 -5 6 7 -1 10 -10 -7 -8
right_child=-2 2 3 4 -6 8 11 -9 9 -11 -12 -13
leaf_value=-0.0027271259910951035 -0.010938607440720708 0.020157338221904849 -0.010369823136587818 0.011006008970856294 -0.0063079071974149435 -0.00021399730304093225 -0.007091523934367727 0.013339460367113651 0.01497163718393104 0.0011504105704212195 -0.011951224310691004 -0.022112982549833644
leaf_weight=31.692354541271925 17.121364302933216 15.548830736428497 16.905588217079639 58.082156978547573 23.224108919501305 2554.5308060571551 11.914221521466969 13.21761232241988 33.321923777461052 329.31553450226784 27.24458247423172 21.148261088877916
leaf_count=403 99 142 132 317 102 17602 158 153 153 1458 119 258
internal_value=-7.70108e-06 5.54425e-05 0.00562351 0.00314254 0.00604395 -0.000155927 -0.00608879 0.00218905 3.19814e-06 0.00245809 -0.000342436 -0.017067
internal_weight=3153.27 3136.15 113.761 98.2119 81.3063 3022.39 77.9724 44.91 2944.41 362.637 2581.78 33.0625
internal_count=21096 20997 693 551 419 20304 972 556 19332 1611 17721 416
is_linear=0
shrinkage=0.03


Tree=135
num_leaves=15
num_cat=0
split_feature=7 19 12 15 16 1 5 12 14 11 4 6 18 3
split_gain=2.41789 3.00775 3.97956 2.39753 3.27249 3.43373 6.85549 4.52958 3.32581 3.79385 3.69389 3.06407 6.62576 3.3321
threshold=1.0000000180025095e-35 1.0000000180025095e-35 2.3666666666666671 1.0000000180025095e-35 43.500000000000007 1.0000000180025095e-35 4.166666666666667 1.7750000000000001 38.250000000000007 0.20227018381206044 1.1000000000000003 22.500000000000004 17.456439393939394 1.4166666666666667
decision_type=2 2 2 2 2 2 2 2 2 2 2 2 2 2
left_child=1 2 -1 4 8 6 -6 -7 9 -2 -10 12 13 -5
right_child=3 -3 -4 11 5 7 -8 -9 10 -11 -12 -13 -14 -15
leaf_value=-0.011851507846796122 -0.0042469022413255076 -0.016096023054601977 0.015335383691137667 0.00047382229195981482 -0.0041183650552248062 -0.010666833383477136 0.02123393262871304 0.0033922734435775969 -0.00062940577542364325 -0.021910661005375223 -0.011099995666870366 -0.0087911540574798601 0.0095988355099159376 0.014034606366714815
leaf_weight=9.167887646704914 71.301234301179647 17.670666161924601 8.2640813700854761 1482.1404389068484 15.803969636559485 24.25600890815258 22.397259473800659 111.57099428027868 1227.9282305464149 12.113975197076796 30.098580539226532 27.902112156152725 76.884335279464722 15.491084933280943
leaf_count=125 638 287 89 9803 149 131 128 570 8474 76 126 116 319 65
internal_value=-7.68963e-06 -0.00772686 0.00116989 8.1666e-05 -0.000773507 0.00308568 0.0109081 0.000821987 -0.00127609 -0.00704129 -0.000888534 0.000890415 0.00106745 0.000623363
internal_weight=3152.99 35.1026 17.432 3117.89 1515.47 174.028 38.2012 135.827 1341.44 83.4152 1258.03 1602.42 1574.52 1497.63
internal_count=21096 501 214 20595 10292 978 277 701 9314 714 8600 10303 10187 9868
is_linear=0
shrinkage=0.03


Tree=136
num_leaves=15
num_cat=0
split_feature=7 15 6 13 16 13 6 18 11 11 16 12 22 15
split_gain=2.36235 2.39208 3.18818 4.0434 3.54729 5.81404 2.88263 6.25216 3.22285 2.88132 2.85329 2.33787 2.05023 1.4406
threshold=-1.0000000180025095e-35 1.0000000180025095e-35 1.9000000000000001 2.9000000000000004 43.500000000000007 2.5500000000000003 22.500000000000004 17.456439393939394 0.24011687348865743 0.11918279296536431 25.500000000000004 1.7750000000000001 1.0000000180025095e-35 1.0000000180025095e-35
decision_type=2 2 2 2 2 2 2 2 2 2 2 2 2 2
left_child=13 2 3 11 10 -6 7 8 -3 -9 -4 -2 -5 -1
right_child=1 6 4 12 5 -7 -8 9 -10 -11 -12 -13 -14 -15
leaf_value=-0.0016802077770283693 -0.018675462856641449 0.0001007297633703097 -0.00014471388507769563 -0.0026468732566024412 0.0084855564095871003 -0.0026253703001860294 -0.008539852813956356 0.0040118331753715908 0.0044763858992252284 0.015744648236183448 -0.0034203103435944946 -0.0061088306024156842 0.016055802274818082 -0.020631664109359509
leaf_weight=6.9510557688772661 16.405307769775391 1340.1123299710453 930.26109521836042 10.911285985261202 95.495432585477829 74.9229487888515 27.891083911061287 43.067894674837589 169.81040152907372 33.847481459379196 321.28694094717503 65.840490207076073 8.7976972870528698 6.9708675071597099
leaf_count=121 228 9245 6253 133 519 411 116 180 763 139 1967 801 102 118
internal_value=-7.78897e-06 4.88107e-05 -0.00080344 -0.0059015 -0.00043402 0.00361392 0.000853133 0.0010235 0.000595466 0.0093108 -0.000987657 -0.00880969 0.0060738 -0.0119161
internal_weight=3152.57 3138.65 1523.92 101.955 1421.97 170.418 1614.73 1586.84 1509.92 76.9154 1251.55 82.2458 19.709 13.9219
internal_count=21096 20857 10414 1264 9150 930 10443 10327 10008 319 8220 1029 235 239
is_linear=0
shrinkage=0.03


Tree=137
num_leaves=13
num_cat=0
split_feature=14 14 8 8 0 18 6 13 4 1 17 11
split_gain=2.30286 3.84253 4.21757 4.13118 5.35164 2.89412 7.7297 4.35787 2.56407 6.18685 4.08462 1.71666
threshold=55.250000000000007 52.750000000000007 14.900000000000002 28.633333333333336 0.58333333333333337 1.4807407407407409 1.1000000000000003 2.2916666666666674 0.63333333333333341 0.45000000000000007 0.58411949685534603 0.032030801883743069
decision_type=2 2 2 2 2 2 2 2 2 2 2 2
left_child=1 5 -3 -4 -5 6 7 -1 10 -10 -7 -8
right_child=-2 2 3 4 -6 8 11 -9 9 -11 -12 -13
leaf_value=-0.008101256401295295 -0.010692874657790596 0.019357140290737002 -0.010134589816003393 0.010621109850204364 -0.0061760632304123722 -0.00020661228568784082 -0.0068015876661900046 0.01034559689551842 0.014458241144823523 0.0010896321527600493 -0.011692128377145106 -0.021828858414322375
leaf_weight=19.644469242542982 17.049330234527588 15.767894674092529 16.780560605227947 58.361548557877541 23.196624413132668 2553.4713869318366 11.784071058034895 25.169606722891331 33.438260458409786 329.32954309880733 27.175406932830811 20.72161253169179
leaf_count=255 99 142 132 317 102 17602 158 301 153 1458 119 258
internal_value=-7.78682e-06 5.37171e-05 0.00543344 0.0030285 0.00582675 -0.00015123 -0.00584292 0.002259 2.16925e-07 0.00235825 -0.000332042 -0.0167467
internal_weight=3151.89 3134.84 114.107 98.3387 81.5582 3020.73 77.3198 44.8141 2943.41 362.768 2580.65 32.5057
internal_count=21096 20997 693 551 419 20304 972 556 19332 1611 17721 416
is_linear=0
shrinkage=0.03


Tree=138
num_leaves=7
num_cat=0
split_feature=3 17 8 14 14 3
split_gain=2.30141 2.57759 2.98642 2.57906 9.58133 7.39489
threshold=1.8333333333333337 0.75735294117647067 119.30000000000003 50.250000000000007 49.250000000000007 0.83333333333333337
decision_type=2 2 2 2 2 2
left_child=1 2 3 4 -1 -5
right_child=-2 -3 -4 5 -6 -7
leaf_value=-4.5342965333010231e-05 0.011271189063625814 -0.0081734866202937059 0.0078808305718046177 0.0040232746060651515 -0.0097187180838987017 -0.010847691983652975
leaf_weight=2647.9468293003738 15.197801560163496 33.900687202811241 41.950623884797096 285.48746207728982 94.476678501814604 32.66192439198494
leaf_count=18102 65 186 173 1831 598 141
internal_value=-7.85496e-06 -6.60836e-05 2.51096e-05 -8.51061e-05 -0.000382012 0.00246738
internal_weight=3151.62 3136.42 3102.52 3060.57 2742.42 318.149
internal_count=21096 21031 20845 20672 18700 1972
is_linear=0
shrinkage=0.03


Tree=139
num_leaves=15
num_cat=0
split_feature=14 17 16 16 16 7 13 21 9 9 2 9 16 10
split_gain=2.28056 2.36976 7.46382 4.01761 4.57497 3.10704 3.02483 5.14129 4.37297 3.41234 3.18087 5.25102 3.03835 2.8387
threshold=35.750000000000007 0.072077922077922088 26.500000000000004 5.5000000000000009 18.500000000000004 12.16666666666667 1.9000000000000001 1.0000000180025095e-35 9.4500000000000011 1.1000000000000003 1.0000000180025095e-35 2.5500000000000003 39.500000000000007 1.9000000000000001
decision_type=2 2 2 2 2 2 2 2 2 2 2 2 2 2
left_child=-1 2 3 5 -5 -2 7 9 -9 -3 11 -8 -12 -4
right_child=1 6 13 4 -6 -7 10 8 -10 -11 12 -13 -14 -15
leaf_value=-0.0070270356370043772 0.0057357057090343553 0.0016830525789769486 -0.019578101176604926 -0.0057458647782403357 0.0061700724973697881 -0.00085745935317488092 -0.011779399891626744 0.0029996026622344106 -0.0090851500374920669 -0.0051316021721322718 0.0007591182966828039 0.0032826901135686571 0.0039844042923612086 -0.00092500847270487996
leaf_weight=40.114300202578306 103.1404181830585 84.93540957942605 26.660858698189259 178.73622398078442 33.723676811903715 167.70405278727412 43.134086031466722 256.36200339347124 29.126785188913345 291.25550955533981 1531.134902421385 38.79864127188921 316.5551200658083 10.136117264628409
leaf_count=339 1166 643 302 1762 331 1290 431 1602 127 1700 9331 278 1678 116
internal_value=-7.70967e-06 8.50168e-05 -0.00176104 -0.000755373 -0.00383441 0.00166515 0.000456075 -0.00129297 0.00173926 -0.00359262 0.00105619 -0.00469328 0.00131355 -0.0146003
internal_weight=3151.52 3111.4 520.101 483.304 212.46 270.844 2591.3 661.68 285.489 376.191 1929.62 81.9327 1847.69 36.797
internal_count=21096 20757 4967 4549 2093 2456 15790 4072 1729 2343 11718 709 11009 418
is_linear=0
shrinkage=0.03


Tree=140
num_leaves=13
num_cat=0
split_feature=7 12 9 14 15 9 6 9 13 12 16 7
split_gain=2.23897 2.95013 5.81922 2.13341 2.28697 2.76433 5.9525 3.71604 2.74421 2.85259 2.21423 1.69256
threshold=1.0000000180025095e-35 2.1000000000000005 1.0000000180025095e-35 35.750000000000007 1.0000000180025095e-35 7.1000000000000005 9.5500000000000025 6.9000000000000012 1.1000000000000003 1.6333333333333335 27.500000000000004 36.416666666666679
decision_type=2 2 2 2 2 2 2 2 2 2 2 2
left_child=1 -1 -3 10 8 7 -7 -6 11 -10 -2 -5
right_child=3 2 -4 4 5 6 -8 -9 9 -11 -12 -13
leaf_value=-0.018634181150945169 -0.00033950025055859862 -0.014177962560970661 0.015241552747522556 0.00033636785914976697 0.00064896120603996751 0.0077743305362015722 -0.0020595993329272969 -0.011460800388713813 -0.0034948223121780094 -0.00020317220646622557 -0.01439770093043511 0.01347217013596943
leaf_weight=12.355004731565712 22.222124520689249 12.258810721337797 10.13357876613736 16.172811575233936 1327.6293193139136 142.35071450471878 89.72288404405117 22.205822885036469 296.59276267513633 1163.4546759910882 17.535113468766212 18.579664081335068
leaf_count=203 199 187 111 146 8974 667 386 110 2156 7727 137 93
internal_value=-7.95742e-06 -0.00747326 -0.000781874 7.76483e-05 0.000167921 0.000962705 0.00397987 0.00044141 -0.00067326 -0.000873769 -0.00674106 0.00753953
internal_weight=3151.21 34.7474 22.3924 3116.47 3076.71 1581.91 232.074 1349.84 1494.8 1460.05 39.7572 34.7525
internal_count=21096 501 298 20595 20259 10137 1053 9084 10122 9883 336 239
is_linear=0
shrinkage=0.03


Tree=141
num_leaves=9
num_cat=0
split_feature=3 17 1 13 9 17 16 17
split_gain=2.16887 2.45234 2.90572 4.43299 3.52575 2.61689 7.57079 4.4705
threshold=1.8333333333333337 0.75735294117647067 0.70833333333333337 1.9000000000000001 6.366666666666668 0.58411949685534603 7.5000000000000009 0.51787994891443179
decision_type=2 2 2 2 2 2 2 2
left_child=1 2 5 -4 -5 7 -7 -1
right_child=-2 -3 3 4 -6 6 -8 -9
leaf_value=-0.00024390634815875251 0.010944157730768353 -0.0079840596486792943 -0.0048989321753395475 0.011078079584481345 -0.00069055243710698883 0.0058000670762567014 -0.015328469728558006 0.0069394746766404071
leaf_weight=2822.9592989720404 15.189573541283606 33.800562158226967 34.968530125916004 70.77875292301178 33.487440586090088 26.036809012293816 34.514448329806328 79.186397448182106
leaf_count=19645 65 186 150 299 141 127 146 337
internal_value=-8.06413e-06 -6.45891e-05 2.42516e-05 0.00424394 0.00732766 -0.000175422 -0.00629665 -4.55816e-05
internal_weight=3150.92 3135.73 3101.93 139.235 104.266 2962.7 60.5513 2902.15
internal_count=21096 21031 20845 590 440 20255 273 19982
is_linear=0
shrinkage=0.03


Tree=142
num_leaves=13
num_cat=0
split_feature=14 14 8 8 0 18 5 14 14 4 16 2
split_gain=2.22235 3.49647 3.86214 3.8993 4.86461 2.75573 7.47005 3.30238 2.50328 2.29919 4.56082 3.30101
threshold=55.250000000000007 52.750000000000007 14.900000000000002 28.633333333333336 0.58333333333333337 1.4807407407407409 1.1666666666666667 43.250000000000007 42.250000000000007 0.55000000000000016 36.500000000000007 0.47222222222222227
decision_type=2 2 2 2 2 2 2 2 2 2 2 2
left_child=1 5 -3 -4 -5 6 7 -1 -8 11 -11 -7
right_child=-2 2 3 4 -6 9 8 -9 -10 10 -12 -13
leaf_value=-0.0088221202679395812 -0.010519092981621635 0.018374050307100584 -0.0099664031538799058 0.010106742907795977 -0.0059058451568649592 -0.00016988550107842917 -0.0054208072848359531 0.0065193568800898808 -0.025740346271347959 9.2123986890091362e-05 0.0057959052620980929 -0.0051556203017411317
leaf_weight=19.118769131600857 16.999231234192848 16.04430727660656 16.695448361337185 58.745339065790176 23.142861232161522 2158.8611031956971 9.0176480896770972 32.936877571046352 15.885599464178084 488.38011092692614 169.13703022152185 125.52718263119459
leaf_count=261 99 142 132 317 102 15660 127 386 198 2280 750 642
internal_value=-7.78608e-06 5.25756e-05 0.00517228 0.00286078 0.00556469 -0.000143471 -0.00571055 0.000824727 -0.0188758 4.05265e-06 0.00156591 -0.000445988
internal_weight=3150.49 3133.49 114.628 98.5836 81.8882 3018.86 76.9589 52.0556 24.9032 2941.91 657.517 2284.39
internal_count=21096 20997 693 551 419 20304 972 647 325 19332 3030 16302
is_linear=0
shrinkage=0.03


Tree=143
num_leaves=13
num_cat=0
split_feature=14 14 3 5 6 18 5 14 14 17 19 17
split_gain=2.10695 3.28392 2.88489 4.40939 5.35735 2.61862 7.18709 3.11916 2.45898 2.21326 7.20311 6.15357
threshold=55.250000000000007 52.750000000000007 0.83333333333333337 9.1666666666666696 4.7750000000000012 1.4807407407407409 1.1666666666666667 43.250000000000007 42.250000000000007 0.38529014844804327 1.0000000180025095e-35 0.37602459016393447
decision_type=2 2 2 2 2 2 2 2 2 2 2 2
left_child=1 5 3 4 -3 6 7 -1 -8 11 -11 -7
right_child=-2 2 -4 -5 -6 9 8 -9 -10 10 -12 -13
leaf_value=-0.0086313639472922459 -0.010263964879662144 0.010331746166095734 -0.005485547952678812 0.019971454123386405 -0.0054920675735713005 -0.00026211391294612865 -0.0052963958875748797 0.006297115714806574 -0.025522641554164782 0.00077993867155114931 0.014558047108282846 -0.014355581065269615
leaf_weight=18.979302052408457 16.925118319690228 45.921099197119474 18.923404380679131 18.287231653928757 31.829437799751759 2260.6076445616782 8.9767056480050105 33.108945082873106 15.554027706384657 618.64208594709635 35.155229359865189 27.23167909681797
leaf_count=261 99 358 85 78 172 16188 127 386 198 2830 182 132
internal_value=-7.95156e-06 5.07069e-05 0.00500494 0.00710723 0.00386633 -0.000139588 -0.00557858 0.000797528 -0.0186185 3.92552e-06 0.0015419 -0.000436064
internal_weight=3150.14 3133.22 114.961 96.0378 77.7505 3018.26 76.619 52.0882 24.5307 2941.64 653.797 2287.84
internal_count=21096 20997 693 608 530 20304 972 647 325 19332 3012 16320
is_linear=0
shrinkage=0.03


Tree=144
num_leaves=9
num_cat=0
split_feature=7 12 9 3 17 8 18 18
split_gain=2.13283 2.81283 5.49202 2.01438 2.34528 2.71844 2.5812 2.37676
threshold=1.0000000180025095e-35 2.1000000000000005 1.0000000180025095e-35 1.8333333333333337 0.73431372549019625 119.30000000000003 9.144009216589863 17.456439393939394
decision_type=2 2 2 2 2 2 2 2
left_child=1 -1 -3 4 5 7 -6 -2
right_child=3 2 -4 -5 6 -7 -8 -9
leaf_value=-0.018349485195896839 -0.00019282197649915351 -0.013974499388207162 0.014574245567347075 0.010633578261393172 -0.00014682754465647295 0.0076632378548931179 -0.014670137332529729 0.0034499264280303658
leaf_weight=12.12109402194619 2845.4626001901925 12.129305578768255 10.273319467902182 15.178401947021483 23.978083454072475 41.396582797169685 19.402387827634811 169.87921550869942
leaf_count=203 19426 187 111 65 144 171 83 706
internal_value=-8.03739e-06 -0.00731738 -0.000819367 7.52869e-05 2.01804e-05 0.000119551 -0.00682673 1.348e-05
internal_weight=3149.82 34.5237 22.4026 3115.3 3100.12 3056.74 43.3805 3015.34
internal_count=21096 501 298 20595 20530 20303 227 20132
is_linear=0
shrinkage=0.03


Tree=145
num_leaves=13
num_cat=0
split_feature=14 9 17 10 10 12 13 21 9 13 7 14
split_gain=2.03853 2.29354 2.0926 3.59886 3.32809 3.90336 2.8243 4.84134 4.12738 3.30925 2.76909 2.36855
threshold=35.750000000000007 2.7750000000000004 0.072077922077922088 10.450000000000001 8.3666666666666689 3.7750000000000004 1.9000000000000001 1.0000000180025095e-35 9.4500000000000011 1.1000000000000003 130.16666666666671 53.250000000000007
decision_type=2 2 2 2 2 2 2 2 2 2 2 2
left_child=1 -1 3 4 5 -2 7 9 -9 -4 11 -8
right_child=2 -3 6 -5 -6 -7 10 8 -10 -11 -12 -13
leaf_value=-0.014386430236965319 -0.0023768960781961499 -0.0001003475110733547 0.004913551687785441 0.012796112101433022 -0.017808273689549872 0.0088083573357569164 0.00067105147010307657 0.0028976565546746306 -0.0088537165593529504 -0.0044320348923979347 0.010154329733166574 0.0066316750879443203
leaf_weight=17.743017841130495 464.72026688233018 21.999258726835251 37.081856280565262 14.073041960597036 10.845063745975493 28.907388713210821 1840.316851940006 256.72792053222656 29.059132248163223 338.40972404554486 28.343373328447342 61.042163662612438
leaf_count=181 4599 158 236 63 57 248 11258 1602 127 2107 118 342
internal_value=-7.93996e-06 -0.00667496 7.93885e-05 -0.00165837 -0.00208611 -0.00170539 0.00042768 -0.00126304 0.00167606 -0.00349851 0.00100742 0.0008658
internal_weight=3149.27 39.7423 3109.53 518.546 504.473 493.628 2590.98 661.279 285.787 375.492 1929.7 1901.36
internal_count=21096 339 20757 4967 4904 4847 15790 4072 1729 2343 11718 11600
is_linear=0
shrinkage=0.03


Tree=146
num_leaves=11
num_cat=0
split_feature=14 14 8 8 0 5 8 18 18 16
split_gain=2.04607 2.9809 3.50241 3.68668 4.43436 2.43318 4.93674 4.80402 4.21061 4.183
threshold=55.250000000000007 52.750000000000007 14.900000000000002 28.633333333333336 0.58333333333333337 4.166666666666667 45.708333333333336 3.0106382978723407 3.5729483282674779 20.500000000000004
decision_type=2 2 2 2 2 2 2 2 2 2
left_child=1 5 -3 -4 -5 6 9 -7 -9 -1
right_child=-2 2 3 4 -6 7 -8 8 -10 -11
leaf_value=0.00047446754432785835 -0.010127850354831984 0.017192235990818022 -0.0099279416063129348 0.0094786444779034491 -0.0057949576246679275 0.014061655209685942 -0.013668952516393813 -0.0093294811485649248 0.00047474134779541404 -0.0038147805715261843
leaf_weight=587.8306676261127 16.878206819295883 16.387242380529642 16.679621003568172 59.18724961578846 23.122935980558395 22.03276265412569 27.654622077941895 39.206437140703201 2027.1616732478142 312.74925844557583
leaf_count=5825 99 142 132 317 102 172 176 287 10929 2915
internal_value=-7.784e-06 4.99676e-05 0.0047613 0.00255206 0.00516986 -0.000131744 -0.00140888 0.00043631 0.000284297 -0.00101766
internal_weight=3148.89 3132.01 115.377 98.9898 82.3102 3016.64 928.235 2088.4 2066.37 900.58
internal_count=21096 20997 693 551 419 20304 8916 11388 11216 8740
is_linear=0
shrinkage=0.03


Tree=147
num_leaves=8
num_cat=0
split_feature=7 12 9 3 17 7 1
split_gain=2.015 2.70879 5.19638 1.9031 2.2345 2.53773 2.17385
threshold=1.0000000180025095e-35 2.1000000000000005 1.0000000180025095e-35 1.8333333333333337 0.75735294117647067 139.16666666666671 0.70833333333333337
decision_type=2 2 2 2 2 2 2
left_child=1 -1 -3 4 5 6 -2
right_child=3 2 -4 -5 -6 -7 -8
leaf_value=-0.018081393135345066 -0.00013540590516930183 -0.013731200067110903 0.014037444656697401 0.010339807473108864 -0.0075649260857092214 0.010955230011853381 0.0037737959849854699
leaf_weight=11.909431826323269 2914.4121175445616 11.979266852140428 10.387912832200525 15.164925828576086 33.571391083300114 18.278124615550041 132.90576755255461
leaf_count=203 19706 187 111 65 185 76 563
internal_value=-7.74912e-06 -0.00713743 -0.000785876 7.29866e-05 1.94297e-05 0.000104926 3.62721e-05
internal_weight=3148.61 34.2766 22.3672 3114.33 3099.17 3065.6 3047.32
internal_count=21096 501 298 20595 20530 20345 20269
is_linear=0
shrinkage=0.03


Tree=148
num_leaves=11
num_cat=0
split_feature=14 14 8 5 8 5 8 16 16 7
split_gain=1.94554 2.80773 3.26401 3.19863 4.51981 2.24973 4.70431 3.9581 3.89693 2.56454
threshold=55.250000000000007 52.750000000000007 14.900000000000002 9.1666666666666696 27.900000000000002 4.166666666666667 45.708333333333336 20.500000000000004 58.500000000000007 15.41666666666667
decision_type=2 2 2 2 2 2 2 2 2 2
left_child=1 5 -3 4 -4 6 7 -1 9 -7
right_child=-2 2 3 -5 -6 8 -8 -9 -10 -11
leaf_value=0.00047379986071228639 -0.009896146412787998 0.016540491132386283 -0.014920239086162673 0.010392365429842093 0.0030519454859326495 -0.0077905278833677828 -0.013373925782272861 -0.0037026903461526779 0.010535314691833424 0.00039129517474507149
leaf_weight=587.81450620293617 16.805405206978321 16.580953266471624 15.415403574705122 30.484646141529083 53.17176328599453 34.077629908919334 27.427730232477188 311.7981086820364 32.711370259523392 2021.8135483413935
leaf_count=5825 99 142 125 129 297 284 176 2915 155 10949
internal_value=-7.55792e-06 4.86558e-05 0.00461545 0.0024743 -0.00114378 -0.000127957 -0.00135706 -0.00097624 0.000417976 0.000251955
internal_weight=3148.1 3131.3 115.653 99.0718 68.5872 3015.64 927.04 899.613 2088.6 2055.89
internal_count=21096 20997 693 551 422 20304 8916 8740 11388 11233
is_linear=0
shrinkage=0.03


Tree=149
num_leaves=15
num_cat=0
split_feature=14 9 15 6 13 8 16 13 0 9 16 11 13 11
split_gain=1.92276 2.19279 2.03907 3.44244 4.28476 3.39581 7.87846 3.27468 3.24472 9.01365 6.67777 6.45047 5.63019 5.54927
threshold=35.750000000000007 2.7750000000000004 1.0000000180025095e-35 1.9000000000000001 2.9000000000000004 8.7083333333333339 9.5000000000000018 2.7750000000000004 1.0000000180025095e-35 1.1000000000000003 34.500000000000007 0.21530634834361745 1.9000000000000001 0.050185432329250677
decision_type=2 2 2 2 2 2 2 2 2 2 2 2 2 2
left_child=1 -1 3 4 -2 6 -5 -7 10 -10 13 -12 -11 -4
right_child=2 -3 8 5 -6 7 -8 -9 9 12 11 -13 -14 -15
leaf_value=-0.014097743433684145 -0.009040755254800378 -8.7359081863603571e-05 -0.0036585687779591503 0.020750716004593498 0.0060575324693735149 0.00036934611753687774 -0.0047654899950560405 -0.0028451042338349997 0.010623483778782595 -0.0034709732390681884 -0.0099671202022989062 0.0084736298543479412 0.0025222470299563256 0.002434809981794015
leaf_weight=17.543679378926754 82.0311842225492 21.988020420074463 189.73316461592913 20.644463747739792 20.491801410913467 959.28469118475914 21.310444545000792 404.81923183053732 97.885485276579857 189.34080772846937 102.98967745341361 19.627996355295181 544.41769447177649 455.4691451638937
leaf_count=181 1060 158 1833 231 252 6074 254 2493 620 999 757 93 2844 3247
internal_value=-7.48655e-06 -0.00649941 7.71492e-05 -0.000713827 -0.00599362 -0.000324864 0.00798088 -0.000585978 0.000823161 0.00212038 -0.000582813 -0.00697055 0.000973123 0.000640055
internal_weight=3147.58 39.5317 3108.05 1508.58 102.523 1406.06 41.9549 1364.1 1599.46 831.644 767.82 122.618 733.759 645.202
internal_count=21096 339 20757 10364 1312 9052 485 8567 10393 4463 5930 850 3843 5080
is_linear=0
shrinkage=0.03


Tree=150
num_leaves=15
num_cat=0
split_feature=7 19 17 15 6 6 3 17 17 18 8 10 5 18
split_gain=1.89179 2.52916 2.52203 1.89017 2.91265 5.83284 2.98055 2.82952 5.21526 4.97972 8.57785 5.16605 3.44886 1.21173
threshold=1.0000000180025095e-35 1.0000000180025095e-35 1.0000000180025095e-35 1.0000000180025095e-35 22.500000000000004 20.900000000000002 1.1666666666666667 0.57259953161592514 0.63299319727891168 9.0108695652173925 90.63333333333334 4.5500000000000007 14.41666666666667 1.0384615384615385
decision_type=2 2 2 2 2 2 2 2 2 2 2 2 2 2
left_child=1 13 -3 7 5 6 -5 9 -9 10 -2 -11 -10 -1
right_child=3 2 -4 4 -6 -7 -8 8 12 11 -12 -13 -14 -15
leaf_value=0.0088344635462775396 -0.0010840732964788726 -0.023743448291337586 -0.0002272776227099465 0.00050528512564918708 -0.0086603736305088108 0.016343696832370819 0.007996194915968112 -0.015399495290347984 0.0067857015549903019 0.0091566161897120562 -0.023649873605270672 0.0006842812986133127 -0.0088751149960714995 -0.0061715550240038471
leaf_weight=8.3367367088794726 1053.1095567122102 10.016738153994085 6.5727948453277341 1505.0312189757824 27.84459425508976 20.878298074007034 48.382313162088394 31.704485654830933 28.344764240086079 83.455568432807922 14.385946087539194 278.74977190047503 21.253069117665291 9.0846207216382009
leaf_count=103 8148 176 111 9894 116 87 206 137 153 410 64 1292 88 111
internal_value=-7.3997e-06 -0.0069421 -0.0149689 7.05665e-05 0.000788213 0.000960722 0.00074359 -0.000690382 -0.00609954 -0.000378733 -0.00141003 0.00265622 3.2141e-05 0.00109912
internal_weight=3147.15 34.0109 16.5895 3113.14 1602.14 1574.29 1553.41 1511 81.3023 1429.7 1067.5 362.205 49.5978 17.4214
internal_count=21096 501 287 20595 10303 10187 10100 10292 378 9914 8212 1702 241 214
is_linear=0
shrinkage=0.03


Tree=151
num_leaves=13
num_cat=0
split_feature=14 14 8 0 8 18 5 14 14 16 11 4
split_gain=1.84517 2.62403 3.06016 3.20698 6.92158 2.29955 6.96889 2.90318 2.45345 1.90863 3.1032 1.98589
threshold=55.250000000000007 52.750000000000007 14.900000000000002 0.58333333333333337 27.900000000000002 1.4807407407407409 1.1666666666666667 43.250000000000007 42.250000000000007 58.500000000000007 0.14794078188451593 0.63333333333333341
decision_type=2 2 2 2 2 2 2 2 2 2 2 2
left_child=1 5 -3 4 -4 6 7 -1 -8 11 -11 -7
right_child=-2 2 3 -5 -6 9 8 -9 -10 10 -12 -13
leaf_value=-0.0081909034855847888 -0.0096578869506234455 0.015937089872929598 -0.012859099315716979 -0.0068051441626278833 0.0098955506681694637 -0.00037393510828517758 -0.0049303573576802871 0.0062894993166434272 -0.025256195159164305 -0.0023961475640059543 0.014204282902499211 0.0020157337071855259
leaf_weight=18.649172769859433 16.7314597889781 16.762357890605927 14.059375457465647 24.707709334790707 60.273092269897461 2543.4394050054252 8.8550326786935347 33.09903921186924 15.150178857147692 18.541362047195435 20.709674134850502 355.8847179338336
leaf_count=261 99 142 117 112 322 17544 127 386 198 113 93 1582
internal_value=-7.59742e-06 4.70542e-05 0.00445895 0.00237641 0.00547813 -0.000123862 -0.00525005 0.00101466 -0.0182554 1.00272e-05 0.00649788 -8.00154e-05
internal_weight=3146.86 3130.13 115.803 99.0402 74.3325 3014.33 75.7534 51.7482 24.0052 2938.58 39.251 2899.32
internal_count=21096 20997 693 551 439 20304 972 647 325 19332 206 19126
is_linear=0
shrinkage=0.03


Tree=152
num_leaves=15
num_cat=0
split_feature=14 16 11 17 16 5 18 18 10 13 21 9 9 12
split_gain=1.82495 2.13199 3.29501 1.85062 6.89163 3.60046 6.12536 4.93727 2.7731 2.55061 4.60463 3.97025 3.18314 2.4715
threshold=35.750000000000007 27.500000000000004 0.07892993704174657 0.072077922077922088 26.500000000000004 2.4166666666666674 3.3169856459330149 3.505555555555556 1.9000000000000001 1.9000000000000001 1.0000000180025095e-35 9.4500000000000011 1.1000000000000003 3.5500000000000003
decision_type=2 2 2 2 2 2 2 2 2 2 2 2 2 2
left_child=1 2 -1 4 5 6 -2 -7 -6 10 12 -12 -5 -11
right_child=3 -3 -4 9 8 7 -8 -9 -10 13 11 -13 -14 -15
leaf_value=-0.011308653934368421 0.0013265152765364588 -0.013934142257702408 0.010881966934315417 0.0017081324461494525 -0.019070286750698825 -0.0081266769209733976 0.025201768612166001 9.7327237526391336e-05 -0.0005226955400262068 0.00058417000354592556 0.0028552403848010159 -0.0086784390636497327 -0.0048822380707551211 0.0040837335783745132
leaf_weight=10.893230915069582 179.22820790670812 17.252930454909801 11.199813671410082 84.749361228197813 25.905044574290514 98.231692939996719 9.2329528257250768 194.35599711537361 10.012206170707939 1727.6603256836534 256.80504251271486 29.011040508747101 289.83083918318152 202.04048702865839
leaf_count=123 2120 137 79 643 302 953 96 1380 116 10596 1602 127 1700 1122
internal_value=-7.67609e-06 -0.00634704 -7.52808e-05 7.4618e-05 -0.00156244 -0.000602525 0.00262304 -0.00268203 -0.0140542 0.00040184 -0.00120622 0.00165837 -0.00339058 0.000952501
internal_weight=3146.41 39.346 22.093 3107.06 516.966 481.049 188.461 292.588 35.9173 2590.1 660.396 285.816 374.58 1929.7
internal_count=21096 339 202 20757 4967 4549 2216 2333 418 15790 4072 1729 2343 11718
is_linear=0
shrinkage=0.03


Tree=153
num_leaves=14
num_cat=0
split_feature=8 19 12 16 13 13 8 8 11 11 11 11 8
split_gain=1.81111 5.49798 1.85334 4.63784 3.45437 3.1667 3.1152 2.9536 2.11637 8.64138 3.6614 1.84574 3.59734
threshold=1.0000000180025095e-35 1.0000000180025095e-35 2.7083333333333335 1.0000000180025095e-35 1.1000000000000003 1.9000000000000001 112.10000000000001 99.100000000000009 0.12262749278000847 0.11561550395917512 0.13204304339214826 0.0604578041480145 45.225000000000009
decision_type=2 2 2 2 2 2 2 2 2 2 2 2 2
left_child=1 -1 4 -4 11 7 -7 -6 9 -5 -10 -2 -13
right_child=2 -3 3 8 5 6 -8 -9 10 -11 -12 12 -14
leaf_value=0.0058396721712478741 -0.0016963760480214205 -0.02220881391903257 -0.011328126784012717 0.0010496441561569747 -0.0022209622200599116 -0.00016973650339624982 0.0097881136416697045 -0.013059600823635421 0.012185278896044625 -0.016874910276330427 0.0021858354647581696 0.019683375340670429 0.0011911270921332842
leaf_weight=12.086912930011749 15.017422921955584 11.412643471732736 25.209248118102551 510.56937019154429 460.65119900926948 1568.01670717448 27.793491959571838 22.865770488977432 35.048512823879719 24.40874570608139 395.97872503101826 18.387857802212238 18.771716229617596
leaf_count=145 122 207 192 3664 3272 10798 114 95 196 148 1914 139 90
internal_value=-7.76459e-06 -0.00813267 5.59621e-05 0.00112706 -0.000442426 -0.000635224 9.71597e-06 -0.00275942 0.00146347 0.000201866 0.00302525 0.00710829 0.0106178
internal_weight=3146.22 23.4996 3122.72 991.215 2131.5 2079.33 1595.81 483.517 966.005 534.978 431.027 52.177 37.1596
internal_count=21096 352 20744 6114 14630 14279 10912 3367 5922 3812 2110 351 229
is_linear=0
shrinkage=0.03


Tree=154
num_leaves=14
num_cat=0
split_feature=14 14 6 18 3 18 6 13 11 16 11 5 10
split_gain=1.76437 2.41187 2.4962 6.64854 2.51765 2.18753 6.72318 4.02302 1.81903 1.78171 2.91893 1.91881 1.72278
threshold=55.250000000000007 52.750000000000007 4.7750000000000012 6.5571895424836608 0.58333333333333337 1.4807407407407409 1.1000000000000003 2.2916666666666674 0.032030801883743069 58.500000000000007 0.14794078188451593 19.833333333333339 1.0000000180025095e-35
decision_type=2 2 2 2 2 2 2 2 2 2 2 2 2
left_child=1 5 12 -4 -5 6 7 -1 -8 11 -11 -7 -3
right_child=-2 2 3 4 -6 9 8 -9 -10 10 -12 -13 -14
leaf_value=-0.0077451490784877838 -0.0094603835614585595 0.015354983488148238 -0.013910343337262538 0.012956195965810545 -0.00050563032745598189 0.00010600688049084082 -0.0053725362433371948 0.010028495406573374 -0.021027879468606618 -0.0023608757345510377 0.013728263959293755 -0.0033600619862971634 0.0038709426292716093
leaf_weight=19.359740875661373 16.671953961253166 22.385370098054409 19.340511731803417 24.786788001656532 24.132358580827713 2747.6424830276519 11.183176290243866 25.312521982938051 19.580686368048191 18.526168614625931 20.785033881664276 150.6803143620491 25.485415555536747
leaf_count=255 99 170 113 112 103 18501 158 301 258 113 93 625 195
internal_value=-7.77783e-06 4.55906e-05 0.0042692 0.000555121 0.00643823 -0.000118559 -0.00512895 0.00232495 -0.0156852 1.18053e-05 0.00627547 -7.52866e-05 0.00944543
internal_weight=3145.87 3129.2 116.13 68.2597 48.9191 3013.07 75.4361 44.6723 30.7639 2937.63 39.3112 2898.32 47.8708
internal_count=21096 20997 693 328 215 20304 972 556 416 19332 206 19126 365
is_linear=0
shrinkage=0.03


Tree=155
num_leaves=10
num_cat=0
split_feature=3 17 18 14 8 14 8 18 7
split_gain=1.76619 2.23782 2.52502 5.73287 6.32515 4.17096 3.28684 2.37547 2.21214
threshold=1.8333333333333337 0.73431372549019625 17.456439393939394 44.750000000000007 92.300000000000026 42.750000000000007 119.30000000000003 9.144009216589863 115.16666666666667
decision_type=2 2 2 2 2 2 2 2 2
left_child=1 2 6 5 -5 -4 8 -3 -1
right_child=-2 7 3 4 -6 -7 -8 -9 -10
leaf_value=-0.00016889730410255091 0.00988779806173898 -0.00035328024124082927 0.0032786479457159673 0.017630883557646318 0.0014267139355505526 -0.0088169980590151065 0.012465873924395429 -0.014288452813704194 -0.0074193751044960062
leaf_weight=2838.8237405177206 15.149911612272261 24.095416143536568 67.135643608868122 40.027458563446999 46.382776364684105 40.184965163469315 17.366489768028259 19.353148087859154 37.385637126863003
leaf_count=19771 65 145 284 163 191 168 71 83 155
internal_value=-7.70861e-06 -5.87355e-05 3.74753e-05 0.00334419 0.00904873 -0.00129001 -0.000184995 -0.00674219 -0.000265687
internal_weight=3145.91 3130.76 3087.31 193.731 86.4102 107.321 2893.58 43.4486 2876.21
internal_count=21096 21031 20803 806 354 452 19997 228 19926
is_linear=0
shrinkage=0.03


Tree=156
num_leaves=13
num_cat=0
split_feature=7 12 11 15 17 2 13 17 12 6 6 3
split_gain=1.74173 2.63606 4.62098 1.78461 2.68928 6.87632 5.07485 5.17193 3.78358 2.68159 5.53766 2.7297
threshold=1.0000000180025095e-35 2.1000000000000005 0.019325074203122985 1.0000000180025095e-35 0.57259953161592514 0.68333333333333346 2.7083333333333335 0.63299319727891168 4.1000000000000005 22.500000000000004 20.900000000000002 1.1666666666666667
decision_type=2 2 2 2 2 2 2 2 2 2 2 2
left_child=1 -1 -3 4 5 8 7 -6 -2 10 11 -5
right_child=3 2 -4 9 6 -7 -8 -9 -10 -11 -12 -13
leaf_value=-0.017659632760642544 -0.00045157388175508147 -0.012115467426679041 0.014334268109290508 0.00049025096918175776 -0.022921142476513719 0.014108930311062928 0.0034174690728936575 -0.0034260731275359384 -0.011954640758475651 -0.0083063580365602477 0.015925631006355245 0.0076581216308001339
leaf_weight=11.575374420732258 1375.4530045688152 12.440774887800218 9.6600972525775415 1504.8402908332646 20.69655966758728 27.930970668792725 31.503172568976879 29.098271116614342 25.228473037481308 27.815449982881546 20.857852786779404 48.395284250378609
leaf_count=203 9636 198 100 9894 90 118 144 144 160 116 87 206
internal_value=-7.35327e-06 -0.00669372 -0.000434468 6.7134e-05 -0.000672632 -0.000368587 -0.00594608 -0.0118207 -0.000667143 0.0007644 0.000929859 0.000718369
internal_weight=3145.5 33.6762 22.1009 3111.82 1509.91 1428.61 81.298 49.7948 1400.68 1601.91 1574.09 1553.24
internal_count=21096 501 298 20595 10292 9914 378 234 9796 10303 10187 10100
is_linear=0
shrinkage=0.03


Tree=157
num_leaves=11
num_cat=0
split_feature=14 16 11 14 14 8 18 17 16 17
split_gain=1.71367 2.05165 3.12037 1.71341 2.18443 2.78876 2.98606 2.05534 6.83617 5.62262
threshold=35.750000000000007 27.500000000000004 0.07892993704174657 55.250000000000007 52.750000000000007 14.900000000000002 8.4202037351443142 0.38529014844804327 5.5000000000000009 0.37602459016393447
decision_type=2 2 2 2 2 2 2 2 2 2
left_child=1 2 -1 4 7 -6 -7 9 -9 -2
right_child=3 -3 -4 -5 5 6 -8 8 -10 -11
leaf_value=-0.011044738286180035 -0.00028794304755816452 -0.013652175989287229 0.010576911461358052 -0.0092605369615802735 0.014997152002803299 -0.001682006880687643 0.0091081958704750578 -0.0051172595523763832 0.0028906071504223017 -0.01385869356325254
leaf_weight=10.77994165197015 2296.1775681078434 17.095976553857327 11.258358411490915 16.604560934007168 17.050854355096817 64.558953113853931 34.719016939401627 115.95350659638643 534.14298139512539 26.811047911643982
leaf_count=123 16823 137 79 99 142 402 149 657 2355 130
internal_value=-7.38228e-06 -0.0061668 -1.95675e-05 7.21832e-05 0.000125324 0.0041403 0.00214469 -3.31108e-05 0.00145663 -0.000450467
internal_weight=3145.15 39.1343 22.0383 3106.02 3089.41 116.329 99.278 2973.09 650.096 2322.99
internal_count=21096 339 202 20757 20658 693 551 19965 3012 16953
is_linear=0
shrinkage=0.03


Tree=158
num_leaves=15
num_cat=0
split_feature=8 19 12 7 7 7 11 10 14 11 13 13 8 8
split_gain=1.68259 5.20776 1.69798 4.25081 6.1993 6.03487 6.32804 6.02169 5.1521 3.67653 3.24162 2.95188 2.94331 2.77612
threshold=1.0000000180025095e-35 1.0000000180025095e-35 2.7083333333333335 36.416666666666679 16.833333333333339 43.416666666666679 0.0075498575498575511 4.1000000000000005 44.750000000000007 0.042500730644272851 1.1000000000000003 1.9000000000000001 112.10000000000001 99.100000000000009
decision_type=2 2 2 2 2 2 2 2 2 2 2 2 2 2
left_child=1 -1 10 4 7 8 -7 -4 -5 -6 -2 13 -13 -12
right_child=2 -3 3 5 9 6 -8 -9 -10 -11 11 12 -14 -15
leaf_value=0.005570856989477505 0.0068757738948574953 -0.021881124083167204 0.004809411736688785 5.4169589132042984e-05 0.0027494537882522723 -0.014233771280199224 0.0022655979851014473 -0.016553508302876913 0.016399563277640385 -0.0061174986703324968 -0.0021414681669838843 -0.0001628465075127336 0.0095180427007572985 -0.012658751398267479
leaf_weight=12.159369461238384 52.391884200274944 11.080752316862345 156.2689970433712 26.836852498352528 52.903697472065687 20.884698770940304 478.53116292506456 11.871388688683508 48.158553257584572 195.75688288360834 459.78502860292792 1567.3599989712238 27.783719897270203 22.822950288653374
leaf_count=145 351 207 1500 152 383 97 2194 94 267 1427 3272 10798 114 95
internal_value=-7.38279e-06 -0.0078808 5.37441e-05 0.00107886 -0.00122582 0.0027504 0.00154856 0.00321215 0.0106281 -0.00422756 -0.000423553 -0.000610829 1.16297e-05 -0.00266399
internal_weight=3144.6 23.2401 3121.36 991.212 416.801 574.411 499.416 168.14 74.9954 248.661 2130.14 2077.75 1595.14 482.608
internal_count=21096 352 20744 6114 3404 2710 2291 1594 419 1810 14630 14279 10912 3367
is_linear=0
shrinkage=0.03


Tree=159
num_leaves=9
num_cat=0
split_feature=3 17 2 3 12 17 17 18
split_gain=1.64198 2.11374 2.70778 4.15403 6.49208 2.47756 5.35782 2.30085
threshold=1.8333333333333337 0.73431372549019625 0.64583333333333337 1.1666666666666667 3.2250000000000005 0.58411949685534603 0.51787994891443179 9.144009216589863
decision_type=2 2 2 2 2 2 2 2
left_child=1 2 5 4 -4 6 -1 -3
right_child=-2 7 3 -5 -6 -7 -8 -9
leaf_value=-0.00025973063393988887 0.0095409920461419183 -0.00027043364479688135 0.0023721433022864074 -0.0055618623302513487 0.020134071381560148 -0.0077084797804072899 0.007437906106836068 -0.013996912117705783
leaf_weight=2850.042309705168 15.12527187168598 24.051648788154125 62.740311160683632 27.276931524276733 25.473157741129398 37.415285304188728 82.77081348747015 19.300826445221901
leaf_count=19791 65 145 276 114 106 165 351 83
internal_value=-7.52844e-06 -5.67174e-05 3.67362e-05 0.00452347 0.0076694 -0.000139184 -4.00242e-05 -0.00655936
internal_weight=3144.2 3129.07 3085.72 115.49 88.2135 2970.23 2932.81 43.3525
internal_count=21096 21031 20803 496 382 20307 20142 228
is_linear=0
shrinkage=0.03


Tree=160
num_leaves=13
num_cat=0
split_feature=14 14 8 0 18 18 5 14 14 16 11 5
split_gain=1.61901 2.12065 2.57705 3.01328 5.84836 2.03522 6.52785 2.67823 2.46685 1.64616 2.7362 1.87326
threshold=55.250000000000007 52.750000000000007 14.900000000000002 0.58333333333333337 8.4202037351443142 1.4807407407407409 1.1666666666666667 43.250000000000007 42.250000000000007 58.500000000000007 0.14794078188451593 19.833333333333339
decision_type=2 2 2 2 2 2 2 2 2 2 2 2
left_child=1 5 -3 4 -4 6 7 -1 -8 11 -11 -7
right_child=-2 2 3 -5 -6 9 8 -9 -10 10 -12 -13
leaf_value=-0.007866745248748511 -0.0090960029715518101 0.014368411394757022 0.00016021242031356419 -0.0068389349659914028 0.019268002264213099 0.00011030759722411546 -0.0043744212825505783 0.0060855162675599378 -0.024915005336595401 -0.002340863994451802 0.013230958018856086 -0.0033162109724150608
leaf_weight=18.410021264106035 16.540850684046745 17.249839428812265 56.16903917491436 24.664814561605453 18.401960402727127 2745.9201678466052 8.678108289837839 33.241934167221189 14.656609464436768 18.496855728328228 20.845397636294365 150.51428543031216
leaf_count=261 99 142 359 112 80 18501 127 386 198 113 93 625
internal_value=-7.19915e-06 4.37663e-05 0.00399791 0.00206988 0.00506803 -0.000110495 -0.0049579 0.00105763 -0.0177697 1.4965e-05 0.00603328 -6.88358e-05
internal_weight=3143.79 3127.25 116.486 99.2358 74.571 3010.76 74.9867 51.652 23.3347 2935.78 39.3423 2896.43
internal_count=21096 20997 693 551 439 20304 972 647 325 19332 206 19126
is_linear=0
shrinkage=0.03


Tree=161
num_leaves=15
num_cat=0
split_feature=10 8 7 5 18 2 18 12 14 4 4 13 2 18
split_gain=1.62529 4.35914 4.52186 4.13404 3.43401 9.66957 5.61199 5.60983 5.34825 3.23464 3.14336 3.29114 8.6457 4.36543
threshold=9.9000000000000021 92.300000000000026 110.16666666666667 14.583333333333334 11.254032258064518 0.41428571428571431 10.300943396226417 2.7750000000000004 45.250000000000007 0.77500000000000013 1.0000000180025095e-35 2.2916666666666674 0.58571428571428574 17.654211956521742
decision_type=2 2 2 2 2 2 2 2 2 2 2 2 2 2
left_child=3 10 -3 4 6 8 -1 -8 -6 -4 -2 13 -13 -12
right_child=1 2 9 -5 5 -7 7 -9 -10 -11 11 12 -14 -15
leaf_value=-0.00021566237604391374 0.012273208011563426 -0.0074132341620344001 -0.0048462292324952284 -0.013803052112816303 -0.015609255370244034 0.010495392075484221 0.014302950941697897 -0.0032356209583104911 -0.00037886426617422033 0.0077452977646593306 -0.0036724616100368944 0.0093007700289751746 -0.0064655672322530911 0.0072582492261600781
leaf_weight=2423.6463850531727 31.440481916069984 82.669376477599144 29.78188593685627 19.276569008827209 55.318028055131435 26.114693120121956 46.518861167132854 24.591033942997456 32.93738729506731 44.790528550744057 115.82926252484322 125.31321853399277 40.822963953018188 44.769690364599228
leaf_count=17837 146 344 122 88 327 114 227 112 174 186 515 547 170 187
internal_value=-7.10888e-06 0.00153157 -0.00262115 -0.000309305 -0.000204361 -0.00526446 2.96311e-05 0.00827705 -0.00999312 0.00271905 0.00335687 0.00246406 0.00541116 -0.000599281
internal_weight=3143.82 515.417 157.242 2628.4 2609.13 114.37 2494.76 71.1099 88.2554 74.5724 358.176 326.735 166.136 160.599
internal_count=21096 2217 652 18879 18791 615 18176 339 501 308 1565 1419 717 702
is_linear=0
shrinkage=0.03


Tree=162
num_leaves=12
num_cat=0
split_feature=8 19 14 16 15 13 17 0 9 16 6
split_gain=1.60989 5.01229 1.61083 1.98827 1.71264 2.61987 3.28994 2.51916 8.55437 6.33508 0.809884
threshold=1.0000000180025095e-35 1.0000000180025095e-35 35.750000000000007 27.500000000000004 1.0000000180025095e-35 3.9000000000000004 0.57259953161592514 1.0000000180025095e-35 1.1000000000000003 43.500000000000007 4.7750000000000012
decision_type=2 2 2 2 2 2 2 2 2 2 2
left_child=1 -1 3 10 5 6 -4 9 -9 -6 -2
right_child=2 -3 4 -5 7 -7 -8 8 -10 -11 -12
leaf_value=0.0053608929698474713 -0.0054136260026812887 -0.021665437818125841 -0.00045293097129068958 -0.013351412585040036 0.00037507083039316712 0.0077559135906205244 -0.0068598132244747853 0.010216467070160643 0.00083409805054434228 -0.0097061232027626093 0.0056267195288624266
leaf_weight=12.221506204456091 10.953868109732868 10.869561215862632 1388.1083491779864 16.925145111978054 693.85741481930017 32.048197135329247 75.101200573146343 98.327050529420376 734.02662219107151 60.0304896235466 10.966479077935217
leaf_count=145 131 207 9651 137 5352 197 350 619 3843 395 69
internal_value=-6.924e-06 -0.00773233 5.27042e-05 -0.00594064 0.000130159 -0.000598086 -0.000786233 0.000816578 0.00195338 -0.000439468 0.000114233
internal_weight=3143.44 23.0911 3120.34 38.8455 3081.5 1495.26 1463.21 1586.24 832.354 753.888 21.9203
internal_count=21096 352 20744 337 20407 10198 10001 10209 4462 5747 200
is_linear=0
shrinkage=0.03


Tree=163
num_leaves=9
num_cat=0
split_feature=3 17 18 14 8 14 8 8
split_gain=1.56333 1.99651 2.36682 5.56521 5.26661 4.50405 2.97412 2.14713
threshold=1.8333333333333337 0.75735294117647067 17.456439393939394 44.750000000000007 92.300000000000026 42.750000000000007 119.30000000000003 107.10000000000001
decision_type=2 2 2 2 2 2 2 2
left_child=1 2 6 5 -5 -4 7 -1
right_child=-2 -3 3 4 -6 -7 -8 -9
leaf_value=-0.00017970733143105776 0.0093142649843788068 -0.0072298968121001141 0.0033676684933588094 0.016573554095347456 0.0019192065722977503 -0.0091353296606450883 0.011853312878370841 -0.0078487532913715241
leaf_weight=2848.3627991527319 15.110454916954039 33.520077116787434 67.883996725082397 40.480079457163811 47.812877014279366 40.615268930792809 17.333486005663872 32.240778803825378
leaf_count=19822 65 186 287 165 197 170 71 133
internal_value=-7.05818e-06 -5.50453e-05 2.49783e-05 0.00320014 0.00874822 -0.00135335 -0.000191669 -0.000268236
internal_weight=3143.36 3128.25 3094.73 196.792 88.293 108.499 2897.94 2880.6
internal_count=21096 21031 20845 819 362 457 20026 19955
is_linear=0
shrinkage=0.03


Tree=164
num_leaves=14
num_cat=0
split_feature=7 12 11 15 16 13 10 7 4 1 6 6 3
split_gain=1.54472 2.56425 4.13359 1.5778 2.55347 5.40405 4.23323 3.93374 3.36195 3.67183 2.47773 5.23244 2.50251
threshold=1.0000000180025095e-35 2.1000000000000005 0.0061553030303030309 1.0000000180025095e-35 43.500000000000007 2.5500000000000003 0.55000000000000016 36.416666666666679 1.1000000000000003 0.70833333333333337 22.500000000000004 20.900000000000002 1.1666666666666667
decision_type=2 2 2 2 2 2 2 2 2 2 2 2 2
left_child=1 -1 -3 4 8 7 -7 -6 9 -2 11 12 -5
right_child=3 2 -4 10 5 6 -8 -9 -10 -11 -12 -13 -14
leaf_value=-0.01730515677088653 -0.0011541800732298719 -0.012399210142680195 0.012556451952693804 0.00045360235202911658 0.016252038406654689 0.0024047816660941368 -0.011911050619609537 0.0032909521417164886 -0.010771389229698804 0.0073271365479622682 -0.0080090795186173614 0.015463445024174186 0.0073179283104471303
leaf_weight=11.305421035736797 1256.7414653487504 11.194668289273979 10.709536857903002 1504.7617809139192 30.178338341414928 47.259800594300032 29.365793280303478 67.236809246242046 30.460455939173698 46.693087130784988 27.760293215513229 20.82997365295887 48.376738741993904
leaf_count=203 8961 187 111 9894 230 269 166 313 128 225 116 87 206
internal_value=-6.67438e-06 -0.00634679 -0.000182238 6.30534e-05 -0.000633187 0.00277445 -0.00316435 0.00743052 -0.00107954 -0.000844969 0.000718509 0.000877427 0.000671982
internal_weight=3142.87 33.2096 21.9042 3109.66 1507.94 174.041 76.6256 97.4151 1333.9 1303.43 1601.73 1573.97 1553.14
internal_count=21096 501 298 20595 10292 978 435 543 9314 9186 10303 10187 10100
is_linear=0
shrinkage=0.03


Tree=165
num_leaves=13
num_cat=0
split_feature=14 14 14 3 11 17 17 13 17 16 14 10
split_gain=1.53892 2.03261 7.63721 7.06761 6.3054 5.71205 6.93351 4.04862 3.04245 6.39948 4.4971 2.05296
threshold=55.250000000000007 50.250000000000007 49.250000000000007 0.83333333333333337 0.24011687348865743 0.36899313501144165 0.06186224489795919 2.4500000000000006 0.072077922077922088 26.500000000000004 44.750000000000007 4.6333333333333337
decision_type=2 2 2 2 2 2 2 2 2 2 2 2
left_child=1 2 8 4 7 6 -4 -3 9 -1 -10 -5
right_child=-2 3 5 11 -6 -7 -8 -9 10 -11 -12 -13
leaf_value=-0.0011551025246629028 -0.0088854193905936029 0.0064845515781583674 0.004098730739205695 -0.014543854548444134 0.017893894001185288 0.0020175809891599564 -0.018737984704347829 -0.0011278066243809875 -0.0005596440835235792 -0.01476505478365055 0.0021730048240904834 -0.0021205566205235544
leaf_weight=411.25369044393301 16.471114836633205 123.23267054930329 15.204567542299626 22.902777202427387 26.082428649067879 31.459145449101925 50.165634613484144 126.81489229947329 1363.1397093459964 32.660508053377271 898.44739954918623 24.788808420300484
leaf_count=4013 99 813 140 107 111 143 328 830 8644 387 5375 106
internal_value=-6.51096e-06 4.30968e-05 -0.000217226 0.00228965 0.00413543 -0.0084518 -0.0134446 0.00263473 8.05011e-05 -0.00218738 0.00052642 -0.00826272
internal_weight=3142.62 3126.15 2802.33 323.822 276.13 96.8293 65.3702 250.048 2705.5 443.914 2261.59 47.6916
internal_count=21096 20997 19030 1967 1754 611 468 1643 18419 4400 14019 213
is_linear=0
shrinkage=0.03


Tree=166
num_leaves=15
num_cat=0
split_feature=14 16 11 11 11 11 3 17 17 16 12 17 17 10
split_gain=1.51477 1.88195 2.91518 1.59727 9.58429 6.32838 6.01058 6.32287 5.82937 5.59903 4.11184 4.10121 5.90854 5.35407
threshold=35.750000000000007 27.500000000000004 0.07892993704174657 0.12159762664070815 0.13403056098620617 0.11475881437993106 0.83333333333333337 0.57259953161592514 0.35355392156862753 20.500000000000004 2.3666666666666671 0.26365441906653431 0.13976744186046516 1.0000000180025095e-35
decision_type=2 2 2 2 2 2 2 2 2 2 2 2 2 2
left_child=1 2 -1 5 11 6 7 -2 10 -8 -7 12 -5 -13
right_child=3 -3 -4 4 -6 8 9 -9 -10 -11 -12 13 -14 -15
leaf_value=-0.010724358331700283 -0.00040842328072037196 -0.013084088433619441 0.0102155032078184 0.013890333807752878 -5.5428512589936078e-05 0.0032382059651510121 0.00019723691402377319 -0.016291144594121648 -0.020593169340972654 0.012495705481395817 -0.012115763395610712 -0.00037154027131214106 -0.0030032004130286357 0.018035132682158839
leaf_weight=10.63584288582206 1519.6667504273355 16.774530660361052 11.317881941795347 28.31669595092535 1192.4580182433128 35.66056889295578 70.854448325932026 21.899701252579689 24.166079141199589 61.939302824437618 26.601670637726784 19.363406114280224 50.392901211977005 52.157948896288872
leaf_count=123 12445 137 79 207 6167 244 348 104 115 268 185 115 324 235
internal_value=-6.71074e-06 -0.00582752 4.5588e-05 6.77808e-05 0.000846825 -0.000526422 -0.000115494 -0.00064447 -0.00839488 0.00598416 -0.00340963 0.00796147 0.00317246 0.0131154
internal_weight=3142.21 38.7283 21.9537 3103.48 1342.69 1760.79 1674.36 1541.57 86.4283 132.794 62.2622 150.231 78.7096 71.5214
internal_count=21096 339 202 20757 7048 13709 13165 12549 544 616 429 881 531 350
is_linear=0
shrinkage=0.03


Tree=167
num_leaves=7
num_cat=0
split_feature=3 17 7 12 7 13
split_gain=1.48621 1.89601 2.31417 1.76089 4.8639 2.73301
threshold=1.8333333333333337 0.75735294117647067 139.16666666666671 2.7083333333333335 36.416666666666679 1.1000000000000003
decision_type=2 2 2 2 2 2
left_child=1 2 3 5 -5 -1
right_child=-2 -3 -4 4 -6 -7
leaf_value=0.0062060197196505745 0.009087802715647143 -0.0070550248780909082 0.010403222797164432 -0.0013894468853461271 0.0029152433735253783 -0.00069542749258207537
leaf_weight=51.971730761229992 15.088994339108465 33.426797538995743 18.214687898755074 420.20252539217472 537.23946157097816 2065.5135333891958
leaf_count=350 65 186 76 3494 2543 14382
internal_value=-6.77129e-06 -5.35539e-05 2.43649e-05 -4.04776e-05 0.00102652 -0.000523188
internal_weight=3141.66 3126.57 3093.14 3074.93 957.442 2117.49
internal_count=21096 21031 20845 20769 6037 14732
is_linear=0
shrinkage=0.03


Tree=168
num_leaves=13
num_cat=0
split_feature=14 14 8 5 8 18 5 15 14 5 8 5
split_gain=1.47026 1.92491 2.44314 2.6453 4.01948 1.84583 6.29992 2.73296 2.43714 1.59896 4.73153 3.90858
threshold=55.250000000000007 52.750000000000007 14.900000000000002 9.1666666666666696 27.900000000000002 1.4807407407407409 1.1666666666666667 1.0000000180025095e-35 42.250000000000007 19.833333333333339 119.30000000000003 22.166666666666668
decision_type=2 2 2 2 2 2 2 2 2 2 2 2
left_child=1 5 -3 4 -4 6 7 -1 -8 10 -7 -11
right_child=-2 2 3 -5 -6 9 8 -9 -10 11 -12 -13
leaf_value=-0.0064123414664322299 -0.0087022533207578735 0.013850505235178733 -0.014488039098568233 0.0091080314600837063 0.0025512580224963371 8.0379415923484548e-05 -0.0041514140774495155 0.0072278912955591849 -0.024671883295805608 -0.0078152504256163886 0.015788935167851764 0.0017362721810846536
leaf_weight=22.930617598816752 16.402072802186012 17.413506887853146 15.160046629607676 30.611258193850517 53.535195030272007 2764.3799260519445 8.6076872982084769 28.572288066148758 14.315432244911788 74.821337878704071 16.365737050771713 77.85350713133812
leaf_count=311 99 142 125 129 297 18629 127 336 198 312 68 323
internal_value=-6.40239e-06 4.20152e-05 0.00380529 0.00192333 -0.00136299 -0.000105236 -0.00473911 0.00114839 -0.017462 1.39089e-05 0.000178473 -0.00296504
internal_weight=3140.97 3124.57 116.72 99.3065 68.6952 3007.85 74.426 51.5029 22.9231 2933.42 2780.75 152.675
internal_count=21096 20997 693 551 422 20304 972 647 325 19332 18697 635
is_linear=0
shrinkage=0.03


Tree=169
num_leaves=12
num_cat=0
split_feature=7 12 9 15 13 17 2 17 6 6 3
split_gain=1.44708 2.47187 3.90694 1.47604 2.50826 3.17018 6.63944 3.73772 2.37482 4.92397 2.24414
threshold=1.0000000180025095e-35 2.1000000000000005 1.0000000180025095e-35 1.0000000180025095e-35 3.9000000000000004 0.57259953161592514 0.5277777777777779 0.63299319727891168 22.500000000000004 20.900000000000002 1.1666666666666667
decision_type=2 2 2 2 2 2 2 2 2 2 2
left_child=1 -1 -3 4 5 6 -2 -7 9 10 -5
right_child=3 2 -4 8 -6 7 -8 -9 -10 -11 -12
leaf_value=-0.017035501722030277 -0.00095982946850899163 -0.012141986272271532 0.012139884147370709 0.00044426406594584805 0.0075517314985279497 -0.014466334981114683 0.0082509535494734304 -0.00099865627410184181 -0.0078556633410083281 0.015006801478369384 0.0069458490224029654
leaf_weight=11.112891303375362 1325.9565434493124 11.054053707048299 10.803435813635586 1504.3675608858466 32.128974117338657 31.4749591127038 73.384800016880035 43.618708238005638 27.719943016767502 20.808849334716797 48.357882842421532
leaf_count=203 9428 187 111 9894 197 137 316 214 116 87 206
internal_value=-6.43415e-06 -0.00616469 -0.000134215 6.08599e-05 -0.000612961 -0.000795873 -0.000471247 -0.00675946 0.000694821 0.000850343 0.000651089
internal_weight=3140.79 32.9704 21.8575 3107.82 1506.56 1474.44 1399.34 75.0937 1601.25 1573.53 1552.73
internal_count=21096 501 298 20595 10292 10095 9744 351 10303 10187 10100
is_linear=0
shrinkage=0.03


Tree=170
num_leaves=11
num_cat=0
split_feature=14 16 16 10 8 8 18 5 18 6
split_gain=1.42495 1.80368 1.57033 1.4425 5.29041 5.90674 4.37249 3.85609 2.90735 0.757554
threshold=35.750000000000007 27.500000000000004 61.500000000000007 9.9000000000000021 55.266666666666673 48.63333333333334 10.946657183499291 14.583333333333334 11.254032258064518 4.7750000000000012
decision_type=2 2 2 2 2 2 2 2 2 2
left_child=1 9 3 7 5 -5 -6 8 -2 -1
right_child=2 -3 -4 4 6 -7 -8 -9 -10 -11
leaf_value=-0.0052853450588451643 4.6769845973063769e-05 -0.012809116967145394 0.009022231172678084 0.0010927666295402285 -0.0098077930666436077 0.021672864600994809 0.0012939433087784235 -0.013379163882612276 -0.0048938788112344008 0.0053931288533627855
leaf_weight=10.913148749619724 2450.9215085525066 16.628158792853355 16.518803417682648 27.12757982313633 33.544643044471741 22.541130974888802 421.02957509458065 19.04405203461647 111.09636724740267 11.003910213708876
leaf_count=133 17822 137 89 132 151 104 1779 87 593 69
internal_value=-6.31424e-06 -0.0056651 6.58085e-05 1.49478e-05 0.0014809 0.010676 0.000454977 -0.000271908 -0.000169297 7.73892e-05
internal_weight=3140.37 38.5452 3101.82 3085.3 504.243 49.6687 454.574 2581.06 2562.02 21.9171
internal_count=21096 339 20757 20668 2166 236 1930 18502 18415 202
is_linear=0
shrinkage=0.03


Tree=171
num_leaves=14
num_cat=0
split_feature=8 19 12 16 13 13 8 8 7 7 7 7 5
split_gain=1.41832 4.66923 1.37025 4.14778 2.84773 2.72727 2.75236 2.59967 2.37188 4.10948 3.71329 1.85674 2.34369
threshold=1.0000000180025095e-35 1.0000000180025095e-35 2.7083333333333335 1.0000000180025095e-35 1.1000000000000003 1.9000000000000001 112.10000000000001 99.100000000000009 4.416666666666667 8.4166666666666696 2.8333333333333335 35.833333333333336 3.5833333333333335
decision_type=2 2 2 2 2 2 2 2 2 2 2 2 2
left_child=1 -1 4 -4 11 7 -7 -6 10 -10 -5 12 -2
right_child=2 -3 3 8 5 6 -8 -9 9 -11 -12 -13 -14
leaf_value=0.0051503910300960401 0.0095042653219358092 -0.021178407872522727 -0.010890686173699107 0.00030679064627167781 -0.0020267946160019623 -0.00012684660592321653 0.0092419625134892609 -0.01221752779421836 -0.0083955270651150452 0.001431213595992426 0.0211081469567138 0.011652375064977382 -0.0081630868268013704
leaf_weight=12.271379392594099 12.169095933437349 10.413617126643658 24.854755260050297 17.735050398856405 458.40783068165183 1565.107938401401 27.739304631948471 22.759439826011658 39.020192466676235 896.41041982546449 12.723210755735634 27.675871975719929 12.88317336142063
leaf_count=145 122 207 192 199 3272 10798 114 95 391 5200 132 137 92
internal_value=-6.24308e-06 -0.0073198 4.93056e-05 0.000970249 -0.000379971 -0.00055636 4.20066e-05 -0.00253316 0.00128641 0.00101278 0.00939083 0.00643936 0.000454204
internal_weight=3140.17 22.685 3117.49 990.744 2126.74 2074.01 1592.85 481.167 965.889 935.431 30.4583 52.7281 25.0523
internal_count=21096 352 20744 6114 14630 14279 10912 3367 5922 5591 331 351 214
is_linear=0
shrinkage=0.03


Tree=172
num_leaves=13
num_cat=0
split_feature=14 14 14 3 11 0 13 4 4 14 14 10
split_gain=1.40712 1.80672 7.28162 6.89924 5.79952 4.88357 3.8138 3.07625 2.30698 4.58458 2.75412 1.89436
threshold=55.250000000000007 50.250000000000007 49.250000000000007 0.83333333333333337 0.24011687348865743 0.58333333333333337 2.4500000000000006 1.0000000180025095e-35 0.77500000000000013 40.750000000000007 48.250000000000007 4.6333333333333337
decision_type=2 2 2 2 2 2 2 2 2 2 2 2
left_child=1 2 8 4 6 7 -3 -4 10 -10 -1 -5
right_child=-2 3 5 11 -6 -7 -8 -9 9 -11 -12 -13
leaf_value=-0.00048631203378722641 -0.0085272795468905472 0.0062646675246258712 -0.0031687833468599237 -0.01433383346651923 0.017147996100864756 0.0037992921838931487 -0.0011190199137425568 -0.016259558519625773 -0.0067286183888185264 0.0040744164940881272 0.0036588350336240411 -0.002366488335532733
leaf_weight=2255.2150152623653 16.345133073627949 123.62828493118286 24.717394534498453 22.815516769886017 26.178133219480515 22.618693552911282 126.71392918005586 48.988455571234226 40.107507653534412 254.59118282794952 153.11700347438455 24.75591915845871
leaf_count=16072 99 813 214 107 111 104 830 293 191 1123 1033 106
internal_value=-6.18667e-06 4.11195e-05 -0.000204651 0.00215807 0.00397769 -0.00826666 0.00253774 -0.0119707 8.55953e-05 0.00258638 -0.000221363 -0.00828303
internal_weight=3139.79 3123.45 2799.36 324.092 276.52 96.3245 250.342 73.7059 2703.03 294.699 2408.33 47.5714
internal_count=21096 20997 19030 1967 1754 611 1643 507 18419 1314 17105 213
is_linear=0
shrinkage=0.03


Tree=173
num_leaves=15
num_cat=0
split_feature=5 20 18 17 13 18 16 12 18 15 18 11 11 9
split_gain=1.36828 5.16743 4.08587 5.08819 5.21366 4.27391 2.02992 2.28775 1.91121 6.10734 1.80395 10.6837 6.73403 2.18507
threshold=1.5833333333333337 1.0000000180025095e-35 2.4021276595744685 0.029857397504456332 2.2916666666666674 2.0678160919540236 16.500000000000004 2.3666666666666671 1.6711711711711714 1.0000000180025095e-35 2.5729483282674779 0.080243177960569276 0.051358373410399387 0.29166666666666669
decision_type=2 2 2 2 2 2 2 2 2 2 2 2 2 2
left_child=1 2 3 4 -1 -5 -4 -8 9 -2 11 12 -10 -12
right_child=8 -3 6 5 -6 -7 7 -9 10 -11 13 -13 -14 -15
leaf_value=-0.015724511366069317 -0.0062336093893419113 0.012987426125015609 -0.0012945155640414221 0.00018352221660235078 0.0005380598511220728 0.019559200280181498 -0.027758033282693665 -0.0077421506334078606 -0.0057073700979436842 0.019840501281332006 0.0031234804733637203 -0.015238592568129412 0.0062257939153458931 2.1400091006027494e-05
leaf_weight=32.598586594685912 14.796483941376209 16.25299733504653 8.4595194607973117 40.939663473516703 37.459099322557449 12.674861449748276 11.092282049357893 10.797370992600916 75.693598300218582 15.89875416457653 221.55220266804099 45.93963972479105 94.658721376210451 2500.5793929286301
leaf_count=453 188 157 99 464 487 147 141 120 849 174 1664 420 947 14786
internal_value=-6.24428e-06 -0.00261353 -0.00433297 -0.00186458 -0.00714389 0.00503833 -0.0140112 -0.0186545 0.000144109 0.00747149 6.50502e-05 -0.00256549 0.000921101 0.00027493
internal_weight=3139.39 170.274 154.021 123.672 70.0577 53.6145 30.3492 21.8897 2969.12 30.6952 2938.42 216.292 170.352 2722.13
internal_count=21096 2068 1911 1551 940 611 360 261 19028 362 18666 2216 1796 16450
is_linear=0
shrinkage=0.03


Tree=174
num_leaves=7
num_cat=0
split_feature=3 17 10 6 18 18
split_gain=1.36197 1.82252 2.46936 2.66465 3.60195 2.1971
threshold=1.8333333333333337 0.73431372549019625 20.675000000000004 22.500000000000004 21.755952380952383 9.144009216589863
decision_type=2 2 2 2 2 2
left_child=1 2 3 4 -1 -3
right_child=-2 5 -4 -5 -6 -7
leaf_value=-2.8103912051020399e-05 0.0087072670142360527 4.7979470488128006e-05 0.0098840945094329034 -0.0086322236454039383 0.013178488533227823 -0.013390558737483722
leaf_weight=3010.4988209921867 15.061282426118849 23.894557438790798 21.743615299463272 31.126219466328621 17.702001348137856 19.19951905310154
leaf_count=20509 65 145 90 130 74 83
internal_value=-6.41037e-06 -5.11909e-05 3.54659e-05 -3.77383e-05 5.34231e-05 -0.00610713
internal_weight=3139.23 3124.16 3081.07 3059.33 3028.2 43.0941
internal_count=21096 21031 20803 20713 20583 228
is_linear=0
shrinkage=0.03


Tree=175
num_leaves=14
num_cat=0
split_feature=14 14 6 18 3 18 18 6 13 11 5 8 5
split_gain=1.33411 1.7481 2.40676 5.8991 2.04206 1.68911 1.67541 6.14115 3.62345 1.8611 1.56477 4.37862 3.70764
threshold=55.250000000000007 52.750000000000007 4.7750000000000012 6.5571895424836608 0.58333333333333337 3.0106382978723407 1.4807407407407409 1.1000000000000003 2.2916666666666674 0.032030801883743069 19.833333333333339 119.30000000000003 22.166666666666668
decision_type=2 2 2 2 2 2 2 2 2 2 2 2 2
left_child=1 6 5 -4 -5 -3 7 8 -1 -9 11 -8 -12
right_child=-2 2 3 4 -6 -7 10 9 -10 -11 12 -13 -14
leaf_value=-0.0071763854290089633 -0.0083188926217026195 0.0020520367005614176 -0.01370336839970521 0.011317736224293107 -0.0007745374599127696 0.013380830484231625 8.0985154897404918e-05 -0.0044054826294726906 0.0097835483661608443 -0.020402198248548536 -0.0076635050608267726 0.015210519115156328 0.001644559799429713
leaf_weight=18.931148057803512 16.280159533023834 20.875006884336472 19.224088311195374 25.030947610735893 24.071579128503799 27.718194182962179 2763.1878185290843 10.797836642712356 25.413611775264144 18.741327617317438 74.722069531679153 16.323908567428589 77.791070178151131
leaf_count=255 99 173 113 112 103 192 18629 158 301 258 312 68 323
internal_value=-6.12979e-06 3.98561e-05 0.00362294 -2.80644e-05 0.00549259 0.00865364 -0.000100672 -0.00453177 0.00254462 -0.0148904 1.24936e-05 0.000175278 -0.00293603
internal_weight=3139.11 3122.83 116.92 68.3266 49.1025 48.5932 3005.91 73.8839 44.3448 29.5392 2932.02 2779.51 152.513
internal_count=21096 20997 693 328 215 365 20304 972 556 416 19332 18697 635
is_linear=0
shrinkage=0.03


Tree=176
num_leaves=9
num_cat=0
split_feature=8 19 14 9 16 15 4 14
split_gain=1.32733 4.51398 1.32366 1.93678 1.45785 1.42923 2.58346 2.26168
threshold=1.0000000180025095e-35 1.0000000180025095e-35 35.750000000000007 2.7750000000000004 61.500000000000007 1.0000000180025095e-35 1.1000000000000003 39.750000000000007
decision_type=2 2 2 2 2 2 2 2
left_child=1 -1 3 -2 5 6 -4 -7
right_child=2 -3 4 -5 -6 7 -8 -9
leaf_value=0.0050717433344491204 -0.012801026487491662 -0.020936135332745708 -0.00039570707733998091 0.00056725912733423742 0.0087354003899947769 0.0040461224262452857 -0.0082644968666393068 0.00031107092338171477
leaf_weight=12.292125407606363 16.647454835474491 10.198115788400173 1446.7101203091443 21.625372067093849 16.564669460058212 161.70385977253318 37.557680532336235 1415.7158601172268
leaf_count=145 179 207 9996 158 89 1147 158 9017
internal_value=-6.10755e-06 -0.00711066 4.74265e-05 -0.00542541 0.000117212 6.77476e-05 -0.000600248 0.000696278
internal_weight=3139.02 22.4902 3116.53 38.2728 3078.25 3061.69 1484.27 1577.42
internal_count=21096 352 20744 337 20407 20318 10154 10164
is_linear=0
shrinkage=0.03


Tree=177
num_leaves=10
num_cat=0
split_feature=3 17 18 14 17 14 10 13 3
split_gain=1.31767 1.72874 2.1387 5.06686 4.76663 4.27934 1.84269 5.52717 2.71414
threshold=1.8333333333333337 0.75735294117647067 17.456439393939394 44.750000000000007 0.48245073891625623 42.750000000000007 0.55000000000000016 3.4500000000000006 1.1666666666666667
decision_type=2 2 2 2 2 2 2 2 2
left_child=1 2 6 5 -5 -4 8 -8 -1
right_child=-2 -3 3 4 -6 -7 7 -9 -10
leaf_value=0.00057838062496933559 0.0085680697078438766 -0.0067501206747226841 0.0032984182147113295 0.016562588631780863 0.0024311895290946776 -0.0088995765675821802 -0.0015402114156720602 0.0087195224581948609 -0.0095626348197471647
leaf_weight=1709.5469697918743 15.048409551382063 33.280389957129955 67.843052580952644 36.118915915489197 51.983954608440399 40.510499536991119 1113.269094189629 48.363477410748601 23.08899162709713
leaf_count=12088 65 186 287 147 215 170 7528 309 101
internal_value=-6.19009e-06 -5.02211e-05 2.40822e-05 0.00304496 0.0083454 -0.00130177 -0.000181949 -0.00110592 0.000437804
internal_weight=3139.05 3124.01 3090.72 196.456 88.1029 108.354 2894.27 1161.63 1732.64
internal_count=21096 21031 20845 819 362 457 20026 7837 12189
is_linear=0
shrinkage=0.03


Tree=178
num_leaves=15
num_cat=0
split_feature=13 9 11 14 14 11 9 8 17 17 17 14 17 14
split_gain=1.2922 3.45116 6.90145 4.27493 4.94101 4.22861 4.19972 3.72567 3.20849 2.91817 5.0981 8.1214 4.31913 4.48881
threshold=1.9000000000000001 3.3666666666666671 0.10834364608629317 50.750000000000007 46.750000000000007 0.11994353462884318 1.2916666666666667 5.4500000000000011 0.31072796934865904 0.25198412698412703 0.28035087719298252 41.750000000000007 0.29217479674796754 46.250000000000007
decision_type=2 2 2 2 2 2 2 2 2 2 2 2 2 2
left_child=1 3 -3 4 7 -4 -6 -1 -7 -2 11 -11 13 -12
right_child=9 2 5 -5 6 8 -8 -9 -10 10 12 -13 -14 -15
leaf_value=-0.013085862150804803 -0.00060658883613479836 0.013744197786584806 -0.011296311896632005 0.010125044152244607 -0.0014145993874418448 0.0032918270096217767 -0.017259523216710364 -0.0011878351433311555 -0.0024583001768779373 0.021807927341155095 1.1410755167047387e-05 0.0027774072763534015 0.0013546813768810849 -0.016521969763978708
leaf_weight=24.923536656424403 1290.214602259919 33.333942249417305 28.078749731183052 19.957900773733854 24.262364517897367 186.14683093130589 39.514665402472019 278.12955933436751 162.79183760285378 26.509068630635738 35.2660923153162 77.180644772946835 888.0115884616971 24.439165525138378
leaf_count=334 10425 205 177 143 206 1106 296 2211 754 151 199 421 4334 134
internal_value=-5.89905e-06 -0.00104841 0.000867422 -0.00307795 -0.00382185 -0.000304423 -0.0113466 -0.00220617 0.000609837 0.00034929 0.00152174 0.00780454 0.000826839 -0.00691689
internal_weight=3138.76 797.139 410.351 386.788 366.83 377.017 63.777 303.053 348.939 2341.62 1051.41 103.69 947.717 59.7053
internal_count=21096 5432 2242 3190 3047 2037 502 2545 1860 15664 5239 572 4667 333
is_linear=0
shrinkage=0.03


Tree=179
num_leaves=14
num_cat=0
split_feature=12 18 7 8 11 7 5 18 17 14 8 17 11
split_gain=1.31353 1.5592 4.52601 5.00956 5.75647 3.46318 6.18678 2.84365 2.35006 2.05156 1.87912 1.49543 0.680735
threshold=0.63333333333333341 16.300322061191633 92.416666666666671 71.291666666666671 0.091610380882472794 111.50000000000001 19.833333333333339 15.753378378378381 0.55051020408163276 35.750000000000007 119.30000000000003 0.22792207792207794 0.08964950964950967
decision_type=2 2 2 2 2 2 2 2 2 2 2 2 2
left_child=-1 7 3 12 -5 6 -4 9 -7 11 -11 -2 -3
right_child=1 2 5 4 -6 8 -8 -9 -10 10 -12 -13 -14
leaf_value=-0.0075598025361317562 -0.012689630233488907 -0.0057154949181203165 0.0043659883626104351 0.020966546497097945 0.0047393091226719591 -0.0021824746860784928 -0.014095071159590388 -0.0081640865110177343 0.0098483821822559769 -2.5245762808506363e-05 0.0095299616643473653 0.0011330915167262568 0.0015131612651413193
leaf_weight=19.582066804170609 18.742443062365059 21.993740551173687 27.146750688552856 28.770697459578514 60.510187909007072 30.457008630037308 38.648338958621025 38.374928712844849 26.580438479781151 2775.8921721801162 17.647633522748947 10.713295370340346 23.253365859389305
leaf_count=149 202 100 112 119 251 125 160 170 112 19344 73 79 100
internal_value=-5.95937e-06 4.38782e-05 0.00227587 0.00605766 0.0101428 -0.00188149 -0.00652679 -0.000157599 0.0034972 -4.59086e-05 3.8506e-05 -0.00779006 -0.00204816
internal_weight=3138.31 3118.73 257.361 134.528 89.2809 122.833 65.7951 2861.37 57.0374 2823 2793.54 29.4557 45.2471
internal_count=21096 20947 1079 570 370 509 272 19868 237 19698 19417 281 200
is_linear=0
shrinkage=0.03


Tree=180
num_leaves=11
num_cat=0
split_feature=14 14 8 0 6 16 11 5 6 5
split_gain=1.29783 1.61057 2.25072 2.57895 4.95763 1.45024 2.54155 1.62234 5.10993 4.12824
threshold=55.250000000000007 52.750000000000007 14.900000000000002 0.58333333333333337 7.1000000000000005 58.500000000000007 0.14794078188451593 19.833333333333339 16.225000000000005 22.166666666666668
decision_type=2 2 2 2 2 2 2 2 2 2
left_child=1 5 -3 4 -4 7 -7 8 -1 -9
right_child=-2 2 3 -5 -6 6 -8 9 -10 -11
leaf_value=-0.00032330882767584986 -0.008214482683232955 0.01303872929316045 -0.0013350481887901228 -0.006610292829571031 0.01458278961455791 -0.0025208716416710952 0.012459873472338906 -0.0082828445060955467 0.0051997473679105313 0.0016232076485951726
leaf_weight=2656.2287042718381 16.239316843450069 17.673574071377516 48.404985889792442 24.512632325291634 26.546646654605865 18.498290345072746 20.951442584395409 72.713875159621239 158.83288721740246 77.287820979952812
leaf_count=18801 99 142 322 112 117 113 93 304 672 321
internal_value=-5.78803e-06 3.95318e-05 0.00347545 0.00166331 0.00442056 -9.55373e-05 0.00554663 -0.00017245 -9.94824e-06 -0.00320184
internal_weight=3137.89 3121.65 117.138 99.4643 74.9516 3004.51 39.4497 2965.06 2815.06 150.002
internal_count=21096 20997 693 551 439 20304 206 20098 19473 625
is_linear=0
shrinkage=0.03


Tree=181
num_leaves=15
num_cat=0
split_feature=8 19 9 7 8 18 17 12 9 12 7 10 9 10
split_gain=1.24367 4.34821 1.25279 4.77927 12.1757 6.48976 6.24356 4.56523 2.94065 5.1284 2.93256 1.80973 5.74539 4.28078
threshold=1.0000000180025095e-35 1.0000000180025095e-35 0.45000000000000007 42.166666666666679 20.450000000000003 5.202272727272728 0.091608391608391626 2.5500000000000003 0.77500000000000013 2.1000000000000005 22.166666666666668 11.450000000000001 1.3666666666666669 0.55000000000000016
decision_type=2 2 2 2 2 2 2 2 2 2 2 2 2 2
left_child=1 -1 3 4 6 -6 -2 -5 9 -4 -11 13 -13 -10
right_child=2 -3 8 7 5 -7 -8 -9 11 10 -12 12 -14 -15
leaf_value=0.0049608074490657579 0.0046725945571193155 -0.020684041460267172 -0.021946548719713046 0.0028795797155047741 0.0027289575680706679 0.019180117852660612 -0.0065699529184983828 -0.013933270422590092 0.00040846252485992175 -0.0093890129582421232 0.010043295615860469 0.014131002666700084 0.00077366147864244396 -0.0024951871031716824
leaf_weight=12.324795972555876 86.003331553190947 9.9815196804702282 14.2141319476068 27.03582576662302 36.930190429091454 52.240099489688873 89.950965382158756 29.732071898877621 1735.0337841250002 13.488890260457994 12.503450483083723 30.470416620373726 368.46836276352406 619.23809049651027
leaf_count=145 1019 207 127 139 303 298 872 139 12083 126 76 133 1557 3872
internal_value=-5.45674e-06 -0.00690973 4.61809e-05 0.00181541 0.00350832 0.0124726 -0.00107944 -0.00601488 -0.000158269 -0.00811317 -1.54575e-05 -3.91958e-05 0.00182666 -0.000356012
internal_weight=3137.62 22.3063 3115.31 321.892 265.125 89.1703 175.954 56.7679 2793.42 40.2065 25.9923 2753.21 398.939 2354.27
internal_count=21096 352 20744 2770 2492 601 1891 278 17974 329 202 17645 1690 15955
is_linear=0
shrinkage=0.03


Tree=182
num_leaves=14
num_cat=0
split_feature=12 18 7 8 16 7 5 18 17 16 4 14 17
split_gain=1.23916 1.39759 4.20834 4.69924 3.53446 3.26512 5.71086 2.71147 2.21295 1.99423 7.17484 3.23772 0.0857617
threshold=0.63333333333333341 16.300322061191633 92.416666666666671 71.291666666666671 32.500000000000007 111.50000000000001 19.833333333333339 15.753378378378381 0.55051020408163276 36.500000000000007 0.55000000000000016 35.750000000000007 0.44862772695285019
decision_type=2 2 2 2 2 2 2 2 2 2 2 2 2
left_child=-1 7 3 12 -5 6 -4 9 -7 11 -11 -2 -3
right_child=1 2 5 4 -6 8 -8 -9 -10 10 -12 -13 -14
leaf_value=-0.0073600878463174124 -0.011152686641591612 -0.0033578040047656803 0.0040988757025203883 0.013949194932422951 0.0013111855201573463 -0.0021398639581430676 -0.013643907622771428 -0.0079740897852230378 0.0095379202546461202 -0.00050946758885998193 0.0077260893769359774 -0.00028497635908462482 -0.00073290414090999595
leaf_weight=19.484152600169182 23.938897270709276 21.927726313471794 27.147394374012947 59.258291661739349 30.08301155269146 30.456009536981583 38.604721412062645 38.297007352113724 26.549042910337448 351.78217748552561 129.479537345469 2316.9766688533127 23.311152875423431
leaf_count=149 236 101 112 245 125 125 160 170 112 2335 583 16544 99
internal_value=-5.57551e-06 4.27302e-05 0.00215596 0.00580104 0.00975534 -0.00185477 -0.0063667 -0.000148069 0.00336952 -3.90832e-05 0.00171767 -0.000400828 -0.00205032
internal_weight=3137.3 3117.81 257.337 134.58 89.3413 122.757 65.7521 2860.47 57.0051 2822.18 481.262 2340.92 45.2389
internal_count=21096 20947 1079 570 370 509 272 19868 237 19698 2918 16780 200
is_linear=0
shrinkage=0.03


Tree=183
num_leaves=13
num_cat=0
split_feature=14 14 14 3 11 17 17 11 17 16 14 10
split_gain=1.2425 1.54189 6.90817 6.34713 5.37015 5.24116 6.60218 2.97581 2.53584 6.13217 3.94187 1.74314
threshold=55.250000000000007 50.250000000000007 49.250000000000007 0.83333333333333337 0.24011687348865743 0.36899313501144165 0.06186224489795919 0.19529512467012469 0.072077922077922088 26.500000000000004 44.750000000000007 4.6333333333333337
decision_type=2 2 2 2 2 2 2 2 2 2 2 2
left_child=1 2 8 4 7 6 -4 -3 9 -1 -10 -5
right_child=-2 3 5 11 -6 -7 -8 -9 10 -11 -12 -13
leaf_value=-0.0009764597193451241 -0.0080509796444394183 0.0034342751744070709 0.0041992628266635593 -0.013877817552483723 0.016382374702988058 0.0019590532439074495 -0.018144532263105122 -0.007332588238914339 -0.00051813400189416165 -0.01440111759329663 0.0020414367925802278 -0.0023667765047103327
leaf_weight=409.08375837095082 16.181340202689171 226.23398407921195 15.164561143144963 22.665458425879478 26.26578351855278 31.370343334972858 49.248740136623383 24.776408761739731 1360.7372464686632 32.119984051212668 898.13264156877995 24.693320840597153
leaf_count=4013 99 1526 140 107 111 143 328 117 8644 387 5375 106
internal_value=-5.54161e-06 3.87439e-05 -0.000188741 0.00199247 0.0037303 -0.00806382 -0.0129004 0.00234663 9.35054e-05 -0.00198414 0.000500011 -0.00804891
internal_weight=3136.67 3120.49 2795.86 324.635 277.276 95.7836 64.4133 251.01 2700.07 441.204 2258.87 47.3588
internal_count=21096 20997 19030 1967 1754 611 468 1643 18419 4400 14019 213
is_linear=0
shrinkage=0.03


Tree=184
num_leaves=15
num_cat=0
split_feature=13 9 11 11 14 14 9 8 10 5 18 16 0 6
split_gain=1.188 3.24426 6.50481 4.00895 3.91676 4.74207 4.02701 3.51732 3.2622 2.61422 5.4549 5.8849 3.96077 5.52978
threshold=1.9000000000000001 3.3666666666666671 0.10834364608629317 0.11994353462884318 50.750000000000007 46.750000000000007 1.2916666666666667 5.4500000000000011 0.22500000000000003 9.4166666666666696 10.946657183499291 26.500000000000004 1.0000000180025095e-35 8.9000000000000021
decision_type=2 2 2 2 2 2 2 2 2 2 2 2 2 2
left_child=1 4 -3 -4 5 7 -7 -1 -5 10 12 -12 -2 -14
right_child=9 2 3 8 -6 6 -8 -9 -10 -11 11 -13 13 -15
leaf_value=-0.012763973472284243 -0.0012536390920007217 0.013312251108238485 -0.01103180116162145 -0.0014127527362990122 0.0096088153875371046 -0.0013744099463571724 -0.016930175930333562 -0.0011286243169098544 0.0047627216642627639 0.0020208133030503801 0.0019699089991317689 -0.020519799384965877 0.0023510155256530572 -0.008501294884540822
leaf_weight=24.564243039116263 963.71435104310513 33.52946525812149 27.889543049037457 235.91613359749317 20.114787295460701 24.206971779465675 39.106758013367653 277.59683895483613 113.06564534455538 610.47208304703236 18.093631140887737 23.342511691153049 680.62549460306764 44.077877022325993
leaf_count=334 8202 205 177 1307 143 206 296 2211 553 2694 107 154 4301 206
internal_value=-5.83779e-06 -0.00100626 0.000849586 -0.000291487 -0.00297862 -0.00369573 -0.0110965 -0.00211351 0.000595914 0.000334711 -0.000261144 -0.0108844 5.85301e-06 0.00168015
internal_weight=3136.32 795.99 410.401 376.871 385.59 365.475 63.3137 302.161 348.982 2340.33 1729.85 41.4361 1688.42 724.703
internal_count=21096 5432 2242 2037 3190 3047 502 2545 1860 15664 12970 261 12709 4507
is_linear=0
shrinkage=0.03


Tree=185
num_leaves=7
num_cat=0
split_feature=3 17 10 6 18 18
split_gain=1.22767 1.6365 2.25217 2.56576 3.1905 2.10751
threshold=1.8333333333333337 0.73431372549019625 20.675000000000004 22.500000000000004 21.755952380952383 9.144009216589863
decision_type=2 2 2 2 2 2
left_child=1 2 3 4 -1 -3
right_child=-2 5 -4 -5 -6 -7
leaf_value=-2.3938244855450575e-05 0.0082778299139881217 0.00023110264394238692 0.0094422106107261844 -0.0084764679906147583 0.012405903941123635 -0.012949834828539857
leaf_weight=3007.1185752805322 15.018388316035269 23.809282951056957 21.727492913603783 31.078012689948082 17.700889378786087 19.109086766839027
leaf_count=20509 65 145 90 130 74 83
internal_value=-6.184e-06 -4.86919e-05 3.33532e-05 -3.66109e-05 5.28757e-05 -0.00579885
internal_weight=3135.56 3120.54 3077.62 3055.9 3024.82 42.9184
internal_count=21096 21031 20803 20713 20583 228
is_linear=0
shrinkage=0.03


Tree=186
num_leaves=15
num_cat=0
split_feature=15 6 13 13 17 22 18 11 9 17 16 14 12 6
split_gain=1.21601 2.41321 3.61583 3.40219 7.63865 5.17111 6.86547 5.46337 4.87917 3.74461 2.33706 6.35721 4.29176 2.25854
threshold=1.0000000180025095e-35 1.9000000000000001 2.9000000000000004 2.7750000000000004 0.57259953161592514 1.0000000180025095e-35 5.7527777777777791 0.091610380882472794 8.3666666666666689 0.64480286738351267 9.5000000000000018 46.250000000000007 2.5500000000000003 22.500000000000004
decision_type=2 2 2 2 2 2 2 2 2 2 2 2 2 2
left_child=1 2 10 4 8 6 -5 -7 -3 -6 11 -1 -12 -2
right_child=13 3 -4 5 9 7 -8 -9 -10 -11 12 -13 -14 -15
leaf_value=-0.011107616014505281 0.00071626388504073988 0.0005890553802389548 0.0059757835428062966 -0.0095652273403465694 -0.019814298260249198 -0.0087817844740592267 -0.00085589283338199527 0.010274809354344621 0.0081515282092482055 -0.0032126191555564882 -0.005054602286140561 0.013172002465683919 -0.025260916140684625 -0.0077859253352704659
leaf_weight=27.009337129071355 1589.7267872933298 865.75144210830331 20.508296800777316 126.69427670910954 21.598310798406601 17.80353694409132 225.59843260794878 48.275728210806847 83.278624534606934 27.673536188900471 25.203871686011553 13.8814903460443 14.814487647265194 27.63017001748085
leaf_count=389 10445 5919 254 1058 94 170 1126 311 381 135 353 160 185 116
internal_value=-5.91788e-06 -0.000615519 -0.00506269 -0.000293806 0.000658137 -0.00256145 -0.00400622 0.00508607 0.00126055 -0.0107393 -0.00789944 -0.00274757 -0.0129683 0.000566295
internal_weight=3135.45 1518.09 101.417 1416.67 998.302 418.372 352.293 66.0793 949.03 49.2718 80.9092 40.8908 40.0184 1617.36
internal_count=21096 10535 1341 9194 6529 2665 2184 481 6300 229 1087 549 538 10561
is_linear=0
shrinkage=0.03


Tree=187
num_leaves=13
num_cat=0
split_feature=14 14 6 6 18 18 5 15 14 18 12 6
split_gain=1.19979 1.4322 2.20336 5.4525 1.68062 1.45251 5.94576 2.51199 2.5037 1.71801 4.42496 2.33467
threshold=55.250000000000007 52.750000000000007 4.7750000000000012 7.1000000000000005 3.0106382978723407 1.4807407407407409 1.1666666666666667 1.0000000180025095e-35 42.250000000000007 1.7533783783783787 2.9000000000000004 1.9000000000000001
decision_type=2 2 2 2 2 2 2 2 2 2 2 2
left_child=1 5 4 -4 -3 6 7 -1 -8 10 -7 -11
right_child=-2 2 3 -5 -6 9 8 -9 -10 11 -12 -13
leaf_value=-0.0058954562484945091 -0.0079216816356522651 0.0015332991206803064 -0.0116816763705044 0.0058677683883344529 0.012737599680716532 0.0098982878311403011 -0.0032874053978174242 0.0072563041037537477 -0.024288675006673838 -0.0048742007696985909 -0.0082777632790726006 6.2257315966259067e-05
leaf_weight=22.492472048848867 16.140919402241707 21.126806057989597 23.411447778344154 44.880374848842621 28.021012280136347 43.534929370507598 8.3448697943240422 28.523789631202817 13.788834396749733 87.983773676678538 15.670457085594533 2781.3408683426678
leaf_count=311 99 173 133 195 192 520 127 336 198 1054 170 17588
internal_value=-6.38217e-06 3.7104e-05 0.00327284 -0.000230203 0.00804791 -9.05408e-05 -0.00423718 0.00145598 -0.0168551 1.44466e-05 0.00502987 -9.07576e-05
internal_weight=3135.26 3119.12 117.44 68.2918 49.1478 3001.68 73.15 51.0163 22.1337 2928.53 59.2054 2869.32
internal_count=21096 20997 693 328 365 20304 972 647 325 19332 690 18642
is_linear=0
shrinkage=0.03


Tree=188
num_leaves=13
num_cat=0
split_feature=12 18 7 6 7 6 17 18 17 16 17 14
split_gain=1.17473 1.28635 3.90864 4.38292 3.09814 2.8631 2.68251 2.586 2.14673 1.87102 6.67455 3.05391
threshold=0.63333333333333341 16.300322061191633 92.416666666666671 16.225000000000005 111.50000000000001 19.450000000000003 0.407785336356765 15.753378378378381 0.55051020408163276 36.500000000000007 0.084219858156028379 35.750000000000007
decision_type=2 2 2 2 2 2 2 2 2 2 2 2
left_child=-1 7 3 -3 5 -4 -5 9 -6 11 -11 -2
right_child=1 2 4 6 8 -7 -8 -9 -10 10 -12 -13
leaf_value=-0.007183647228000585 -0.010877533909087184 -0.0036038620195860422 0.0010937338944467393 0.00095829814273144613 -0.0021339916994387027 -0.011471294333333279 0.011805303880183388 -0.0077931895703436532 0.0093719033984160319 -0.01448498918837733 0.0024326098355552605 -0.00027483864739607421
leaf_weight=19.39162977039814 23.711413566023111 34.278090253472328 27.902824386954308 28.891299962997437 30.448802649974823 37.782801330089569 71.435616180300713 38.219336055219173 26.512303218245506 21.0004305485636 460.06480899266899 2315.4559490997344
leaf_count=149 236 153 115 122 125 157 295 170 112 247 2671 16544
internal_value=-6.56229e-06 4.03973e-05 0.00206808 0.00557968 -0.00179985 -0.00619739 0.00872196 -0.000142748 0.00329068 -3.63444e-05 0.00166557 -0.000386917
internal_weight=3135.1 3115.7 257.252 134.605 122.647 65.6856 100.327 2858.45 56.9611 2820.23 481.065 2339.17
internal_count=21096 20947 1079 570 509 272 417 19868 237 19698 2918 16780
is_linear=0
shrinkage=0.03


Tree=189
num_leaves=7
num_cat=0
split_feature=3 17 7 12 7 7
split_gain=1.16232 1.55257 1.87972 1.41669 3.96841 2.09844
threshold=1.8333333333333337 0.75735294117647067 139.16666666666671 2.7083333333333335 36.416666666666679 1.0000000180025095e-35
decision_type=2 2 2 2 2 2
left_child=1 2 3 5 -5 -1
right_child=-2 -3 -4 4 -6 -7
leaf_value=-0.0098353299900859736 0.008058087011026999 -0.0064142357438101046 0.0093962017639091216 -0.0012677635186052224 0.002624182020724123 -0.00037426745576576992
leaf_weight=20.316234342753887 15.001506567001341 33.100858643651009 18.133382305502892 418.49665251374245 537.72265391796827 2091.8362261764705
leaf_count=338 65 186 76 3494 2543 14394
internal_value=-6.71552e-06 -4.80672e-05 2.22614e-05 -3.61797e-05 0.000921297 -0.000469882
internal_weight=3134.61 3119.61 3086.51 3068.37 956.219 2112.15
internal_count=21096 21031 20845 20769 6037 14732
is_linear=0
shrinkage=0.03


Tree=190
num_leaves=13
num_cat=0
split_feature=14 14 14 3 11 17 17 13 17 14 18 10
split_gain=1.153 1.35094 6.55337 6.04596 4.95867 4.92229 6.37167 3.51335 2.14112 3.68275 2.763 1.63049
threshold=55.250000000000007 50.250000000000007 49.250000000000007 0.83333333333333337 0.24011687348865743 0.36899313501144165 0.06186224489795919 2.4500000000000006 0.072077922077922088 44.750000000000007 7.5729483282674783 4.6333333333333337
decision_type=2 2 2 2 2 2 2 2 2 2 2 2
left_child=1 2 8 4 7 6 -4 -3 10 -10 -1 -5
right_child=-2 3 5 11 -6 -7 -8 -9 9 -11 -12 -13
leaf_value=-0.0025881024464252437 -0.0077798565669659741 0.0057851095303163933 0.0041826526578661784 -0.013609380816584643 0.01569306008882165 0.001833056274892837 -0.017790322669789322 -0.0012848534880016691 -0.00051463982492244036 0.0019593222285702477 0.0054704477674190552 -0.0024498594885855951
leaf_weight=397.67683208175004 16.079891353845596 124.53580242395401 15.168909015133975 22.562666647136211 26.34830042719841 31.368512399494648 48.71063731610775 126.92166621983051 1359.9501008018851 898.53060304373503 41.42298386991024 24.650482535362244
leaf_count=4177 99 813 140 107 111 143 328 830 8644 5375 223 106
internal_value=-6.51206e-06 3.60596e-05 -0.000177204 0.00186352 0.00355465 -0.00786931 -0.0125885 0.00222563 9.72094e-05 0.000470051 -0.00181719 -0.00795454
internal_weight=3133.93 3117.85 2792.83 325.019 277.806 95.2481 63.8795 251.457 2697.58 2258.48 439.1 47.2131
internal_count=21096 20997 19030 1967 1754 611 468 1643 18419 14019 4400 213
is_linear=0
shrinkage=0.03


Tree=191
num_leaves=14
num_cat=0
split_feature=16 13 8 16 14 8 4 1 9 17 17 17 7
split_gain=1.14104 1.24613 2.78776 6.82012 4.76825 4.5759 3.3725 2.77712 3.16309 3.31991 2.94717 3.64376 3.59979
threshold=61.500000000000007 1.9000000000000001 92.300000000000026 20.500000000000004 50.750000000000007 88.100000000000009 0.29166666666666669 0.70833333333333337 1.4500000000000002 0.75735294117647067 0.58411949685534603 0.51787994891443179 81.416666666666671
decision_type=2 2 2 2 2 2 2 2 2 2 2 2 2
left_child=1 2 4 -4 5 -1 -6 10 -9 -10 11 -3 -12
right_child=-2 7 3 -5 6 -7 -8 8 9 -11 12 -13 -14
leaf_value=-0.0015095175338875363 0.0075597174617683871 -3.5924808637136359e-06 -0.019295545736281377 0.00086128832509851504 0.0017139831491202945 0.014545800583635953 0.019457847946902695 0.014269165250385588 0.0049677949588484462 -0.00736460534418316 -0.015599875646245329 0.0075433698649692137 0.0007614476723727979
leaf_weight=675.39304777048528 16.836402870714664 2082.9910056386143 24.016002401709557 37.93730092048645 22.062536004930735 15.368172511458395 16.423625290393829 23.270543619990349 89.549202099442482 24.146180786192417 22.79620224237442 58.213592052459717 24.448688119649887
leaf_count=4848 90 14517 102 160 156 65 82 114 379 124 111 246 102
internal_value=-6.50991e-06 -4.97955e-05 -0.00107744 -0.00713483 -0.000553763 -0.00113181 0.00958703 0.000300162 0.00442833 0.00230731 3.98928e-05 0.000205015 -0.00729279
internal_weight=3133.45 3116.62 791.201 61.9533 729.247 690.761 38.4862 2325.42 136.966 113.695 2188.45 2141.2 47.2449
internal_count=21096 21006 5413 262 5151 4913 238 15593 617 503 14976 14763 213
is_linear=0
shrinkage=0.03


Tree=192
num_leaves=7
num_cat=0
split_feature=3 17 10 6 6 18
split_gain=1.11948 1.43377 2.14288 2.34293 3.09981 2.03218
threshold=1.8333333333333337 0.73431372549019625 20.675000000000004 22.500000000000004 21.700000000000006 9.144009216589863
decision_type=2 2 2 2 2 2
left_child=1 2 3 4 -1 -3
right_child=-2 5 -4 -5 -6 -7
leaf_value=-2.9423570774531425e-05 0.0079132582488764813 0.00048281320338639942 0.0092115341408341832 -0.0081129105022941725 0.012085487050044339 -0.012481014786235945
leaf_weight=3004.4212793000042 14.983039394021032 23.697142332792282 21.708694979548454 31.002358973026276 18.129036501049995 19.013564676046371
leaf_count=20507 65 145 90 130 76 83
internal_value=-6.08957e-06 -4.667e-05 3.0005e-05 -3.82638e-05 4.72139e-05 -0.00544181
internal_weight=3132.96 3117.97 3075.26 3053.55 3022.55 42.7107
internal_count=21096 21031 20803 20713 20583 228
is_linear=0
shrinkage=0.03


Tree=193
num_leaves=15
num_cat=0
split_feature=15 13 12 18 4 17 13 13 6 6 12 5 11 7
split_gain=1.13475 2.27131 2.39734 5.36549 4.97547 4.72384 2.81619 3.04974 2.13431 4.32828 2.06399 4.42197 3.23597 1.53998
threshold=1.0000000180025095e-35 1.1000000000000003 1.6333333333333335 5.7527777777777791 0.36666666666666675 0.48683298683298687 3.9000000000000004 2.7083333333333335 22.500000000000004 20.900000000000002 2.7083333333333335 16.833333333333339 0.24011687348865743 36.416666666666679
decision_type=2 2 2 2 2 2 2 2 2 2 2 2 2 2
left_child=1 13 3 4 -3 -5 7 -4 9 10 12 -12 -2 -1
right_child=8 2 6 5 -6 -7 -8 -9 -10 -11 11 -13 -14 -15
leaf_value=1.9116594036951571e-05 -0.00079684083363541834 -0.0050377962673127333 0.00060572728990658943 0.0027739987419413835 -0.021138774620185378 -0.011620059048577104 0.0092711444638469594 -0.0027838523245831553 -0.0075809619405873092 0.013984357798856909 0.0013522615357256837 0.012745576333479135 0.0045299611333164272 0.012459378268973996
leaf_weight=16.351421024650335 961.64685883559287 124.62904768064618 812.94157329574227 136.93217712640762 19.303797818720341 23.108509734272957 26.813931610435247 337.17453292384744 27.57046777009964 20.749065384268761 461.029969971627 31.877414047718048 113.8912575095892 18.808525502681732
leaf_count=150 6806 1262 5582 768 150 105 164 2261 116 87 2894 133 525 93
internal_value=-5.82409e-06 -0.000595236 -0.000776126 -0.00314653 -0.00732816 0.000636369 -0.000161754 -0.000389536 0.000546902 0.000692588 0.000507952 0.00211341 -0.000229089 0.00683446
internal_weight=3132.83 1516.06 1480.9 303.974 143.933 160.041 1176.93 1150.12 1616.77 1589.19 1568.45 492.907 1075.54 35.1599
internal_count=21096 10535 10292 2285 1412 873 8007 7843 10561 10445 10358 3027 7331 243
is_linear=0
shrinkage=0.03


Tree=194
num_leaves=13
num_cat=0
split_feature=14 14 6 6 10 5 5 6 5 17 11 1
split_gain=1.11567 1.27654 2.07793 5.1396 1.61976 1.36271 3.41924 4.27712 3.41239 3.91336 2.78649 2.01773
threshold=55.250000000000007 52.750000000000007 4.7750000000000012 7.1000000000000005 1.0000000180025095e-35 19.833333333333339 22.166666666666668 23.300000000000001 16.416666666666668 0.27100988700564976 0.1401367742880901 0.55000000000000016
decision_type=2 2 2 2 2 2 2 2 2 2 2 2
left_child=1 5 4 -4 -3 8 10 -8 11 -10 -7 -1
right_child=-2 2 3 -5 -6 6 7 -9 9 -11 -12 -13
leaf_value=-0.00048172696033070252 -0.0076625148250468039 0.013317361893730482 -0.011474474430077123 0.005588259153545683 0.0024422057047384167 -0.0029483000801913501 0.0078789127682623011 -0.006097938457538068 0.015588525271293528 0.0023334108900246687 -0.0150015529201518 0.0020519221248384871
leaf_weight=2378.0551001485437 16.033663354814053 23.187138073146343 23.298531159758568 44.906059488654137 26.269700024276972 47.926160603761673 42.499893963336945 35.064250275492668 22.987377285957336 125.32071599364281 26.568469703197479 320.06934082508087
leaf_count=17530 99 170 133 195 195 201 177 146 101 526 111 1512
internal_value=-5.6351e-06 3.62077e-05 0.00308802 -0.000321914 0.00770375 -8.45358e-05 -0.00284208 0.00156324 6.37207e-05 0.00447856 -0.00738885 -0.00018052
internal_weight=3132.19 3116.15 117.661 68.2046 49.4568 2998.49 152.059 77.5641 2846.43 148.308 74.4946 2698.12
internal_count=21096 20997 693 328 365 20304 635 323 19669 627 312 19042
is_linear=0
shrinkage=0.03


Tree=195
num_leaves=15
num_cat=0
split_feature=13 9 11 11 14 14 9 11 17 1 11 17 17 11
split_gain=1.10751 2.91965 6.09227 3.77667 3.4271 4.59294 3.8925 3.57241 3.1992 2.20076 3.05835 2.96601 2.8271 5.43765
threshold=1.9000000000000001 3.3666666666666671 0.10834364608629317 0.11994353462884318 50.750000000000007 46.750000000000007 1.2916666666666667 0.093057711258930795 0.31072796934865904 0.70833333333333337 0.074976803502645156 0.42146381578947373 0.58411949685534603 0.16102348289848292
decision_type=2 2 2 2 2 2 2 2 2 2 2 2 2 2
left_child=1 4 -3 -4 5 7 -7 -1 -5 12 -11 -12 -2 -14
right_child=9 2 3 8 -6 6 -8 -9 -10 10 11 -13 13 -15
leaf_value=-0.00078446010034842408 0.00025244571864618343 0.012807364364794417 -0.01078238497180189 0.0032137710524253768 0.0088552457233384858 -0.0012837348896444416 -0.016622724545735032 -0.010984570909601027 -0.0025280821157806972 0.01180505740578597 0.01060107391170996 -0.0012862446615337785 -0.016703121582157782 0.0033675992134476634
leaf_weight=266.84278953447938 2152.0335811600089 33.739519722759724 27.703478939831257 186.26613780111074 20.351270534098148 24.122870147228241 38.667673844844103 33.980438515543938 162.68628785759211 33.004846714437008 23.49478867650032 81.84688251465559 24.26574344933033 22.859367966651917
leaf_count=2296 14828 205 177 1106 143 206 296 249 754 159 101 363 113 100
internal_value=-5.4517e-06 -0.000972483 0.000786221 -0.000321652 -0.00284941 -0.003527 -0.0108423 -0.00196922 0.000537268 0.000323452 0.00397957 0.00143979 9.17462e-05 -0.00709958
internal_weight=3131.87 794.36 410.395 376.656 383.965 363.614 62.7905 300.823 348.952 2337.51 138.347 105.342 2199.16 47.1251
internal_count=21096 5432 2242 2037 3190 3047 502 2545 1860 15664 623 464 15041 213
is_linear=0
shrinkage=0.03


Tree=196
num_leaves=13
num_cat=0
split_feature=12 18 7 8 11 7 5 17 18 10 8 11
split_gain=1.09497 1.17575 3.68287 4.24297 5.28271 2.9116 5.13714 2.50957 2.47711 1.89513 2.52043 0.655083
threshold=0.63333333333333341 16.300322061191633 92.416666666666671 71.291666666666671 0.091610380882472794 110.16666666666667 19.833333333333339 0.53923076923076929 15.753378378378381 17.100000000000005 119.30000000000003 0.08964950964950967
decision_type=2 2 2 2 2 2 2 2 2 2 2 2
left_child=-1 8 3 11 -5 6 -4 -7 9 10 -2 -3
right_child=1 2 5 4 -6 7 -8 -9 -10 -11 -12 -13
leaf_value=-0.006953972250947669 -3.9358785132025242e-05 -0.0056797664726245048 0.0036534559829816296 0.019505438203646645 0.0039820516824138662 -0.0028351892466475866 -0.013602174229167539 0.0092370451577267806 -0.0076315309053838869 -0.0099770133099851277 0.01176675527584156 0.0014181321035965401
leaf_weight=19.278747644275427 2785.9614438526332 21.93758400529623 26.407789438962936 28.785231649875641 60.560499370098114 32.108202561736107 35.529075399041176 28.334906727075577 38.13078760355711 16.137843519449234 15.369926959276198 23.243776917457581
leaf_count=149 19566 100 109 119 251 132 148 120 170 68 64 100
internal_value=-5.46819e-06 3.97902e-05 0.00197967 0.00538794 0.00914389 -0.00178021 -0.0063038 0.00288234 -0.000135365 -3.12421e-05 2.9593e-05 -0.00207658
internal_weight=3131.79 3112.51 256.907 134.527 89.3457 122.38 61.9369 60.4431 2855.6 2817.47 2801.33 45.1814
internal_count=21096 20947 1079 570 370 509 257 252 19868 19698 19630 200
is_linear=0
shrinkage=0.03


Tree=197
num_leaves=13
num_cat=0
split_feature=14 14 6 6 18 18 5 14 14 18 12 6
split_gain=1.07783 1.16679 1.94186 4.85598 1.59858 1.28005 5.73668 2.4738 2.36594 1.71917 4.19009 2.08749
threshold=55.250000000000007 52.750000000000007 4.7750000000000012 7.1000000000000005 3.0106382978723407 1.4807407407407409 1.1666666666666667 42.250000000000007 43.250000000000007 1.7533783783783787 2.9000000000000004 1.9000000000000001
decision_type=2 2 2 2 2 2 2 2 2 2 2 2
left_child=1 5 4 -4 -3 6 8 -8 -1 10 -7 -11
right_child=-2 2 3 -5 -6 9 7 -9 -10 11 -12 -13
leaf_value=-0.0069981897542939746 -0.0075391813165096551 0.0010904831628993656 -0.011231351257859786 0.0053781437558672717 0.011931865836939153 0.0097423052390110936 -0.0030414894255928653 -0.024028384775357202 0.0062719489962119917 -0.0046279361074413735 -0.0080007125869688538 5.745349084069149e-05
leaf_weight=17.785416390746832 15.99781723320484 21.34601166471839 23.178631946444511 44.94897848367691 28.403916601091623 43.67865414172411 8.2728923000395316 13.451571408659218 33.046587130054832 87.299496117979288 15.515105681493877 2778.5427530966699
leaf_count=261 99 173 133 195 192 520 127 198 386 1054 170 17588
internal_value=-5.28749e-06 3.58055e-05 0.00295071 -0.000353527 0.00739334 -7.97662e-05 -0.00398846 -0.0165219 0.00158347 1.85201e-05 0.00503608 -8.68377e-05
internal_weight=3131.47 3115.47 117.878 68.1276 49.7499 2997.59 72.5565 21.7245 50.832 2925.04 59.1938 2865.84
internal_count=21096 20997 693 328 365 20304 972 325 647 19332 690 18642
is_linear=0
shrinkage=0.03


Tree=198
num_leaves=15
num_cat=0
split_feature=8 19 9 11 11 7 7 8 17 18 12 8 12 18
split_gain=1.07772 4.2275 1.32773 6.13456 5.79105 5.35653 4.81475 10.957 6.21012 5.92847 4.4802 2.57027 0.970414 0.0722456
threshold=1.0000000180025095e-35 1.0000000180025095e-35 0.45000000000000007 0.024597692158301331 0.027639571389571394 26.166666666666668 42.166666666666679 20.450000000000003 0.091608391608391626 5.202272727272728 2.5500000000000003 12.100000000000001 2.7083333333333335 5.8386046511627914
decision_type=2 2 2 2 2 2 2 2 2 2 2 2 2 2
left_child=1 -1 6 5 13 12 7 8 -2 -9 -8 -6 -4 -5
right_child=2 -3 3 4 11 -7 10 9 -10 -11 -12 -13 -14 -15
leaf_value=0.0051657060899857237 0.0049344082306352543 -0.020330607742949761 -0.019536317616304061 0.01070831780997763 0.0033446051092250384 0.0031433918007863861 0.0028024136955815556 0.0027067536543675767 -0.0063187791739841622 0.018407341891392204 -0.013867182263574791 -0.00034668862273753336 -0.0075540898507537157 0.017145791918011587
leaf_weight=12.252550724893808 85.426144581288099 9.6829051319509745 26.416618995368481 11.895479355007412 180.98435662314296 18.300909079611301 27.04978184401989 36.942112505435944 89.219559490680695 52.658238150179386 29.614621184766293 2528.8734416812658 10.156700834631918 11.839869819581507
leaf_count=145 1019 207 278 128 2003 108 139 303 872 298 139 15294 91 72
internal_value=-5.51503e-06 -0.00648477 4.22638e-05 -0.000168277 3.28481e-05 -0.0100087 0.00186654 0.00356948 -0.000817644 0.0120353 -0.00599905 -9.90139e-05 -0.0164984 0.0144829
internal_weight=3131.31 21.9355 3109.38 2788.47 2733.59 54.8742 320.91 264.246 174.646 89.6004 56.6644 2709.86 36.5733 23.7353
internal_count=21096 352 20744 17974 17497 477 2770 2492 1891 601 278 17297 369 200
is_linear=0
shrinkage=0.03


Tree=199
num_leaves=15
num_cat=0
split_feature=15 3 1 11 17 9 6 13 18 7 11 18 17 6
split_gain=1.07325 2.18792 4.46041 3.4663 3.35573 2.33842 2.04009 1.9839 4.2273 7.37311 5.28221 5.09723 4.80128 4.08737
threshold=1.0000000180025095e-35 1.1666666666666667 0.70833333333333337 0.30616954685099851 0.58411949685534603 4.1000000000000005 13.708333333333334 2.7083333333333335 6.8352713178294584 58.166666666666679 0.05264446080235554 5.7171862182116504 0.19478319783197837 1.1000000000000003
decision_type=2 2 2 2 2 2 2 2 2 2 2 2 2 2
left_child=1 2 3 4 -1 -3 -4 13 11 10 -10 12 -9 -2
right_child=7 5 6 -5 -6 -7 -8 8 9 -11 -12 -13 -14 -15
leaf_value=-0.00070009767746959811 0.012860428261375513 -0.00018645150901378969 0.012208062913098547 0.0095828974549852144 -0.011172876914802033 -0.012572708171222021 0.00085288709671960659 -0.001493257079091613 0.00029649881237919822 0.00099015554507815226 0.018221102123064069 -0.0095306645264779423 0.0082869205520238742 -0.00035136308234570636
leaf_weight=1347.3988226167858 20.46580314449966 27.144770190119743 34.786395311355591 27.908828347921371 27.118335053324699 26.796056836843491 23.91606505215168 139.60205643996596 20.722453504800797 119.11931370198727 51.035849183797836 43.554572112858295 65.624714031815529 1156.1811515688896
leaf_count=9773 248 116 175 126 129 116 100 1240 113 513 255 259 438 7495
internal_value=-5.49383e-06 -0.000578951 -0.000357705 -0.000699106 -0.000914691 -0.00645639 0.00767361 0.00053207 0.00224902 0.00559486 0.01312 -0.000330193 0.00165914 -0.000110841
internal_weight=3131.38 1515.07 1461.13 1402.43 1374.52 53.9408 58.7025 1616.31 439.659 190.878 71.7583 248.781 205.227 1176.65
internal_count=21096 10535 10303 10028 9902 232 275 10561 2818 881 368 1937 1678 7743
is_linear=0
shrinkage=0.03


Tree=200
num_leaves=15
num_cat=0
split_feature=16 13 17 6 14 21 18 7 21 5 6 18 5 5
split_gain=1.06549 1.12019 2.72985 5.95864 5.28438 3.21009 6.45381 3.00013 2.90803 2.20614 4.95919 4.17387 2.87415 6.06045
threshold=61.500000000000007 1.9000000000000001 0.26598639455782319 2.2250000000000005 50.750000000000007 1.0000000180025095e-35 16.515813953488376 86.166666666666671 1.0000000180025095e-35 9.4166666666666696 9.5500000000000025 11.596875000000002 19.833333333333339 17.583333333333339
decision_type=2 2 2 2 2 2 2 2 2 2 2 2 2 2
left_child=1 2 3 8 -5 6 -4 -7 -1 10 11 -3 13 -11
right_child=-2 9 5 4 -6 7 -8 -9 -10 12 -12 -13 -14 -15
leaf_value=-0.0024107781860542321 0.0072979847784376923 0.00017691371122608991 -0.0091633924745974996 0.0013558901105650625 0.018017047547912026 0.0025406696822492048 0.0022771499879661932 -0.0079912020461212277 -0.014207449306748103 0.0014422412968438021 -0.0097371960360600751 -0.013413889227743161 -0.0024078211601881666 0.010797970309915977
leaf_weight=51.655658233910799 16.876681968569756 1651.4110243227333 135.81353285163641 344.67583781480789 17.045193865895271 116.925507389009 65.180995963513851 29.676841609179974 29.054090540856123 418.42586567997932 47.340367168188095 19.59062248468399 115.28916092216969 72.315630599856377
leaf_count=634 90 12541 744 2551 108 626 276 129 345 1891 239 138 481 303
internal_value=-5.15691e-06 -4.70619e-05 -0.00102224 0.000540978 0.00218851 -0.00300779 -0.00546041 0.000368998 -0.00677928 0.000284687 -0.000264384 9.64941e-06 0.0018394 0.00284006
internal_weight=3131.28 3114.4 790.028 442.431 361.721 347.597 200.995 146.602 80.7097 2324.37 1718.34 1671 606.031 490.741
internal_count=21096 21006 5413 3638 2659 1775 1020 755 979 15593 12918 12679 2675 2194
is_linear=0
shrinkage=0.03


Tree=201
num_leaves=6
num_cat=0
split_feature=3 7 6 18 10
split_gain=1.06561 1.20666 1.44957 2.28691 1.70579
threshold=1.8333333333333337 139.16666666666671 22.500000000000004 21.755952380952383 17.500000000000004
decision_type=2 2 2 2 2
left_child=1 2 3 4 -1
right_child=-2 -3 -4 -5 -6
leaf_value=4.0722203190389604e-06 0.0077277361543174978 0.007352670139105082 -0.0052285333012548124 0.010642449400700903 -0.0066197049223487084
leaf_weight=2998.1818665694445 14.956164941191672 18.719972148537636 47.668470323085785 17.03124526143074 34.404226809740067
leaf_count=20538 65 79 199 71 144
internal_value=-5.24298e-06 -4.48269e-05 -9.18961e-05 -9.91786e-06 -7.32309e-05
internal_weight=3130.96 3116.01 3097.29 3049.62 3032.59
internal_count=21096 21031 20952 20753 20682
is_linear=0
shrinkage=0.03


Tree=202
num_leaves=15
num_cat=0
split_feature=8 19 9 11 11 7 7 8 17 18 1 8 18 18
split_gain=1.03607 4.06256 1.26888 5.80068 5.43516 5.13782 4.52093 10.2871 5.84843 5.55263 3.17134 2.46195 0.70951 0.0784889
threshold=1.0000000180025095e-35 1.0000000180025095e-35 0.45000000000000007 0.024597692158301331 0.027639571389571394 26.166666666666668 42.166666666666679 20.450000000000003 0.091608391608391626 5.202272727272728 0.29166666666666669 12.100000000000001 2.8024390243902442 5.8386046511627914
decision_type=2 2 2 2 2 2 2 2 2 2 2 2 2 2
left_child=1 -1 6 5 13 12 7 8 -2 -9 -8 -6 -4 -5
right_child=2 -3 3 4 11 -7 10 9 -10 -11 -12 -13 -14 -15
leaf_value=0.0049609785748037562 0.004769687761240789 -0.020118164559058488 -0.0098906401929339215 0.010288573780011986 0.003269454091712825 0.00307329566789858 0.0017732022547350301 0.0026157508385167417 -0.0061533639807239719 0.017778400700672527 -0.01230073449830078 -0.00034027920475490387 -0.019764546972244987 0.016602011272411052
leaf_weight=12.314632058143616 85.76276171952486 9.5146852117031813 14.387681413441895 12.005994893610479 181.30530129373074 18.312482468783855 26.420277491211891 37.016321592032909 88.772257972508669 53.058360554277897 30.121992126107216 2528.2923883423209 21.70156417787075 11.924233026802538
leaf_count=145 1019 207 164 128 2003 108 141 303 872 298 137 15294 205 72
internal_value=-4.95368e-06 -0.00637262 4.17893e-05 -0.000164139 3.06285e-05 -0.00977455 0.00182442 0.00347104 -0.000789416 0.0116444 -0.00580793 -9.76267e-05 -0.0162009 0.0139743
internal_weight=3130.91 21.8293 3109.08 2787.93 2733.53 54.4017 321.152 264.61 174.535 90.0747 56.5423 2709.6 36.0892 23.9302
internal_count=21096 352 20744 17974 17497 477 2770 2492 1891 601 278 17297 369 200
is_linear=0
shrinkage=0.03


Tree=203
num_leaves=13
num_cat=0
split_feature=12 18 7 8 11 7 5 18 18 10 8 11
split_gain=1.03245 1.10041 3.38205 4.04967 4.99876 2.76858 4.67725 2.31468 1.99867 1.72103 2.35971 0.630869
threshold=0.63333333333333341 16.300322061191633 92.416666666666671 71.291666666666671 0.091610380882472794 110.16666666666667 19.833333333333339 15.753378378378381 21.160342717258263 17.100000000000005 119.30000000000003 0.08964950964950967
decision_type=2 2 2 2 2 2 2 2 2 2 2 2
left_child=-1 7 3 11 -5 6 -4 9 -7 10 -2 -3
right_child=1 2 5 4 -6 8 -8 -9 -10 -11 -12 -13
leaf_value=-0.0067674207337755253 -3.8808946287009301e-05 -0.0056499672615119003 0.0033979100454327423 0.018929418045183763 0.0038307441220931807 0.0071714063045643156 -0.013076258347005735 -0.0073867177820666789 -0.003830756109359968 -0.0095197544629577226 0.011390989024993777 0.0013183313848869223
leaf_weight=19.188107464462519 2785.5276136361063 21.912173695862293 26.402430832386017 28.784702509641647 60.574253007769585 36.672312349081039 35.466411888599396 38.025152146816254 23.722176596522331 16.095465704798698 15.351791843771933 23.257835507392883
leaf_count=149 19566 100 109 119 251 152 148 170 100 68 64 100
internal_value=-4.97392e-06 3.88857e-05 0.00191602 0.00518125 0.00885006 -0.00168967 -0.00610371 -0.000130564 0.00285789 -3.003e-05 2.78816e-05 -0.00211118
internal_weight=3130.98 3111.79 256.792 134.529 89.359 122.263 61.8688 2855 60.3945 2816.97 2800.88 45.17
internal_count=21096 20947 1079 570 370 509 257 19868 252 19698 19630 200
is_linear=0
shrinkage=0.03


Tree=204
num_leaves=9
num_cat=0
split_feature=14 12 8 6 13 8 3 10
split_gain=1.03765 1.12133 2.9146 4.1883 2.66518 2.62503 2.97542 2.35299
threshold=55.250000000000007 3.2250000000000005 116.10000000000001 17.450000000000003 2.6333333333333337 126.22500000000001 1.5833333333333337 6.7750000000000012
decision_type=2 2 2 2 2 2 2 2
left_child=1 5 3 4 -3 6 7 -1
right_child=-2 2 -4 -5 -6 -7 -8 -9
leaf_value=-0.00067464064571868404 -0.0074056138799762222 -7.241754843434703e-05 0.013327771993512948 -0.011693494223214217 0.0051490838381714511 -0.011936225359567747 0.01140688718262242 0.0015025793634160277
leaf_weight=2075.6311421636492 15.958326466381548 267.58338305167854 16.824872553348541 21.385127678513527 130.05513355880976 16.026805087924004 19.006029024720192 568.20658160746098
leaf_count=15592 99 1676 73 89 809 66 80 2612
internal_value=-4.83722e-06 3.54455e-05 0.00144482 0.000937098 0.00164401 -0.000194312 -0.000119187 -0.000206327
internal_weight=3130.68 3114.72 435.849 419.024 397.639 2678.87 2662.84 2643.84
internal_count=21096 20997 2647 2574 2485 18350 18284 18204
is_linear=0
shrinkage=0.03


Tree=205
num_leaves=14
num_cat=0
split_feature=15 4 2 17 17 17 18 11 18 18 8 5 11
split_gain=1.0093 2.17449 3.79717 9.20056 6.08238 5.74256 1.86902 5.49016 3.50142 4.45659 3.76892 3.11295 0.715654
threshold=1.0000000180025095e-35 1.1000000000000003 0.64583333333333337 0.58411949685534603 0.55291153415453542 0.56711711711711721 1.1846590909090911 0.024597692158301331 1.4807407407407409 1.7156334231805932 7.1000000000000005 1.5833333333333337 0.034270419149149141
decision_type=2 2 2 2 2 2 2 2 2 2 2 2 2
left_child=1 2 3 4 -1 -4 7 -2 12 11 -11 -10 -8
right_child=6 -3 5 -5 -6 -7 8 -9 9 10 -12 -13 -14
leaf_value=-0.00063339537329893791 -0.0070852229382722242 -0.0075680055327214469 0.019158273653248587 -0.021312073839615309 0.016981272451742822 3.8085896360342937e-05 -0.0057476250155797538 0.0194373464120862 0.0018384134227994477 -0.0076822011764712097 0.00058537605406724013 0.022000878321309876 -0.019191102618011387
leaf_weight=1380.9020050745457 11.577648699283602 37.841432154178619 21.110758766531944 18.212223723530769 16.871497616171837 39.213707566261292 7.954556677490471 15.390541881322859 13.458879897370936 50.328416893258691 1495.9123841077089 13.565188117325304 7.9435003101825714
leaf_count=9932 143 160 90 83 72 198 109 163 147 574 9180 141 104
internal_value=-4.7069e-06 -0.000561052 -0.000376445 -0.000692499 -0.000408794 0.00693256 0.000516557 0.00820479 0.000381009 0.000526576 0.000311484 0.0123832 -0.0132029
internal_weight=3130.28 1514.15 1476.31 1415.99 1397.77 60.3245 1616.13 26.9682 1589.16 1573.26 1546.24 27.0241 15.8981
internal_count=21096 10535 10375 10087 10004 288 10561 306 10255 10042 9754 288 213
is_linear=0
shrinkage=0.03


Tree=206
num_leaves=12
num_cat=0
split_feature=16 13 8 16 8 5 1 9 9 12 12
split_gain=1.00373 1.0435 2.62053 6.44414 3.80518 6.56403 2.25 2.7215 2.72069 1.89503 3.31045
threshold=61.500000000000007 1.9000000000000001 92.300000000000026 20.500000000000004 88.100000000000009 18.833333333333339 0.70833333333333337 1.4500000000000002 3.2250000000000005 4.3250000000000011 3.5500000000000003
decision_type=2 2 2 2 2 2 2 2 2 2 2
left_child=1 2 4 -4 5 -1 9 -8 -9 10 -3
right_child=-2 6 3 -5 -6 -7 7 8 -10 -11 -12
leaf_value=-0.00034969799900163949 0.0070761417834877037 -0.00020917687467502156 -0.018729073860251504 0.0008996818792586296 0.013395127225319214 -0.018600408404617266 0.013096838064941232 -0.0055716422765202944 0.004802830215135786 -0.0081044213062522255 0.0041240294193568604
leaf_weight=693.98634979687631 16.914926290512085 1991.0585523266345 23.886166021227837 37.878140658140182 16.370646148920059 17.202474772930145 23.361309796571732 30.212860807776451 83.425768569111824 24.41126412153244 171.41001255065203
leaf_count=5008 90 13747 102 160 69 74 114 139 364 155 1074
internal_value=-4.55283e-06 -4.52841e-05 -0.000986993 -0.00686882 -0.000478927 -0.00081665 0.000274861 0.00399009 0.00202005 4.03988e-05 0.000136046
internal_weight=3130.12 3113.2 789.324 61.7643 727.559 711.189 2323.88 137 113.639 2186.88 2162.47
internal_count=21096 21006 5413 262 5151 5082 15593 617 503 14976 14821
is_linear=0
shrinkage=0.03


Tree=207
num_leaves=15
num_cat=0
split_feature=8 19 9 11 11 11 2 8 18 17 5 17 11 18
split_gain=0.999786 3.86243 1.19247 5.49477 5.0711 4.68694 3.57926 14.7959 5.13455 8.471 4.82545 2.88012 2.40165 0.0825268
threshold=1.0000000180025095e-35 1.0000000180025095e-35 0.45000000000000007 0.024597692158301331 0.027639571389571394 0.017880184331797239 0.10555555555555557 31.900000000000002 10.300943396226417 0.3504385964912281 3.1666666666666674 0.19836065573770495 0.051358373410399387 5.8386046511627914
decision_type=2 2 2 2 2 2 2 2 2 2 2 2 2 2
left_child=1 -1 6 5 13 -4 7 10 9 -8 -2 -7 -6 -5
right_child=2 -3 3 4 12 11 8 -9 -10 -11 -12 -13 -14 -15
leaf_value=0.0046724170930127406 0.0063366204278504255 -0.019873009472294003 0.0036802918143846231 0.0098598623665820864 -0.0027870336585304909 -0.022091556541801539 -0.0038446962868663318 0.033774659485316993 -0.016516753917128171 0.011694349956424712 -0.005220678409368097 -0.0049893380700739183 0.00020207134796694035 0.016021397642999695
leaf_weight=12.402207281440496 86.3053944632411 9.3261216543614864 16.398555189371109 12.12016446888447 267.51727893948555 21.893611963838339 110.76999945566058 13.656369499862192 16.68643482029438 43.007240697741508 50.886605024337769 15.65175526589155 2441.3741526901722 12.017217136919497
leaf_count=145 1043 207 146 128 2326 230 848 76 83 228 492 101 14971 72
internal_value=-4.52493e-06 -0.00627369 4.1303e-05 -0.000158438 3.03889e-05 -0.00955165 0.00176892 0.00511926 -0.00120847 0.000548623 0.00204308 -0.0152765 -9.4038e-05 0.0134428
internal_weight=3130.01 21.7283 3108.28 2786.97 2733.03 53.9439 321.312 150.848 170.464 153.777 137.192 37.5454 2708.89 24.1374
internal_count=21096 352 20744 17974 17497 477 2770 1611 1159 1076 1535 331 17297 200
is_linear=0
shrinkage=0.03


Tree=208
num_leaves=8
num_cat=0
split_feature=14 16 10 11 10 10 14
split_gain=0.989859 1.03784 1.09935 5.94523 5.77703 3.92676 3.08343
threshold=55.250000000000007 61.500000000000007 6.7750000000000012 0.3506147934122073 4.291666666666667 7.1000000000000005 41.750000000000007
decision_type=2 2 2 2 2 2 2
left_child=1 2 3 4 -1 -4 -7
right_child=-2 -3 5 -5 -6 6 -8
leaf_value=0.00023068964908099735 -0.0072441168262560793 0.0073455227391650895 0.012552843978544219 -0.018757388159626437 -0.0053708378770019301 0.0039936656294792773 -0.00062354366313398051
leaf_weight=2214.3462071102113 15.905434526503084 16.379089802503586 24.711195461452007 14.619477495551108 178.10227036103606 176.23760825395584 489.43967416137457
leaf_count=16459 99 87 139 67 1244 822 2179
internal_value=-4.43762e-06 3.48564e-05 -6.16004e-06 -0.0003089 -0.000188377 0.00104828 0.000603016
internal_weight=3129.74 3113.84 3097.46 2407.07 2392.45 690.388 665.677
internal_count=21096 20997 20910 17770 17703 3140 3001
is_linear=0
shrinkage=0.03


Tree=209
num_leaves=8
num_cat=0
split_feature=3 17 17 5 5 6 5
split_gain=0.984865 1.55525 1.83967 1.72935 1.5356 2.04091 1.90424
threshold=1.8333333333333337 0.73431372549019625 0.67054263565891481 7.8333333333333348 22.833333333333339 23.300000000000001 19.833333333333339
decision_type=2 2 2 2 2 2 2
left_child=1 2 4 -3 6 -6 -1
right_child=-2 3 -4 -5 5 -7 -8
leaf_value=1.9338719989159642e-05 0.0074339606798359036 0.001258752147149678 0.010213407430377202 -0.010736623666474966 0.010194412222934705 -0.00098271566443441927 -0.0045528340699366506
leaf_weight=2916.0174550488591 14.938473954796789 18.515252314507961 14.90725617110729 24.386953562498093 29.363945424556732 28.195192784070969 83.353560909628868
leaf_count=20152 65 119 62 109 122 117 350
internal_value=-4.41962e-06 -4.2469e-05 3.76469e-05 -0.00564904 -1.52994e-05 0.00479604 -0.000109199
internal_weight=3129.68 3114.74 3071.84 42.9022 3056.93 57.5591 2999.37
internal_count=21096 21031 20803 228 20741 239 20502
is_linear=0
shrinkage=0.03


Tree=210
num_leaves=13
num_cat=0
split_feature=12 18 7 6 3 14 16 17 18 14 17 16
split_gain=0.984905 1.03084 3.13581 3.87412 2.65082 3.36389 2.69477 2.46877 2.21075 1.65555 5.15598 1.77625
threshold=0.63333333333333341 16.300322061191633 92.416666666666671 16.225000000000005 0.83333333333333337 42.750000000000007 20.500000000000004 0.407785336356765 15.753378378378381 37.250000000000007 0.37394067796610175 46.500000000000007
decision_type=2 2 2 2 2 2 2 2 2 2 2 2
left_child=-1 8 3 -3 5 -4 -6 -5 9 10 -2 -11
right_child=1 2 4 7 6 -7 -8 -9 -10 11 -12 -13
leaf_value=-0.0066203663592998233 -0.0010489417258357089 -0.0036411194339159084 -0.014387953594347474 0.00052708657642413961 -0.0044229529885985875 -0.00025918674995221378 0.0082499656514649442 0.01091295838554078 -0.0072232492503625347 -0.00011022413434986106 -0.020226391991084169 0.0027119300989454855
leaf_weight=19.119651902467012 91.91601899638772 34.205669932067394 24.278567165136337 28.938621789216995 25.509534046053886 38.00570747256279 34.363460302352905 71.386217027902603 37.955244027078152 2493.008985331282 13.64934431016445 217.28660498000681
leaf_count=149 859 153 102 122 106 156 145 295 170 17511 80 1248
internal_value=-4.16897e-06 3.86141e-05 0.00185581 0.00499917 -0.00161842 -0.00590694 0.00286657 0.00795193 -0.000125427 -2.72249e-05 -0.00369507 0.000116947
internal_weight=3129.62 3110.5 256.688 134.531 122.157 62.2843 59.873 100.325 2853.82 2815.86 105.565 2710.3
internal_count=21096 20947 1079 570 509 258 251 417 19868 19698 939 18759
is_linear=0
shrinkage=0.03


Tree=211
num_leaves=15
num_cat=0
split_feature=15 13 12 8 1 12 9 16 16 9 6 6 10 3
split_gain=0.961726 2.21315 2.20954 5.25723 6.3461 2.83707 5.00881 4.70716 2.13356 1.88511 1.84159 4.05506 1.96915 4.52906
threshold=1.0000000180025095e-35 1.1000000000000003 1.6333333333333335 66.100000000000009 0.36666666666666675 2.3666666666666671 6.1000000000000005 1.0000000180025095e-35 23.500000000000004 2.7750000000000004 22.500000000000004 20.900000000000002 0.63333333333333341 1.1666666666666667
decision_type=2 2 2 2 2 2 2 2 2 2 2 2 2 2
left_child=1 9 3 4 -3 6 -4 -7 -5 -1 11 12 -2 -14
right_child=10 2 5 8 -6 7 -8 -9 -10 -11 -12 -13 13 -15
leaf_value=-0.0017349929661632764 0.0013244828443396898 -0.0027784023735070982 0.0034179418785109592 0.010709526399335419 -0.01584535105295248 -0.016427147302710662 -0.0046949316271188597 -0.00087766155916731538 -0.0007563430768853216 0.012223449095542393 -0.0070577194522511138 0.01351734602165063 -0.0014547210691330361 0.009843596344445987
leaf_weight=13.961863070726393 944.16681749932468 206.55909377150238 343.4870220888406 28.899180769920349 39.077212609350681 16.95836316049099 84.563538528978825 730.2518289797008 28.314796224236488 21.198275126516819 27.480045154690742 20.707511365413666 590.87849743850529 32.75896543264389
leaf_count=116 6397 1779 2658 131 249 138 431 4780 126 127 116 87 3822 139
internal_value=-4.41098e-06 -0.000547709 -0.000726626 -0.00300703 -0.00491298 -0.000136938 0.001808 -0.00125205 0.00511963 0.00678595 0.000504376 0.000639553 0.000460955 -0.000846425
internal_weight=3129.26 1513.27 1478.11 302.85 245.636 1175.26 428.051 747.21 57.214 35.1601 1615.99 1588.51 1567.8 623.637
internal_count=21096 10535 10292 2285 2028 8007 3089 4918 257 243 10561 10445 10358 3961
is_linear=0
shrinkage=0.03


Tree=212
num_leaves=14
num_cat=0
split_feature=8 19 9 11 7 11 7 8 17 16 1 8 13
split_gain=0.954659 3.71357 1.18179 5.1711 4.90292 4.80033 4.43008 9.60152 5.40135 4.24526 2.98678 2.369 0.611615
threshold=1.0000000180025095e-35 1.0000000180025095e-35 0.45000000000000007 0.024597692158301331 26.166666666666668 0.027639571389571394 42.166666666666679 20.450000000000003 0.091608391608391626 11.500000000000002 0.29166666666666669 12.100000000000001 2.5500000000000003
decision_type=2 2 2 2 2 2 2 2 2 2 2 2 2
left_child=1 -1 6 4 12 -5 7 8 -2 -9 -8 -7 -4
right_child=2 -3 3 5 -6 11 10 9 -10 -11 -12 -13 -14
leaf_value=0.0045086081686791374 0.0045785102548523025 -0.019650251631715507 -0.019300101160528504 0.013033723366871662 0.0032207153300413552 0.0032027087718186488 0.0015402244817187801 0.0030248677219752414 -0.0059245346677660521 0.016401986410462942 -0.012123898702582174 -0.00033582740092804426 -0.010009957909948224
leaf_weight=12.453386858105659 86.1603914052248 9.1595670729875565 20.119100231677294 24.289417419582605 18.238339349627495 181.57821472361684 26.51014282554388 35.343907944858074 88.15000606700778 55.080712363123894 29.994552224874496 2526.7765523381531 15.160637270659207
leaf_count=145 1019 207 220 200 108 2003 141 249 872 352 137 15294 149
internal_value=-4.3659e-06 -0.00614612 4.03155e-05 -0.000158564 -0.00930713 2.39473e-05 0.00176037 0.00338933 -0.000736451 0.0112636 -0.00579784 -9.74962e-05 -0.0156938
internal_weight=3129.01 21.613 3107.4 2786.16 53.5181 2732.64 321.24 264.735 174.31 90.4246 56.5047 2708.35 35.2797
internal_count=21096 352 20744 17974 477 17497 2770 2492 1891 601 278 17297 369
is_linear=0
shrinkage=0.03


Tree=213
num_leaves=15
num_cat=0
split_feature=18 6 13 13 8 18 6 5 6 2 22 18 13 14
split_gain=0.948491 5.85532 2.67715 5.07574 3.70307 2.10048 3.54189 2.95546 2.66097 8.36316 6.97437 2.6657 2.56742 2.00705
threshold=1.4807407407407409 1.1000000000000003 2.2916666666666674 2.6333333333333337 2.6333333333333337 1.7533783783783787 1.7083333333333337 1.5833333333333337 1.9000000000000001 1.0000000180025095e-35 1.0000000180025095e-35 2.9511904761904768 2.3666666666666671 45.750000000000007
decision_type=2 2 2 2 2 2 2 2 2 2 2 2 2 2
left_child=1 2 4 -4 -1 6 7 13 9 11 -11 -7 -8 -2
right_child=5 -3 3 -5 -6 8 12 -9 -10 10 -12 -13 -14 -15
leaf_value=-0.019342630371960878 -0.0040186649815854205 -0.013369863442991807 0.023307988676116557 -0.0017177179063159909 0.0058845816364753549 -0.020779436740854917 0.0062641418779776732 0.019776159956755929 0.00012267809709897261 -0.0068439667333507325 0.014673668406319614 -0.0015015348849630773 -0.013615513551994829 0.013033091975757057
leaf_weight=8.2117309793829936 13.530870497226717 30.223542483523488 11.713022846728565 16.816531635820866 11.350037056952713 26.675600223243237 10.384148232638838 17.060596561059356 2899.9027156606317 30.792682189494371 22.671841133385897 8.6333033591508848 11.202530041337011 9.9729281198233348
leaf_count=126 171 435 138 187 138 361 117 190 18291 354 246 109 125 108
internal_value=-4.53649e-06 -0.00324337 0.00326345 0.00899815 -0.00513109 7.96401e-05 0.00549403 0.0106289 -3.4755e-05 -0.0051216 0.00238255 -0.016237 -0.00419857 0.0034532
internal_weight=3129.14 78.3149 48.0913 28.5296 19.5618 3050.83 62.1511 40.5644 2988.68 88.7734 53.4645 35.3089 21.5867 23.5038
internal_count=21096 1024 589 325 264 20072 711 469 19361 1070 600 470 242 279
is_linear=0
shrinkage=0.03


Tree=214
num_leaves=12
num_cat=0
split_feature=14 14 14 17 17 8 6 16 17 16 14
split_gain=0.938536 1.04177 6.28669 4.55023 6.06802 4.50574 4.33849 5.18331 2.00368 5.67466 3.28158
threshold=55.250000000000007 50.250000000000007 49.250000000000007 0.36899313501144165 0.06186224489795919 92.300000000000026 13.708333333333334 4.5000000000000009 0.072077922077922088 26.500000000000004 44.750000000000007
decision_type=2 2 2 2 2 2 2 2 2 2 2
left_child=1 2 8 4 -4 6 7 -3 9 -1 -10
right_child=-2 5 3 -5 -6 -7 -8 -9 10 -11 -12
leaf_value=-0.00077664891733165401 -0.0070659143799074609 0.0075672231796546927 0.0040377650710911334 0.0016155835664019714 -0.017413469264873818 -0.008654331311427817 0.01479594169030465 -0.0012388361009599922 -0.00045586923758918479 -0.013840735670580924 0.0018809238782705965
leaf_weight=406.52722577564418 15.848968666046856 89.485421817749739 15.214386204257606 31.333173736929893 48.126976311206818 33.334130316972733 23.989541947841644 178.81664464622736 1357.0264973044395 31.316371314227581 897.9568318836391
leaf_count=4013 99 618 140 143 328 139 100 1110 8644 387 5375
internal_value=-4.55397e-06 3.36529e-05 -0.000154121 -0.00771119 -0.0122783 0.00163663 0.00283576 0.0017154 0.000114335 -0.00174046 0.000475086
internal_weight=3128.98 3113.13 2787.5 94.6745 63.3414 325.626 292.292 268.302 2692.83 437.844 2254.98
internal_count=21096 20997 19030 611 468 1967 1828 1728 18419 4400 14019
is_linear=0
shrinkage=0.03


Tree=215
num_leaves=15
num_cat=0
split_feature=12 17 16 5 18 13 10 20 10 7 14 6 13 14
split_gain=0.934206 0.97327 5.62383 4.90867 6.37307 5.03242 2.72732 2.03381 6.61844 8.55319 3.70284 5.94679 3.62317 3.05834
threshold=0.63333333333333341 0.072077922077922088 26.500000000000004 2.4166666666666674 3.3169856459330149 2.1000000000000005 1.9000000000000001 1.0000000180025095e-35 6.7750000000000012 49.833333333333336 37.250000000000007 4.1000000000000005 1.9000000000000001 39.750000000000007
decision_type=2 2 2 2 2 2 2 2 2 2 2 2 2 2
left_child=-1 2 3 4 -2 -5 -4 10 9 -9 11 -3 -10 -12
right_child=1 7 6 5 -6 -7 -8 8 12 -11 13 -13 -14 -15
leaf_value=-0.0064617592854872537 0.0021184160220954194 -0.017321582573316743 -0.017926851640405559 0.0025236373627437175 0.026116901477810282 -0.0056779329457733937 0.00073787250005076586 -0.0033360378502083825 -0.0032036739118908824 -0.022821519732206287 0.0056464901284651115 0.0014300002692586634 0.0021121357327636542 0.00075393091204707988
leaf_weight=19.036703675985336 176.78214523568749 24.917525544762611 24.368343036621809 104.31178265810013 9.5737230479717237 186.56159033626318 9.6489755101501924 212.74293998256326 155.10607279092073 21.486081786453724 123.05119980126619 36.546397522091866 441.77551858872175 1582.7497352734208
leaf_count=149 2135 274 306 847 100 1497 117 1635 708 119 898 260 1967 10084
internal_value=-4.69532e-06 3.68986e-05 -0.00115831 -0.000306179 0.00348412 -0.00273815 -0.0127627 0.000272419 -0.000950753 -0.00521288 0.000847865 -0.00632751 0.000727718 0.00110997
internal_weight=3128.66 3109.62 511.247 477.229 186.356 290.873 34.0173 2598.38 831.111 234.229 1767.26 61.4639 596.882 1705.8
internal_count=21096 20947 5002 4579 2235 2344 423 15945 4429 1754 11516 534 2675 10982
is_linear=0
shrinkage=0.03


Tree=216
num_leaves=15
num_cat=0
split_feature=15 3 2 17 17 1 11 8 4 6 13 2 8 16
split_gain=0.909058 2.14302 6.85695 7.09677 4.90365 3.64189 3.10961 2.99725 2.27824 1.81717 1.77375 4.98431 5.26683 3.90097
threshold=1.0000000180025095e-35 1.1666666666666667 0.5277777777777779 0.56306818181818186 0.63299319727891168 0.45000000000000007 0.060881860075408467 85.100000000000009 1.1000000000000003 11.708333333333334 2.7083333333333335 0.43650793650793657 86.550000000000011 42.500000000000007
decision_type=2 2 2 2 2 2 2 2 2 2 2 2 2 2
left_child=1 2 5 9 -5 7 -7 -1 -3 -4 13 12 -12 -2
right_child=10 8 3 4 -6 6 -8 -9 -10 -11 11 -13 -14 -15
leaf_value=-0.00077059717685234975 0.00050069678706300203 -0.00012007926398570228 0.018923257937258912 -0.011685942903325038 0.0061267475582627044 0.0053081318404743219 -0.0078007810448073632 0.005780052944492178 -0.012358131132186766 0.0076924529141555297 0.0014891674285284228 0.0088620434056735069 -0.014132305407833577 -0.0049306319615740881
leaf_weight=1156.4886654075235 1042.5023652557284 26.894214026629925 31.459234230220318 21.728863224387169 34.858129113912582 18.521373212337494 104.80104267597198 65.477831907570362 26.927385583519936 25.286221265792847 340.93156822957098 79.492534622550011 19.596002891659737 133.33774575032294
leaf_count=8886 6991 118 140 98 179 112 500 282 114 106 2373 363 82 752
internal_value=-5.05358e-06 -0.000533469 -0.000314393 0.00673934 -0.000797307 -0.000913192 -0.00580514 -0.000415148 -0.00635662 0.0141386 0.000489567 0.00211204 0.000603341 -0.000118871
internal_weight=3128.3 1512.44 1458.62 113.332 56.587 1345.29 123.322 1221.97 53.8216 56.7455 1615.86 440.02 360.528 1175.84
internal_count=21096 10535 10303 523 277 9780 612 9168 232 246 10561 2818 2455 7743
is_linear=0
shrinkage=0.03


Tree=217
num_leaves=7
num_cat=0
split_feature=3 17 10 6 6 18
split_gain=0.939053 1.54537 2.30358 1.87603 2.67836 1.76418
threshold=1.8333333333333337 0.73431372549019625 20.675000000000004 22.500000000000004 21.700000000000006 9.144009216589863
decision_type=2 2 2 2 2 2
left_child=1 2 3 4 -1 -3
right_child=-2 5 -4 -5 -6 -7
leaf_value=-2.7845377438526887e-05 0.0072623916316504958 -0.00013543955415804031 0.0095666159463045283 -0.0072790187428926857 0.011249192338539953 -0.012216688037918555
leaf_weight=2999.7915234062821 14.921006381511686 23.955907478928566 21.664948955178261 30.822015404701233 18.075369700789452 18.961796090006828
leaf_count=20507 65 145 90 130 76 83
internal_value=-4.92278e-06 -4.20737e-05 3.78394e-05 -3.29898e-05 4.34018e-05 -0.00562978
internal_weight=3128.19 3113.27 3070.35 3048.69 3017.87 42.9177
internal_count=21096 21031 20803 20713 20583 228
is_linear=0
shrinkage=0.03


Tree=218
num_leaves=15
num_cat=0
split_feature=18 6 13 13 8 18 6 16 2 13 6 2 16 18
split_gain=0.928829 5.543 2.49948 4.7045 3.54469 1.98495 3.29298 2.80995 4.05441 2.4591 2.4562 7.93886 4.51801 2.57699
threshold=1.4807407407407409 1.1000000000000003 2.2916666666666674 2.6333333333333337 2.6333333333333337 1.7533783783783787 1.7083333333333337 2.5000000000000004 1.0000000180025095e-35 2.3666666666666671 1.9000000000000001 1.0000000180025095e-35 11.500000000000002 2.9511904761904768
decision_type=2 2 2 2 2 2 2 2 2 2 2 2 2 2
left_child=1 2 4 -4 -1 6 7 -2 -9 -8 11 13 -13 -7
right_child=5 -3 3 -5 -6 10 9 8 -10 -11 -12 12 -14 -15
leaf_value=-0.019118043437188918 -0.0039922694482010723 -0.013142532779191843 0.02217855313494025 -0.0017749222781113486 0.0056319950649663161 -0.020447764986955625 0.006135813064173868 0.022906802048950913 0.0011753995430138573 -0.013354999762682626 0.0001179615621870599 0.019111267065869273 -0.002069802496990993 -0.0014328128331250747
leaf_weight=8.0863859690725821 9.227184094488619 29.907499277964234 11.949792468920352 16.840908940881491 11.422211628407238 26.078078404068947 10.415691874921324 18.804557250812653 12.85536492243409 11.071694150567053 2899.2619677223265 10.427049346268175 43.097840618342161 8.6133435964584333
leaf_count=126 100 435 138 187 138 361 117 230 139 125 18291 110 490 109
internal_value=-4.69812e-06 -0.00321202 0.00307894 0.00857789 -0.00505896 7.85724e-05 0.00533246 0.0102446 0.014389 -0.0040544 -3.28693e-05 -0.00493574 0.00233126 -0.0158991
internal_weight=3128.06 78.2068 48.2993 28.7907 19.5086 3049.85 62.3745 40.8871 31.6599 21.4874 2987.48 88.2163 53.5249 34.6914
internal_count=21096 1024 589 325 264 20072 711 469 369 242 19361 1070 600 470
is_linear=0
shrinkage=0.03


Tree=219
num_leaves=15
num_cat=0
split_feature=14 12 7 8 7 13 11 14 11 13 13 8 12 7
split_gain=0.892624 0.996398 3.18878 6.13027 5.83992 5.76917 4.9652 4.86002 4.84966 2.45934 1.90945 2.79855 2.53837 1.66923
threshold=55.250000000000007 2.7083333333333335 36.416666666666679 18.900000000000002 43.416666666666679 3.4500000000000006 0.017880184331797239 44.750000000000007 0.023445026516034213 1.1000000000000003 1.9000000000000001 105.50000000000001 2.3666666666666671 35.833333333333336
decision_type=2 2 2 2 2 2 2 2 2 2 2 2 2 2
left_child=1 9 3 5 7 -3 -5 -4 -6 13 11 -11 -12 -1
right_child=-2 2 4 6 8 -7 -8 -9 -10 10 12 -13 -14 -15
leaf_value=0.00032692729043980244 -0.0069024890291014933 0.0016821126104826457 -0.00024999785286132731 0.007134032228944211 -0.011780223331340307 0.023941756554378531 -0.0058396422186350761 0.015599826961075088 0.0017711952229529848 -0.0017386511692976359 0.0007179412156397484 -0.014888141546749596 -0.0019948370066009413 0.010907472805828339
leaf_weight=25.186203461140394 15.794014282524584 163.92387651838362 26.848520144820213 29.444248534739017 24.046894133090973 10.212221868336199 213.20836450532079 48.371511898934841 466.78035186976194 465.41586194187403 1176.0967178456485 14.064714789390562 420.62947154417634 27.880806773900986
leaf_count=219 99 1640 152 192 113 86 1558 264 2140 3356 8300 59 2781 137
internal_value=-4.70154e-06 3.25108e-05 0.000822137 -0.00116769 0.00228675 0.00311678 -0.00424256 0.0100134 0.00108467 -0.000332182 -0.000496444 -0.00215455 2.50617e-06 0.00598475
internal_weight=3127.9 3112.11 982.836 416.789 566.047 174.136 242.653 75.22 490.827 2129.27 2076.21 479.481 1596.73 53.067
internal_count=21096 20997 6145 3476 2669 1726 1750 416 2253 14852 14496 3415 11081 356
is_linear=0
shrinkage=0.03


Tree=220
num_leaves=15
num_cat=0
split_feature=8 19 9 11 11 11 2 8 17 8 5 17 8 18
split_gain=0.893702 3.56472 1.14994 4.92 4.54072 4.45416 3.43684 13.5661 4.95582 5.87866 4.6512 2.77491 2.29383 0.115955
threshold=1.0000000180025095e-35 1.0000000180025095e-35 0.45000000000000007 0.024597692158301331 0.017880184331797239 0.027639571389571394 0.10555555555555557 31.900000000000002 0.1327044025157233 38.900000000000006 3.1666666666666674 0.19836065573770495 12.100000000000001 5.8386046511627914
decision_type=2 2 2 2 2 2 2 2 2 2 2 2 2 2
left_child=1 -1 6 4 -4 13 7 10 -8 -10 -2 -6 -7 -5
right_child=2 -3 3 5 11 12 8 -9 9 -11 -12 -13 -14 -15
leaf_value=0.0043980392757232301 0.006249005421402538 -0.019391011659137199 0.0039147975310039893 0.0089515519232065792 -0.02164462377383624 0.0031480143255564657 -0.016188104286120029 0.032201532560750916 0.0045511583498552815 -0.0079514098834955922 -0.0051071304165661285 -0.0047483985023122344 -0.00033245716850493833 0.015149704011580828
leaf_weight=12.47749301046133 86.451746631413698 8.9659635927528143 16.29042949154973 12.367182906717064 21.288755863904953 181.75040961056948 16.764782395213842 13.903778143227099 104.58395546674728 48.821257025003433 50.701150134205818 15.551551498472689 2525.6103772781789 12.146045632660387
leaf_count=145 1043 207 146 128 230 2003 158 76 766 235 492 101 15294 72
internal_value=-4.48014e-06 -0.00596947 3.86063e-05 -0.000157649 -0.0091138 1.98059e-05 0.00173533 0.0050137 -0.00118711 0.000546485 0.00204442 -0.0148261 -9.77303e-05 0.0124961
internal_weight=3127.67 21.4435 3106.23 2785 53.1307 2731.87 321.227 151.057 170.17 153.405 137.153 36.8403 2707.36 24.5132
internal_count=21096 352 20744 17974 477 17497 2770 1611 1159 1001 1535 331 17297 200
is_linear=0
shrinkage=0.03


Tree=221
num_leaves=15
num_cat=0
split_feature=18 6 15 7 18 6 5 6 2 22 18 13 18 7
split_gain=0.910173 5.28638 2.38184 2.61611 1.82887 3.06456 2.54533 2.37982 7.60966 6.47792 2.50044 2.352 1.90139 1.77446
threshold=1.4807407407407409 1.1000000000000003 1.0000000180025095e-35 2.8333333333333335 1.7533783783783787 1.7083333333333337 1.5833333333333337 1.9000000000000001 1.0000000180025095e-35 1.0000000180025095e-35 2.1610810810810817 2.3666666666666671 1.5763403263403266 1.8333333333333337
decision_type=2 2 2 2 2 2 2 2 2 2 2 2 2 2
left_child=1 2 3 -1 5 6 12 8 10 -10 -6 -7 -2 -9
right_child=4 -3 -4 -5 7 11 -8 13 9 -11 -12 -13 -14 -15
leaf_value=-0.016498970167630543 -0.0033454911821377818 -0.012944865313114938 0.0086465622994082603 0.0041047413974505615 -0.02484303583654042 0.0059391534673422326 0.018136475747618765 -0.0086208442739307157 -0.0067367515908667254 0.01393409484345637 -0.0081025282405399399 -0.01314194040608286 0.013545831338368043 0.00018189276583585034
leaf_weight=8.4599720910191554 15.011250466108324 29.636446373537183 27.319268792867661 12.678094789385794 14.503655111417173 10.465669814497234 17.584631046280265 19.758471602573991 30.676047351211309 23.004512958228588 19.804534953087568 10.967148970812557 8.6753144320100528 2879.3085622377694
leaf_count=133 172 435 308 148 201 117 190 244 354 246 269 125 107 18047
internal_value=-4.46293e-06 -0.00318173 0.0029304 -0.00451416 7.79121e-05 0.00510767 0.00980702 -2.93462e-05 -0.00486173 0.00221445 -0.0156827 -0.00397521 0.00313914 0.000118946
internal_weight=3127.85 78.0938 48.4573 21.1381 3049.76 62.704 41.2712 2987.06 87.9888 53.6806 34.3082 21.4328 23.6866 2899.07
internal_count=21096 1024 589 281 20072 711 469 19361 1070 600 470 242 279 18291
is_linear=0
shrinkage=0.03


Tree=222
num_leaves=7
num_cat=0
split_feature=3 17 10 6 6 18
split_gain=0.888426 1.48448 2.18694 1.74941 2.53885 1.65623
threshold=1.8333333333333337 0.73431372549019625 20.675000000000004 22.500000000000004 21.700000000000006 9.144009216589863
decision_type=2 2 2 2 2 2
left_child=1 2 3 4 -1 -3
right_child=-2 5 -4 -5 -6 -7
leaf_value=-2.7222470411449805e-05 0.0070665098711007665 -0.00020081700070205972 0.0093224409990550743 -0.0070325636831542193 0.010953000545598193 -0.011914644027833446
leaf_weight=2999.3259620536119 14.90947951376438 23.984064251184464 21.662020698189735 30.78817617893219 18.072620898485184 18.910981863737106
leaf_count=20507 65 145 90 130 76 83
internal_value=-4.75792e-06 -4.08866e-05 3.74291e-05 -3.15908e-05 4.21502e-05 -0.00551883
internal_weight=3127.65 3112.74 3069.85 3048.19 3017.4 42.895
internal_count=21096 21031 20803 20713 20583 228
is_linear=0
shrinkage=0.03


Tree=223
num_leaves=12
num_cat=0
split_feature=12 18 17 11 18 10 14 5 17 8 18
split_gain=0.886093 0.917664 5.87595 3.8589 4.04805 1.48717 3.35776 1.84737 3.24738 1.86509 0.806292
threshold=0.63333333333333341 17.456439393939394 0.36451048951048953 0.085215184706904326 21.160342717258263 15.266666666666667 42.750000000000007 17.166666666666668 0.37394067796610175 119.30000000000003 19.366028708133975
decision_type=2 2 2 2 2 2 2 2 2 2 2
left_child=-1 5 -3 10 -5 7 -7 9 -9 -2 -4
right_child=1 2 3 4 -6 6 -8 8 -10 -11 -12
leaf_value=-0.0063050472995174857 -0.00017397024631559386 0.014369818576663253 0.0029333307802949242 0.00098339061332054843 -0.010244290601567863 -0.013026450795370639 0.001051042697870119 -0.00051473520782742833 0.013253814251754736 0.010234377101342477 0.010833833308215968
leaf_weight=18.961432542651892 2765.5155451465398 28.476654514670372 23.451233349740505 84.721962258219719 42.744215399026871 24.621296793222427 37.333131119608879 38.062065958976746 24.831648662686348 14.581930965185164 24.218154221773148
leaf_count=149 19501 119 100 353 179 107 156 166 103 61 102
internal_value=-4.54037e-06 3.59064e-05 0.00197777 -0.000107289 -0.00283211 -0.000100836 -0.00466154 1.55141e-07 0.00504371 -0.000115717 0.00708726
internal_weight=3127.52 3108.56 203.612 175.136 127.466 2904.95 61.9544 2842.99 62.8937 2780.1 47.6694
internal_count=21096 20947 853 734 532 20094 263 19831 269 19562 202
is_linear=0
shrinkage=0.03


Tree=224
num_leaves=15
num_cat=0
split_feature=16 13 17 6 14 12 17 8 1 17 7 17 9 17
split_gain=0.878259 0.877715 2.6304 5.53272 4.92845 3.87802 3.16268 2.94849 2.00176 2.56488 3.42896 3.0642 2.50413 2.91924
threshold=61.500000000000007 1.9000000000000001 0.26598639455782319 2.2250000000000005 50.750000000000007 3.4500000000000006 0.41223155929038285 18.900000000000002 0.70833333333333337 0.58411949685534603 81.416666666666671 0.51787994891443179 1.4500000000000002 0.75735294117647067
decision_type=2 2 2 2 2 2 2 2 2 2 2 2 2 2
left_child=1 2 3 7 -5 6 -4 -1 9 11 -11 -3 -10 -14
right_child=-2 8 5 4 -6 -7 -8 -9 12 10 -12 -13 13 -15
leaf_value=-0.0042191603937038287 0.0066054727131157334 -8.061809252477983e-06 -0.0043642777635146167 0.0014021749805673037 0.0174337361822967 -0.01173728277792031 0.001752128199138602 -0.021555545586174132 0.012483611908399434 -0.01500333091020963 0.0010156043327568759 0.0069094617239394184 0.0043617755504168831 -0.0072102540206755231
leaf_weight=70.564147071912885 16.988792411983013 2080.2808397375047 174.90874816849828 344.23088951036334 17.187599882483482 38.306573774665594 133.32547949999571 9.2513495795428735 23.393735341727734 22.536964885890484 24.349818289279938 58.273209378123283 89.461152702569962 24.095519863069057
leaf_count=879 90 14517 963 2551 108 188 624 100 114 111 102 246 379 124
internal_value=-4.19464e-06 -4.24105e-05 -0.00090707 0.000629164 0.00221057 -0.00285927 -0.00172154 -0.00647047 0.000251153 2.99023e-05 -0.0068367 0.000183574 0.00375605 0.00186481
internal_weight=3127.15 3110.17 787.775 441.234 361.418 346.541 308.234 79.8155 2322.39 2185.44 46.8868 2138.55 136.95 113.557
internal_count=21096 21006 5413 3638 2659 1775 1587 979 15593 14976 213 14763 617 503
is_linear=0
shrinkage=0.03


Tree=225
num_leaves=9
num_cat=0
split_feature=14 12 8 6 8 3 13 5
split_gain=0.855228 0.957494 2.69422 3.85497 2.4968 2.67814 2.38268 1.90403
threshold=55.250000000000007 3.2250000000000005 116.10000000000001 17.450000000000003 126.22500000000001 1.4166666666666667 2.6333333333333337 16.416666666666668
decision_type=2 2 2 2 2 2 2 2
left_child=1 4 3 6 5 7 -3 -1
right_child=-2 2 -4 -5 -6 -7 -8 -9
leaf_value=-0.00045032921176790466 -0.0067656052076985372 -0.00010093924314091038 0.012798318921680811 -0.011289183757276193 -0.011635054189667307 0.010513347582517613 0.0048311480465397013 0.002322190915928599
leaf_weight=2394.1646776758134 15.746581874787806 267.32224124856293 16.707778766751289 21.315962880849838 16.017567411065102 20.199309155344963 130.49997655302286 244.81368674337864
leaf_count=17167 99 1676 73 89 66 86 809 1031
internal_value=-4.25198e-06 3.21337e-05 0.00133437 0.000848013 -0.000180447 -0.000107102 0.00152502 -0.000192345
internal_weight=3126.79 3111.04 435.846 419.138 2675.2 2659.18 397.822 2638.98
internal_count=21096 20997 2647 2574 18350 18284 2485 18198
is_linear=0
shrinkage=0.03


Tree=226
num_leaves=9
num_cat=0
split_feature=5 11 8 7 5 6 13 5
split_gain=0.850003 5.89971 5.43402 4.21159 3.4737 3.70116 3.34298 2.63003
threshold=19.833333333333339 0.3506147934122073 110.30000000000003 115.16666666666667 22.166666666666668 23.300000000000001 2.3666666666666671 17.583333333333339
decision_type=2 2 2 2 2 2 2 2
left_child=1 2 3 7 6 -6 -2 -1
right_child=4 -3 -4 -5 5 -7 -8 -9
leaf_value=-1.9517222752999545e-07 -1.2292566867112032e-06 -0.018334079419180149 0.011829845409798201 -0.012660862878753601 0.0081099678867249548 -0.0048017554901453475 -0.012541081812154355 0.0050934377334839378
leaf_weight=2807.0931898932904 35.79830376803875 14.528745189309118 34.757308527827263 22.224928848445415 42.824003294110298 35.825385689735413 40.101212784647942 93.296794667840004
leaf_count=19749 151 67 145 93 179 150 168 394
internal_value=-4.13014e-06 0.000108984 0.000205756 6.3517e-05 -0.00216597 0.00224214 -0.00670354 0.000165351
internal_weight=3126.45 2971.9 2957.37 2922.61 154.549 78.6494 75.8995 2900.39
internal_count=21096 20448 20381 20236 648 329 319 20143
is_linear=0
shrinkage=0.03


Tree=227
num_leaves=15
num_cat=0
split_feature=11 11 11 17 5 11 6 9 11 18 18 18 9 13
split_gain=0.859507 8.68422 5.85092 6.09577 5.38595 3.94518 5.19898 6.82008 3.72499 3.58589 5.24031 5.9379 5.20518 3.54944
threshold=0.12159762664070815 0.13403056098620617 0.11475881437993106 0.35355392156862753 4.8333333333333348 0.10410074670499535 3.2250000000000005 4.1000000000000005 0.095084326195259708 3.6020833333333337 4.8255434782608706 4.1348484848484857 4.9000000000000012 2.5500000000000003
decision_type=2 2 2 2 2 2 2 2 2 2 2 2 2 2
left_child=2 -2 5 4 13 8 -7 -8 -1 -3 11 -11 -12 -4
right_child=1 9 3 -5 -6 6 7 -9 -10 10 12 -13 -14 -15
leaf_value=-3.2462817270715013e-05 0.0072903096453616686 -0.010242702662940745 -0.016368049971944687 -0.020457188864572189 0.0089491405270250499 0.018722594758565827 -0.0013151551444198302 0.01730392445879347 -0.0054167044098893148 -0.0029636621368863253 -0.006335036312412696 0.010132074222210661 5.9334918659901512e-05 0.0013913230774256831
leaf_weight=1427.0081554111093 152.23688556998968 30.73440982401371 24.158424161374569 24.210349798202515 21.571709655225277 19.770813323557377 89.855127684772015 21.015582606196404 124.84184657037258 47.607884511351585 130.08707870543003 87.201219670474529 909.33452682197094 16.709304712712765
leaf_count=11730 897 210 187 116 125 172 537 119 828 308 703 527 4513 124
internal_value=-4.24303e-06 0.000563447 -0.000439821 -0.00799649 -0.00291865 -4.6127e-05 0.00494032 0.00233723 -0.000468819 -0.000291774 -2.28235e-05 0.00551954 -0.000746262 -0.0092471
internal_weight=3126.34 1357.2 1769.14 86.6498 62.4394 1682.49 130.642 110.871 1551.85 1204.97 1174.23 134.809 1039.42 40.8677
internal_count=21096 7158 13938 552 436 13386 828 656 12558 6261 6051 835 5216 311
is_linear=0
shrinkage=0.03


Tree=228
num_leaves=15
num_cat=0
split_feature=15 3 2 17 17 1 12 13 9 6 6 6 10 14
split_gain=0.848077 2.12976 6.45309 6.49527 4.72868 3.49606 3.58152 3.46752 2.21453 1.69246 1.6472 3.6398 1.83421 4.33771
threshold=1.0000000180025095e-35 1.1666666666666667 0.5277777777777779 0.56306818181818186 0.63299319727891168 0.36666666666666675 1.7750000000000001 1.1000000000000003 4.1000000000000005 11.708333333333334 22.500000000000004 20.900000000000002 0.63333333333333341 39.750000000000007
decision_type=2 2 2 2 2 2 2 2 2 2 2 2 2 2
left_child=1 2 5 9 -5 7 -7 -1 -3 -4 11 12 13 -2
right_child=10 8 3 4 -6 6 -8 -9 -10 -11 -12 -13 -14 -15
leaf_value=0.011093337938374742 0.0070249660680028816 -0.00020856306096289742 0.018210408522219234 -0.011399469875565007 0.0061116029712149737 -0.0099885980672116837 -0.0020321183505468653 -0.00019301924514664536 -0.012282006826274807 0.0073844788898315885 -0.0066875027694821383 0.012817189492159091 -0.00083148288939135411 0.00054739563645597798
leaf_weight=24.163310162723064 103.64420603215694 27.05157296359539 31.592393420636654 21.648143384605646 34.854992166161537 59.31515134125948 332.81033574789762 927.61049560829997 26.719588860869408 25.283327370882034 27.408632323145866 20.653507500886917 622.46283999830484 841.27043670229614
leaf_count=183 799 116 140 98 179 335 1759 7503 116 106 116 87 3961 5598
internal_value=-4.25463e-06 -0.000514956 -0.00029647 0.0065446 -0.000679013 -0.000878059 -0.00325801 0.000104857 -0.00632272 0.0136086 0.000473468 0.000601194 0.000432153 0.00126457
internal_weight=3126.49 1511.05 1457.28 113.379 56.5031 1343.9 392.125 951.774 53.7712 56.8757 1615.44 1588.03 1567.38 944.915
internal_count=21096 10535 10303 523 277 9780 2094 7686 232 246 10561 10445 10358 6397
is_linear=0
shrinkage=0.03


Tree=229
num_leaves=10
num_cat=0
split_feature=12 9 13 11 11 11 13 4 9
split_gain=0.848134 1.00787 1.02706 5.84653 5.69919 1.70559 1.45618 3.57154 1.41212
threshold=0.63333333333333341 11.900000000000002 1.1000000000000003 0.059878659389775553 0.1328432230394305 0.023445026516034213 1.5500000000000003 0.55000000000000016 1.1000000000000003
decision_type=2 2 2 2 2 2 2 2 2
left_child=-1 2 3 5 -5 -2 7 -4 -8
right_child=1 -3 6 4 -6 -7 8 -9 -10
leaf_value=-0.006177231971151137 -0.0006590197619609396 -0.0069873159308615927 -0.0044316163079617171 0.017930323658628525 -0.0006930165907118467 -0.016295425517057364 0.0017027390766295274 0.0050544770434671239 -0.00012824185166011173
leaf_weight=18.902585070580244 12.260422859340908 17.28355111181736 166.20637887530029 28.175887547433376 29.846467524766922 12.059276279062031 451.12744896858931 44.529588177800179 2346.1846353001893
leaf_count=149 101 75 1245 197 155 100 3995 212 14867
internal_value=-3.99788e-06 3.55262e-05 7.70502e-05 0.00336218 0.00850112 -0.00874992 -1.3964e-05 -0.00241275 0.000167547
internal_weight=3126.58 3107.67 3090.39 82.3421 58.0224 24.3197 3008.05 210.736 2797.31
internal_count=21096 20947 20872 553 352 201 20319 1457 18862
is_linear=0
shrinkage=0.03


Tree=230
num_leaves=15
num_cat=0
split_feature=18 6 13 13 8 18 6 16 2 13 6 2 22 18
split_gain=0.853582 5.00038 2.25182 4.35627 3.37457 1.75592 2.87815 2.4316 3.66402 2.267 2.21176 7.30218 6.05818 2.49015
threshold=1.4807407407407409 1.1000000000000003 2.2916666666666674 2.6333333333333337 2.6333333333333337 1.7533783783783787 1.7083333333333337 2.5000000000000004 1.0000000180025095e-35 2.3666666666666671 1.9000000000000001 1.0000000180025095e-35 1.0000000180025095e-35 2.9511904761904768
decision_type=2 2 2 2 2 2 2 2 2 2 2 2 2 2
left_child=1 2 4 -4 -1 6 7 -2 -9 -8 11 13 -13 -7
right_child=5 -3 3 -5 -6 10 9 8 -10 -11 -12 12 -14 -15
leaf_value=-0.018844550822655359 -0.003796072239466109 -0.012666325290213779 0.02089495825383321 -0.001979376356251577 0.0053994726403253672 -0.019979696535290321 0.0058563262861854228 0.021240759762985593 0.00078712506699725568 -0.012909116100127816 0.00011300523615175229 -0.0065266287590265305 0.013439599023964343 -0.0011931587949217516
leaf_weight=7.9294385723769691 9.1680803038179857 29.264593364670873 12.226533874869348 16.927240006625652 11.488984093070028 25.280634375289083 10.487102195620539 19.362930431962013 12.990428149700163 10.854832623153923 2898.3682414460927 30.461572844535112 23.232613600790501 8.5479224026203138
leaf_count=126 100 435 138 187 138 361 117 230 139 125 18291 354 246 109
internal_value=-4.03183e-06 -0.00308606 0.00282509 0.00798849 -0.00493855 7.56407e-05 0.00499777 0.00952314 0.0132981 -0.00383866 -2.96258e-05 -0.00470086 0.00220021 -0.0154032
internal_weight=3126.59 77.8368 48.5722 29.1538 19.4184 3048.75 62.8634 41.5214 32.3534 21.3419 2985.89 87.5227 53.6942 33.8286
internal_count=21096 1024 589 325 264 20072 711 469 369 242 19361 1070 600 470
is_linear=0
shrinkage=0.03


Tree=231
num_leaves=7
num_cat=0
split_feature=3 17 5 5 5 18
split_gain=0.835629 1.42086 1.74777 1.89511 3.24862 1.52219
threshold=1.8333333333333337 0.73431372549019625 25.833333333333339 24.166666666666668 22.833333333333339 9.144009216589863
decision_type=2 2 2 2 2 2
left_child=1 2 3 4 -1 -3
right_child=-2 5 -4 -5 -6 -7
leaf_value=-4.9768976422784073e-05 0.0068568303353886903 -0.00030771669453446345 0.0089334417676807335 -0.0095402091472814674 0.010950946895670239 -0.011547400789958147
leaf_weight=3008.8597638569772 14.895350053906439 24.026964694261551 18.7484300583601 17.703731790184975 23.355661198496819 18.85005097091198
leaf_count=20554 65 145 78 74 97 83
internal_value=-4.16383e-06 -3.92007e-05 3.7432e-05 -2.01636e-05 3.85465e-05 -0.00539959
internal_weight=3126.44 3111.54 3068.67 3049.92 3032.22 42.877
internal_count=21096 21031 20803 20725 20651 228
is_linear=0
shrinkage=0.03


Tree=232
num_leaves=12
num_cat=0
split_feature=16 5 5 13 8 5 13 18 11 18 10
split_gain=0.820688 0.913146 3.89469 4.96273 4.23197 3.55669 3.57258 3.56019 2.58468 2.36997 2.43054
threshold=61.500000000000007 19.833333333333339 17.583333333333339 1.9000000000000001 78.300000000000026 22.166666666666668 2.3666666666666671 21.45129664769134 0.11156600444837826 19.366028708133975 13.900000000000002
decision_type=2 2 2 2 2 2 2 2 2 2 2
left_child=1 2 9 -4 -5 6 -3 8 -7 10 -1
right_child=-2 5 3 4 -6 7 -8 -9 -10 -11 -12
leaf_value=-8.2555124618835011e-05 0.0063783534757085869 6.4131971104330724e-06 -0.0042140678735852564 0.019658243798689568 0.0045091409901325801 -0.00040400245179359308 -0.012999758704303874 -0.0063666665565290555 0.012996604297439663 0.010490857091974554 -0.0066826507830132238
leaf_weight=2784.2894143313169 17.028100058436394 35.781130000948906 30.798043295741081 25.420041993260384 46.905565962195396 23.94635209441185 39.544047072529793 27.601541548967361 27.069598570466042 17.780130684375763 50.139299243688583
leaf_count=19635 90 151 132 108 195 100 166 116 113 75 215
internal_value=-3.99181e-06 -4.09845e-05 7.66893e-05 0.00577569 0.010029 -0.00228596 -0.0069024 0.0021683 0.00681966 -0.000131314 -0.000201622
internal_weight=3126.3 3109.28 2955.33 103.124 72.3256 153.943 75.3252 78.6175 51.016 2852.21 2834.43
internal_count=21096 21006 20360 435 303 646 317 329 213 19925 19850
is_linear=0
shrinkage=0.03


Tree=233
num_leaves=15
num_cat=0
split_feature=8 19 9 11 7 11 7 8 5 18 12 8 12 18
split_gain=0.812865 3.45078 1.10118 4.69506 4.69916 4.14985 4.14672 8.46589 5.18166 4.83828 4.05898 2.25893 1.07867 0.0459513
threshold=1.0000000180025095e-35 1.0000000180025095e-35 0.45000000000000007 0.024597692158301331 26.166666666666668 0.027639571389571394 42.166666666666679 20.450000000000003 3.1666666666666674 5.202272727272728 2.5500000000000003 12.100000000000001 2.7750000000000004 5.8017857142857148
decision_type=2 2 2 2 2 2 2 2 2 2 2 2 2 2
left_child=1 -1 6 4 12 13 7 8 -2 -9 -8 -7 -4 -5
right_child=2 -3 3 5 -6 11 10 9 -10 -11 -12 -13 -14 -15
leaf_value=0.0044263202134665223 0.0032083808801189493 -0.019114659090292811 -0.018508126220414943 0.008966111070702441 0.0033085831404187699 0.0031245618007256781 0.0027215742602822893 0.0022227203104250638 -0.0075526779581188749 0.01629153195044581 -0.01317680431850687 -0.00032899946840867113 -0.0058912875584285866 0.014162807202535811
leaf_weight=12.460216797888279 112.16096278652549 8.7689874973148108 25.022569462656975 12.350959215313198 18.190893359482288 181.79455447010696 27.090668350458145 37.325318828225136 61.530496388673782 53.863337859511375 29.296072818338871 2524.3815827444196 9.5856614820659143 12.355412907898424
leaf_count=145 1309 207 280 127 108 2003 139 303 582 298 139 15294 89 73
internal_value=-3.66422e-06 -0.00572003 3.72488e-05 -0.000154897 -0.00893133 1.79949e-05 0.00169745 0.00327134 -0.000625155 0.0106195 -0.0056242 -9.59289e-05 -0.0152771 0.0120148
internal_weight=3126.18 21.2292 3104.95 2783.68 52.7991 2730.88 321.267 264.88 173.691 91.1887 56.3867 2706.18 34.6082 24.7064
internal_count=21096 352 20744 17974 477 17497 2770 2492 1891 601 278 17297 369 200
is_linear=0
shrinkage=0.03


Tree=234
num_leaves=15
num_cat=0
split_feature=11 11 11 18 17 0 1 11 6 5 12 16 11 3
split_gain=0.838792 8.77712 4.85311 4.34389 8.68184 5.85887 5.19381 3.73156 4.80448 6.55762 3.65411 5.07948 3.50164 3.71703
threshold=0.12262749278000847 0.13403056098620617 0.11475881437993106 3.9905660377358494 0.26365441906653431 1.0000000180025095e-35 0.36666666666666675 0.10410074670499535 3.2250000000000005 4.166666666666667 2.3666666666666671 11.500000000000002 0.095084326195259708 0.83333333333333337
decision_type=2 2 2 2 2 2 2 2 2 2 2 2 2 2
left_child=2 3 7 5 -5 -2 -6 12 -9 -10 11 -4 13 -1
right_child=1 -3 10 4 6 -7 -8 8 9 -11 -12 -13 -14 -15
leaf_value=-0.00046210346256899678 0.029860723987609653 -0.00027125209950035819 0.012384829354781983 -0.0048973394008478589 0.0238514151683599 0.0046851386260578836 0.0054380770592102508 0.017941454700767988 -0.0085311062061003244 0.0071039751320940703 -0.012911656652367194 -0.0075652321891134366 -0.0052673969462039569 0.0055149338685508984
leaf_weight=1327.314586231485 15.47080537676811 1204.5666584894061 15.74815747886896 47.76602466404438 20.864178627729416 17.712194204330444 39.592018522322178 20.042669355869293 34.023234866559505 76.932236537337303 46.330745175480843 35.602258801460266 124.51224861294031 99.743203096091747
leaf_count=11261 115 6261 108 310 107 116 180 172 253 403 289 224 828 469
internal_value=-3.73311e-06 0.000561183 -0.000430918 0.00760442 0.00460905 0.0169529 0.0120774 -5.16591e-05 0.00479081 0.00227628 -0.00689696 -0.00132724 -0.000463328 -4.07733e-05
internal_weight=3126.22 1345.97 1780.25 141.405 108.222 33.183 60.4562 1682.57 130.998 110.955 97.6812 51.3504 1551.57 1427.06
internal_count=21096 7089 14007 828 597 231 287 13386 828 656 621 332 12558 11730
is_linear=0
shrinkage=0.03


Tree=235
num_leaves=15
num_cat=0
split_feature=14 16 9 15 14 17 8 9 4 2 17 17 12 8
split_gain=0.820143 1.9756 3.18715 0.902591 2.53613 5.6204 7.41051 4.68297 2.1423 3.42854 8.47783 4.98749 1.87991 2.56298
threshold=35.750000000000007 27.500000000000004 2.4500000000000006 1.0000000180025095e-35 39.750000000000007 0.17712418300653598 17.100000000000005 6.7750000000000012 1.1000000000000003 0.64583333333333337 0.58411949685534603 0.56711711711711721 1.1000000000000003 38.45000000000001
decision_type=2 2 2 2 2 2 2 2 2 2 2 2 2 2
left_child=1 2 -1 8 5 6 -5 -7 9 10 -2 -11 13 -6
right_child=3 -3 -4 4 12 7 -8 -9 -10 11 -12 -13 -14 -15
leaf_value=-0.0098607865396963517 -0.00032282447812007271 -0.011967599919158904 0.012479771027352912 0.008924250669091147 -0.00030135777024923948 0.0050151000368276492 -0.011516770190744846 0.020834934967014107 -0.0074446158458543726 0.018100389162869702 -0.020495101615795559 0.0002261885454039828 -3.0145569315233703e-05 0.016176097147645604
leaf_weight=10.187412133440377 1377.1715026590973 16.067607402801514 10.842215545475481 26.715317653492093 18.90557748824358 80.349266827106476 36.750346325337887 20.685923531651497 37.712407618761063 20.973965734243393 18.010230090469122 39.032165721058846 1398.0476259607822 14.376891165971754
leaf_count=123 9835 137 79 306 165 488 284 99 160 89 83 197 8979 72
internal_value=-3.127e-06 -0.00437793 0.00170096 5.08165e-05 0.00054667 0.00406267 -0.00290734 0.0084265 -0.000479236 -0.000293734 -0.000597719 0.00666805 0.000140027 0.00708057
internal_weight=3125.83 37.0972 21.0296 3088.73 1595.83 164.501 63.4657 101.035 1492.9 1455.19 1395.18 60.0061 1431.33 33.2825
internal_count=21096 339 202 20757 10393 1177 590 587 10364 10204 9918 286 9216 237
is_linear=0
shrinkage=0.03


Tree=236
num_leaves=10
num_cat=0
split_feature=12 9 13 11 16 11 13 4 9
split_gain=0.815301 0.938786 0.957656 5.53085 5.52102 1.64049 1.36375 3.34601 1.31799
threshold=0.63333333333333341 11.900000000000002 1.1000000000000003 0.059878659389775553 19.500000000000004 0.023445026516034213 1.5500000000000003 0.55000000000000016 1.1000000000000003
decision_type=2 2 2 2 2 2 2 2 2
left_child=-1 2 3 5 -5 -2 7 -4 -8
right_child=1 -3 6 4 -6 -7 8 -9 -10
leaf_value=-0.006067569268940652 -0.0006537553657612428 -0.0067472335883513763 -0.0042968586547803226 0.016088243815497453 -0.0023492060034142853 -0.016024562873985002 0.0016459769788231059 0.0048837219619081796 -0.00012256964308284766
leaf_weight=18.823839144781232 12.24803000688553 17.256191402673721 165.67935867607594 33.101742424070835 25.186764881014824 11.950638152658938 451.37039920501411 44.583150468766689 2345.5005740150809
leaf_count=149 101 75 1245 211 141 100 3995 212 14867
internal_value=-2.92073e-06 3.57641e-05 7.58194e-05 0.00324517 0.00821608 -0.00857939 -1.21672e-05 -0.00233635 0.000163332
internal_weight=3125.7 3106.88 3089.62 82.4872 58.2885 24.1987 3007.13 210.263 2796.87
internal_count=21096 20947 20872 553 352 201 20319 1457 18862
is_linear=0
shrinkage=0.03


Tree=237
num_leaves=15
num_cat=0
split_feature=18 6 15 11 11 11 18 6 16 16 12 6 17 22
split_gain=0.818679 4.76349 2.22527 6.49267 6.20896 1.73336 1.6428 2.69838 2.26366 2.7811 2.21282 2.12211 5.96237 5.8755
threshold=1.4807407407407409 1.1000000000000003 1.0000000180025095e-35 0.020857738473079809 0.024597692158301331 0.043143488697936459 1.7533783783783787 1.7083333333333337 2.5000000000000004 5.5000000000000009 2.3666666666666671 1.9000000000000001 0.1181455633100698 1.0000000180025095e-35
decision_type=2 2 2 2 2 2 2 2 2 2 2 2 2 2
left_child=1 2 3 -1 -4 -3 7 8 -2 -10 -9 12 -8 -14
right_child=6 5 4 -5 -6 -7 11 10 9 -11 -12 -13 13 -15
leaf_value=0.016485354535850372 -0.0037062933864465773 -0.0076558532371552683 -0.0077646668675412618 -0.016506316988026497 0.020106790983174132 -0.024630960267661806 -0.012385851042305798 0.0074200587115696081 0.022857526309924943 0.0050674237543398698 -0.011412085751160872 0.00011242647173666835 -0.0064431048980912314 0.015184089608768334
leaf_weight=7.5487933456897762 9.1411185637116414 21.969682866707448 11.92754513025284 13.560298781841992 15.649674661457537 7.0006203539669505 43.290477130562067 8.6673609893769044 13.328207891434429 19.361827827990055 12.616748034954069 2897.6848906446248 24.709300443530083 19.245302833616734
leaf_count=114 100 329 152 167 156 106 591 105 135 234 137 18291 281 198
internal_value=-3.01157e-06 -0.00302491 0.00271677 -0.00449621 0.00820211 -0.0124428 7.49457e-05 0.00482631 0.00917798 0.0127839 -0.00375438 -2.7103e-05 -0.00461008 0.00315338
internal_weight=3125.7 77.6566 48.6863 21.1091 27.5772 28.9703 3048.05 63.1153 41.8312 32.69 21.2841 2984.93 87.2451 43.9546
internal_count=21096 1024 589 281 308 435 20072 711 469 369 242 19361 1070 479
is_linear=0
shrinkage=0.03


Tree=238
num_leaves=12
num_cat=0
split_feature=8 19 11 11 10 8 16 17 18 18 8
split_gain=0.800353 3.29098 1.01938 7.4224 4.11302 4.40508 6.34387 6.0019 1.58332 3.62258 2.45352
threshold=1.0000000180025095e-35 1.0000000180025095e-35 0.017880184331797239 0.020857738473079809 11.633333333333335 20.450000000000003 9.5000000000000018 0.091608391608391626 1.4807407407407409 1.2565789473684212 17.450000000000003
decision_type=2 2 2 2 2 2 2 2 2 2 2
left_child=1 -1 4 -4 5 7 -7 -2 9 -5 -10
right_child=2 -3 3 8 -6 6 -8 -9 10 -11 -12
leaf_value=0.0041455258258282944 0.004598882846359501 -0.018912718911077334 -0.019727540698175314 0.00045145340383729638 -0.015271774383972921 -0.0033417409638355627 0.010423632056093016 -0.0061869904793951293 0.0025759924432170412 -0.017195673542628815 -0.00025907785731612887
leaf_weight=12.54474014043808 91.577604301273823 8.6315175350755453 16.323466014117002 30.916495949029922 11.541953235864638 42.845613300800323 97.441170200705528 92.176516823470592 309.26844717934728 14.791507989168165 2397.485257755965
leaf_count=145 1081 207 138 363 51 285 572 915 3157 218 13964
internal_value=-3.10638e-06 -0.00568212 3.74499e-05 -0.000152009 0.00159642 0.00224238 0.00622559 -0.000815834 -2.87936e-05 -0.0055052 6.56835e-05
internal_weight=3125.54 21.1763 3104.37 2768.79 335.583 324.041 140.287 183.754 2752.46 45.708 2706.75
internal_count=21096 352 20744 17840 2904 2853 857 1996 17702 581 17121
is_linear=0
shrinkage=0.03


Tree=239
num_leaves=15
num_cat=0
split_feature=11 11 11 17 13 3 11 6 18 18 18 18 18 18
split_gain=0.810282 7.68202 5.23906 5.72773 4.23089 6.04658 3.51544 4.4426 6.13269 3.40596 4.94227 5.57892 4.00373 3.381
threshold=0.12159762664070815 0.13403056098620617 0.11475881437993106 0.35355392156862753 2.3666666666666671 1.0000000180025095e-35 0.10410074670499535 3.2250000000000005 14.309018567639258 3.6020833333333337 4.8255434782608706 4.1348484848484857 5.1293309438470738 13.241516436903501
decision_type=2 2 2 2 2 2 2 2 2 2 2 2 2 2
left_child=2 13 6 4 -4 -6 -1 -8 -9 -3 11 -11 -12 -2
right_child=1 9 3 -5 5 -7 7 8 -10 10 12 -13 -14 -15
leaf_value=-0.00045541271455613695 0.0039938159741007111 -0.0099909608187072479 -0.010625559911502392 -0.019724089552228357 -0.0070348435901676377 0.018333036936874093 0.017193975138449648 -0.0025139589116008783 0.012590103451762728 -0.0028649066153859214 -0.0084209404011753239 0.0098272640058578668 -0.00025262419104927472 0.01388314051758407
leaf_weight=1550.8750380408019 109.94386596977711 30.521843679249287 29.877408042550087 24.031694531440735 17.389168232679367 14.77632365375757 20.30839978158474 76.766151629388332 34.164881579577923 47.503202483057976 56.152114123106003 87.623061999678612 982.51115979999304 43.167941018939018
leaf_count=12558 713 210 214 116 131 91 172 509 147 308 345 527 4871 184
internal_value=-3.6831e-06 0.000547383 -0.000426802 -0.00760215 -0.00266845 0.00482016 -5.53373e-05 0.0046401 0.00220876 -0.000259436 1.89976e-06 0.0053771 -0.000701894 0.00685398
internal_weight=3125.61 1357.42 1768.19 86.0746 62.0429 32.1655 1682.11 131.239 110.931 1204.31 1173.79 135.126 1038.66 153.112
internal_count=21096 7158 13938 552 436 222 13386 828 656 6261 6051 835 5216 897
is_linear=0
shrinkage=0.03


end of trees

feature_importances:
career_opportunities_mean=300
total_line=298
rolling_yards_5=281
career_td_rate=280
rolling_yards_3=238
career_games_before=203
rolling_target_share_5=192
rolling_opportunities_5=167
team_td_rate_5=145
rolling_opportunities_3=142
opp_td_allowed_5=125
rolling_targets_5=119
rolling_tds_3=97
rolling_carries_5=93
is_home=79
rolling_tds_5=70
rolling_td_rate_10=55
rolling_td_rate_5=46
position_RB=26
position_QB=24
rolling_td_rate_3=18
position_WR=7
position_TE=6

parameters:
[boosting: gbdt]
[objective: binary]
[metric: binary_logloss]
[tree_learner: serial]
[device_type: cpu]
[data_sample_strategy: bagging]
[data: ]
[valid: ]
[num_iterations: 240]
[learning_rate: 0.03]
[num_leaves: 15]
[num_threads: 8]
[seed: 42]
[deterministic: 0]
[force_col_wise: 0]
[force_row_wise: 0]
[histogram_pool_size: -1]
[max_depth: 5]
[min_data_in_leaf: 100]
[min_sum_hessian_in_leaf: 0.001]
[bagging_fraction: 0.85]
[pos_bagging_fraction: 1]
[neg_bagging_fraction: 1]
[bagging_freq: 0]
[bagging_seed: 400]
[bagging_by_query: 0]
[feature_fraction: 0.85]
[feature_fraction_bynode: 1]
[feature_fraction_seed: 30056]
[extra_trees: 0]
[extra_seed: 12879]
[early_stopping_round: 0]
[early_stopping_min_delta: 0]
[first_metric_only: 0]
[max_delta_step: 0]
[lambda_l1: 0]
[lambda_l2: 1]
[linear_lambda: 0]
[min_gain_to_split: 0]
[drop_rate: 0.1]
[max_drop: 50]
[skip_drop: 0.5]
[xgboost_dart_mode: 0]
[uniform_drop: 0]
[drop_seed: 17869]
[top_rate: 0.2]
[other_rate: 0.1]
[min_data_per_group: 100]
[max_cat_threshold: 32]
[cat_l2: 10]
[cat_smooth: 10]
[max_cat_to_onehot: 4]
[top_k: 20]
[monotone_constraints: ]
[monotone_constraints_method: basic]
[monotone_penalty: 0]
[feature_contri: ]
[forcedsplits_filename: ]
[refit_decay_rate: 0.9]
[cegb_tradeoff: 1]
[cegb_penalty_split: 0]
[cegb_penalty_feature_lazy: ]
[cegb_penalty_feature_coupled: ]
[path_smooth: 0]
[interaction_constraints: ]
[verbosity: -1]
[saved_feature_importance_type: 0]
[use_quantized_grad: 0]
[num_grad_quant_bins: 4]
[quant_train_renew_leaf: 0]
[stochastic_rounding: 1]
[linear_tree: 0]
[max_bin: 255]
[max_bin_by_feature: ]
[min_data_in_bin: 3]
[bin_construct_sample_cnt: 200000]
[data_random_seed: 175]
[is_enable_sparse: 1]
[enable_bundle: 1]
[use_missing: 1]
[zero_as_missing: 0]
[feature_pre_filter: 1]
[pre_partition: 0]
[two_round: 0]
[header: 0]
[label_column: ]
[weight_column: ]
[group_column: ]
[ignore_column: ]
[categorical_feature: ]
[forcedbins_filename: ]
[precise_float_parser: 0]
[parser_config_file: ]
[objective_seed: 16083]
[num_class: 1]
[is_unbalance: 0]
[scale_pos_weight: 1]
[sigmoid: 1]
[boost_from_average: 1]
[reg_sqrt: 0]
[alpha: 0.9]
[fair_c: 1]
[poisson_max_delta_step: 0.7]
[tweedie_variance_power: 1.5]
[lambdarank_truncation_level: 30]
[lambdarank_norm: 1]
[label_gain: ]
[lambdarank_position_bias_regularization: 0]
[eval_at: ]
[multi_error_top_k: 1]
[auc_mu_weights: ]
[num_machines: 1]
[local_listen_port: 12400]
[time_out: 120]
[machine_list_filename: ]
[machines: ]
[gpu_platform_id: -1]
[gpu_device_id: -1]
[gpu_device_id_list: ]
[gpu_use_dp: 0]
[num_gpu: 1]

end of parameters

pandas_categorical:[]
