game_pk,game_date,home_team,away_team,home_moneyline,away_moneyline,source_url
823244,2026-03-25,San Francisco Giants,New York Yankees,103,-121,https://fantasydata.com/mlb/new-york-yankees-odds
823081,2026-03-26,St. Louis Cardinals,Tampa Bay Rays,113,-133,https://fantasydata.com/mlb/st-louis-cardinals-odds
823163,2026-03-26,Seattle Mariners,Cleveland Guardians,-185,154,https://fantasydata.com/mlb/cleveland-guardians-odds
823325,2026-03-26,San Diego Padres,Detroit Tigers,107,-127,https://fantasydata.com/mlb/detroit-tigers-odds
823486,2026-03-26,Philadelphia Phillies,Texas Rangers,-160,135,https://fantasydata.com/mlb/philadelphia-phillies-odds
823649,2026-03-26,New York Mets,Pittsburgh Pirates,-120,102,https://fantasydata.com/mlb/new-york-mets-odds
823812,2026-03-26,Milwaukee Brewers,Chicago White Sox,-193,161,https://fantasydata.com/mlb/chicago-white-sox-odds
823974,2026-03-26,Los Angeles Dodgers,Arizona Diamondbacks,-288,234,https://fantasydata.com/mlb/arizona-diamondbacks-odds
824218,2026-03-26,Houston Astros,Los Angeles Angels,-180,150,https://fantasydata.com/mlb/houston-astros-odds
824541,2026-03-26,Cincinnati Reds,Boston Red Sox,135,-160,https://fantasydata.com/mlb/boston-red-sox-odds
824704,2026-03-26,Chicago Cubs,Washington Nationals,-213,178,https://fantasydata.com/mlb/chicago-cubs-odds
824865,2026-03-26,Baltimore Orioles,Minnesota Twins,-141,119,https://fantasydata.com/mlb/baltimore-orioles-odds
822839,2026-03-27,Toronto Blue Jays,Athletics,-179,149,https://fantasydata.com/mlb/athletics-odds
823162,2026-03-27,Seattle Mariners,Cleveland Guardians,-173,145,https://fantasydata.com/mlb/cleveland-guardians-odds
823243,2026-03-27,San Francisco Giants,New York Yankees,113,-134,https://fantasydata.com/mlb/new-york-yankees-odds
823324,2026-03-27,San Diego Padres,Detroit Tigers,-133,113,https://fantasydata.com/mlb/detroit-tigers-odds
823893,2026-03-27,Miami Marlins,Colorado Rockies,-194,162,https://fantasydata.com/mlb/colorado-rockies-odds
823971,2026-03-27,Los Angeles Dodgers,Arizona Diamondbacks,-241,199,https://fantasydata.com/mlb/arizona-diamondbacks-odds
824216,2026-03-27,Houston Astros,Los Angeles Angels,-173,144,https://fantasydata.com/mlb/houston-astros-odds
824946,2026-03-27,Atlanta Braves,Kansas City Royals,-145,121,https://fantasydata.com/mlb/atlanta-braves-odds
822838,2026-03-28,Toronto Blue Jays,Athletics,-197,164,https://fantasydata.com/mlb/athletics-odds
823082,2026-03-28,St. Louis Cardinals,Tampa Bay Rays,-104,-115,https://fantasydata.com/mlb/st-louis-cardinals-odds
823161,2026-03-28,Seattle Mariners,Cleveland Guardians,-181,152,https://fantasydata.com/mlb/cleveland-guardians-odds
823241,2026-03-28,San Francisco Giants,New York Yankees,108,-128,https://fantasydata.com/mlb/new-york-yankees-odds
823323,2026-03-28,San Diego Padres,Detroit Tigers,-113,-105,https://fantasydata.com/mlb/detroit-tigers-odds
823488,2026-03-28,Philadelphia Phillies,Texas Rangers,-147,123,https://fantasydata.com/mlb/philadelphia-phillies-odds
823651,2026-03-28,New York Mets,Pittsburgh Pirates,-175,147,https://fantasydata.com/mlb/new-york-mets-odds
823811,2026-03-28,Milwaukee Brewers,Chicago White Sox,-197,163,https://fantasydata.com/mlb/chicago-white-sox-odds
823892,2026-03-28,Miami Marlins,Colorado Rockies,-197,163,https://fantasydata.com/mlb/colorado-rockies-odds
823973,2026-03-28,Los Angeles Dodgers,Arizona Diamondbacks,-245,203,https://fantasydata.com/mlb/arizona-diamondbacks-odds
824213,2026-03-28,Houston Astros,Los Angeles Angels,-138,117,https://fantasydata.com/mlb/houston-astros-odds
824540,2026-03-28,Cincinnati Reds,Boston Red Sox,116,-137,https://fantasydata.com/mlb/boston-red-sox-odds
824701,2026-03-28,Chicago Cubs,Washington Nationals,-252,206,https://fantasydata.com/mlb/chicago-cubs-odds
824862,2026-03-28,Baltimore Orioles,Minnesota Twins,-164,138,https://fantasydata.com/mlb/baltimore-orioles-odds
824945,2026-03-28,Atlanta Braves,Kansas City Royals,-151,127,https://fantasydata.com/mlb/atlanta-braves-odds
822837,2026-03-29,Toronto Blue Jays,Athletics,-155,130,https://fantasydata.com/mlb/athletics-odds
823079,2026-03-29,St. Louis Cardinals,Tampa Bay Rays,-101,-117,https://fantasydata.com/mlb/st-louis-cardinals-odds
823160,2026-03-29,Seattle Mariners,Cleveland Guardians,-144,122,https://fantasydata.com/mlb/cleveland-guardians-odds
823487,2026-03-29,Philadelphia Phillies,Texas Rangers,-159,133,https://fantasydata.com/mlb/philadelphia-phillies-odds
823647,2026-03-29,New York Mets,Pittsburgh Pirates,-187,157,https://fantasydata.com/mlb/new-york-mets-odds
823810,2026-03-29,Milwaukee Brewers,Chicago White Sox,-167,140,https://fantasydata.com/mlb/chicago-white-sox-odds
823891,2026-03-29,Miami Marlins,Colorado Rockies,-196,162,https://fantasydata.com/mlb/colorado-rockies-odds
824215,2026-03-29,Houston Astros,Los Angeles Angels,-178,149,https://fantasydata.com/mlb/houston-astros-odds
824538,2026-03-29,Cincinnati Reds,Boston Red Sox,113,-135,https://fantasydata.com/mlb/boston-red-sox-odds
824700,2026-03-29,Chicago Cubs,Washington Nationals,-249,204,https://fantasydata.com/mlb/chicago-cubs-odds
824864,2026-03-29,Baltimore Orioles,Minnesota Twins,-155,131,https://fantasydata.com/mlb/baltimore-orioles-odds
824944,2026-03-29,Atlanta Braves,Kansas City Royals,-158,132,https://fantasydata.com/mlb/atlanta-braves-odds
822834,2026-03-30,Toronto Blue Jays,Colorado Rockies,-301,243,https://fantasydata.com/mlb/colorado-rockies-odds
823080,2026-03-30,St. Louis Cardinals,New York Mets,127,-151,https://fantasydata.com/mlb/new-york-mets-odds
823159,2026-03-30,Seattle Mariners,New York Yankees,101,-119,https://fantasydata.com/mlb/new-york-yankees-odds
823320,2026-03-30,San Diego Padres,San Francisco Giants,-115,-103,https://fantasydata.com/mlb/san-diego-padres-odds
823484,2026-03-30,Philadelphia Phillies,Washington Nationals,-174,147,https://fantasydata.com/mlb/philadelphia-phillies-odds
823809,2026-03-30,Milwaukee Brewers,Tampa Bay Rays,-158,134,https://fantasydata.com/mlb/milwaukee-brewers-odds
823890,2026-03-30,Miami Marlins,Chicago White Sox,-147,123,https://fantasydata.com/mlb/chicago-white-sox-odds
823972,2026-03-30,Los Angeles Dodgers,Cleveland Guardians,-189,157,https://fantasydata.com/mlb/cleveland-guardians-odds
824135,2026-03-30,Kansas City Royals,Minnesota Twins,-166,140,https://fantasydata.com/mlb/kansas-city-royals-odds
824214,2026-03-30,Houston Astros,Boston Red Sox,107,-127,https://fantasydata.com/mlb/boston-red-sox-odds
824539,2026-03-30,Cincinnati Reds,Pittsburgh Pirates,-133,112,https://fantasydata.com/mlb/cincinnati-reds-odds
824702,2026-03-30,Chicago Cubs,Los Angeles Angels,-192,160,https://fantasydata.com/mlb/chicago-cubs-odds
824863,2026-03-30,Baltimore Orioles,Texas Rangers,-128,109,https://fantasydata.com/mlb/baltimore-orioles-odds
824943,2026-03-30,Atlanta Braves,Athletics,-130,110,https://fantasydata.com/mlb/athletics-odds
825108,2026-03-30,Arizona Diamondbacks,Detroit Tigers,-122,104,https://fantasydata.com/mlb/arizona-diamondbacks-odds
822836,2026-03-31,Toronto Blue Jays,Colorado Rockies,-268,219,https://fantasydata.com/mlb/colorado-rockies-odds
823077,2026-03-31,St. Louis Cardinals,New York Mets,129,-153,https://fantasydata.com/mlb/new-york-mets-odds
823158,2026-03-31,Seattle Mariners,New York Yankees,-101,-118,https://fantasydata.com/mlb/new-york-yankees-odds
823322,2026-03-31,San Diego Padres,San Francisco Giants,112,-133,https://fantasydata.com/mlb/san-diego-padres-odds
823485,2026-03-31,Philadelphia Phillies,Washington Nationals,-197,162,https://fantasydata.com/mlb/philadelphia-phillies-odds
823807,2026-03-31,Milwaukee Brewers,Tampa Bay Rays,-129,109,https://fantasydata.com/mlb/milwaukee-brewers-odds
823888,2026-03-31,Miami Marlins,Chicago White Sox,-151,128,https://fantasydata.com/mlb/chicago-white-sox-odds
823969,2026-03-31,Los Angeles Dodgers,Cleveland Guardians,-274,226,https://fantasydata.com/mlb/cleveland-guardians-odds
824212,2026-03-31,Houston Astros,Boston Red Sox,-144,122,https://fantasydata.com/mlb/boston-red-sox-odds
824537,2026-03-31,Cincinnati Reds,Pittsburgh Pirates,105,-123,https://fantasydata.com/mlb/cincinnati-reds-odds
824699,2026-03-31,Chicago Cubs,Los Angeles Angels,-143,121,https://fantasydata.com/mlb/chicago-cubs-odds
824861,2026-03-31,Baltimore Orioles,Texas Rangers,105,-124,https://fantasydata.com/mlb/baltimore-orioles-odds
824942,2026-03-31,Atlanta Braves,Athletics,-158,132,https://fantasydata.com/mlb/athletics-odds
825107,2026-03-31,Arizona Diamondbacks,Detroit Tigers,-109,-110,https://fantasydata.com/mlb/arizona-diamondbacks-odds
822835,2026-04-01,Toronto Blue Jays,Colorado Rockies,-290,235,https://fantasydata.com/mlb/colorado-rockies-odds
823078,2026-04-01,St. Louis Cardinals,New York Mets,140,-170,https://fantasydata.com/mlb/new-york-mets-odds
823157,2026-04-01,Seattle Mariners,New York Yankees,-118,-101,https://fantasydata.com/mlb/new-york-yankees-odds
823321,2026-04-01,San Diego Padres,San Francisco Giants,-155,130,https://fantasydata.com/mlb/san-diego-padres-odds
823483,2026-04-01,Philadelphia Phillies,Washington Nationals,-274,223,https://fantasydata.com/mlb/philadelphia-phillies-odds
823806,2026-04-01,Milwaukee Brewers,Tampa Bay Rays,-143,120,https://fantasydata.com/mlb/milwaukee-brewers-odds
823889,2026-04-01,Miami Marlins,Chicago White Sox,-147,124,https://fantasydata.com/mlb/chicago-white-sox-odds
823970,2026-04-01,Los Angeles Dodgers,Cleveland Guardians,-290,238,https://fantasydata.com/mlb/cleveland-guardians-odds
824136,2026-04-01,Kansas City Royals,Minnesota Twins,-106,-113,https://fantasydata.com/mlb/kansas-city-royals-odds
824211,2026-04-01,Houston Astros,Boston Red Sox,121,-143,https://fantasydata.com/mlb/boston-red-sox-odds
824536,2026-04-01,Cincinnati Reds,Pittsburgh Pirates,121,-143,https://fantasydata.com/mlb/cincinnati-reds-odds
824698,2026-04-01,Chicago Cubs,Los Angeles Angels,-165,139,https://fantasydata.com/mlb/chicago-cubs-odds
824860,2026-04-01,Baltimore Orioles,Texas Rangers,-115,-104,https://fantasydata.com/mlb/baltimore-orioles-odds
824940,2026-04-01,Atlanta Braves,Athletics,-225,187,https://fantasydata.com/mlb/athletics-odds
825106,2026-04-01,Arizona Diamondbacks,Detroit Tigers,128,-152,https://fantasydata.com/mlb/arizona-diamondbacks-odds
823242,2026-04-02,San Francisco Giants,New York Mets,102,-121,https://fantasydata.com/mlb/new-york-mets-odds
824133,2026-04-02,Kansas City Royals,Minnesota Twins,-153,129,https://fantasydata.com/mlb/kansas-city-royals-odds
825105,2026-04-02,Arizona Diamondbacks,Atlanta Braves,-104,-114,https://fantasydata.com/mlb/arizona-diamondbacks-odds
822758,2026-04-03,Washington Nationals,Los Angeles Dodgers,224,-274,https://fantasydata.com/mlb/los-angeles-dodgers-odds
822919,2026-04-03,Texas Rangers,Cincinnati Reds,-170,143,https://fantasydata.com/mlb/cincinnati-reds-odds
823240,2026-04-03,San Francisco Giants,New York Mets,110,-130,https://fantasydata.com/mlb/new-york-mets-odds
823406,2026-04-03,Pittsburgh Pirates,Baltimore Orioles,101,-120,https://fantasydata.com/mlb/baltimore-orioles-odds
823568,2026-04-03,New York Yankees,Miami Marlins,-163,137,https://fantasydata.com/mlb/miami-marlins-odds
823732,2026-04-03,Minnesota Twins,Tampa Bay Rays,-110,-109,https://fantasydata.com/mlb/minnesota-twins-odds
824056,2026-04-03,Los Angeles Angels,Seattle Mariners,132,-157,https://fantasydata.com/mlb/los-angeles-angels-odds
824299,2026-04-03,Detroit Tigers,St. Louis Cardinals,-182,152,https://fantasydata.com/mlb/detroit-tigers-odds
824377,2026-04-03,Colorado Rockies,Philadelphia Phillies,162,-197,https://fantasydata.com/mlb/colorado-rockies-odds
824458,2026-04-03,Cleveland Guardians,Chicago Cubs,-103,-116,https://fantasydata.com/mlb/chicago-cubs-odds
824621,2026-04-03,Chicago White Sox,Toronto Blue Jays,166,-200,https://fantasydata.com/mlb/chicago-white-sox-odds
824786,2026-04-03,Boston Red Sox,San Diego Padres,-123,103,https://fantasydata.com/mlb/boston-red-sox-odds
825026,2026-04-03,Athletics,Houston Astros,-110,-108,https://fantasydata.com/mlb/athletics-odds
825103,2026-04-03,Arizona Diamondbacks,Atlanta Braves,-109,-109,https://fantasydata.com/mlb/arizona-diamondbacks-odds
822757,2026-04-04,Washington Nationals,Los Angeles Dodgers,249,-306,https://fantasydata.com/mlb/los-angeles-dodgers-odds
822920,2026-04-04,Texas Rangers,Cincinnati Reds,-144,121,https://fantasydata.com/mlb/cincinnati-reds-odds
823239,2026-04-04,San Francisco Giants,New York Mets,-115,-104,https://fantasydata.com/mlb/new-york-mets-odds
823404,2026-04-04,Pittsburgh Pirates,Baltimore Orioles,-112,-106,https://fantasydata.com/mlb/baltimore-orioles-odds
823569,2026-04-04,New York Yankees,Miami Marlins,-200,167,https://fantasydata.com/mlb/miami-marlins-odds
823730,2026-04-04,Minnesota Twins,Tampa Bay Rays,-105,-112,https://fantasydata.com/mlb/minnesota-twins-odds
824054,2026-04-04,Los Angeles Angels,Seattle Mariners,133,-157,https://fantasydata.com/mlb/los-angeles-angels-odds
824132,2026-04-04,Kansas City Royals,Milwaukee Brewers,-105,-114,https://fantasydata.com/mlb/kansas-city-royals-odds
824134,2026-04-04,Kansas City Royals,Milwaukee Brewers,-115,-104,https://fantasydata.com/mlb/kansas-city-royals-odds
824295,2026-04-04,Detroit Tigers,St. Louis Cardinals,-170,142,https://fantasydata.com/mlb/detroit-tigers-odds
824378,2026-04-04,Colorado Rockies,Philadelphia Phillies,207,-249,https://fantasydata.com/mlb/colorado-rockies-odds
824622,2026-04-04,Chicago White Sox,Toronto Blue Jays,128,-151,https://fantasydata.com/mlb/chicago-white-sox-odds
824782,2026-04-04,Boston Red Sox,San Diego Padres,-146,122,https://fantasydata.com/mlb/boston-red-sox-odds
825027,2026-04-04,Athletics,Houston Astros,-113,-105,https://fantasydata.com/mlb/athletics-odds
825104,2026-04-04,Arizona Diamondbacks,Atlanta Braves,-115,-104,https://fantasydata.com/mlb/arizona-diamondbacks-odds
822756,2026-04-05,Washington Nationals,Los Angeles Dodgers,151,-184,https://fantasydata.com/mlb/los-angeles-dodgers-odds
822917,2026-04-05,Texas Rangers,Cincinnati Reds,-122,103,https://fantasydata.com/mlb/cincinnati-reds-odds
823238,2026-04-05,San Francisco Giants,New York Mets,-122,103,https://fantasydata.com/mlb/new-york-mets-odds
823405,2026-04-05,Pittsburgh Pirates,Baltimore Orioles,-124,104,https://fantasydata.com/mlb/baltimore-orioles-odds
823566,2026-04-05,New York Yankees,Miami Marlins,-296,239,https://fantasydata.com/mlb/miami-marlins-odds
823729,2026-04-05,Minnesota Twins,Tampa Bay Rays,-112,-107,https://fantasydata.com/mlb/minnesota-twins-odds
824053,2026-04-05,Los Angeles Angels,Seattle Mariners,140,-166,https://fantasydata.com/mlb/los-angeles-angels-odds
824131,2026-04-05,Kansas City Royals,Milwaukee Brewers,-124,104,https://fantasydata.com/mlb/kansas-city-royals-odds
824296,2026-04-05,Detroit Tigers,St. Louis Cardinals,-144,120,https://fantasydata.com/mlb/detroit-tigers-odds
824379,2026-04-05,Colorado Rockies,Philadelphia Phillies,132,-157,https://fantasydata.com/mlb/colorado-rockies-odds
824459,2026-04-05,Cleveland Guardians,Chicago Cubs,111,-131,https://fantasydata.com/mlb/chicago-cubs-odds
824460,2026-04-05,Cleveland Guardians,Chicago Cubs,108,-128,https://fantasydata.com/mlb/chicago-cubs-odds
824620,2026-04-05,Chicago White Sox,Toronto Blue Jays,139,-166,https://fantasydata.com/mlb/chicago-white-sox-odds
824781,2026-04-05,Boston Red Sox,San Diego Padres,-154,129,https://fantasydata.com/mlb/boston-red-sox-odds
825025,2026-04-05,Athletics,Houston Astros,112,-132,https://fantasydata.com/mlb/athletics-odds
825102,2026-04-05,Arizona Diamondbacks,Atlanta Braves,-109,-110,https://fantasydata.com/mlb/arizona-diamondbacks-odds
822755,2026-04-06,Washington Nationals,St. Louis Cardinals,-105,-113,https://fantasydata.com/mlb/st-louis-cardinals-odds
822832,2026-04-06,Toronto Blue Jays,Los Angeles Dodgers,108,-128,https://fantasydata.com/mlb/los-angeles-dodgers-odds
822918,2026-04-06,Texas Rangers,Seattle Mariners,-117,-101,https://fantasydata.com/mlb/seattle-mariners-odds
823002,2026-04-06,Tampa Bay Rays,Chicago Cubs,-125,105,https://fantasydata.com/mlb/chicago-cubs-odds
823237,2026-04-06,San Francisco Giants,Philadelphia Phillies,100,-119,https://fantasydata.com/mlb/philadelphia-phillies-odds
823401,2026-04-06,Pittsburgh Pirates,San Diego Padres,-139,117,https://fantasydata.com/mlb/pittsburgh-pirates-odds
823728,2026-04-06,Minnesota Twins,Detroit Tigers,-125,105,https://fantasydata.com/mlb/detroit-tigers-odds
823886,2026-04-06,Miami Marlins,Cincinnati Reds,-137,115,https://fantasydata.com/mlb/cincinnati-reds-odds
824052,2026-04-06,Los Angeles Angels,Atlanta Braves,148,-177,https://fantasydata.com/mlb/atlanta-braves-odds
824376,2026-04-06,Colorado Rockies,Houston Astros,126,-151,https://fantasydata.com/mlb/colorado-rockies-odds
824456,2026-04-06,Cleveland Guardians,Kansas City Royals,-119,100,https://fantasydata.com/mlb/cleveland-guardians-odds
824619,2026-04-06,Chicago White Sox,Baltimore Orioles,117,-139,https://fantasydata.com/mlb/baltimore-orioles-odds
824783,2026-04-06,Boston Red Sox,Milwaukee Brewers,108,-127,https://fantasydata.com/mlb/boston-red-sox-odds
822754,2026-04-07,Washington Nationals,St. Louis Cardinals,-114,-104,https://fantasydata.com/mlb/st-louis-cardinals-odds
822831,2026-04-07,Toronto Blue Jays,Los Angeles Dodgers,129,-154,https://fantasydata.com/mlb/los-angeles-dodgers-odds
822916,2026-04-07,Texas Rangers,Seattle Mariners,100,-118,https://fantasydata.com/mlb/seattle-mariners-odds
822999,2026-04-07,Tampa Bay Rays,Chicago Cubs,-117,-102,https://fantasydata.com/mlb/chicago-cubs-odds
823235,2026-04-07,San Francisco Giants,Philadelphia Phillies,127,-153,https://fantasydata.com/mlb/philadelphia-phillies-odds
823402,2026-04-07,Pittsburgh Pirates,San Diego Padres,-146,123,https://fantasydata.com/mlb/pittsburgh-pirates-odds
823567,2026-04-07,New York Yankees,Athletics,-265,215,https://fantasydata.com/mlb/athletics-odds
823648,2026-04-07,New York Mets,Arizona Diamondbacks,-153,129,https://fantasydata.com/mlb/arizona-diamondbacks-odds
823727,2026-04-07,Minnesota Twins,Detroit Tigers,139,-166,https://fantasydata.com/mlb/detroit-tigers-odds
823887,2026-04-07,Miami Marlins,Cincinnati Reds,-138,116,https://fantasydata.com/mlb/cincinnati-reds-odds
824051,2026-04-07,Los Angeles Angels,Atlanta Braves,110,-131,https://fantasydata.com/mlb/atlanta-braves-odds
824375,2026-04-07,Colorado Rockies,Houston Astros,142,-170,https://fantasydata.com/mlb/colorado-rockies-odds
824457,2026-04-07,Cleveland Guardians,Kansas City Royals,-120,101,https://fantasydata.com/mlb/cleveland-guardians-odds
824618,2026-04-07,Chicago White Sox,Baltimore Orioles,123,-147,https://fantasydata.com/mlb/baltimore-orioles-odds
824780,2026-04-07,Boston Red Sox,Milwaukee Brewers,-161,136,https://fantasydata.com/mlb/boston-red-sox-odds
822753,2026-04-08,Washington Nationals,St. Louis Cardinals,103,-123,https://fantasydata.com/mlb/st-louis-cardinals-odds
822833,2026-04-08,Toronto Blue Jays,Los Angeles Dodgers,132,-158,https://fantasydata.com/mlb/los-angeles-dodgers-odds
822915,2026-04-08,Texas Rangers,Seattle Mariners,100,-119,https://fantasydata.com/mlb/seattle-mariners-odds
823000,2026-04-08,Tampa Bay Rays,Chicago Cubs,-115,-102,https://fantasydata.com/mlb/chicago-cubs-odds
823234,2026-04-08,San Francisco Giants,Philadelphia Phillies,113,-134,https://fantasydata.com/mlb/philadelphia-phillies-odds
823403,2026-04-08,Pittsburgh Pirates,San Diego Padres,108,-128,https://fantasydata.com/mlb/pittsburgh-pirates-odds
823564,2026-04-08,New York Yankees,Athletics,-202,168,https://fantasydata.com/mlb/athletics-odds
823646,2026-04-08,New York Mets,Arizona Diamondbacks,-132,112,https://fantasydata.com/mlb/arizona-diamondbacks-odds
823726,2026-04-08,Minnesota Twins,Detroit Tigers,128,-151,https://fantasydata.com/mlb/detroit-tigers-odds
823885,2026-04-08,Miami Marlins,Cincinnati Reds,-128,108,https://fantasydata.com/mlb/cincinnati-reds-odds
824050,2026-04-08,Los Angeles Angels,Atlanta Braves,107,-128,https://fantasydata.com/mlb/atlanta-braves-odds
824374,2026-04-08,Colorado Rockies,Houston Astros,120,-143,https://fantasydata.com/mlb/colorado-rockies-odds
824455,2026-04-08,Cleveland Guardians,Kansas City Royals,113,-134,https://fantasydata.com/mlb/cleveland-guardians-odds
824617,2026-04-08,Chicago White Sox,Baltimore Orioles,127,-151,https://fantasydata.com/mlb/baltimore-orioles-odds
824779,2026-04-08,Boston Red Sox,Milwaukee Brewers,-139,117,https://fantasydata.com/mlb/boston-red-sox-odds
823319,2026-04-09,San Diego Padres,Colorado Rockies,-184,154,https://fantasydata.com/mlb/colorado-rockies-odds
823565,2026-04-09,New York Yankees,Athletics,-199,165,https://fantasydata.com/mlb/athletics-odds
823645,2026-04-09,New York Mets,Arizona Diamondbacks,-182,152,https://fantasydata.com/mlb/arizona-diamondbacks-odds
823724,2026-04-09,Minnesota Twins,Detroit Tigers,116,-136,https://fantasydata.com/mlb/detroit-tigers-odds
823884,2026-04-09,Miami Marlins,Cincinnati Reds,-122,103,https://fantasydata.com/mlb/cincinnati-reds-odds
824130,2026-04-09,Kansas City Royals,Chicago White Sox,-180,150,https://fantasydata.com/mlb/chicago-white-sox-odds
822829,2026-04-10,Toronto Blue Jays,Minnesota Twins,-152,128,https://fantasydata.com/mlb/minnesota-twins-odds
822997,2026-04-10,Tampa Bay Rays,New York Yankees,-101,-117,https://fantasydata.com/mlb/new-york-yankees-odds
823076,2026-04-10,St. Louis Cardinals,Boston Red Sox,118,-140,https://fantasydata.com/mlb/boston-red-sox-odds
823156,2026-04-10,Seattle Mariners,Houston Astros,-133,114,https://fantasydata.com/mlb/houston-astros-odds
823318,2026-04-10,San Diego Padres,Colorado Rockies,-178,149,https://fantasydata.com/mlb/colorado-rockies-odds
823482,2026-04-10,Philadelphia Phillies,Arizona Diamondbacks,-179,149,https://fantasydata.com/mlb/arizona-diamondbacks-odds
823643,2026-04-10,New York Mets,Athletics,-146,123,https://fantasydata.com/mlb/athletics-odds
823808,2026-04-10,Milwaukee Brewers,Washington Nationals,-209,174,https://fantasydata.com/mlb/milwaukee-brewers-odds
823968,2026-04-10,Los Angeles Dodgers,Texas Rangers,-228,186,https://fantasydata.com/mlb/los-angeles-dodgers-odds
824128,2026-04-10,Kansas City Royals,Chicago White Sox,-185,155,https://fantasydata.com/mlb/chicago-white-sox-odds
824297,2026-04-10,Detroit Tigers,Miami Marlins,-135,114,https://fantasydata.com/mlb/detroit-tigers-odds
824534,2026-04-10,Cincinnati Reds,Los Angeles Angels,-176,148,https://fantasydata.com/mlb/cincinnati-reds-odds
824695,2026-04-10,Chicago Cubs,Pittsburgh Pirates,-154,130,https://fantasydata.com/mlb/chicago-cubs-odds
824858,2026-04-10,Baltimore Orioles,San Francisco Giants,-123,104,https://fantasydata.com/mlb/baltimore-orioles-odds
824941,2026-04-10,Atlanta Braves,Cleveland Guardians,-138,117,https://fantasydata.com/mlb/atlanta-braves-odds
822830,2026-04-11,Toronto Blue Jays,Minnesota Twins,-122,103,https://fantasydata.com/mlb/minnesota-twins-odds
822996,2026-04-11,Tampa Bay Rays,New York Yankees,150,-179,https://fantasydata.com/mlb/new-york-yankees-odds
823074,2026-04-11,St. Louis Cardinals,Boston Red Sox,118,-141,https://fantasydata.com/mlb/boston-red-sox-odds
823155,2026-04-11,Seattle Mariners,Houston Astros,-154,130,https://fantasydata.com/mlb/houston-astros-odds
823316,2026-04-11,San Diego Padres,Colorado Rockies,-169,142,https://fantasydata.com/mlb/colorado-rockies-odds
823480,2026-04-11,Philadelphia Phillies,Arizona Diamondbacks,-128,108,https://fantasydata.com/mlb/arizona-diamondbacks-odds
823644,2026-04-11,New York Mets,Athletics,-166,140,https://fantasydata.com/mlb/athletics-odds
823805,2026-04-11,Milwaukee Brewers,Washington Nationals,-179,151,https://fantasydata.com/mlb/milwaukee-brewers-odds
823967,2026-04-11,Los Angeles Dodgers,Texas Rangers,-190,157,https://fantasydata.com/mlb/los-angeles-dodgers-odds
824129,2026-04-11,Kansas City Royals,Chicago White Sox,-194,160,https://fantasydata.com/mlb/chicago-white-sox-odds
824294,2026-04-11,Detroit Tigers,Miami Marlins,-140,119,https://fantasydata.com/mlb/detroit-tigers-odds
824535,2026-04-11,Cincinnati Reds,Los Angeles Angels,-130,109,https://fantasydata.com/mlb/cincinnati-reds-odds
824697,2026-04-11,Chicago Cubs,Pittsburgh Pirates,-146,123,https://fantasydata.com/mlb/chicago-cubs-odds
824857,2026-04-11,Baltimore Orioles,San Francisco Giants,102,-121,https://fantasydata.com/mlb/baltimore-orioles-odds
824939,2026-04-11,Atlanta Braves,Cleveland Guardians,-117,-101,https://fantasydata.com/mlb/atlanta-braves-odds
822828,2026-04-12,Toronto Blue Jays,Minnesota Twins,-139,117,https://fantasydata.com/mlb/minnesota-twins-odds
822998,2026-04-12,Tampa Bay Rays,New York Yankees,120,-141,https://fantasydata.com/mlb/new-york-yankees-odds
823075,2026-04-12,St. Louis Cardinals,Boston Red Sox,100,-119,https://fantasydata.com/mlb/boston-red-sox-odds
823154,2026-04-12,Seattle Mariners,Houston Astros,-184,153,https://fantasydata.com/mlb/houston-astros-odds
823317,2026-04-12,San Diego Padres,Colorado Rockies,-228,190,https://fantasydata.com/mlb/colorado-rockies-odds
823479,2026-04-12,Philadelphia Phillies,Arizona Diamondbacks,-139,117,https://fantasydata.com/mlb/arizona-diamondbacks-odds
823642,2026-04-12,New York Mets,Athletics,-163,138,https://fantasydata.com/mlb/athletics-odds
823804,2026-04-12,Milwaukee Brewers,Washington Nationals,-215,180,https://fantasydata.com/mlb/milwaukee-brewers-odds
823966,2026-04-12,Los Angeles Dodgers,Texas Rangers,-129,109,https://fantasydata.com/mlb/los-angeles-dodgers-odds
824126,2026-04-12,Kansas City Royals,Chicago White Sox,-183,152,https://fantasydata.com/mlb/chicago-white-sox-odds
824293,2026-04-12,Detroit Tigers,Miami Marlins,-179,150,https://fantasydata.com/mlb/detroit-tigers-odds
824533,2026-04-12,Cincinnati Reds,Los Angeles Angels,-108,-111,https://fantasydata.com/mlb/cincinnati-reds-odds
824696,2026-04-12,Chicago Cubs,Pittsburgh Pirates,-131,111,https://fantasydata.com/mlb/chicago-cubs-odds
824859,2026-04-12,Baltimore Orioles,San Francisco Giants,-127,108,https://fantasydata.com/mlb/baltimore-orioles-odds
824938,2026-04-12,Atlanta Braves,Cleveland Guardians,-194,163,https://fantasydata.com/mlb/atlanta-braves-odds
823073,2026-04-13,St. Louis Cardinals,Cleveland Guardians,101,-119,https://fantasydata.com/mlb/cleveland-guardians-odds
823153,2026-04-13,Seattle Mariners,Houston Astros,-174,146,https://fantasydata.com/mlb/houston-astros-odds
823400,2026-04-13,Pittsburgh Pirates,Washington Nationals,-222,185,https://fantasydata.com/mlb/pittsburgh-pirates-odds
823481,2026-04-13,Philadelphia Phillies,Chicago Cubs,-179,149,https://fantasydata.com/mlb/chicago-cubs-odds
823563,2026-04-13,New York Yankees,Los Angeles Angels,-182,152,https://fantasydata.com/mlb/los-angeles-angels-odds
823725,2026-04-13,Minnesota Twins,Boston Red Sox,137,-163,https://fantasydata.com/mlb/boston-red-sox-odds
823964,2026-04-13,Los Angeles Dodgers,New York Mets,-164,138,https://fantasydata.com/mlb/los-angeles-dodgers-odds
824856,2026-04-13,Baltimore Orioles,Arizona Diamondbacks,-132,111,https://fantasydata.com/mlb/arizona-diamondbacks-odds
824937,2026-04-13,Atlanta Braves,Miami Marlins,-150,127,https://fantasydata.com/mlb/atlanta-braves-odds
825024,2026-04-13,Athletics,Texas Rangers,107,-127,https://fantasydata.com/mlb/athletics-odds
823072,2026-04-14,St. Louis Cardinals,Cleveland Guardians,108,-129,https://fantasydata.com/mlb/cleveland-guardians-odds
823315,2026-04-14,San Diego Padres,Seattle Mariners,101,-119,https://fantasydata.com/mlb/san-diego-padres-odds
823398,2026-04-14,Pittsburgh Pirates,Washington Nationals,-184,153,https://fantasydata.com/mlb/pittsburgh-pirates-odds
823478,2026-04-14,Philadelphia Phillies,Chicago Cubs,-143,120,https://fantasydata.com/mlb/chicago-cubs-odds
823562,2026-04-14,New York Yankees,Los Angeles Angels,-175,146,https://fantasydata.com/mlb/los-angeles-angels-odds
823723,2026-04-14,Minnesota Twins,Boston Red Sox,118,-141,https://fantasydata.com/mlb/boston-red-sox-odds
823802,2026-04-14,Milwaukee Brewers,Toronto Blue Jays,-122,103,https://fantasydata.com/mlb/milwaukee-brewers-odds
823965,2026-04-14,Los Angeles Dodgers,New York Mets,-197,165,https://fantasydata.com/mlb/los-angeles-dodgers-odds
824210,2026-04-14,Houston Astros,Colorado Rockies,-172,144,https://fantasydata.com/mlb/colorado-rockies-odds
824292,2026-04-14,Detroit Tigers,Kansas City Royals,-121,101,https://fantasydata.com/mlb/detroit-tigers-odds
824531,2026-04-14,Cincinnati Reds,San Francisco Giants,-111,-108,https://fantasydata.com/mlb/cincinnati-reds-odds
824616,2026-04-14,Chicago White Sox,Tampa Bay Rays,113,-134,https://fantasydata.com/mlb/chicago-white-sox-odds
824853,2026-04-14,Baltimore Orioles,Arizona Diamondbacks,-169,141,https://fantasydata.com/mlb/arizona-diamondbacks-odds
824935,2026-04-14,Atlanta Braves,Miami Marlins,-162,138,https://fantasydata.com/mlb/atlanta-braves-odds
825022,2026-04-14,Athletics,Texas Rangers,108,-128,https://fantasydata.com/mlb/athletics-odds
823071,2026-04-15,St. Louis Cardinals,Cleveland Guardians,-112,-107,https://fantasydata.com/mlb/cleveland-guardians-odds
823314,2026-04-15,San Diego Padres,Seattle Mariners,-108,-110,https://fantasydata.com/mlb/san-diego-padres-odds
823399,2026-04-15,Pittsburgh Pirates,Washington Nationals,-180,150,https://fantasydata.com/mlb/pittsburgh-pirates-odds
823477,2026-04-15,Philadelphia Phillies,Chicago Cubs,-141,119,https://fantasydata.com/mlb/chicago-cubs-odds
823561,2026-04-15,New York Yankees,Los Angeles Angels,-193,160,https://fantasydata.com/mlb/los-angeles-angels-odds
823722,2026-04-15,Minnesota Twins,Boston Red Sox,109,-130,https://fantasydata.com/mlb/boston-red-sox-odds
823803,2026-04-15,Milwaukee Brewers,Toronto Blue Jays,103,-122,https://fantasydata.com/mlb/milwaukee-brewers-odds
823963,2026-04-15,Los Angeles Dodgers,New York Mets,-195,162,https://fantasydata.com/mlb/los-angeles-dodgers-odds
824209,2026-04-15,Houston Astros,Colorado Rockies,-192,159,https://fantasydata.com/mlb/colorado-rockies-odds
824291,2026-04-15,Detroit Tigers,Kansas City Royals,-129,109,https://fantasydata.com/mlb/detroit-tigers-odds
824532,2026-04-15,Cincinnati Reds,San Francisco Giants,-106,-112,https://fantasydata.com/mlb/cincinnati-reds-odds
824615,2026-04-15,Chicago White Sox,Tampa Bay Rays,-107,-112,https://fantasydata.com/mlb/chicago-white-sox-odds
824855,2026-04-15,Baltimore Orioles,Arizona Diamondbacks,-134,114,https://fantasydata.com/mlb/arizona-diamondbacks-odds
824936,2026-04-15,Atlanta Braves,Miami Marlins,-162,137,https://fantasydata.com/mlb/atlanta-braves-odds
825021,2026-04-15,Athletics,Texas Rangers,-119,100,https://fantasydata.com/mlb/athletics-odds
823313,2026-04-16,San Diego Padres,Seattle Mariners,101,-121,https://fantasydata.com/mlb/san-diego-padres-odds
823396,2026-04-16,Pittsburgh Pirates,Washington Nationals,-162,136,https://fantasydata.com/mlb/pittsburgh-pirates-odds
823560,2026-04-16,New York Yankees,Los Angeles Angels,-306,248,https://fantasydata.com/mlb/los-angeles-angels-odds
823801,2026-04-16,Milwaukee Brewers,Toronto Blue Jays,-114,-104,https://fantasydata.com/mlb/milwaukee-brewers-odds
824208,2026-04-16,Houston Astros,Colorado Rockies,-167,141,https://fantasydata.com/mlb/colorado-rockies-odds
824289,2026-04-16,Detroit Tigers,Kansas City Royals,103,-123,https://fantasydata.com/mlb/detroit-tigers-odds
824453,2026-04-16,Cleveland Guardians,Baltimore Orioles,-133,112,https://fantasydata.com/mlb/baltimore-orioles-odds
824530,2026-04-16,Cincinnati Reds,San Francisco Giants,-122,104,https://fantasydata.com/mlb/cincinnati-reds-odds
824614,2026-04-16,Chicago White Sox,Tampa Bay Rays,110,-130,https://fantasydata.com/mlb/chicago-white-sox-odds
825023,2026-04-16,Athletics,Texas Rangers,-107,-112,https://fantasydata.com/mlb/athletics-odds
822752,2026-04-17,Washington Nationals,San Francisco Giants,127,-151,https://fantasydata.com/mlb/san-francisco-giants-odds
823152,2026-04-17,Seattle Mariners,Texas Rangers,-132,111,https://fantasydata.com/mlb/seattle-mariners-odds
823397,2026-04-17,Pittsburgh Pirates,Tampa Bay Rays,-126,107,https://fantasydata.com/mlb/pittsburgh-pirates-odds
823476,2026-04-17,Philadelphia Phillies,Atlanta Braves,-103,-115,https://fantasydata.com/mlb/atlanta-braves-odds
823559,2026-04-17,New York Yankees,Kansas City Royals,-178,149,https://fantasydata.com/mlb/kansas-city-royals-odds
823720,2026-04-17,Minnesota Twins,Cincinnati Reds,-163,138,https://fantasydata.com/mlb/cincinnati-reds-odds
823883,2026-04-17,Miami Marlins,Milwaukee Brewers,-114,-104,https://fantasydata.com/mlb/miami-marlins-odds
824048,2026-04-17,Los Angeles Angels,San Diego Padres,-131,110,https://fantasydata.com/mlb/los-angeles-angels-odds
824207,2026-04-17,Houston Astros,St. Louis Cardinals,-128,107,https://fantasydata.com/mlb/houston-astros-odds
824373,2026-04-17,Colorado Rockies,Los Angeles Dodgers,260,-319,https://fantasydata.com/mlb/colorado-rockies-odds
824454,2026-04-17,Cleveland Guardians,Baltimore Orioles,-136,116,https://fantasydata.com/mlb/baltimore-orioles-odds
824693,2026-04-17,Chicago Cubs,New York Mets,-157,133,https://fantasydata.com/mlb/chicago-cubs-odds
824778,2026-04-17,Boston Red Sox,Detroit Tigers,-129,110,https://fantasydata.com/mlb/boston-red-sox-odds
825019,2026-04-17,Athletics,Chicago White Sox,-160,136,https://fantasydata.com/mlb/athletics-odds
825101,2026-04-17,Arizona Diamondbacks,Toronto Blue Jays,-138,117,https://fantasydata.com/mlb/arizona-diamondbacks-odds
822751,2026-04-18,Washington Nationals,San Francisco Giants,-108,-111,https://fantasydata.com/mlb/san-francisco-giants-odds
823151,2026-04-18,Seattle Mariners,Texas Rangers,-138,117,https://fantasydata.com/mlb/seattle-mariners-odds
823394,2026-04-18,Pittsburgh Pirates,Tampa Bay Rays,-152,128,https://fantasydata.com/mlb/pittsburgh-pirates-odds
823474,2026-04-18,Philadelphia Phillies,Atlanta Braves,-119,100,https://fantasydata.com/mlb/atlanta-braves-odds
823558,2026-04-18,New York Yankees,Kansas City Royals,-166,140,https://fantasydata.com/mlb/kansas-city-royals-odds
823721,2026-04-18,Minnesota Twins,Cincinnati Reds,-130,110,https://fantasydata.com/mlb/cincinnati-reds-odds
823882,2026-04-18,Miami Marlins,Milwaukee Brewers,-117,-102,https://fantasydata.com/mlb/miami-marlins-odds
824049,2026-04-18,Los Angeles Angels,San Diego Padres,-105,-113,https://fantasydata.com/mlb/los-angeles-angels-odds
824206,2026-04-18,Houston Astros,St. Louis Cardinals,-145,121,https://fantasydata.com/mlb/houston-astros-odds
824372,2026-04-18,Colorado Rockies,Los Angeles Dodgers,235,-288,https://fantasydata.com/mlb/colorado-rockies-odds
824451,2026-04-18,Cleveland Guardians,Baltimore Orioles,-139,118,https://fantasydata.com/mlb/baltimore-orioles-odds
824694,2026-04-18,Chicago Cubs,New York Mets,-115,-103,https://fantasydata.com/mlb/chicago-cubs-odds
824775,2026-04-18,Boston Red Sox,Detroit Tigers,127,-151,https://fantasydata.com/mlb/boston-red-sox-odds
825020,2026-04-18,Athletics,Chicago White Sox,-164,137,https://fantasydata.com/mlb/athletics-odds
825098,2026-04-18,Arizona Diamondbacks,Toronto Blue Jays,-151,128,https://fantasydata.com/mlb/arizona-diamondbacks-odds
822750,2026-04-19,Washington Nationals,San Francisco Giants,119,-141,https://fantasydata.com/mlb/san-francisco-giants-odds
823150,2026-04-19,Seattle Mariners,Texas Rangers,-143,121,https://fantasydata.com/mlb/seattle-mariners-odds
823393,2026-04-19,Pittsburgh Pirates,Tampa Bay Rays,-107,-112,https://fantasydata.com/mlb/pittsburgh-pirates-odds
823475,2026-04-19,Philadelphia Phillies,Atlanta Braves,-104,-113,https://fantasydata.com/mlb/atlanta-braves-odds
823556,2026-04-19,New York Yankees,Kansas City Royals,-157,132,https://fantasydata.com/mlb/kansas-city-royals-odds
823718,2026-04-19,Minnesota Twins,Cincinnati Reds,-117,-102,https://fantasydata.com/mlb/cincinnati-reds-odds
823881,2026-04-19,Miami Marlins,Milwaukee Brewers,-112,-106,https://fantasydata.com/mlb/miami-marlins-odds
824047,2026-04-19,Los Angeles Angels,San Diego Padres,126,-149,https://fantasydata.com/mlb/los-angeles-angels-odds
824205,2026-04-19,Houston Astros,St. Louis Cardinals,-140,119,https://fantasydata.com/mlb/houston-astros-odds
824371,2026-04-19,Colorado Rockies,Los Angeles Dodgers,181,-217,https://fantasydata.com/mlb/colorado-rockies-odds
824452,2026-04-19,Cleveland Guardians,Baltimore Orioles,-121,102,https://fantasydata.com/mlb/baltimore-orioles-odds
824691,2026-04-19,Chicago Cubs,New York Mets,-139,117,https://fantasydata.com/mlb/chicago-cubs-odds
824777,2026-04-19,Boston Red Sox,Detroit Tigers,-142,120,https://fantasydata.com/mlb/boston-red-sox-odds
825018,2026-04-19,Athletics,Chicago White Sox,-158,133,https://fantasydata.com/mlb/athletics-odds
825100,2026-04-19,Arizona Diamondbacks,Toronto Blue Jays,-102,-117,https://fantasydata.com/mlb/arizona-diamondbacks-odds
822749,2026-04-20,Washington Nationals,Atlanta Braves,133,-158,https://fantasydata.com/mlb/atlanta-braves-odds
822994,2026-04-20,Tampa Bay Rays,Cincinnati Reds,-123,105,https://fantasydata.com/mlb/cincinnati-reds-odds
823149,2026-04-20,Seattle Mariners,Athletics,-143,121,https://fantasydata.com/mlb/athletics-odds
823879,2026-04-20,Miami Marlins,St. Louis Cardinals,-139,117,https://fantasydata.com/mlb/miami-marlins-odds
824046,2026-04-20,Los Angeles Angels,Toronto Blue Jays,-103,-116,https://fantasydata.com/mlb/los-angeles-angels-odds
824125,2026-04-20,Kansas City Royals,Baltimore Orioles,-104,-116,https://fantasydata.com/mlb/baltimore-orioles-odds
824370,2026-04-20,Colorado Rockies,Los Angeles Dodgers,179,-214,https://fantasydata.com/mlb/colorado-rockies-odds
824450,2026-04-20,Cleveland Guardians,Houston Astros,-134,113,https://fantasydata.com/mlb/cleveland-guardians-odds
824692,2026-04-20,Chicago Cubs,Philadelphia Phillies,-113,-105,https://fantasydata.com/mlb/chicago-cubs-odds
824776,2026-04-20,Boston Red Sox,Detroit Tigers,-138,116,https://fantasydata.com/mlb/boston-red-sox-odds
822747,2026-04-21,Washington Nationals,Atlanta Braves,131,-155,https://fantasydata.com/mlb/atlanta-braves-odds
822914,2026-04-21,Texas Rangers,Pittsburgh Pirates,-118,100,https://fantasydata.com/mlb/pittsburgh-pirates-odds
822995,2026-04-21,Tampa Bay Rays,Cincinnati Reds,-104,-113,https://fantasydata.com/mlb/cincinnati-reds-odds
823148,2026-04-21,Seattle Mariners,Athletics,-159,134,https://fantasydata.com/mlb/athletics-odds
823236,2026-04-21,San Francisco Giants,Los Angeles Dodgers,150,-178,https://fantasydata.com/mlb/los-angeles-dodgers-odds
823640,2026-04-21,New York Mets,Minnesota Twins,-163,137,https://fantasydata.com/mlb/minnesota-twins-odds
823880,2026-04-21,Miami Marlins,St. Louis Cardinals,-118,100,https://fantasydata.com/mlb/miami-marlins-odds
824045,2026-04-21,Los Angeles Angels,Toronto Blue Jays,-113,-105,https://fantasydata.com/mlb/los-angeles-angels-odds
824127,2026-04-21,Kansas City Royals,Baltimore Orioles,-127,107,https://fantasydata.com/mlb/baltimore-orioles-odds
824290,2026-04-21,Detroit Tigers,Milwaukee Brewers,-113,-106,https://fantasydata.com/mlb/detroit-tigers-odds
824369,2026-04-21,Colorado Rockies,San Diego Padres,127,-150,https://fantasydata.com/mlb/colorado-rockies-odds
824448,2026-04-21,Cleveland Guardians,Houston Astros,-152,129,https://fantasydata.com/mlb/cleveland-guardians-odds
824690,2026-04-21,Chicago Cubs,Philadelphia Phillies,-130,110,https://fantasydata.com/mlb/chicago-cubs-odds
824773,2026-04-21,Boston Red Sox,New York Yankees,-126,107,https://fantasydata.com/mlb/boston-red-sox-odds
825099,2026-04-21,Arizona Diamondbacks,Chicago White Sox,-146,123,https://fantasydata.com/mlb/arizona-diamondbacks-odds
822748,2026-04-22,Washington Nationals,Atlanta Braves,136,-160,https://fantasydata.com/mlb/atlanta-braves-odds
822913,2026-04-22,Texas Rangers,Pittsburgh Pirates,-104,-114,https://fantasydata.com/mlb/pittsburgh-pirates-odds
822993,2026-04-22,Tampa Bay Rays,Cincinnati Reds,-141,118,https://fantasydata.com/mlb/cincinnati-reds-odds
823147,2026-04-22,Seattle Mariners,Athletics,-182,152,https://fantasydata.com/mlb/athletics-odds
823231,2026-04-22,San Francisco Giants,Los Angeles Dodgers,172,-206,https://fantasydata.com/mlb/los-angeles-dodgers-odds
823641,2026-04-22,New York Mets,Minnesota Twins,-162,137,https://fantasydata.com/mlb/minnesota-twins-odds
823878,2026-04-22,Miami Marlins,St. Louis Cardinals,-147,124,https://fantasydata.com/mlb/miami-marlins-odds
824044,2026-04-22,Los Angeles Angels,Toronto Blue Jays,-153,130,https://fantasydata.com/mlb/los-angeles-angels-odds
824123,2026-04-22,Kansas City Royals,Baltimore Orioles,-131,111,https://fantasydata.com/mlb/baltimore-orioles-odds
824286,2026-04-22,Detroit Tigers,Milwaukee Brewers,-133,113,https://fantasydata.com/mlb/detroit-tigers-odds
824367,2026-04-22,Colorado Rockies,San Diego Padres,137,-163,https://fantasydata.com/mlb/colorado-rockies-odds
824449,2026-04-22,Cleveland Guardians,Houston Astros,-163,138,https://fantasydata.com/mlb/cleveland-guardians-odds
824688,2026-04-22,Chicago Cubs,Philadelphia Phillies,-191,158,https://fantasydata.com/mlb/chicago-cubs-odds
824774,2026-04-22,Boston Red Sox,New York Yankees,112,-133,https://fantasydata.com/mlb/boston-red-sox-odds
825097,2026-04-22,Arizona Diamondbacks,Chicago White Sox,-153,129,https://fantasydata.com/mlb/arizona-diamondbacks-odds
822745,2026-04-23,Washington Nationals,Atlanta Braves,116,-137,https://fantasydata.com/mlb/atlanta-braves-odds
822912,2026-04-23,Texas Rangers,Pittsburgh Pirates,-158,134,https://fantasydata.com/mlb/pittsburgh-pirates-odds
823233,2026-04-23,San Francisco Giants,Los Angeles Dodgers,130,-154,https://fantasydata.com/mlb/los-angeles-dodgers-odds
823639,2026-04-23,New York Mets,Minnesota Twins,-112,-106,https://fantasydata.com/mlb/minnesota-twins-odds
824288,2026-04-23,Detroit Tigers,Milwaukee Brewers,-228,190,https://fantasydata.com/mlb/detroit-tigers-odds
824368,2026-04-23,Colorado Rockies,San Diego Padres,129,-152,https://fantasydata.com/mlb/colorado-rockies-odds
824689,2026-04-23,Chicago Cubs,Philadelphia Phillies,-103,-115,https://fantasydata.com/mlb/chicago-cubs-odds
824770,2026-04-23,Boston Red Sox,New York Yankees,125,-148,https://fantasydata.com/mlb/boston-red-sox-odds
825096,2026-04-23,Arizona Diamondbacks,Chicago White Sox,-149,125,https://fantasydata.com/mlb/arizona-diamondbacks-odds
822827,2026-04-24,Toronto Blue Jays,Cleveland Guardians,102,-121,https://fantasydata.com/mlb/cleveland-guardians-odds
822909,2026-04-24,Texas Rangers,Athletics,-137,115,https://fantasydata.com/mlb/athletics-odds
822992,2026-04-24,Tampa Bay Rays,Minnesota Twins,-142,120,https://fantasydata.com/mlb/minnesota-twins-odds
823069,2026-04-24,St. Louis Cardinals,Seattle Mariners,123,-146,https://fantasydata.com/mlb/seattle-mariners-odds
823232,2026-04-24,San Francisco Giants,Miami Marlins,-104,-114,https://fantasydata.com/mlb/miami-marlins-odds
823638,2026-04-24,New York Mets,Colorado Rockies,-210,174,https://fantasydata.com/mlb/colorado-rockies-odds
823800,2026-04-24,Milwaukee Brewers,Pittsburgh Pirates,-107,-111,https://fantasydata.com/mlb/milwaukee-brewers-odds
823962,2026-04-24,Los Angeles Dodgers,Chicago Cubs,-160,135,https://fantasydata.com/mlb/chicago-cubs-odds
824124,2026-04-24,Kansas City Royals,Los Angeles Angels,-108,-111,https://fantasydata.com/mlb/kansas-city-royals-odds
824204,2026-04-24,Houston Astros,New York Yankees,130,-154,https://fantasydata.com/mlb/houston-astros-odds
824529,2026-04-24,Cincinnati Reds,Detroit Tigers,-102,-116,https://fantasydata.com/mlb/cincinnati-reds-odds
824611,2026-04-24,Chicago White Sox,Washington Nationals,-125,106,https://fantasydata.com/mlb/chicago-white-sox-odds
824854,2026-04-24,Baltimore Orioles,Boston Red Sox,-125,105,https://fantasydata.com/mlb/baltimore-orioles-odds
824932,2026-04-24,Atlanta Braves,Philadelphia Phillies,-160,135,https://fantasydata.com/mlb/atlanta-braves-odds
822826,2026-04-25,Toronto Blue Jays,Cleveland Guardians,-148,125,https://fantasydata.com/mlb/cleveland-guardians-odds
822910,2026-04-25,Texas Rangers,Athletics,-124,105,https://fantasydata.com/mlb/athletics-odds
822989,2026-04-25,Tampa Bay Rays,Minnesota Twins,-134,114,https://fantasydata.com/mlb/minnesota-twins-odds
823070,2026-04-25,St. Louis Cardinals,Seattle Mariners,125,-149,https://fantasydata.com/mlb/seattle-mariners-odds
823229,2026-04-25,San Francisco Giants,Miami Marlins,-111,-107,https://fantasydata.com/mlb/miami-marlins-odds
823799,2026-04-25,Milwaukee Brewers,Pittsburgh Pirates,-145,123,https://fantasydata.com/mlb/milwaukee-brewers-odds
823960,2026-04-25,Los Angeles Dodgers,Chicago Cubs,-129,110,https://fantasydata.com/mlb/chicago-cubs-odds
824121,2026-04-25,Kansas City Royals,Los Angeles Angels,-137,116,https://fantasydata.com/mlb/kansas-city-royals-odds
824203,2026-04-25,Houston Astros,New York Yankees,132,-156,https://fantasydata.com/mlb/houston-astros-odds
824527,2026-04-25,Cincinnati Reds,Detroit Tigers,-108,-110,https://fantasydata.com/mlb/cincinnati-reds-odds
824613,2026-04-25,Chicago White Sox,Washington Nationals,-144,122,https://fantasydata.com/mlb/chicago-white-sox-odds
824851,2026-04-25,Baltimore Orioles,Boston Red Sox,-124,105,https://fantasydata.com/mlb/baltimore-orioles-odds
824933,2026-04-25,Atlanta Braves,Philadelphia Phillies,-134,113,https://fantasydata.com/mlb/atlanta-braves-odds
825093,2026-04-25,Arizona Diamondbacks,San Diego Padres,-113,-106,https://fantasydata.com/mlb/arizona-diamondbacks-odds
822824,2026-04-26,Toronto Blue Jays,Cleveland Guardians,-128,109,https://fantasydata.com/mlb/cleveland-guardians-odds
822911,2026-04-26,Texas Rangers,Athletics,-117,-101,https://fantasydata.com/mlb/athletics-odds
822991,2026-04-26,Tampa Bay Rays,Minnesota Twins,-147,124,https://fantasydata.com/mlb/minnesota-twins-odds
823068,2026-04-26,St. Louis Cardinals,Seattle Mariners,112,-133,https://fantasydata.com/mlb/seattle-mariners-odds
823230,2026-04-26,San Francisco Giants,Miami Marlins,-126,107,https://fantasydata.com/mlb/miami-marlins-odds
823635,2026-04-26,New York Mets,Colorado Rockies,-260,214,https://fantasydata.com/mlb/colorado-rockies-odds
823637,2026-04-26,New York Mets,Colorado Rockies,-178,148,https://fantasydata.com/mlb/colorado-rockies-odds
823797,2026-04-26,Milwaukee Brewers,Pittsburgh Pirates,-120,101,https://fantasydata.com/mlb/milwaukee-brewers-odds
823959,2026-04-26,Los Angeles Dodgers,Chicago Cubs,-121,102,https://fantasydata.com/mlb/chicago-cubs-odds
824122,2026-04-26,Kansas City Royals,Los Angeles Angels,-117,-102,https://fantasydata.com/mlb/kansas-city-royals-odds
824202,2026-04-26,Houston Astros,New York Yankees,112,-133,https://fantasydata.com/mlb/houston-astros-odds
824528,2026-04-26,Cincinnati Reds,Detroit Tigers,-108,-110,https://fantasydata.com/mlb/cincinnati-reds-odds
824612,2026-04-26,Chicago White Sox,Washington Nationals,-120,100,https://fantasydata.com/mlb/chicago-white-sox-odds
824852,2026-04-26,Baltimore Orioles,Boston Red Sox,-141,119,https://fantasydata.com/mlb/baltimore-orioles-odds
824934,2026-04-26,Atlanta Braves,Philadelphia Phillies,-220,180,https://fantasydata.com/mlb/atlanta-braves-odds
825094,2026-04-26,Arizona Diamondbacks,San Diego Padres,113,-134,https://fantasydata.com/mlb/arizona-diamondbacks-odds
822825,2026-04-27,Toronto Blue Jays,Boston Red Sox,-137,116,https://fantasydata.com/mlb/boston-red-sox-odds
822906,2026-04-27,Texas Rangers,New York Yankees,136,-163,https://fantasydata.com/mlb/new-york-yankees-odds
823311,2026-04-27,San Diego Padres,Chicago Cubs,-120,100,https://fantasydata.com/mlb/chicago-cubs-odds
823395,2026-04-27,Pittsburgh Pirates,St. Louis Cardinals,-121,102,https://fantasydata.com/mlb/pittsburgh-pirates-odds
823719,2026-04-27,Minnesota Twins,Seattle Mariners,107,-125,https://fantasydata.com/mlb/minnesota-twins-odds
823961,2026-04-27,Los Angeles Dodgers,Miami Marlins,-305,248,https://fantasydata.com/mlb/los-angeles-dodgers-odds
824446,2026-04-27,Cleveland Guardians,Tampa Bay Rays,-140,118,https://fantasydata.com/mlb/cleveland-guardians-odds
824609,2026-04-27,Chicago White Sox,Los Angeles Angels,-114,-105,https://fantasydata.com/mlb/chicago-white-sox-odds
822823,2026-04-28,Toronto Blue Jays,Boston Red Sox,-116,-104,https://fantasydata.com/mlb/boston-red-sox-odds
822908,2026-04-28,Texas Rangers,New York Yankees,100,-119,https://fantasydata.com/mlb/new-york-yankees-odds
823310,2026-04-28,San Diego Padres,Chicago Cubs,-101,-118,https://fantasydata.com/mlb/chicago-cubs-odds
823390,2026-04-28,Pittsburgh Pirates,St. Louis Cardinals,-164,137,https://fantasydata.com/mlb/pittsburgh-pirates-odds
823473,2026-04-28,Philadelphia Phillies,San Francisco Giants,-158,133,https://fantasydata.com/mlb/philadelphia-phillies-odds
823636,2026-04-28,New York Mets,Washington Nationals,-182,150,https://fantasydata.com/mlb/new-york-mets-odds
823716,2026-04-28,Minnesota Twins,Seattle Mariners,109,-129,https://fantasydata.com/mlb/minnesota-twins-odds
823798,2026-04-28,Milwaukee Brewers,Arizona Diamondbacks,-131,112,https://fantasydata.com/mlb/arizona-diamondbacks-odds
823956,2026-04-28,Los Angeles Dodgers,Miami Marlins,-292,238,https://fantasydata.com/mlb/los-angeles-dodgers-odds
824447,2026-04-28,Cleveland Guardians,Tampa Bay Rays,-131,110,https://fantasydata.com/mlb/cleveland-guardians-odds
824526,2026-04-28,Cincinnati Reds,Colorado Rockies,-202,169,https://fantasydata.com/mlb/cincinnati-reds-odds
824610,2026-04-28,Chicago White Sox,Los Angeles Angels,109,-130,https://fantasydata.com/mlb/chicago-white-sox-odds
824849,2026-04-28,Baltimore Orioles,Houston Astros,-133,112,https://fantasydata.com/mlb/baltimore-orioles-odds
824931,2026-04-28,Atlanta Braves,Detroit Tigers,-126,108,https://fantasydata.com/mlb/atlanta-braves-odds
825017,2026-04-28,Athletics,Kansas City Royals,-108,-110,https://fantasydata.com/mlb/athletics-odds
822821,2026-04-29,Toronto Blue Jays,Boston Red Sox,-116,-104,https://fantasydata.com/mlb/boston-red-sox-odds
822907,2026-04-29,Texas Rangers,New York Yankees,-102,-117,https://fantasydata.com/mlb/new-york-yankees-odds
823312,2026-04-29,San Diego Padres,Chicago Cubs,-116,-103,https://fantasydata.com/mlb/chicago-cubs-odds
823392,2026-04-29,Pittsburgh Pirates,St. Louis Cardinals,-131,111,https://fantasydata.com/mlb/pittsburgh-pirates-odds
823633,2026-04-29,New York Mets,Washington Nationals,-159,134,https://fantasydata.com/mlb/new-york-mets-odds
823717,2026-04-29,Minnesota Twins,Seattle Mariners,116,-138,https://fantasydata.com/mlb/minnesota-twins-odds
823796,2026-04-29,Milwaukee Brewers,Arizona Diamondbacks,-129,109,https://fantasydata.com/mlb/arizona-diamondbacks-odds
823958,2026-04-29,Los Angeles Dodgers,Miami Marlins,-251,206,https://fantasydata.com/mlb/los-angeles-dodgers-odds
824445,2026-04-29,Cleveland Guardians,Tampa Bay Rays,-117,-103,https://fantasydata.com/mlb/cleveland-guardians-odds
824525,2026-04-29,Cincinnati Reds,Colorado Rockies,-153,130,https://fantasydata.com/mlb/cincinnati-reds-odds
824608,2026-04-29,Chicago White Sox,Los Angeles Angels,-101,-117,https://fantasydata.com/mlb/chicago-white-sox-odds
824930,2026-04-29,Atlanta Braves,Detroit Tigers,116,-138,https://fantasydata.com/mlb/atlanta-braves-odds
825015,2026-04-29,Athletics,Kansas City Royals,-120,101,https://fantasydata.com/mlb/athletics-odds
823391,2026-04-30,Pittsburgh Pirates,St. Louis Cardinals,-244,202,https://fantasydata.com/mlb/pittsburgh-pirates-odds
823471,2026-04-30,Philadelphia Phillies,San Francisco Giants,-141,118,https://fantasydata.com/mlb/philadelphia-phillies-odds
823472,2026-04-30,Philadelphia Phillies,San Francisco Giants,-151,127,https://fantasydata.com/mlb/philadelphia-phillies-odds
823634,2026-04-30,New York Mets,Washington Nationals,-192,159,https://fantasydata.com/mlb/new-york-mets-odds
823714,2026-04-30,Minnesota Twins,Toronto Blue Jays,113,-132,https://fantasydata.com/mlb/minnesota-twins-odds
823795,2026-04-30,Milwaukee Brewers,Arizona Diamondbacks,-128,109,https://fantasydata.com/mlb/arizona-diamondbacks-odds
824524,2026-04-30,Cincinnati Reds,Colorado Rockies,-167,140,https://fantasydata.com/mlb/cincinnati-reds-odds
824848,2026-04-30,Baltimore Orioles,Houston Astros,-131,110,https://fantasydata.com/mlb/baltimore-orioles-odds
824850,2026-04-30,Baltimore Orioles,Houston Astros,-146,123,https://fantasydata.com/mlb/baltimore-orioles-odds
824929,2026-04-30,Atlanta Braves,Detroit Tigers,-127,107,https://fantasydata.com/mlb/atlanta-braves-odds
825016,2026-04-30,Athletics,Kansas City Royals,-124,105,https://fantasydata.com/mlb/athletics-odds
822744,2026-05-01,Washington Nationals,Milwaukee Brewers,133,-158,https://fantasydata.com/mlb/milwaukee-brewers-odds
822990,2026-05-01,Tampa Bay Rays,San Francisco Giants,-136,115,https://fantasydata.com/mlb/san-francisco-giants-odds
823066,2026-05-01,St. Louis Cardinals,Los Angeles Dodgers,151,-180,https://fantasydata.com/mlb/los-angeles-dodgers-odds
823146,2026-05-01,Seattle Mariners,Kansas City Royals,-139,117,https://fantasydata.com/mlb/kansas-city-royals-odds
823309,2026-05-01,San Diego Padres,Chicago White Sox,-146,123,https://fantasydata.com/mlb/chicago-white-sox-odds
823389,2026-05-01,Pittsburgh Pirates,Cincinnati Reds,-137,115,https://fantasydata.com/mlb/cincinnati-reds-odds
823557,2026-05-01,New York Yankees,Baltimore Orioles,-186,155,https://fantasydata.com/mlb/baltimore-orioles-odds
823713,2026-05-01,Minnesota Twins,Toronto Blue Jays,-111,-108,https://fantasydata.com/mlb/minnesota-twins-odds
823877,2026-05-01,Miami Marlins,Philadelphia Phillies,-104,-114,https://fantasydata.com/mlb/miami-marlins-odds
824041,2026-05-01,Los Angeles Angels,New York Mets,-106,-112,https://fantasydata.com/mlb/los-angeles-angels-odds
824287,2026-05-01,Detroit Tigers,Texas Rangers,-114,-104,https://fantasydata.com/mlb/detroit-tigers-odds
824366,2026-05-01,Colorado Rockies,Atlanta Braves,148,-177,https://fantasydata.com/mlb/atlanta-braves-odds
824686,2026-05-01,Chicago Cubs,Arizona Diamondbacks,-151,127,https://fantasydata.com/mlb/arizona-diamondbacks-odds
824772,2026-05-01,Boston Red Sox,Houston Astros,-123,103,https://fantasydata.com/mlb/boston-red-sox-odds
825012,2026-05-01,Athletics,Cleveland Guardians,-102,-117,https://fantasydata.com/mlb/athletics-odds
822746,2026-05-02,Washington Nationals,Milwaukee Brewers,110,-130,https://fantasydata.com/mlb/milwaukee-brewers-odds
822988,2026-05-02,Tampa Bay Rays,San Francisco Giants,-102,-116,https://fantasydata.com/mlb/san-francisco-giants-odds
823067,2026-05-02,St. Louis Cardinals,Los Angeles Dodgers,115,-136,https://fantasydata.com/mlb/los-angeles-dodgers-odds
823144,2026-05-02,Seattle Mariners,Kansas City Royals,-143,120,https://fantasydata.com/mlb/kansas-city-royals-odds
823308,2026-05-02,San Diego Padres,Chicago White Sox,-187,155,https://fantasydata.com/mlb/chicago-white-sox-odds
823388,2026-05-02,Pittsburgh Pirates,Cincinnati Reds,-137,116,https://fantasydata.com/mlb/cincinnati-reds-odds
823554,2026-05-02,New York Yankees,Baltimore Orioles,-169,142,https://fantasydata.com/mlb/baltimore-orioles-odds
823715,2026-05-02,Minnesota Twins,Toronto Blue Jays,117,-138,https://fantasydata.com/mlb/minnesota-twins-odds
823876,2026-05-02,Miami Marlins,Philadelphia Phillies,-132,111,https://fantasydata.com/mlb/miami-marlins-odds
824042,2026-05-02,Los Angeles Angels,New York Mets,102,-121,https://fantasydata.com/mlb/los-angeles-angels-odds
824284,2026-05-02,Detroit Tigers,Texas Rangers,-131,110,https://fantasydata.com/mlb/detroit-tigers-odds
824365,2026-05-02,Colorado Rockies,Atlanta Braves,183,-220,https://fantasydata.com/mlb/atlanta-braves-odds
824685,2026-05-02,Chicago Cubs,Arizona Diamondbacks,-168,141,https://fantasydata.com/mlb/arizona-diamondbacks-odds
824771,2026-05-02,Boston Red Sox,Houston Astros,-139,117,https://fantasydata.com/mlb/boston-red-sox-odds
825014,2026-05-02,Athletics,Cleveland Guardians,-136,116,https://fantasydata.com/mlb/athletics-odds
822742,2026-05-03,Washington Nationals,Milwaukee Brewers,121,-143,https://fantasydata.com/mlb/milwaukee-brewers-odds
822987,2026-05-03,Tampa Bay Rays,San Francisco Giants,-120,101,https://fantasydata.com/mlb/san-francisco-giants-odds
823065,2026-05-03,St. Louis Cardinals,Los Angeles Dodgers,119,-141,https://fantasydata.com/mlb/los-angeles-dodgers-odds
823145,2026-05-03,Seattle Mariners,Kansas City Royals,-112,-106,https://fantasydata.com/mlb/kansas-city-royals-odds
823307,2026-05-03,San Diego Padres,Chicago White Sox,-168,140,https://fantasydata.com/mlb/chicago-white-sox-odds
823387,2026-05-03,Pittsburgh Pirates,Cincinnati Reds,-119,100,https://fantasydata.com/mlb/cincinnati-reds-odds
823555,2026-05-03,New York Yankees,Baltimore Orioles,-297,238,https://fantasydata.com/mlb/baltimore-orioles-odds
823711,2026-05-03,Minnesota Twins,Toronto Blue Jays,-109,-109,https://fantasydata.com/mlb/minnesota-twins-odds
823875,2026-05-03,Miami Marlins,Philadelphia Phillies,121,-143,https://fantasydata.com/mlb/miami-marlins-odds
824043,2026-05-03,Los Angeles Angels,New York Mets,111,-132,https://fantasydata.com/mlb/los-angeles-angels-odds
824285,2026-05-03,Detroit Tigers,Texas Rangers,-126,107,https://fantasydata.com/mlb/detroit-tigers-odds
824364,2026-05-03,Colorado Rockies,Atlanta Braves,121,-144,https://fantasydata.com/mlb/atlanta-braves-odds
824687,2026-05-03,Chicago Cubs,Arizona Diamondbacks,-156,132,https://fantasydata.com/mlb/arizona-diamondbacks-odds
824769,2026-05-03,Boston Red Sox,Houston Astros,-172,145,https://fantasydata.com/mlb/boston-red-sox-odds
825013,2026-05-03,Athletics,Cleveland Guardians,110,-131,https://fantasydata.com/mlb/athletics-odds
822984,2026-05-04,Tampa Bay Rays,Toronto Blue Jays,-128,108,https://fantasydata.com/mlb/tampa-bay-rays-odds
823064,2026-05-04,St. Louis Cardinals,Milwaukee Brewers,107,-127,https://fantasydata.com/mlb/milwaukee-brewers-odds
823143,2026-05-04,Seattle Mariners,Atlanta Braves,-139,117,https://fantasydata.com/mlb/atlanta-braves-odds
823228,2026-05-04,San Francisco Giants,San Diego Padres,111,-132,https://fantasydata.com/mlb/san-diego-padres-odds
823552,2026-05-04,New York Yankees,Baltimore Orioles,-224,185,https://fantasydata.com/mlb/baltimore-orioles-odds
823874,2026-05-04,Miami Marlins,Philadelphia Phillies,-112,-106,https://fantasydata.com/mlb/miami-marlins-odds
824039,2026-05-04,Los Angeles Angels,Chicago White Sox,-155,132,https://fantasydata.com/mlb/chicago-white-sox-odds
824120,2026-05-04,Kansas City Royals,Cleveland Guardians,-118,-101,https://fantasydata.com/mlb/cleveland-guardians-odds
824201,2026-05-04,Houston Astros,Los Angeles Dodgers,168,-202,https://fantasydata.com/mlb/houston-astros-odds
824283,2026-05-04,Detroit Tigers,Boston Red Sox,102,-121,https://fantasydata.com/mlb/boston-red-sox-odds
824363,2026-05-04,Colorado Rockies,New York Mets,122,-144,https://fantasydata.com/mlb/colorado-rockies-odds
824684,2026-05-04,Chicago Cubs,Cincinnati Reds,-215,180,https://fantasydata.com/mlb/chicago-cubs-odds
822743,2026-05-05,Washington Nationals,Minnesota Twins,-101,-118,https://fantasydata.com/mlb/minnesota-twins-odds
822986,2026-05-05,Tampa Bay Rays,Toronto Blue Jays,-125,105,https://fantasydata.com/mlb/tampa-bay-rays-odds
823142,2026-05-05,Seattle Mariners,Atlanta Braves,-134,112,https://fantasydata.com/mlb/atlanta-braves-odds
823227,2026-05-05,San Francisco Giants,San Diego Padres,-147,122,https://fantasydata.com/mlb/san-diego-padres-odds
823469,2026-05-05,Philadelphia Phillies,Athletics,-205,172,https://fantasydata.com/mlb/athletics-odds
823553,2026-05-05,New York Yankees,Texas Rangers,-130,111,https://fantasydata.com/mlb/new-york-yankees-odds
823873,2026-05-05,Miami Marlins,Baltimore Orioles,-144,120,https://fantasydata.com/mlb/baltimore-orioles-odds
824040,2026-05-05,Los Angeles Angels,Chicago White Sox,-117,-104,https://fantasydata.com/mlb/chicago-white-sox-odds
824119,2026-05-05,Kansas City Royals,Cleveland Guardians,100,-119,https://fantasydata.com/mlb/cleveland-guardians-odds
824200,2026-05-05,Houston Astros,Los Angeles Dodgers,181,-217,https://fantasydata.com/mlb/houston-astros-odds
824281,2026-05-05,Detroit Tigers,Boston Red Sox,-153,129,https://fantasydata.com/mlb/boston-red-sox-odds
824682,2026-05-05,Chicago Cubs,Cincinnati Reds,-171,143,https://fantasydata.com/mlb/chicago-cubs-odds
825092,2026-05-05,Arizona Diamondbacks,Pittsburgh Pirates,-133,111,https://fantasydata.com/mlb/arizona-diamondbacks-odds
822740,2026-05-06,Washington Nationals,Minnesota Twins,105,-124,https://fantasydata.com/mlb/minnesota-twins-odds
822985,2026-05-06,Tampa Bay Rays,Toronto Blue Jays,-138,117,https://fantasydata.com/mlb/tampa-bay-rays-odds
823063,2026-05-06,St. Louis Cardinals,Milwaukee Brewers,-106,-112,https://fantasydata.com/mlb/milwaukee-brewers-odds
823141,2026-05-06,Seattle Mariners,Atlanta Braves,-133,113,https://fantasydata.com/mlb/atlanta-braves-odds
823226,2026-05-06,San Francisco Giants,San Diego Padres,-112,-107,https://fantasydata.com/mlb/san-diego-padres-odds
823470,2026-05-06,Philadelphia Phillies,Athletics,-170,142,https://fantasydata.com/mlb/athletics-odds
823550,2026-05-06,New York Yankees,Texas Rangers,-178,147,https://fantasydata.com/mlb/new-york-yankees-odds
823872,2026-05-06,Miami Marlins,Baltimore Orioles,-131,111,https://fantasydata.com/mlb/baltimore-orioles-odds
824036,2026-05-06,Los Angeles Angels,Chicago White Sox,-106,-113,https://fantasydata.com/mlb/chicago-white-sox-odds
824118,2026-05-06,Kansas City Royals,Cleveland Guardians,-140,117,https://fantasydata.com/mlb/cleveland-guardians-odds
824198,2026-05-06,Houston Astros,Los Angeles Dodgers,182,-218,https://fantasydata.com/mlb/houston-astros-odds
824282,2026-05-06,Detroit Tigers,Boston Red Sox,-109,-110,https://fantasydata.com/mlb/boston-red-sox-odds
824361,2026-05-06,Colorado Rockies,New York Mets,132,-158,https://fantasydata.com/mlb/colorado-rockies-odds
824683,2026-05-06,Chicago Cubs,Cincinnati Reds,-170,142,https://fantasydata.com/mlb/chicago-cubs-odds
825091,2026-05-06,Arizona Diamondbacks,Pittsburgh Pirates,110,-130,https://fantasydata.com/mlb/arizona-diamondbacks-odds
822741,2026-05-07,Washington Nationals,Minnesota Twins,-124,104,https://fantasydata.com/mlb/minnesota-twins-odds
823306,2026-05-07,San Diego Padres,St. Louis Cardinals,-170,142,https://fantasydata.com/mlb/san-diego-padres-odds
823467,2026-05-07,Philadelphia Phillies,Athletics,-131,110,https://fantasydata.com/mlb/athletics-odds
823551,2026-05-07,New York Yankees,Texas Rangers,-155,130,https://fantasydata.com/mlb/new-york-yankees-odds
823870,2026-05-07,Miami Marlins,Baltimore Orioles,-130,109,https://fantasydata.com/mlb/baltimore-orioles-odds
824117,2026-05-07,Kansas City Royals,Cleveland Guardians,-133,113,https://fantasydata.com/mlb/cleveland-guardians-odds
824362,2026-05-07,Colorado Rockies,New York Mets,122,-145,https://fantasydata.com/mlb/colorado-rockies-odds
824681,2026-05-07,Chicago Cubs,Cincinnati Reds,-200,166,https://fantasydata.com/mlb/chicago-cubs-odds
824767,2026-05-07,Boston Red Sox,Tampa Bay Rays,100,-119,https://fantasydata.com/mlb/boston-red-sox-odds
825090,2026-05-07,Arizona Diamondbacks,Pittsburgh Pirates,-113,-106,https://fantasydata.com/mlb/arizona-diamondbacks-odds
822822,2026-05-08,Toronto Blue Jays,Los Angeles Angels,-161,136,https://fantasydata.com/mlb/los-angeles-angels-odds
822904,2026-05-08,Texas Rangers,Chicago Cubs,111,-132,https://fantasydata.com/mlb/chicago-cubs-odds
823225,2026-05-08,San Francisco Giants,Pittsburgh Pirates,-112,-106,https://fantasydata.com/mlb/pittsburgh-pirates-odds
823303,2026-05-08,San Diego Padres,St. Louis Cardinals,-149,125,https://fantasydata.com/mlb/san-diego-padres-odds
823466,2026-05-08,Philadelphia Phillies,Colorado Rockies,-232,193,https://fantasydata.com/mlb/colorado-rockies-odds
823794,2026-05-08,Milwaukee Brewers,New York Yankees,103,-123,https://fantasydata.com/mlb/milwaukee-brewers-odds
823871,2026-05-08,Miami Marlins,Washington Nationals,-138,117,https://fantasydata.com/mlb/miami-marlins-odds
823957,2026-05-08,Los Angeles Dodgers,Atlanta Braves,-114,-104,https://fantasydata.com/mlb/atlanta-braves-odds
824116,2026-05-08,Kansas City Royals,Detroit Tigers,-150,126,https://fantasydata.com/mlb/detroit-tigers-odds
824443,2026-05-08,Cleveland Guardians,Minnesota Twins,-147,124,https://fantasydata.com/mlb/cleveland-guardians-odds
824522,2026-05-08,Cincinnati Reds,Houston Astros,-128,107,https://fantasydata.com/mlb/cincinnati-reds-odds
824607,2026-05-08,Chicago White Sox,Seattle Mariners,115,-137,https://fantasydata.com/mlb/chicago-white-sox-odds
824768,2026-05-08,Boston Red Sox,Tampa Bay Rays,-135,114,https://fantasydata.com/mlb/boston-red-sox-odds
824846,2026-05-08,Baltimore Orioles,Athletics,-133,113,https://fantasydata.com/mlb/athletics-odds
825088,2026-05-08,Arizona Diamondbacks,New York Mets,104,-124,https://fantasydata.com/mlb/arizona-diamondbacks-odds
822820,2026-05-09,Toronto Blue Jays,Los Angeles Angels,-181,151,https://fantasydata.com/mlb/los-angeles-angels-odds
822905,2026-05-09,Texas Rangers,Chicago Cubs,113,-133,https://fantasydata.com/mlb/chicago-cubs-odds
823224,2026-05-09,San Francisco Giants,Pittsburgh Pirates,-110,-109,https://fantasydata.com/mlb/pittsburgh-pirates-odds
823304,2026-05-09,San Diego Padres,St. Louis Cardinals,-144,120,https://fantasydata.com/mlb/san-diego-padres-odds
823468,2026-05-09,Philadelphia Phillies,Colorado Rockies,-191,160,https://fantasydata.com/mlb/colorado-rockies-odds
823792,2026-05-09,Milwaukee Brewers,New York Yankees,112,-133,https://fantasydata.com/mlb/milwaukee-brewers-odds
823869,2026-05-09,Miami Marlins,Washington Nationals,-159,135,https://fantasydata.com/mlb/miami-marlins-odds
823955,2026-05-09,Los Angeles Dodgers,Atlanta Braves,-185,154,https://fantasydata.com/mlb/atlanta-braves-odds
824115,2026-05-09,Kansas City Royals,Detroit Tigers,-135,113,https://fantasydata.com/mlb/detroit-tigers-odds
824444,2026-05-09,Cleveland Guardians,Minnesota Twins,-121,101,https://fantasydata.com/mlb/cleveland-guardians-odds
824523,2026-05-09,Cincinnati Reds,Houston Astros,-156,131,https://fantasydata.com/mlb/cincinnati-reds-odds
824606,2026-05-09,Chicago White Sox,Seattle Mariners,106,-125,https://fantasydata.com/mlb/chicago-white-sox-odds
824847,2026-05-09,Baltimore Orioles,Athletics,-122,103,https://fantasydata.com/mlb/athletics-odds
825089,2026-05-09,Arizona Diamondbacks,New York Mets,-111,-107,https://fantasydata.com/mlb/arizona-diamondbacks-odds
822819,2026-05-10,Toronto Blue Jays,Los Angeles Angels,-111,-107,https://fantasydata.com/mlb/los-angeles-angels-odds
822902,2026-05-10,Texas Rangers,Chicago Cubs,-123,104,https://fantasydata.com/mlb/chicago-cubs-odds
823221,2026-05-10,San Francisco Giants,Pittsburgh Pirates,-126,107,https://fantasydata.com/mlb/pittsburgh-pirates-odds
823305,2026-05-10,San Diego Padres,St. Louis Cardinals,-127,108,https://fantasydata.com/mlb/san-diego-padres-odds
823463,2026-05-10,Philadelphia Phillies,Colorado Rockies,-314,252,https://fantasydata.com/mlb/colorado-rockies-odds
823793,2026-05-10,Milwaukee Brewers,New York Yankees,-118,-102,https://fantasydata.com/mlb/milwaukee-brewers-odds
823868,2026-05-10,Miami Marlins,Washington Nationals,-132,112,https://fantasydata.com/mlb/miami-marlins-odds
823954,2026-05-10,Los Angeles Dodgers,Atlanta Braves,-144,121,https://fantasydata.com/mlb/atlanta-braves-odds
824113,2026-05-10,Kansas City Royals,Detroit Tigers,-131,110,https://fantasydata.com/mlb/detroit-tigers-odds
824440,2026-05-10,Cleveland Guardians,Minnesota Twins,-162,136,https://fantasydata.com/mlb/cleveland-guardians-odds
824520,2026-05-10,Cincinnati Reds,Houston Astros,-113,-105,https://fantasydata.com/mlb/cincinnati-reds-odds
824605,2026-05-10,Chicago White Sox,Seattle Mariners,115,-138,https://fantasydata.com/mlb/chicago-white-sox-odds
824765,2026-05-10,Boston Red Sox,Tampa Bay Rays,-152,129,https://fantasydata.com/mlb/boston-red-sox-odds
824845,2026-05-10,Baltimore Orioles,Athletics,-109,-108,https://fantasydata.com/mlb/athletics-odds
825085,2026-05-10,Arizona Diamondbacks,New York Mets,-115,-105,https://fantasydata.com/mlb/arizona-diamondbacks-odds
822818,2026-05-11,Toronto Blue Jays,Tampa Bay Rays,-125,105,https://fantasydata.com/mlb/tampa-bay-rays-odds
822901,2026-05-11,Texas Rangers,Arizona Diamondbacks,-110,-108,https://fantasydata.com/mlb/arizona-diamondbacks-odds
823953,2026-05-11,Los Angeles Dodgers,San Francisco Giants,-198,164,https://fantasydata.com/mlb/los-angeles-dodgers-odds
824199,2026-05-11,Houston Astros,Seattle Mariners,127,-150,https://fantasydata.com/mlb/houston-astros-odds
824441,2026-05-11,Cleveland Guardians,Los Angeles Angels,-171,143,https://fantasydata.com/mlb/cleveland-guardians-odds
824844,2026-05-11,Baltimore Orioles,New York Yankees,131,-155,https://fantasydata.com/mlb/baltimore-orioles-odds
822817,2026-05-12,Toronto Blue Jays,Tampa Bay Rays,-101,-117,https://fantasydata.com/mlb/tampa-bay-rays-odds
822903,2026-05-12,Texas Rangers,Arizona Diamondbacks,-123,104,https://fantasydata.com/mlb/arizona-diamondbacks-odds
823385,2026-05-12,Pittsburgh Pirates,Colorado Rockies,-300,244,https://fantasydata.com/mlb/colorado-rockies-odds
823632,2026-05-12,New York Mets,Detroit Tigers,-149,125,https://fantasydata.com/mlb/detroit-tigers-odds
823712,2026-05-12,Minnesota Twins,Miami Marlins,-112,-107,https://fantasydata.com/mlb/miami-marlins-odds
823790,2026-05-12,Milwaukee Brewers,San Diego Padres,-145,123,https://fantasydata.com/mlb/milwaukee-brewers-odds
823951,2026-05-12,Los Angeles Dodgers,San Francisco Giants,-334,265,https://fantasydata.com/mlb/los-angeles-dodgers-odds
824197,2026-05-12,Houston Astros,Seattle Mariners,163,-195,https://fantasydata.com/mlb/houston-astros-odds
824442,2026-05-12,Cleveland Guardians,Los Angeles Angels,-134,113,https://fantasydata.com/mlb/cleveland-guardians-odds
824521,2026-05-12,Cincinnati Reds,Washington Nationals,-139,117,https://fantasydata.com/mlb/cincinnati-reds-odds
824604,2026-05-12,Chicago White Sox,Kansas City Royals,-103,-116,https://fantasydata.com/mlb/chicago-white-sox-odds
824764,2026-05-12,Boston Red Sox,Philadelphia Phillies,120,-142,https://fantasydata.com/mlb/boston-red-sox-odds
824843,2026-05-12,Baltimore Orioles,New York Yankees,114,-135,https://fantasydata.com/mlb/baltimore-orioles-odds
824927,2026-05-12,Atlanta Braves,Chicago Cubs,-122,103,https://fantasydata.com/mlb/atlanta-braves-odds
825011,2026-05-12,Athletics,St. Louis Cardinals,-160,132,https://fantasydata.com/mlb/athletics-odds
822815,2026-05-13,Toronto Blue Jays,Tampa Bay Rays,-146,123,https://fantasydata.com/mlb/tampa-bay-rays-odds
822900,2026-05-13,Texas Rangers,Arizona Diamondbacks,-105,-113,https://fantasydata.com/mlb/arizona-diamondbacks-odds
823386,2026-05-13,Pittsburgh Pirates,Colorado Rockies,-189,158,https://fantasydata.com/mlb/colorado-rockies-odds
823631,2026-05-13,New York Mets,Detroit Tigers,-118,100,https://fantasydata.com/mlb/detroit-tigers-odds
823710,2026-05-13,Minnesota Twins,Miami Marlins,110,-130,https://fantasydata.com/mlb/miami-marlins-odds
823791,2026-05-13,Milwaukee Brewers,San Diego Padres,-160,135,https://fantasydata.com/mlb/milwaukee-brewers-odds
823952,2026-05-13,Los Angeles Dodgers,San Francisco Giants,-252,208,https://fantasydata.com/mlb/los-angeles-dodgers-odds
824195,2026-05-13,Houston Astros,Seattle Mariners,115,-135,https://fantasydata.com/mlb/houston-astros-odds
824438,2026-05-13,Cleveland Guardians,Los Angeles Angels,-157,132,https://fantasydata.com/mlb/cleveland-guardians-odds
824519,2026-05-13,Cincinnati Reds,Washington Nationals,-180,151,https://fantasydata.com/mlb/cincinnati-reds-odds
824603,2026-05-13,Chicago White Sox,Kansas City Royals,-104,-115,https://fantasydata.com/mlb/chicago-white-sox-odds
824763,2026-05-13,Boston Red Sox,Philadelphia Phillies,-131,110,https://fantasydata.com/mlb/boston-red-sox-odds
824841,2026-05-13,Baltimore Orioles,New York Yankees,139,-165,https://fantasydata.com/mlb/baltimore-orioles-odds
824928,2026-05-13,Atlanta Braves,Chicago Cubs,115,-136,https://fantasydata.com/mlb/atlanta-braves-odds
825010,2026-05-13,Athletics,St. Louis Cardinals,-144,121,https://fantasydata.com/mlb/athletics-odds
823383,2026-05-14,Pittsburgh Pirates,Colorado Rockies,-181,145,https://fantasydata.com/mlb/colorado-rockies-odds
823630,2026-05-14,New York Mets,Detroit Tigers,-159,134,https://fantasydata.com/mlb/detroit-tigers-odds
823709,2026-05-14,Minnesota Twins,Miami Marlins,-106,-112,https://fantasydata.com/mlb/miami-marlins-odds
823789,2026-05-14,Milwaukee Brewers,San Diego Padres,-144,120,https://fantasydata.com/mlb/milwaukee-brewers-odds
823950,2026-05-14,Los Angeles Dodgers,San Francisco Giants,-173,145,https://fantasydata.com/mlb/los-angeles-dodgers-odds
824196,2026-05-14,Houston Astros,Seattle Mariners,-105,-114,https://fantasydata.com/mlb/houston-astros-odds
824517,2026-05-14,Cincinnati Reds,Washington Nationals,-152,129,https://fantasydata.com/mlb/cincinnati-reds-odds
824602,2026-05-14,Chicago White Sox,Kansas City Royals,115,-136,https://fantasydata.com/mlb/chicago-white-sox-odds
824762,2026-05-14,Boston Red Sox,Philadelphia Phillies,-117,-102,https://fantasydata.com/mlb/boston-red-sox-odds
824926,2026-05-14,Atlanta Braves,Chicago Cubs,-202,169,https://fantasydata.com/mlb/atlanta-braves-odds
825008,2026-05-14,Athletics,St. Louis Cardinals,-123,105,https://fantasydata.com/mlb/athletics-odds
822739,2026-05-15,Washington Nationals,Baltimore Orioles,116,-138,https://fantasydata.com/mlb/baltimore-orioles-odds
822983,2026-05-15,Tampa Bay Rays,Miami Marlins,-122,103,https://fantasydata.com/mlb/miami-marlins-odds
823061,2026-05-15,St. Louis Cardinals,Kansas City Royals,-107,-112,https://fantasydata.com/mlb/kansas-city-royals-odds
823140,2026-05-15,Seattle Mariners,San Diego Padres,-134,113,https://fantasydata.com/mlb/san-diego-padres-odds
823384,2026-05-15,Pittsburgh Pirates,Philadelphia Phillies,-133,113,https://fantasydata.com/mlb/philadelphia-phillies-odds
823629,2026-05-15,New York Mets,New York Yankees,129,-152,https://fantasydata.com/mlb/new-york-mets-odds
823707,2026-05-15,Minnesota Twins,Milwaukee Brewers,-106,-113,https://fantasydata.com/mlb/milwaukee-brewers-odds
824037,2026-05-15,Los Angeles Angels,Los Angeles Dodgers,159,-191,https://fantasydata.com/mlb/los-angeles-angels-odds
824194,2026-05-15,Houston Astros,Texas Rangers,-106,-112,https://fantasydata.com/mlb/houston-astros-odds
824280,2026-05-15,Detroit Tigers,Toronto Blue Jays,108,-127,https://fantasydata.com/mlb/detroit-tigers-odds
824360,2026-05-15,Colorado Rockies,Arizona Diamondbacks,101,-120,https://fantasydata.com/mlb/arizona-diamondbacks-odds
824439,2026-05-15,Cleveland Guardians,Cincinnati Reds,-137,115,https://fantasydata.com/mlb/cincinnati-reds-odds
824601,2026-05-15,Chicago White Sox,Chicago Cubs,108,-128,https://fantasydata.com/mlb/chicago-cubs-odds
824925,2026-05-15,Atlanta Braves,Boston Red Sox,-153,128,https://fantasydata.com/mlb/atlanta-braves-odds
825009,2026-05-15,Athletics,San Francisco Giants,-130,110,https://fantasydata.com/mlb/athletics-odds
822737,2026-05-16,Washington Nationals,Baltimore Orioles,-107,-110,https://fantasydata.com/mlb/baltimore-orioles-odds
822981,2026-05-16,Tampa Bay Rays,Miami Marlins,-138,117,https://fantasydata.com/mlb/miami-marlins-odds
823060,2026-05-16,St. Louis Cardinals,Kansas City Royals,-111,-108,https://fantasydata.com/mlb/kansas-city-royals-odds
823139,2026-05-16,Seattle Mariners,San Diego Padres,-167,140,https://fantasydata.com/mlb/san-diego-padres-odds
823382,2026-05-16,Pittsburgh Pirates,Philadelphia Phillies,147,-176,https://fantasydata.com/mlb/philadelphia-phillies-odds
823627,2026-05-16,New York Mets,New York Yankees,106,-125,https://fantasydata.com/mlb/new-york-mets-odds
823706,2026-05-16,Minnesota Twins,Milwaukee Brewers,111,-132,https://fantasydata.com/mlb/milwaukee-brewers-odds
824038,2026-05-16,Los Angeles Angels,Los Angeles Dodgers,114,-135,https://fantasydata.com/mlb/los-angeles-angels-odds
824193,2026-05-16,Houston Astros,Texas Rangers,124,-148,https://fantasydata.com/mlb/houston-astros-odds
824278,2026-05-16,Detroit Tigers,Toronto Blue Jays,-116,-104,https://fantasydata.com/mlb/detroit-tigers-odds
824359,2026-05-16,Colorado Rockies,Arizona Diamondbacks,121,-143,https://fantasydata.com/mlb/arizona-diamondbacks-odds
824435,2026-05-16,Cleveland Guardians,Cincinnati Reds,-152,127,https://fantasydata.com/mlb/cincinnati-reds-odds
824600,2026-05-16,Chicago White Sox,Chicago Cubs,-107,-112,https://fantasydata.com/mlb/chicago-cubs-odds
824924,2026-05-16,Atlanta Braves,Boston Red Sox,-121,102,https://fantasydata.com/mlb/atlanta-braves-odds
825007,2026-05-16,Athletics,San Francisco Giants,-138,116,https://fantasydata.com/mlb/athletics-odds
822738,2026-05-17,Washington Nationals,Baltimore Orioles,101,-120,https://fantasydata.com/mlb/baltimore-orioles-odds
822982,2026-05-17,Tampa Bay Rays,Miami Marlins,-148,124,https://fantasydata.com/mlb/miami-marlins-odds
823058,2026-05-17,St. Louis Cardinals,Kansas City Royals,-121,101,https://fantasydata.com/mlb/kansas-city-royals-odds
823138,2026-05-17,Seattle Mariners,San Diego Padres,-154,130,https://fantasydata.com/mlb/san-diego-padres-odds
823381,2026-05-17,Pittsburgh Pirates,Philadelphia Phillies,-128,108,https://fantasydata.com/mlb/philadelphia-phillies-odds
823628,2026-05-17,New York Mets,New York Yankees,-119,101,https://fantasydata.com/mlb/new-york-mets-odds
823708,2026-05-17,Minnesota Twins,Milwaukee Brewers,116,-137,https://fantasydata.com/mlb/milwaukee-brewers-odds
824034,2026-05-17,Los Angeles Angels,Los Angeles Dodgers,122,-146,https://fantasydata.com/mlb/los-angeles-angels-odds
824192,2026-05-17,Houston Astros,Texas Rangers,105,-125,https://fantasydata.com/mlb/houston-astros-odds
824279,2026-05-17,Detroit Tigers,Toronto Blue Jays,100,-119,https://fantasydata.com/mlb/detroit-tigers-odds
824358,2026-05-17,Colorado Rockies,Arizona Diamondbacks,121,-147,https://fantasydata.com/mlb/arizona-diamondbacks-odds
824436,2026-05-17,Cleveland Guardians,Cincinnati Reds,-162,135,https://fantasydata.com/mlb/cincinnati-reds-odds
824599,2026-05-17,Chicago White Sox,Chicago Cubs,114,-134,https://fantasydata.com/mlb/chicago-cubs-odds
824923,2026-05-17,Atlanta Braves,Boston Red Sox,-151,126,https://fantasydata.com/mlb/atlanta-braves-odds
825006,2026-05-17,Athletics,San Francisco Giants,-149,126,https://fantasydata.com/mlb/athletics-odds
822734,2026-05-18,Washington Nationals,New York Mets,106,-125,https://fantasydata.com/mlb/new-york-mets-odds
822980,2026-05-18,Tampa Bay Rays,Baltimore Orioles,-144,120,https://fantasydata.com/mlb/baltimore-orioles-odds
823137,2026-05-18,Seattle Mariners,Chicago White Sox,-160,134,https://fantasydata.com/mlb/chicago-white-sox-odds
823301,2026-05-18,San Diego Padres,Los Angeles Dodgers,122,-146,https://fantasydata.com/mlb/los-angeles-dodgers-odds
823465,2026-05-18,Philadelphia Phillies,Cincinnati Reds,-120,101,https://fantasydata.com/mlb/cincinnati-reds-odds
823549,2026-05-18,New York Yankees,Toronto Blue Jays,-173,144,https://fantasydata.com/mlb/new-york-yankees-odds
823705,2026-05-18,Minnesota Twins,Houston Astros,-113,-105,https://fantasydata.com/mlb/houston-astros-odds
823867,2026-05-18,Miami Marlins,Atlanta Braves,-112,-107,https://fantasydata.com/mlb/atlanta-braves-odds
824035,2026-05-18,Los Angeles Angels,Athletics,111,-132,https://fantasydata.com/mlb/athletics-odds
824114,2026-05-18,Kansas City Royals,Boston Red Sox,-105,-114,https://fantasydata.com/mlb/boston-red-sox-odds
824277,2026-05-18,Detroit Tigers,Cleveland Guardians,-149,124,https://fantasydata.com/mlb/cleveland-guardians-odds
824357,2026-05-18,Colorado Rockies,Texas Rangers,122,-144,https://fantasydata.com/mlb/colorado-rockies-odds
824680,2026-05-18,Chicago Cubs,Milwaukee Brewers,-164,138,https://fantasydata.com/mlb/chicago-cubs-odds
825087,2026-05-18,Arizona Diamondbacks,San Francisco Giants,-135,114,https://fantasydata.com/mlb/arizona-diamondbacks-odds
822736,2026-05-19,Washington Nationals,New York Mets,117,-140,https://fantasydata.com/mlb/new-york-mets-odds
822979,2026-05-19,Tampa Bay Rays,Baltimore Orioles,-112,-106,https://fantasydata.com/mlb/baltimore-orioles-odds
823059,2026-05-19,St. Louis Cardinals,Pittsburgh Pirates,-113,-106,https://fantasydata.com/mlb/pittsburgh-pirates-odds
823136,2026-05-19,Seattle Mariners,Chicago White Sox,-140,118,https://fantasydata.com/mlb/chicago-white-sox-odds
823302,2026-05-19,San Diego Padres,Los Angeles Dodgers,142,-170,https://fantasydata.com/mlb/los-angeles-dodgers-odds
823464,2026-05-19,Philadelphia Phillies,Cincinnati Reds,-140,118,https://fantasydata.com/mlb/cincinnati-reds-odds
823548,2026-05-19,New York Yankees,Toronto Blue Jays,-133,112,https://fantasydata.com/mlb/new-york-yankees-odds
823704,2026-05-19,Minnesota Twins,Houston Astros,-140,118,https://fantasydata.com/mlb/houston-astros-odds
823865,2026-05-19,Miami Marlins,Atlanta Braves,121,-143,https://fantasydata.com/mlb/atlanta-braves-odds
824033,2026-05-19,Los Angeles Angels,Athletics,-138,116,https://fantasydata.com/mlb/athletics-odds
824112,2026-05-19,Kansas City Royals,Boston Red Sox,111,-130,https://fantasydata.com/mlb/boston-red-sox-odds
824276,2026-05-19,Detroit Tigers,Cleveland Guardians,134,-161,https://fantasydata.com/mlb/cleveland-guardians-odds
824356,2026-05-19,Colorado Rockies,Texas Rangers,-111,-107,https://fantasydata.com/mlb/colorado-rockies-odds
824677,2026-05-19,Chicago Cubs,Milwaukee Brewers,104,-124,https://fantasydata.com/mlb/chicago-cubs-odds
825086,2026-05-19,Arizona Diamondbacks,San Francisco Giants,-124,105,https://fantasydata.com/mlb/arizona-diamondbacks-odds
822735,2026-05-20,Washington Nationals,New York Mets,105,-124,https://fantasydata.com/mlb/new-york-mets-odds
822977,2026-05-20,Tampa Bay Rays,Baltimore Orioles,-121,102,https://fantasydata.com/mlb/baltimore-orioles-odds
823057,2026-05-20,St. Louis Cardinals,Pittsburgh Pirates,-116,-103,https://fantasydata.com/mlb/pittsburgh-pirates-odds
823134,2026-05-20,Seattle Mariners,Chicago White Sox,-146,122,https://fantasydata.com/mlb/chicago-white-sox-odds
823299,2026-05-20,San Diego Padres,Los Angeles Dodgers,164,-197,https://fantasydata.com/mlb/los-angeles-dodgers-odds
823462,2026-05-20,Philadelphia Phillies,Cincinnati Reds,-156,131,https://fantasydata.com/mlb/cincinnati-reds-odds
823547,2026-05-20,New York Yankees,Toronto Blue Jays,-172,143,https://fantasydata.com/mlb/new-york-yankees-odds
823703,2026-05-20,Minnesota Twins,Houston Astros,-144,122,https://fantasydata.com/mlb/houston-astros-odds
823866,2026-05-20,Miami Marlins,Atlanta Braves,156,-187,https://fantasydata.com/mlb/atlanta-braves-odds
824032,2026-05-20,Los Angeles Angels,Athletics,107,-127,https://fantasydata.com/mlb/athletics-odds
824111,2026-05-20,Kansas City Royals,Boston Red Sox,-115,-104,https://fantasydata.com/mlb/boston-red-sox-odds
824273,2026-05-20,Detroit Tigers,Cleveland Guardians,-101,-118,https://fantasydata.com/mlb/cleveland-guardians-odds
824355,2026-05-20,Colorado Rockies,Texas Rangers,101,-120,https://fantasydata.com/mlb/colorado-rockies-odds
824678,2026-05-20,Chicago Cubs,Milwaukee Brewers,-116,-102,https://fantasydata.com/mlb/chicago-cubs-odds
825084,2026-05-20,Arizona Diamondbacks,San Francisco Giants,-111,-107,https://fantasydata.com/mlb/arizona-diamondbacks-odds
822733,2026-05-21,Washington Nationals,New York Mets,-106,-112,https://fantasydata.com/mlb/new-york-mets-odds
823056,2026-05-21,St. Louis Cardinals,Pittsburgh Pirates,103,-122,https://fantasydata.com/mlb/pittsburgh-pirates-odds
823545,2026-05-21,New York Yankees,Toronto Blue Jays,-144,122,https://fantasydata.com/mlb/new-york-yankees-odds
823864,2026-05-21,Miami Marlins,Atlanta Braves,119,-141,https://fantasydata.com/mlb/atlanta-braves-odds
824031,2026-05-21,Los Angeles Angels,Athletics,-118,-101,https://fantasydata.com/mlb/athletics-odds
824274,2026-05-21,Detroit Tigers,Cleveland Guardians,-127,106,https://fantasydata.com/mlb/cleveland-guardians-odds
825083,2026-05-21,Arizona Diamondbacks,Colorado Rockies,-222,183,https://fantasydata.com/mlb/arizona-diamondbacks-odds
822816,2026-05-22,Toronto Blue Jays,Pittsburgh Pirates,-167,139,https://fantasydata.com/mlb/pittsburgh-pirates-odds
823223,2026-05-22,San Francisco Giants,Chicago White Sox,-102,-117,https://fantasydata.com/mlb/chicago-white-sox-odds
823298,2026-05-22,San Diego Padres,Athletics,-125,106,https://fantasydata.com/mlb/athletics-odds
823461,2026-05-22,Philadelphia Phillies,Cleveland Guardians,-183,153,https://fantasydata.com/mlb/cleveland-guardians-odds
823546,2026-05-22,New York Yankees,Tampa Bay Rays,-151,126,https://fantasydata.com/mlb/new-york-yankees-odds
823788,2026-05-22,Milwaukee Brewers,Los Angeles Dodgers,-110,-108,https://fantasydata.com/mlb/los-angeles-dodgers-odds
823863,2026-05-22,Miami Marlins,New York Mets,-113,-105,https://fantasydata.com/mlb/miami-marlins-odds
824029,2026-05-22,Los Angeles Angels,Texas Rangers,134,-159,https://fantasydata.com/mlb/los-angeles-angels-odds
824110,2026-05-22,Kansas City Royals,Seattle Mariners,-106,-113,https://fantasydata.com/mlb/kansas-city-royals-odds
824679,2026-05-22,Chicago Cubs,Houston Astros,-147,124,https://fantasydata.com/mlb/chicago-cubs-odds
824761,2026-05-22,Boston Red Sox,Minnesota Twins,-151,127,https://fantasydata.com/mlb/boston-red-sox-odds
824842,2026-05-22,Baltimore Orioles,Detroit Tigers,-131,109,https://fantasydata.com/mlb/baltimore-orioles-odds
824922,2026-05-22,Atlanta Braves,Washington Nationals,-193,161,https://fantasydata.com/mlb/atlanta-braves-odds
825082,2026-05-22,Arizona Diamondbacks,Colorado Rockies,-233,195,https://fantasydata.com/mlb/arizona-diamondbacks-odds
822814,2026-05-23,Toronto Blue Jays,Pittsburgh Pirates,123,-147,https://fantasydata.com/mlb/pittsburgh-pirates-odds
823222,2026-05-23,San Francisco Giants,Chicago White Sox,-111,-107,https://fantasydata.com/mlb/chicago-white-sox-odds
823300,2026-05-23,San Diego Padres,Athletics,109,-129,https://fantasydata.com/mlb/athletics-odds
823458,2026-05-23,Philadelphia Phillies,Cleveland Guardians,-171,144,https://fantasydata.com/mlb/cleveland-guardians-odds
823787,2026-05-23,Milwaukee Brewers,Los Angeles Dodgers,-101,-117,https://fantasydata.com/mlb/los-angeles-dodgers-odds
823862,2026-05-23,Miami Marlins,New York Mets,-114,-105,https://fantasydata.com/mlb/miami-marlins-odds
824030,2026-05-23,Los Angeles Angels,Texas Rangers,119,-141,https://fantasydata.com/mlb/los-angeles-angels-odds
824109,2026-05-23,Kansas City Royals,Seattle Mariners,107,-128,https://fantasydata.com/mlb/kansas-city-royals-odds
824516,2026-05-23,Cincinnati Reds,St. Louis Cardinals,-110,-108,https://fantasydata.com/mlb/cincinnati-reds-odds
824518,2026-05-23,Cincinnati Reds,St. Louis Cardinals,-112,-107,https://fantasydata.com/mlb/cincinnati-reds-odds
824674,2026-05-23,Chicago Cubs,Houston Astros,-147,124,https://fantasydata.com/mlb/chicago-cubs-odds
824760,2026-05-23,Boston Red Sox,Minnesota Twins,-127,107,https://fantasydata.com/mlb/boston-red-sox-odds
824920,2026-05-23,Atlanta Braves,Washington Nationals,-171,143,https://fantasydata.com/mlb/atlanta-braves-odds
825080,2026-05-23,Arizona Diamondbacks,Colorado Rockies,-193,161,https://fantasydata.com/mlb/arizona-diamondbacks-odds
822813,2026-05-24,Toronto Blue Jays,Pittsburgh Pirates,-177,147,https://fantasydata.com/mlb/pittsburgh-pirates-odds
823220,2026-05-24,San Francisco Giants,Chicago White Sox,-123,105,https://fantasydata.com/mlb/chicago-white-sox-odds
823297,2026-05-24,San Diego Padres,Athletics,-176,146,https://fantasydata.com/mlb/athletics-odds
823459,2026-05-24,Philadelphia Phillies,Cleveland Guardians,-103,-116,https://fantasydata.com/mlb/cleveland-guardians-odds
823544,2026-05-24,New York Yankees,Tampa Bay Rays,-140,118,https://fantasydata.com/mlb/new-york-yankees-odds
823786,2026-05-24,Milwaukee Brewers,Los Angeles Dodgers,128,-152,https://fantasydata.com/mlb/los-angeles-dodgers-odds
823861,2026-05-24,Miami Marlins,New York Mets,-132,111,https://fantasydata.com/mlb/miami-marlins-odds
824028,2026-05-24,Los Angeles Angels,Texas Rangers,-123,104,https://fantasydata.com/mlb/los-angeles-angels-odds
824108,2026-05-24,Kansas City Royals,Seattle Mariners,105,-124,https://fantasydata.com/mlb/kansas-city-royals-odds
824676,2026-05-24,Chicago Cubs,Houston Astros,-170,143,https://fantasydata.com/mlb/chicago-cubs-odds
824759,2026-05-24,Boston Red Sox,Minnesota Twins,-174,146,https://fantasydata.com/mlb/boston-red-sox-odds
824839,2026-05-24,Baltimore Orioles,Detroit Tigers,-128,107,https://fantasydata.com/mlb/baltimore-orioles-odds
824840,2026-05-24,Baltimore Orioles,Detroit Tigers,-131,110,https://fantasydata.com/mlb/baltimore-orioles-odds
824921,2026-05-24,Atlanta Braves,Washington Nationals,-161,135,https://fantasydata.com/mlb/atlanta-braves-odds
825081,2026-05-24,Arizona Diamondbacks,Colorado Rockies,-201,168,https://fantasydata.com/mlb/arizona-diamondbacks-odds
822812,2026-05-25,Toronto Blue Jays,Miami Marlins,-153,129,https://fantasydata.com/mlb/miami-marlins-odds
822899,2026-05-25,Texas Rangers,Houston Astros,-121,101,https://fantasydata.com/mlb/houston-astros-odds
823219,2026-05-25,San Francisco Giants,Arizona Diamondbacks,-134,112,https://fantasydata.com/mlb/arizona-diamondbacks-odds
823296,2026-05-25,San Diego Padres,Philadelphia Phillies,101,-121,https://fantasydata.com/mlb/philadelphia-phillies-odds
823380,2026-05-25,Pittsburgh Pirates,Chicago Cubs,105,-125,https://fantasydata.com/mlb/chicago-cubs-odds
823625,2026-05-25,New York Mets,Cincinnati Reds,-137,115,https://fantasydata.com/mlb/cincinnati-reds-odds
823784,2026-05-25,Milwaukee Brewers,St. Louis Cardinals,-231,189,https://fantasydata.com/mlb/milwaukee-brewers-odds
823948,2026-05-25,Los Angeles Dodgers,Colorado Rockies,-335,268,https://fantasydata.com/mlb/colorado-rockies-odds
824107,2026-05-25,Kansas City Royals,New York Yankees,111,-131,https://fantasydata.com/mlb/kansas-city-royals-odds
824437,2026-05-25,Cleveland Guardians,Washington Nationals,-175,147,https://fantasydata.com/mlb/cleveland-guardians-odds
824598,2026-05-25,Chicago White Sox,Minnesota Twins,-110,-108,https://fantasydata.com/mlb/chicago-white-sox-odds
824838,2026-05-25,Baltimore Orioles,Tampa Bay Rays,-104,-115,https://fantasydata.com/mlb/baltimore-orioles-odds
825005,2026-05-25,Athletics,Seattle Mariners,-107,-111,https://fantasydata.com/mlb/athletics-odds
822811,2026-05-26,Toronto Blue Jays,Miami Marlins,-125,105,https://fantasydata.com/mlb/miami-marlins-odds
822898,2026-05-26,Texas Rangers,Houston Astros,-134,113,https://fantasydata.com/mlb/houston-astros-odds
823216,2026-05-26,San Francisco Giants,Arizona Diamondbacks,-115,-104,https://fantasydata.com/mlb/arizona-diamondbacks-odds
823294,2026-05-26,San Diego Padres,Philadelphia Phillies,-112,-107,https://fantasydata.com/mlb/philadelphia-phillies-odds
823379,2026-05-26,Pittsburgh Pirates,Chicago Cubs,-140,117,https://fantasydata.com/mlb/chicago-cubs-odds
823624,2026-05-26,New York Mets,Cincinnati Reds,103,-122,https://fantasydata.com/mlb/cincinnati-reds-odds
823785,2026-05-26,Milwaukee Brewers,St. Louis Cardinals,-217,180,https://fantasydata.com/mlb/milwaukee-brewers-odds
823949,2026-05-26,Los Angeles Dodgers,Colorado Rockies,-244,201,https://fantasydata.com/mlb/colorado-rockies-odds
824106,2026-05-26,Kansas City Royals,New York Yankees,167,-200,https://fantasydata.com/mlb/kansas-city-royals-odds
824275,2026-05-26,Detroit Tigers,Los Angeles Angels,-137,116,https://fantasydata.com/mlb/detroit-tigers-odds
824434,2026-05-26,Cleveland Guardians,Washington Nationals,-134,113,https://fantasydata.com/mlb/cleveland-guardians-odds
824597,2026-05-26,Chicago White Sox,Minnesota Twins,-103,-116,https://fantasydata.com/mlb/chicago-white-sox-odds
824758,2026-05-26,Boston Red Sox,Atlanta Braves,-110,-108,https://fantasydata.com/mlb/atlanta-braves-odds
824837,2026-05-26,Baltimore Orioles,Tampa Bay Rays,-105,-113,https://fantasydata.com/mlb/baltimore-orioles-odds
825004,2026-05-26,Athletics,Seattle Mariners,-118,-101,https://fantasydata.com/mlb/athletics-odds
822809,2026-05-27,Toronto Blue Jays,Miami Marlins,-150,127,https://fantasydata.com/mlb/miami-marlins-odds
822897,2026-05-27,Texas Rangers,Houston Astros,-148,124,https://fantasydata.com/mlb/houston-astros-odds
823217,2026-05-27,San Francisco Giants,Arizona Diamondbacks,-103,-116,https://fantasydata.com/mlb/arizona-diamondbacks-odds
823295,2026-05-27,San Diego Padres,Philadelphia Phillies,118,-140,https://fantasydata.com/mlb/philadelphia-phillies-odds
823376,2026-05-27,Pittsburgh Pirates,Chicago Cubs,-124,104,https://fantasydata.com/mlb/chicago-cubs-odds
823626,2026-05-27,New York Mets,Cincinnati Reds,-123,103,https://fantasydata.com/mlb/cincinnati-reds-odds
823783,2026-05-27,Milwaukee Brewers,St. Louis Cardinals,-173,145,https://fantasydata.com/mlb/milwaukee-brewers-odds
823947,2026-05-27,Los Angeles Dodgers,Colorado Rockies,-450,351,https://fantasydata.com/mlb/colorado-rockies-odds
824104,2026-05-27,Kansas City Royals,New York Yankees,134,-159,https://fantasydata.com/mlb/kansas-city-royals-odds
824270,2026-05-27,Detroit Tigers,Los Angeles Angels,-111,-107,https://fantasydata.com/mlb/detroit-tigers-odds
824432,2026-05-27,Cleveland Guardians,Washington Nationals,-180,150,https://fantasydata.com/mlb/cleveland-guardians-odds
824596,2026-05-27,Chicago White Sox,Minnesota Twins,-111,-108,https://fantasydata.com/mlb/chicago-white-sox-odds
824756,2026-05-27,Boston Red Sox,Atlanta Braves,-114,-104,https://fantasydata.com/mlb/atlanta-braves-odds
824836,2026-05-27,Baltimore Orioles,Tampa Bay Rays,107,-127,https://fantasydata.com/mlb/baltimore-orioles-odds
825003,2026-05-27,Athletics,Seattle Mariners,103,-122,https://fantasydata.com/mlb/athletics-odds
822896,2026-05-28,Texas Rangers,Houston Astros,-146,123,https://fantasydata.com/mlb/houston-astros-odds
823378,2026-05-28,Pittsburgh Pirates,Chicago Cubs,-173,145,https://fantasydata.com/mlb/chicago-cubs-odds
824272,2026-05-28,Detroit Tigers,Los Angeles Angels,-135,114,https://fantasydata.com/mlb/detroit-tigers-odds
824595,2026-05-28,Chicago White Sox,Minnesota Twins,-173,144,https://fantasydata.com/mlb/chicago-white-sox-odds
824757,2026-05-28,Boston Red Sox,Atlanta Braves,115,-136,https://fantasydata.com/mlb/atlanta-braves-odds
824834,2026-05-28,Baltimore Orioles,Toronto Blue Jays,-127,107,https://fantasydata.com/mlb/baltimore-orioles-odds
822732,2026-05-29,Washington Nationals,San Diego Padres,-117,-102,https://fantasydata.com/mlb/san-diego-padres-odds
822894,2026-05-29,Texas Rangers,Kansas City Royals,-129,109,https://fantasydata.com/mlb/kansas-city-royals-odds
822978,2026-05-29,Tampa Bay Rays,Los Angeles Angels,-158,133,https://fantasydata.com/mlb/los-angeles-angels-odds
823055,2026-05-29,St. Louis Cardinals,Chicago Cubs,113,-134,https://fantasydata.com/mlb/chicago-cubs-odds
823135,2026-05-29,Seattle Mariners,Arizona Diamondbacks,-146,122,https://fantasydata.com/mlb/arizona-diamondbacks-odds
823377,2026-05-29,Pittsburgh Pirates,Minnesota Twins,-131,111,https://fantasydata.com/mlb/minnesota-twins-odds
823623,2026-05-29,New York Mets,Miami Marlins,-113,-105,https://fantasydata.com/mlb/miami-marlins-odds
823946,2026-05-29,Los Angeles Dodgers,Philadelphia Phillies,-118,-101,https://fantasydata.com/mlb/los-angeles-dodgers-odds
824191,2026-05-29,Houston Astros,Milwaukee Brewers,117,-139,https://fantasydata.com/mlb/houston-astros-odds
824353,2026-05-29,Colorado Rockies,San Francisco Giants,127,-151,https://fantasydata.com/mlb/colorado-rockies-odds
824433,2026-05-29,Cleveland Guardians,Boston Red Sox,-122,103,https://fantasydata.com/mlb/boston-red-sox-odds
824515,2026-05-29,Cincinnati Reds,Atlanta Braves,115,-137,https://fantasydata.com/mlb/atlanta-braves-odds
824594,2026-05-29,Chicago White Sox,Detroit Tigers,-110,-109,https://fantasydata.com/mlb/chicago-white-sox-odds
824835,2026-05-29,Baltimore Orioles,Toronto Blue Jays,-125,106,https://fantasydata.com/mlb/baltimore-orioles-odds
825002,2026-05-29,Athletics,New York Yankees,120,-143,https://fantasydata.com/mlb/athletics-odds
822731,2026-05-30,Washington Nationals,San Diego Padres,108,-128,https://fantasydata.com/mlb/san-diego-padres-odds
822893,2026-05-30,Texas Rangers,Kansas City Royals,-119,100,https://fantasydata.com/mlb/kansas-city-royals-odds
822975,2026-05-30,Tampa Bay Rays,Los Angeles Angels,-170,142,https://fantasydata.com/mlb/los-angeles-angels-odds
823054,2026-05-30,St. Louis Cardinals,Chicago Cubs,113,-134,https://fantasydata.com/mlb/chicago-cubs-odds
823132,2026-05-30,Seattle Mariners,Arizona Diamondbacks,-152,128,https://fantasydata.com/mlb/arizona-diamondbacks-odds
823375,2026-05-30,Pittsburgh Pirates,Minnesota Twins,-148,125,https://fantasydata.com/mlb/minnesota-twins-odds
823622,2026-05-30,New York Mets,Miami Marlins,-126,105,https://fantasydata.com/mlb/miami-marlins-odds
823945,2026-05-30,Los Angeles Dodgers,Philadelphia Phillies,-126,107,https://fantasydata.com/mlb/los-angeles-dodgers-odds
824190,2026-05-30,Houston Astros,Milwaukee Brewers,-103,-115,https://fantasydata.com/mlb/houston-astros-odds
824352,2026-05-30,Colorado Rockies,San Francisco Giants,-103,-116,https://fantasydata.com/mlb/colorado-rockies-odds
824431,2026-05-30,Cleveland Guardians,Boston Red Sox,-130,109,https://fantasydata.com/mlb/boston-red-sox-odds
824513,2026-05-30,Cincinnati Reds,Atlanta Braves,107,-126,https://fantasydata.com/mlb/atlanta-braves-odds
824593,2026-05-30,Chicago White Sox,Detroit Tigers,-106,-113,https://fantasydata.com/mlb/chicago-white-sox-odds
824833,2026-05-30,Baltimore Orioles,Toronto Blue Jays,106,-126,https://fantasydata.com/mlb/baltimore-orioles-odds
825000,2026-05-30,Athletics,New York Yankees,131,-155,https://fantasydata.com/mlb/athletics-odds
822729,2026-05-31,Washington Nationals,San Diego Padres,-105,-113,https://fantasydata.com/mlb/san-diego-padres-odds
822895,2026-05-31,Texas Rangers,Kansas City Royals,-112,-106,https://fantasydata.com/mlb/kansas-city-royals-odds
822976,2026-05-31,Tampa Bay Rays,Los Angeles Angels,-209,174,https://fantasydata.com/mlb/los-angeles-angels-odds
823053,2026-05-31,St. Louis Cardinals,Chicago Cubs,-116,-102,https://fantasydata.com/mlb/chicago-cubs-odds
823133,2026-05-31,Seattle Mariners,Arizona Diamondbacks,-147,123,https://fantasydata.com/mlb/arizona-diamondbacks-odds
823373,2026-05-31,Pittsburgh Pirates,Minnesota Twins,-166,139,https://fantasydata.com/mlb/minnesota-twins-odds
823621,2026-05-31,New York Mets,Miami Marlins,-157,131,https://fantasydata.com/mlb/miami-marlins-odds
823944,2026-05-31,Los Angeles Dodgers,Philadelphia Phillies,-240,198,https://fantasydata.com/mlb/los-angeles-dodgers-odds
824187,2026-05-31,Houston Astros,Milwaukee Brewers,164,-197,https://fantasydata.com/mlb/houston-astros-odds
824354,2026-05-31,Colorado Rockies,San Francisco Giants,-105,-114,https://fantasydata.com/mlb/colorado-rockies-odds
824430,2026-05-31,Cleveland Guardians,Boston Red Sox,-114,-105,https://fantasydata.com/mlb/boston-red-sox-odds
824512,2026-05-31,Cincinnati Reds,Atlanta Braves,105,-125,https://fantasydata.com/mlb/atlanta-braves-odds
824592,2026-05-31,Chicago White Sox,Detroit Tigers,-134,112,https://fantasydata.com/mlb/chicago-white-sox-odds
824832,2026-05-31,Baltimore Orioles,Toronto Blue Jays,-134,114,https://fantasydata.com/mlb/baltimore-orioles-odds
825001,2026-05-31,Athletics,New York Yankees,147,-176,https://fantasydata.com/mlb/athletics-odds
822730,2026-06-01,Washington Nationals,Miami Marlins,-146,123,https://fantasydata.com/mlb/miami-marlins-odds
822974,2026-06-01,Tampa Bay Rays,Detroit Tigers,-162,136,https://fantasydata.com/mlb/detroit-tigers-odds
823050,2026-06-01,St. Louis Cardinals,Texas Rangers,109,-129,https://fantasydata.com/mlb/st-louis-cardinals-odds
823131,2026-06-01,Seattle Mariners,New York Mets,-129,109,https://fantasydata.com/mlb/new-york-mets-odds
823702,2026-06-01,Minnesota Twins,Chicago White Sox,-144,122,https://fantasydata.com/mlb/chicago-white-sox-odds
823781,2026-06-01,Milwaukee Brewers,San Francisco Giants,-165,139,https://fantasydata.com/mlb/milwaukee-brewers-odds
824027,2026-06-01,Los Angeles Angels,Colorado Rockies,-203,171,https://fantasydata.com/mlb/colorado-rockies-odds
824510,2026-06-01,Cincinnati Reds,Kansas City Royals,-131,108,https://fantasydata.com/mlb/cincinnati-reds-odds
825078,2026-06-01,Arizona Diamondbacks,Los Angeles Dodgers,140,-167,https://fantasydata.com/mlb/arizona-diamondbacks-odds
822728,2026-06-02,Washington Nationals,Miami Marlins,-119,100,https://fantasydata.com/mlb/miami-marlins-odds
822971,2026-06-02,Tampa Bay Rays,Detroit Tigers,-147,124,https://fantasydata.com/mlb/detroit-tigers-odds
823052,2026-06-02,St. Louis Cardinals,Texas Rangers,-108,-110,https://fantasydata.com/mlb/st-louis-cardinals-odds
823129,2026-06-02,Seattle Mariners,New York Mets,-152,129,https://fantasydata.com/mlb/new-york-mets-odds
823460,2026-06-02,Philadelphia Phillies,San Diego Padres,-155,130,https://fantasydata.com/mlb/philadelphia-phillies-odds
823541,2026-06-02,New York Yankees,Cleveland Guardians,-208,173,https://fantasydata.com/mlb/cleveland-guardians-odds
823700,2026-06-02,Minnesota Twins,Chicago White Sox,104,-124,https://fantasydata.com/mlb/chicago-white-sox-odds
823782,2026-06-02,Milwaukee Brewers,San Francisco Giants,-267,220,https://fantasydata.com/mlb/milwaukee-brewers-odds
824026,2026-06-02,Los Angeles Angels,Colorado Rockies,-163,137,https://fantasydata.com/mlb/colorado-rockies-odds
824189,2026-06-02,Houston Astros,Pittsburgh Pirates,-114,-104,https://fantasydata.com/mlb/houston-astros-odds
824511,2026-06-02,Cincinnati Reds,Kansas City Royals,-127,106,https://fantasydata.com/mlb/cincinnati-reds-odds
824675,2026-06-02,Chicago Cubs,Athletics,-128,108,https://fantasydata.com/mlb/athletics-odds
824754,2026-06-02,Boston Red Sox,Baltimore Orioles,-137,116,https://fantasydata.com/mlb/baltimore-orioles-odds
824918,2026-06-02,Atlanta Braves,Toronto Blue Jays,-118,-102,https://fantasydata.com/mlb/atlanta-braves-odds
825079,2026-06-02,Arizona Diamondbacks,Los Angeles Dodgers,100,-118,https://fantasydata.com/mlb/arizona-diamondbacks-odds
822727,2026-06-03,Washington Nationals,Miami Marlins,-105,-114,https://fantasydata.com/mlb/miami-marlins-odds
822973,2026-06-03,Tampa Bay Rays,Detroit Tigers,-142,120,https://fantasydata.com/mlb/detroit-tigers-odds
823051,2026-06-03,St. Louis Cardinals,Texas Rangers,-113,-105,https://fantasydata.com/mlb/st-louis-cardinals-odds
823130,2026-06-03,Seattle Mariners,New York Mets,-143,121,https://fantasydata.com/mlb/new-york-mets-odds
823456,2026-06-03,Philadelphia Phillies,San Diego Padres,-230,192,https://fantasydata.com/mlb/philadelphia-phillies-odds
823540,2026-06-03,New York Yankees,Cleveland Guardians,-136,115,https://fantasydata.com/mlb/cleveland-guardians-odds
823701,2026-06-03,Minnesota Twins,Chicago White Sox,-147,124,https://fantasydata.com/mlb/chicago-white-sox-odds
823780,2026-06-03,Milwaukee Brewers,San Francisco Giants,-138,117,https://fantasydata.com/mlb/milwaukee-brewers-odds
824024,2026-06-03,Los Angeles Angels,Colorado Rockies,-149,123,https://fantasydata.com/mlb/colorado-rockies-odds
824188,2026-06-03,Houston Astros,Pittsburgh Pirates,120,-143,https://fantasydata.com/mlb/houston-astros-odds
824509,2026-06-03,Cincinnati Reds,Kansas City Royals,-161,135,https://fantasydata.com/mlb/cincinnati-reds-odds
824671,2026-06-03,Chicago Cubs,Athletics,-135,115,https://fantasydata.com/mlb/athletics-odds
824755,2026-06-03,Boston Red Sox,Baltimore Orioles,-153,128,https://fantasydata.com/mlb/baltimore-orioles-odds
824917,2026-06-03,Atlanta Braves,Toronto Blue Jays,-151,127,https://fantasydata.com/mlb/atlanta-braves-odds
825077,2026-06-03,Arizona Diamondbacks,Los Angeles Dodgers,178,-211,https://fantasydata.com/mlb/arizona-diamondbacks-odds
823457,2026-06-04,Philadelphia Phillies,San Diego Padres,-215,179,https://fantasydata.com/mlb/philadelphia-phillies-odds
823542,2026-06-04,New York Yankees,Cleveland Guardians,-169,140,https://fantasydata.com/mlb/cleveland-guardians-odds
823698,2026-06-04,Minnesota Twins,Kansas City Royals,-104,-115,https://fantasydata.com/mlb/kansas-city-royals-odds
823779,2026-06-04,Milwaukee Brewers,San Francisco Giants,-194,162,https://fantasydata.com/mlb/milwaukee-brewers-odds
824185,2026-06-04,Houston Astros,Pittsburgh Pirates,-114,-103,https://fantasydata.com/mlb/houston-astros-odds
824672,2026-06-04,Chicago Cubs,Athletics,-143,120,https://fantasydata.com/mlb/athletics-odds
824753,2026-06-04,Boston Red Sox,Baltimore Orioles,-119,100,https://fantasydata.com/mlb/baltimore-orioles-odds
824919,2026-06-04,Atlanta Braves,Toronto Blue Jays,-260,213,https://fantasydata.com/mlb/atlanta-braves-odds
825076,2026-06-04,Arizona Diamondbacks,Los Angeles Dodgers,116,-138,https://fantasydata.com/mlb/arizona-diamondbacks-odds
822810,2026-06-05,Toronto Blue Jays,Baltimore Orioles,-147,123,https://fantasydata.com/mlb/baltimore-orioles-odds
822892,2026-06-05,Texas Rangers,Cleveland Guardians,108,-128,https://fantasydata.com/mlb/cleveland-guardians-odds
823049,2026-06-05,St. Louis Cardinals,Cincinnati Reds,-144,121,https://fantasydata.com/mlb/cincinnati-reds-odds
823293,2026-06-05,San Diego Padres,New York Mets,-131,110,https://fantasydata.com/mlb/new-york-mets-odds
823455,2026-06-05,Philadelphia Phillies,Chicago White Sox,-191,159,https://fantasydata.com/mlb/chicago-white-sox-odds
823538,2026-06-05,New York Yankees,Boston Red Sox,-145,121,https://fantasydata.com/mlb/boston-red-sox-odds
823699,2026-06-05,Minnesota Twins,Kansas City Royals,-117,-101,https://fantasydata.com/mlb/kansas-city-royals-odds
823860,2026-06-05,Miami Marlins,Tampa Bay Rays,112,-132,https://fantasydata.com/mlb/miami-marlins-odds
823943,2026-06-05,Los Angeles Dodgers,Los Angeles Angels,-207,173,https://fantasydata.com/mlb/los-angeles-angels-odds
824186,2026-06-05,Houston Astros,Athletics,-110,-109,https://fantasydata.com/mlb/athletics-odds
824271,2026-06-05,Detroit Tigers,Seattle Mariners,105,-123,https://fantasydata.com/mlb/detroit-tigers-odds
824350,2026-06-05,Colorado Rockies,Milwaukee Brewers,131,-155,https://fantasydata.com/mlb/colorado-rockies-odds
824673,2026-06-05,Chicago Cubs,San Francisco Giants,-173,144,https://fantasydata.com/mlb/chicago-cubs-odds
824914,2026-06-05,Atlanta Braves,Pittsburgh Pirates,-148,124,https://fantasydata.com/mlb/atlanta-braves-odds
825073,2026-06-05,Arizona Diamondbacks,Washington Nationals,-132,111,https://fantasydata.com/mlb/arizona-diamondbacks-odds
822808,2026-06-06,Toronto Blue Jays,Baltimore Orioles,-114,-105,https://fantasydata.com/mlb/baltimore-orioles-odds
822891,2026-06-06,Texas Rangers,Cleveland Guardians,-121,102,https://fantasydata.com/mlb/cleveland-guardians-odds
823048,2026-06-06,St. Louis Cardinals,Cincinnati Reds,-124,105,https://fantasydata.com/mlb/cincinnati-reds-odds
823292,2026-06-06,San Diego Padres,New York Mets,106,-125,https://fantasydata.com/mlb/new-york-mets-odds
823454,2026-06-06,Philadelphia Phillies,Chicago White Sox,-140,118,https://fantasydata.com/mlb/chicago-white-sox-odds
823697,2026-06-06,Minnesota Twins,Kansas City Royals,-144,121,https://fantasydata.com/mlb/kansas-city-royals-odds
823859,2026-06-06,Miami Marlins,Tampa Bay Rays,111,-132,https://fantasydata.com/mlb/miami-marlins-odds
823942,2026-06-06,Los Angeles Dodgers,Los Angeles Angels,-362,287,https://fantasydata.com/mlb/los-angeles-angels-odds
824184,2026-06-06,Houston Astros,Athletics,-127,107,https://fantasydata.com/mlb/athletics-odds
824269,2026-06-06,Detroit Tigers,Seattle Mariners,108,-128,https://fantasydata.com/mlb/detroit-tigers-odds
824351,2026-06-06,Colorado Rockies,Milwaukee Brewers,246,-307,https://fantasydata.com/mlb/colorado-rockies-odds
824669,2026-06-06,Chicago Cubs,San Francisco Giants,-152,127,https://fantasydata.com/mlb/chicago-cubs-odds
824915,2026-06-06,Atlanta Braves,Pittsburgh Pirates,-113,-105,https://fantasydata.com/mlb/atlanta-braves-odds
825075,2026-06-06,Arizona Diamondbacks,Washington Nationals,-159,134,https://fantasydata.com/mlb/arizona-diamondbacks-odds
822807,2026-06-07,Toronto Blue Jays,Baltimore Orioles,-138,116,https://fantasydata.com/mlb/baltimore-orioles-odds
822890,2026-06-07,Texas Rangers,Cleveland Guardians,-143,121,https://fantasydata.com/mlb/cleveland-guardians-odds
823047,2026-06-07,St. Louis Cardinals,Cincinnati Reds,-155,130,https://fantasydata.com/mlb/cincinnati-reds-odds
823291,2026-06-07,San Diego Padres,New York Mets,-105,-114,https://fantasydata.com/mlb/new-york-mets-odds
823453,2026-06-07,Philadelphia Phillies,Chicago White Sox,-170,142,https://fantasydata.com/mlb/chicago-white-sox-odds
823537,2026-06-07,New York Yankees,Boston Red Sox,-150,125,https://fantasydata.com/mlb/boston-red-sox-odds
823696,2026-06-07,Minnesota Twins,Kansas City Royals,100,-120,https://fantasydata.com/mlb/kansas-city-royals-odds
823857,2026-06-07,Miami Marlins,Tampa Bay Rays,-108,-111,https://fantasydata.com/mlb/miami-marlins-odds
823941,2026-06-07,Los Angeles Dodgers,Los Angeles Angels,-255,212,https://fantasydata.com/mlb/los-angeles-angels-odds
824183,2026-06-07,Houston Astros,Athletics,-110,-108,https://fantasydata.com/mlb/athletics-odds
824268,2026-06-07,Detroit Tigers,Seattle Mariners,-122,103,https://fantasydata.com/mlb/detroit-tigers-odds
824349,2026-06-07,Colorado Rockies,Milwaukee Brewers,158,-188,https://fantasydata.com/mlb/colorado-rockies-odds
824670,2026-06-07,Chicago Cubs,San Francisco Giants,-125,105,https://fantasydata.com/mlb/chicago-cubs-odds
824916,2026-06-07,Atlanta Braves,Pittsburgh Pirates,-150,126,https://fantasydata.com/mlb/atlanta-braves-odds
825074,2026-06-07,Arizona Diamondbacks,Washington Nationals,-134,113,https://fantasydata.com/mlb/arizona-diamondbacks-odds
822806,2026-06-08,Toronto Blue Jays,Philadelphia Phillies,153,-182,https://fantasydata.com/mlb/philadelphia-phillies-odds
822972,2026-06-08,Tampa Bay Rays,Boston Red Sox,-108,-110,https://fantasydata.com/mlb/boston-red-sox-odds
823218,2026-06-08,San Francisco Giants,Washington Nationals,-152,128,https://fantasydata.com/mlb/san-francisco-giants-odds
823289,2026-06-08,San Diego Padres,Cincinnati Reds,-138,116,https://fantasydata.com/mlb/cincinnati-reds-odds
824025,2026-06-08,Los Angeles Angels,Houston Astros,109,-130,https://fantasydata.com/mlb/houston-astros-odds
824427,2026-06-08,Cleveland Guardians,New York Yankees,-127,107,https://fantasydata.com/mlb/cleveland-guardians-odds
824829,2026-06-08,Baltimore Orioles,Seattle Mariners,105,-124,https://fantasydata.com/mlb/baltimore-orioles-odds
824998,2026-06-08,Athletics,Milwaukee Brewers,130,-154,https://fantasydata.com/mlb/athletics-odds
822805,2026-06-09,Toronto Blue Jays,Philadelphia Phillies,-107,-111,https://fantasydata.com/mlb/philadelphia-phillies-odds
822969,2026-06-09,Tampa Bay Rays,Boston Red Sox,102,-121,https://fantasydata.com/mlb/boston-red-sox-odds
823214,2026-06-09,San Francisco Giants,Washington Nationals,-109,-108,https://fantasydata.com/mlb/san-francisco-giants-odds
823290,2026-06-09,San Diego Padres,Cincinnati Reds,114,-135,https://fantasydata.com/mlb/cincinnati-reds-odds
823374,2026-06-09,Pittsburgh Pirates,Los Angeles Dodgers,-116,-102,https://fantasydata.com/mlb/los-angeles-dodgers-odds
823620,2026-06-09,New York Mets,St. Louis Cardinals,-132,111,https://fantasydata.com/mlb/new-york-mets-odds
823858,2026-06-09,Miami Marlins,Arizona Diamondbacks,-143,120,https://fantasydata.com/mlb/arizona-diamondbacks-odds
824023,2026-06-09,Los Angeles Angels,Houston Astros,104,-124,https://fantasydata.com/mlb/houston-astros-odds
824105,2026-06-09,Kansas City Royals,Texas Rangers,105,-125,https://fantasydata.com/mlb/kansas-city-royals-odds
824267,2026-06-09,Detroit Tigers,Minnesota Twins,-127,106,https://fantasydata.com/mlb/detroit-tigers-odds
824347,2026-06-09,Colorado Rockies,Chicago Cubs,135,-162,https://fantasydata.com/mlb/chicago-cubs-odds
824429,2026-06-09,Cleveland Guardians,New York Yankees,102,-121,https://fantasydata.com/mlb/cleveland-guardians-odds
824591,2026-06-09,Chicago White Sox,Atlanta Braves,134,-159,https://fantasydata.com/mlb/atlanta-braves-odds
824830,2026-06-09,Baltimore Orioles,Seattle Mariners,103,-122,https://fantasydata.com/mlb/baltimore-orioles-odds
824999,2026-06-09,Athletics,Milwaukee Brewers,-110,-108,https://fantasydata.com/mlb/athletics-odds
822804,2026-06-10,Toronto Blue Jays,Philadelphia Phillies,114,-136,https://fantasydata.com/mlb/philadelphia-phillies-odds
822970,2026-06-10,Tampa Bay Rays,Boston Red Sox,-162,135,https://fantasydata.com/mlb/boston-red-sox-odds
823215,2026-06-10,San Francisco Giants,Washington Nationals,-110,-108,https://fantasydata.com/mlb/san-francisco-giants-odds
823287,2026-06-10,San Diego Padres,Cincinnati Reds,-165,138,https://fantasydata.com/mlb/cincinnati-reds-odds
823372,2026-06-10,Pittsburgh Pirates,Los Angeles Dodgers,177,-214,https://fantasydata.com/mlb/los-angeles-dodgers-odds
823618,2026-06-10,New York Mets,St. Louis Cardinals,-135,114,https://fantasydata.com/mlb/new-york-mets-odds
823856,2026-06-10,Miami Marlins,Arizona Diamondbacks,-102,-117,https://fantasydata.com/mlb/arizona-diamondbacks-odds
824022,2026-06-10,Los Angeles Angels,Houston Astros,-124,105,https://fantasydata.com/mlb/houston-astros-odds
824103,2026-06-10,Kansas City Royals,Texas Rangers,-103,-116,https://fantasydata.com/mlb/kansas-city-royals-odds
824266,2026-06-10,Detroit Tigers,Minnesota Twins,-178,148,https://fantasydata.com/mlb/detroit-tigers-odds
824348,2026-06-10,Colorado Rockies,Chicago Cubs,150,-179,https://fantasydata.com/mlb/chicago-cubs-odds
824428,2026-06-10,Cleveland Guardians,New York Yankees,-119,-101,https://fantasydata.com/mlb/cleveland-guardians-odds
824590,2026-06-10,Chicago White Sox,Atlanta Braves,127,-152,https://fantasydata.com/mlb/atlanta-braves-odds
824831,2026-06-10,Baltimore Orioles,Seattle Mariners,-105,-113,https://fantasydata.com/mlb/baltimore-orioles-odds
824996,2026-06-10,Athletics,Milwaukee Brewers,-110,-108,https://fantasydata.com/mlb/athletics-odds
823371,2026-06-11,Pittsburgh Pirates,Los Angeles Dodgers,153,-184,https://fantasydata.com/mlb/los-angeles-dodgers-odds
823619,2026-06-11,New York Mets,St. Louis Cardinals,-149,126,https://fantasydata.com/mlb/new-york-mets-odds
823855,2026-06-11,Miami Marlins,Arizona Diamondbacks,-129,108,https://fantasydata.com/mlb/arizona-diamondbacks-odds
824101,2026-06-11,Kansas City Royals,Texas Rangers,-118,-102,https://fantasydata.com/mlb/kansas-city-royals-odds
824265,2026-06-11,Detroit Tigers,Minnesota Twins,-130,110,https://fantasydata.com/mlb/detroit-tigers-odds
824346,2026-06-11,Colorado Rockies,Chicago Cubs,132,-156,https://fantasydata.com/mlb/chicago-cubs-odds
824827,2026-06-11,Baltimore Orioles,Seattle Mariners,-105,-113,https://fantasydata.com/mlb/baltimore-orioles-odds
822726,2026-06-12,Washington Nationals,Seattle Mariners,124,-149,https://fantasydata.com/mlb/seattle-mariners-odds
822803,2026-06-12,Toronto Blue Jays,New York Yankees,-121,102,https://fantasydata.com/mlb/new-york-yankees-odds
823211,2026-06-12,San Francisco Giants,Chicago Cubs,-128,107,https://fantasydata.com/mlb/chicago-cubs-odds
823370,2026-06-12,Pittsburgh Pirates,Miami Marlins,-147,123,https://fantasydata.com/mlb/miami-marlins-odds
823617,2026-06-12,New York Mets,Atlanta Braves,-128,107,https://fantasydata.com/mlb/atlanta-braves-odds
823695,2026-06-12,Minnesota Twins,St. Louis Cardinals,-135,113,https://fantasydata.com/mlb/minnesota-twins-odds
823778,2026-06-12,Milwaukee Brewers,Philadelphia Phillies,-251,207,https://fantasydata.com/mlb/milwaukee-brewers-odds
824020,2026-06-12,Los Angeles Angels,Tampa Bay Rays,143,-171,https://fantasydata.com/mlb/los-angeles-angels-odds
824102,2026-06-12,Kansas City Royals,Houston Astros,-109,-109,https://fantasydata.com/mlb/houston-astros-odds
824425,2026-06-12,Cleveland Guardians,Detroit Tigers,-124,105,https://fantasydata.com/mlb/cleveland-guardians-odds
824507,2026-06-12,Cincinnati Reds,Arizona Diamondbacks,-115,-103,https://fantasydata.com/mlb/arizona-diamondbacks-odds
824588,2026-06-12,Chicago White Sox,Los Angeles Dodgers,133,-159,https://fantasydata.com/mlb/chicago-white-sox-odds
824752,2026-06-12,Boston Red Sox,Texas Rangers,-134,111,https://fantasydata.com/mlb/boston-red-sox-odds
824826,2026-06-12,Baltimore Orioles,San Diego Padres,-131,110,https://fantasydata.com/mlb/baltimore-orioles-odds
824997,2026-06-12,Athletics,Colorado Rockies,-227,189,https://fantasydata.com/mlb/athletics-odds
822725,2026-06-13,Washington Nationals,Seattle Mariners,-118,-101,https://fantasydata.com/mlb/seattle-mariners-odds
822802,2026-06-13,Toronto Blue Jays,New York Yankees,101,-119,https://fantasydata.com/mlb/new-york-yankees-odds
823213,2026-06-13,San Francisco Giants,Chicago Cubs,100,-118,https://fantasydata.com/mlb/chicago-cubs-odds
823369,2026-06-13,Pittsburgh Pirates,Miami Marlins,-115,-104,https://fantasydata.com/mlb/miami-marlins-odds
823616,2026-06-13,New York Mets,Atlanta Braves,-118,-101,https://fantasydata.com/mlb/atlanta-braves-odds
823694,2026-06-13,Minnesota Twins,St. Louis Cardinals,-107,-111,https://fantasydata.com/mlb/minnesota-twins-odds
823776,2026-06-13,Milwaukee Brewers,Philadelphia Phillies,-167,140,https://fantasydata.com/mlb/milwaukee-brewers-odds
824019,2026-06-13,Los Angeles Angels,Tampa Bay Rays,-101,-118,https://fantasydata.com/mlb/los-angeles-angels-odds
824100,2026-06-13,Kansas City Royals,Houston Astros,-130,110,https://fantasydata.com/mlb/houston-astros-odds
824426,2026-06-13,Cleveland Guardians,Detroit Tigers,118,-139,https://fantasydata.com/mlb/cleveland-guardians-odds
824508,2026-06-13,Cincinnati Reds,Arizona Diamondbacks,123,-147,https://fantasydata.com/mlb/arizona-diamondbacks-odds
824587,2026-06-13,Chicago White Sox,Los Angeles Dodgers,177,-211,https://fantasydata.com/mlb/chicago-white-sox-odds
824749,2026-06-13,Boston Red Sox,Texas Rangers,-123,105,https://fantasydata.com/mlb/boston-red-sox-odds
824828,2026-06-13,Baltimore Orioles,San Diego Padres,-122,103,https://fantasydata.com/mlb/baltimore-orioles-odds
824995,2026-06-13,Athletics,Colorado Rockies,-152,128,https://fantasydata.com/mlb/athletics-odds
822722,2026-06-14,Washington Nationals,Seattle Mariners,111,-132,https://fantasydata.com/mlb/seattle-mariners-odds
822801,2026-06-14,Toronto Blue Jays,New York Yankees,112,-133,https://fantasydata.com/mlb/new-york-yankees-odds
823212,2026-06-14,San Francisco Giants,Chicago Cubs,-135,114,https://fantasydata.com/mlb/chicago-cubs-odds
823368,2026-06-14,Pittsburgh Pirates,Miami Marlins,-160,134,https://fantasydata.com/mlb/miami-marlins-odds
823615,2026-06-14,New York Mets,Atlanta Braves,-127,108,https://fantasydata.com/mlb/atlanta-braves-odds
823693,2026-06-14,Minnesota Twins,St. Louis Cardinals,-112,-106,https://fantasydata.com/mlb/minnesota-twins-odds
823777,2026-06-14,Milwaukee Brewers,Philadelphia Phillies,111,-131,https://fantasydata.com/mlb/milwaukee-brewers-odds
824021,2026-06-14,Los Angeles Angels,Tampa Bay Rays,104,-123,https://fantasydata.com/mlb/los-angeles-angels-odds
824099,2026-06-14,Kansas City Royals,Houston Astros,-119,-101,https://fantasydata.com/mlb/houston-astros-odds
824506,2026-06-14,Cincinnati Reds,Arizona Diamondbacks,-105,-113,https://fantasydata.com/mlb/arizona-diamondbacks-odds
824586,2026-06-14,Chicago White Sox,Los Angeles Dodgers,166,-200,https://fantasydata.com/mlb/chicago-white-sox-odds
824751,2026-06-14,Boston Red Sox,Texas Rangers,-117,-101,https://fantasydata.com/mlb/boston-red-sox-odds
824823,2026-06-14,Baltimore Orioles,San Diego Padres,-139,116,https://fantasydata.com/mlb/baltimore-orioles-odds
824994,2026-06-14,Athletics,Colorado Rockies,-197,164,https://fantasydata.com/mlb/athletics-odds
822724,2026-06-15,Washington Nationals,Kansas City Royals,-137,115,https://fantasydata.com/mlb/kansas-city-royals-odds
822887,2026-06-15,Texas Rangers,Minnesota Twins,-153,128,https://fantasydata.com/mlb/minnesota-twins-odds
823046,2026-06-15,St. Louis Cardinals,San Diego Padres,-156,130,https://fantasydata.com/mlb/san-diego-padres-odds
823452,2026-06-15,Philadelphia Phillies,Miami Marlins,-202,169,https://fantasydata.com/mlb/miami-marlins-odds
823938,2026-06-15,Los Angeles Dodgers,Tampa Bay Rays,-185,153,https://fantasydata.com/mlb/los-angeles-dodgers-odds
824181,2026-06-15,Houston Astros,Detroit Tigers,-122,101,https://fantasydata.com/mlb/detroit-tigers-odds
824505,2026-06-15,Cincinnati Reds,New York Mets,-136,115,https://fantasydata.com/mlb/cincinnati-reds-odds
824666,2026-06-15,Chicago Cubs,Colorado Rockies,-231,191,https://fantasydata.com/mlb/chicago-cubs-odds
824993,2026-06-15,Athletics,Pittsburgh Pirates,-126,105,https://fantasydata.com/mlb/athletics-odds
825071,2026-06-15,Arizona Diamondbacks,Los Angeles Angels,-141,118,https://fantasydata.com/mlb/arizona-diamondbacks-odds
822723,2026-06-16,Washington Nationals,Kansas City Royals,-132,112,https://fantasydata.com/mlb/kansas-city-royals-odds
822888,2026-06-16,Texas Rangers,Minnesota Twins,-140,118,https://fantasydata.com/mlb/minnesota-twins-odds
823045,2026-06-16,St. Louis Cardinals,San Diego Padres,-114,-105,https://fantasydata.com/mlb/san-diego-padres-odds
823128,2026-06-16,Seattle Mariners,Baltimore Orioles,-154,129,https://fantasydata.com/mlb/baltimore-orioles-odds
823451,2026-06-16,Philadelphia Phillies,Miami Marlins,-174,145,https://fantasydata.com/mlb/miami-marlins-odds
823535,2026-06-16,New York Yankees,Chicago White Sox,-145,121,https://fantasydata.com/mlb/chicago-white-sox-odds
823775,2026-06-16,Milwaukee Brewers,Cleveland Guardians,-155,130,https://fantasydata.com/mlb/cleveland-guardians-odds
823939,2026-06-16,Los Angeles Dodgers,Tampa Bay Rays,-151,126,https://fantasydata.com/mlb/los-angeles-dodgers-odds
824182,2026-06-16,Houston Astros,Detroit Tigers,-151,126,https://fantasydata.com/mlb/detroit-tigers-odds
824504,2026-06-16,Cincinnati Reds,New York Mets,105,-125,https://fantasydata.com/mlb/cincinnati-reds-odds
824667,2026-06-16,Chicago Cubs,Colorado Rockies,-196,164,https://fantasydata.com/mlb/chicago-cubs-odds
824750,2026-06-16,Boston Red Sox,Toronto Blue Jays,-101,-120,https://fantasydata.com/mlb/boston-red-sox-odds
824912,2026-06-16,Atlanta Braves,San Francisco Giants,-161,135,https://fantasydata.com/mlb/atlanta-braves-odds
824991,2026-06-16,Athletics,Pittsburgh Pirates,-132,112,https://fantasydata.com/mlb/athletics-odds
825070,2026-06-16,Arizona Diamondbacks,Los Angeles Angels,-112,-108,https://fantasydata.com/mlb/arizona-diamondbacks-odds
822721,2026-06-17,Washington Nationals,Kansas City Royals,-135,114,https://fantasydata.com/mlb/kansas-city-royals-odds
823044,2026-06-17,St. Louis Cardinals,San Diego Padres,-128,109,https://fantasydata.com/mlb/san-diego-padres-odds
823127,2026-06-17,Seattle Mariners,Baltimore Orioles,-133,112,https://fantasydata.com/mlb/baltimore-orioles-odds
823450,2026-06-17,Philadelphia Phillies,Miami Marlins,-121,103,https://fantasydata.com/mlb/miami-marlins-odds
823536,2026-06-17,New York Yankees,Chicago White Sox,-181,152,https://fantasydata.com/mlb/chicago-white-sox-odds
823774,2026-06-17,Milwaukee Brewers,Cleveland Guardians,-127,107,https://fantasydata.com/mlb/cleveland-guardians-odds
823940,2026-06-17,Los Angeles Dodgers,Tampa Bay Rays,-162,135,https://fantasydata.com/mlb/los-angeles-dodgers-odds
824178,2026-06-17,Houston Astros,Detroit Tigers,-111,-107,https://fantasydata.com/mlb/detroit-tigers-odds
824503,2026-06-17,Cincinnati Reds,New York Mets,115,-136,https://fantasydata.com/mlb/cincinnati-reds-odds
824668,2026-06-17,Chicago Cubs,Colorado Rockies,-211,177,https://fantasydata.com/mlb/chicago-cubs-odds
824746,2026-06-17,Boston Red Sox,Toronto Blue Jays,-118,-101,https://fantasydata.com/mlb/boston-red-sox-odds
824913,2026-06-17,Atlanta Braves,San Francisco Giants,-141,118,https://fantasydata.com/mlb/atlanta-braves-odds
824992,2026-06-17,Athletics,Pittsburgh Pirates,116,-137,https://fantasydata.com/mlb/athletics-odds
825072,2026-06-17,Arizona Diamondbacks,Los Angeles Angels,-177,148,https://fantasydata.com/mlb/arizona-diamondbacks-odds
822889,2026-06-18,Texas Rangers,Minnesota Twins,104,-124,https://fantasydata.com/mlb/minnesota-twins-odds
823125,2026-06-18,Seattle Mariners,Baltimore Orioles,-134,114,https://fantasydata.com/mlb/baltimore-orioles-odds
823448,2026-06-18,Philadelphia Phillies,New York Mets,-122,102,https://fantasydata.com/mlb/new-york-mets-odds
823533,2026-06-18,New York Yankees,Chicago White Sox,-168,141,https://fantasydata.com/mlb/chicago-white-sox-odds
823772,2026-06-18,Milwaukee Brewers,Cleveland Guardians,-148,125,https://fantasydata.com/mlb/cleveland-guardians-odds
824098,2026-06-18,Kansas City Royals,St. Louis Cardinals,-113,-106,https://fantasydata.com/mlb/kansas-city-royals-odds
824748,2026-06-18,Boston Red Sox,Toronto Blue Jays,-139,117,https://fantasydata.com/mlb/boston-red-sox-odds
824989,2026-06-18,Athletics,Los Angeles Angels,-194,161,https://fantasydata.com/mlb/athletics-odds
822886,2026-06-19,Texas Rangers,San Diego Padres,-157,133,https://fantasydata.com/mlb/san-diego-padres-odds
822966,2026-06-19,Tampa Bay Rays,Washington Nationals,-160,134,https://fantasydata.com/mlb/tampa-bay-rays-odds
823124,2026-06-19,Seattle Mariners,Boston Red Sox,-118,100,https://fantasydata.com/mlb/boston-red-sox-odds
823534,2026-06-19,New York Yankees,Cincinnati Reds,-282,230,https://fantasydata.com/mlb/cincinnati-reds-odds
823853,2026-06-19,Miami Marlins,San Francisco Giants,-113,-105,https://fantasydata.com/mlb/miami-marlins-odds
823936,2026-06-19,Los Angeles Dodgers,Baltimore Orioles,-212,175,https://fantasydata.com/mlb/baltimore-orioles-odds
824097,2026-06-19,Kansas City Royals,St. Louis Cardinals,102,-121,https://fantasydata.com/mlb/kansas-city-royals-odds
824179,2026-06-19,Houston Astros,Cleveland Guardians,-126,107,https://fantasydata.com/mlb/cleveland-guardians-odds
824264,2026-06-19,Detroit Tigers,Chicago White Sox,-204,170,https://fantasydata.com/mlb/chicago-white-sox-odds
824345,2026-06-19,Colorado Rockies,Pittsburgh Pirates,119,-140,https://fantasydata.com/mlb/colorado-rockies-odds
824663,2026-06-19,Chicago Cubs,Toronto Blue Jays,-124,105,https://fantasydata.com/mlb/chicago-cubs-odds
824910,2026-06-19,Atlanta Braves,Milwaukee Brewers,147,-177,https://fantasydata.com/mlb/atlanta-braves-odds
824990,2026-06-19,Athletics,Los Angeles Angels,-155,130,https://fantasydata.com/mlb/athletics-odds
825069,2026-06-19,Arizona Diamondbacks,Minnesota Twins,-172,144,https://fantasydata.com/mlb/arizona-diamondbacks-odds
822885,2026-06-20,Texas Rangers,San Diego Padres,-128,107,https://fantasydata.com/mlb/san-diego-padres-odds
822967,2026-06-20,Tampa Bay Rays,Washington Nationals,-125,106,https://fantasydata.com/mlb/tampa-bay-rays-odds
823126,2026-06-20,Seattle Mariners,Boston Red Sox,-129,109,https://fantasydata.com/mlb/boston-red-sox-odds
823447,2026-06-20,Philadelphia Phillies,New York Mets,-194,162,https://fantasydata.com/mlb/new-york-mets-odds
823532,2026-06-20,New York Yankees,Cincinnati Reds,-201,168,https://fantasydata.com/mlb/cincinnati-reds-odds
823854,2026-06-20,Miami Marlins,San Francisco Giants,-146,122,https://fantasydata.com/mlb/miami-marlins-odds
823937,2026-06-20,Los Angeles Dodgers,Baltimore Orioles,-274,224,https://fantasydata.com/mlb/baltimore-orioles-odds
824180,2026-06-20,Houston Astros,Cleveland Guardians,-155,130,https://fantasydata.com/mlb/cleveland-guardians-odds
824263,2026-06-20,Detroit Tigers,Chicago White Sox,-123,104,https://fantasydata.com/mlb/chicago-white-sox-odds
824342,2026-06-20,Colorado Rockies,Pittsburgh Pirates,187,-226,https://fantasydata.com/mlb/colorado-rockies-odds
824665,2026-06-20,Chicago Cubs,Toronto Blue Jays,-138,116,https://fantasydata.com/mlb/chicago-cubs-odds
824909,2026-06-20,Atlanta Braves,Milwaukee Brewers,-137,115,https://fantasydata.com/mlb/atlanta-braves-odds
824988,2026-06-20,Athletics,Los Angeles Angels,-163,136,https://fantasydata.com/mlb/athletics-odds
825068,2026-06-20,Arizona Diamondbacks,Minnesota Twins,-120,101,https://fantasydata.com/mlb/arizona-diamondbacks-odds
822883,2026-06-21,Texas Rangers,San Diego Padres,-165,138,https://fantasydata.com/mlb/san-diego-padres-odds
822968,2026-06-21,Tampa Bay Rays,Washington Nationals,-131,111,https://fantasydata.com/mlb/tampa-bay-rays-odds
823123,2026-06-21,Seattle Mariners,Boston Red Sox,-128,108,https://fantasydata.com/mlb/boston-red-sox-odds
823449,2026-06-21,Philadelphia Phillies,New York Mets,-185,154,https://fantasydata.com/mlb/new-york-mets-odds
823531,2026-06-21,New York Yankees,Cincinnati Reds,-113,-105,https://fantasydata.com/mlb/cincinnati-reds-odds
823852,2026-06-21,Miami Marlins,San Francisco Giants,123,-146,https://fantasydata.com/mlb/miami-marlins-odds
823934,2026-06-21,Los Angeles Dodgers,Baltimore Orioles,-239,196,https://fantasydata.com/mlb/baltimore-orioles-odds
824095,2026-06-21,Kansas City Royals,St. Louis Cardinals,109,-130,https://fantasydata.com/mlb/kansas-city-royals-odds
824177,2026-06-21,Houston Astros,Cleveland Guardians,-135,114,https://fantasydata.com/mlb/cleveland-guardians-odds
824260,2026-06-21,Detroit Tigers,Chicago White Sox,-120,101,https://fantasydata.com/mlb/chicago-white-sox-odds
824343,2026-06-21,Colorado Rockies,Pittsburgh Pirates,126,-149,https://fantasydata.com/mlb/colorado-rockies-odds
824908,2026-06-21,Atlanta Braves,Milwaukee Brewers,-118,-101,https://fantasydata.com/mlb/atlanta-braves-odds
824987,2026-06-21,Athletics,Los Angeles Angels,-132,111,https://fantasydata.com/mlb/athletics-odds
825067,2026-06-21,Arizona Diamondbacks,Minnesota Twins,-133,113,https://fantasydata.com/mlb/arizona-diamondbacks-odds
822720,2026-06-22,Washington Nationals,Philadelphia Phillies,-126,106,https://fantasydata.com/mlb/philadelphia-phillies-odds
822800,2026-06-22,Toronto Blue Jays,Houston Astros,-136,115,https://fantasydata.com/mlb/houston-astros-odds
822964,2026-06-22,Tampa Bay Rays,Kansas City Royals,-194,160,https://fantasydata.com/mlb/kansas-city-royals-odds
823040,2026-06-22,St. Louis Cardinals,Arizona Diamondbacks,-152,128,https://fantasydata.com/mlb/arizona-diamondbacks-odds
823288,2026-06-22,San Diego Padres,Atlanta Braves,-114,-104,https://fantasydata.com/mlb/atlanta-braves-odds
823692,2026-06-22,Minnesota Twins,Los Angeles Dodgers,127,-153,https://fantasydata.com/mlb/los-angeles-dodgers-odds
823851,2026-06-22,Miami Marlins,Texas Rangers,-136,115,https://fantasydata.com/mlb/miami-marlins-odds
824016,2026-06-22,Los Angeles Angels,Baltimore Orioles,137,-163,https://fantasydata.com/mlb/baltimore-orioles-odds
824261,2026-06-22,Detroit Tigers,New York Yankees,108,-129,https://fantasydata.com/mlb/detroit-tigers-odds
824344,2026-06-22,Colorado Rockies,Boston Red Sox,118,-140,https://fantasydata.com/mlb/boston-red-sox-odds
824502,2026-06-22,Cincinnati Reds,Milwaukee Brewers,129,-153,https://fantasydata.com/mlb/cincinnati-reds-odds
824585,2026-06-22,Chicago White Sox,Cleveland Guardians,-110,-109,https://fantasydata.com/mlb/chicago-white-sox-odds
822718,2026-06-23,Washington Nationals,Philadelphia Phillies,159,-191,https://fantasydata.com/mlb/philadelphia-phillies-odds
822799,2026-06-23,Toronto Blue Jays,Houston Astros,-123,104,https://fantasydata.com/mlb/houston-astros-odds
822963,2026-06-23,Tampa Bay Rays,Kansas City Royals,-189,157,https://fantasydata.com/mlb/kansas-city-royals-odds
823043,2026-06-23,St. Louis Cardinals,Arizona Diamondbacks,-110,-108,https://fantasydata.com/mlb/arizona-diamondbacks-odds
823210,2026-06-23,San Francisco Giants,Athletics,-143,121,https://fantasydata.com/mlb/athletics-odds
823286,2026-06-23,San Diego Padres,Atlanta Braves,-108,-111,https://fantasydata.com/mlb/atlanta-braves-odds
823365,2026-06-23,Pittsburgh Pirates,Seattle Mariners,112,-133,https://fantasydata.com/mlb/pittsburgh-pirates-odds
823614,2026-06-23,New York Mets,Chicago Cubs,-107,-112,https://fantasydata.com/mlb/chicago-cubs-odds
823690,2026-06-23,Minnesota Twins,Los Angeles Dodgers,145,-173,https://fantasydata.com/mlb/los-angeles-dodgers-odds
823849,2026-06-23,Miami Marlins,Texas Rangers,-159,134,https://fantasydata.com/mlb/miami-marlins-odds
824017,2026-06-23,Los Angeles Angels,Baltimore Orioles,121,-142,https://fantasydata.com/mlb/baltimore-orioles-odds
824262,2026-06-23,Detroit Tigers,New York Yankees,-101,-117,https://fantasydata.com/mlb/detroit-tigers-odds
824340,2026-06-23,Colorado Rockies,Boston Red Sox,136,-164,https://fantasydata.com/mlb/boston-red-sox-odds
824501,2026-06-23,Cincinnati Reds,Milwaukee Brewers,-111,-106,https://fantasydata.com/mlb/cincinnati-reds-odds
824584,2026-06-23,Chicago White Sox,Cleveland Guardians,-104,-114,https://fantasydata.com/mlb/chicago-white-sox-odds
822719,2026-06-24,Washington Nationals,Philadelphia Phillies,104,-124,https://fantasydata.com/mlb/philadelphia-phillies-odds
822798,2026-06-24,Toronto Blue Jays,Houston Astros,-143,121,https://fantasydata.com/mlb/houston-astros-odds
822965,2026-06-24,Tampa Bay Rays,Kansas City Royals,-153,128,https://fantasydata.com/mlb/kansas-city-royals-odds
823041,2026-06-24,St. Louis Cardinals,Arizona Diamondbacks,-116,-103,https://fantasydata.com/mlb/arizona-diamondbacks-odds
823208,2026-06-24,San Francisco Giants,Athletics,-101,-118,https://fantasydata.com/mlb/athletics-odds
823284,2026-06-24,San Diego Padres,Atlanta Braves,-102,-118,https://fantasydata.com/mlb/atlanta-braves-odds
823367,2026-06-24,Pittsburgh Pirates,Seattle Mariners,-112,-106,https://fantasydata.com/mlb/pittsburgh-pirates-odds
823611,2026-06-24,New York Mets,Chicago Cubs,-107,-113,https://fantasydata.com/mlb/chicago-cubs-odds
823613,2026-06-24,New York Mets,Chicago Cubs,-120,100,https://fantasydata.com/mlb/chicago-cubs-odds
823691,2026-06-24,Minnesota Twins,Los Angeles Dodgers,136,-163,https://fantasydata.com/mlb/los-angeles-dodgers-odds
823850,2026-06-24,Miami Marlins,Texas Rangers,100,-119,https://fantasydata.com/mlb/miami-marlins-odds
824018,2026-06-24,Los Angeles Angels,Baltimore Orioles,-112,-106,https://fantasydata.com/mlb/baltimore-orioles-odds
824259,2026-06-24,Detroit Tigers,New York Yankees,-132,111,https://fantasydata.com/mlb/detroit-tigers-odds
824341,2026-06-24,Colorado Rockies,Boston Red Sox,144,-172,https://fantasydata.com/mlb/boston-red-sox-odds
824500,2026-06-24,Cincinnati Reds,Milwaukee Brewers,113,-134,https://fantasydata.com/mlb/cincinnati-reds-odds
824583,2026-06-24,Chicago White Sox,Cleveland Guardians,-103,-117,https://fantasydata.com/mlb/chicago-white-sox-odds
822717,2026-06-25,Washington Nationals,Philadelphia Phillies,152,-182,https://fantasydata.com/mlb/philadelphia-phillies-odds
822797,2026-06-25,Toronto Blue Jays,Texas Rangers,-144,120,https://fantasydata.com/mlb/texas-rangers-odds
822961,2026-06-25,Tampa Bay Rays,Kansas City Royals,-151,127,https://fantasydata.com/mlb/kansas-city-royals-odds
823209,2026-06-25,San Francisco Giants,Athletics,-135,114,https://fantasydata.com/mlb/athletics-odds
823366,2026-06-25,Pittsburgh Pirates,Seattle Mariners,129,-153,https://fantasydata.com/mlb/pittsburgh-pirates-odds
823612,2026-06-25,New York Mets,Chicago Cubs,-108,-110,https://fantasydata.com/mlb/chicago-cubs-odds
824258,2026-06-25,Detroit Tigers,Houston Astros,-121,102,https://fantasydata.com/mlb/detroit-tigers-odds
824747,2026-06-25,Boston Red Sox,New York Yankees,124,-150,https://fantasydata.com/mlb/boston-red-sox-odds
822796,2026-06-26,Toronto Blue Jays,Texas Rangers,-112,-106,https://fantasydata.com/mlb/texas-rangers-odds
822962,2026-06-26,Tampa Bay Rays,Arizona Diamondbacks,-137,116,https://fantasydata.com/mlb/arizona-diamondbacks-odds
823039,2026-06-26,St. Louis Cardinals,Miami Marlins,-106,-113,https://fantasydata.com/mlb/miami-marlins-odds
823206,2026-06-26,San Francisco Giants,Atlanta Braves,103,-123,https://fantasydata.com/mlb/atlanta-braves-odds
823285,2026-06-26,San Diego Padres,Los Angeles Dodgers,125,-149,https://fantasydata.com/mlb/los-angeles-dodgers-odds
823363,2026-06-26,Pittsburgh Pirates,Cincinnati Reds,-183,153,https://fantasydata.com/mlb/cincinnati-reds-odds
823610,2026-06-26,New York Mets,Philadelphia Phillies,134,-159,https://fantasydata.com/mlb/new-york-mets-odds
823688,2026-06-26,Minnesota Twins,Colorado Rockies,-180,150,https://fantasydata.com/mlb/colorado-rockies-odds
823773,2026-06-26,Milwaukee Brewers,Chicago Cubs,-255,209,https://fantasydata.com/mlb/chicago-cubs-odds
824014,2026-06-26,Los Angeles Angels,Athletics,-104,-115,https://fantasydata.com/mlb/athletics-odds
824255,2026-06-26,Detroit Tigers,Houston Astros,-110,-108,https://fantasydata.com/mlb/detroit-tigers-odds
824423,2026-06-26,Cleveland Guardians,Seattle Mariners,-110,-108,https://fantasydata.com/mlb/cleveland-guardians-odds
824582,2026-06-26,Chicago White Sox,Kansas City Royals,-131,111,https://fantasydata.com/mlb/chicago-white-sox-odds
824743,2026-06-26,Boston Red Sox,New York Yankees,-122,103,https://fantasydata.com/mlb/boston-red-sox-odds
824824,2026-06-26,Baltimore Orioles,Washington Nationals,-140,117,https://fantasydata.com/mlb/baltimore-orioles-odds
822794,2026-06-27,Toronto Blue Jays,Texas Rangers,-197,165,https://fantasydata.com/mlb/texas-rangers-odds
822960,2026-06-27,Tampa Bay Rays,Arizona Diamondbacks,-139,117,https://fantasydata.com/mlb/arizona-diamondbacks-odds
823038,2026-06-27,St. Louis Cardinals,Miami Marlins,-139,118,https://fantasydata.com/mlb/miami-marlins-odds
823207,2026-06-27,San Francisco Giants,Atlanta Braves,-131,110,https://fantasydata.com/mlb/atlanta-braves-odds
823283,2026-06-27,San Diego Padres,Los Angeles Dodgers,173,-208,https://fantasydata.com/mlb/los-angeles-dodgers-odds
823364,2026-06-27,Pittsburgh Pirates,Cincinnati Reds,-104,-115,https://fantasydata.com/mlb/cincinnati-reds-odds
823609,2026-06-27,New York Mets,Philadelphia Phillies,-130,109,https://fantasydata.com/mlb/new-york-mets-odds
823689,2026-06-27,Minnesota Twins,Colorado Rockies,-143,121,https://fantasydata.com/mlb/colorado-rockies-odds
823770,2026-06-27,Milwaukee Brewers,Chicago Cubs,-155,131,https://fantasydata.com/mlb/chicago-cubs-odds
824015,2026-06-27,Los Angeles Angels,Athletics,-118,100,https://fantasydata.com/mlb/athletics-odds
824257,2026-06-27,Detroit Tigers,Houston Astros,-136,115,https://fantasydata.com/mlb/detroit-tigers-odds
824421,2026-06-27,Cleveland Guardians,Seattle Mariners,129,-154,https://fantasydata.com/mlb/cleveland-guardians-odds
824581,2026-06-27,Chicago White Sox,Kansas City Royals,-128,107,https://fantasydata.com/mlb/chicago-white-sox-odds
824745,2026-06-27,Boston Red Sox,New York Yankees,-101,-118,https://fantasydata.com/mlb/boston-red-sox-odds
824825,2026-06-27,Baltimore Orioles,Washington Nationals,-112,-106,https://fantasydata.com/mlb/baltimore-orioles-odds
822795,2026-06-28,Toronto Blue Jays,Texas Rangers,-132,111,https://fantasydata.com/mlb/texas-rangers-odds
822959,2026-06-28,Tampa Bay Rays,Arizona Diamondbacks,-209,174,https://fantasydata.com/mlb/arizona-diamondbacks-odds
823037,2026-06-28,St. Louis Cardinals,Miami Marlins,-124,104,https://fantasydata.com/mlb/miami-marlins-odds
823204,2026-06-28,San Francisco Giants,Atlanta Braves,150,-179,https://fantasydata.com/mlb/atlanta-braves-odds
823281,2026-06-28,San Diego Padres,Los Angeles Dodgers,119,-141,https://fantasydata.com/mlb/los-angeles-dodgers-odds
823362,2026-06-28,Pittsburgh Pirates,Cincinnati Reds,-140,118,https://fantasydata.com/mlb/cincinnati-reds-odds
823608,2026-06-28,New York Mets,Philadelphia Phillies,134,-160,https://fantasydata.com/mlb/new-york-mets-odds
823686,2026-06-28,Minnesota Twins,Colorado Rockies,-166,139,https://fantasydata.com/mlb/colorado-rockies-odds
823769,2026-06-28,Milwaukee Brewers,Chicago Cubs,-163,136,https://fantasydata.com/mlb/chicago-cubs-odds
824011,2026-06-28,Los Angeles Angels,Athletics,-111,-108,https://fantasydata.com/mlb/athletics-odds
824256,2026-06-28,Detroit Tigers,Houston Astros,-102,-117,https://fantasydata.com/mlb/detroit-tigers-odds
824422,2026-06-28,Cleveland Guardians,Seattle Mariners,-124,105,https://fantasydata.com/mlb/cleveland-guardians-odds
824580,2026-06-28,Chicago White Sox,Kansas City Royals,-138,117,https://fantasydata.com/mlb/chicago-white-sox-odds
824744,2026-06-28,Boston Red Sox,New York Yankees,-110,-108,https://fantasydata.com/mlb/boston-red-sox-odds
824821,2026-06-28,Baltimore Orioles,Washington Nationals,-203,170,https://fantasydata.com/mlb/baltimore-orioles-odds
822792,2026-06-29,Toronto Blue Jays,New York Mets,-128,108,https://fantasydata.com/mlb/new-york-mets-odds
823121,2026-06-29,Seattle Mariners,Los Angeles Angels,-205,170,https://fantasydata.com/mlb/los-angeles-angels-odds
823444,2026-06-29,Philadelphia Phillies,Pittsburgh Pirates,-110,-108,https://fantasydata.com/mlb/philadelphia-phillies-odds
823529,2026-06-29,New York Yankees,Detroit Tigers,-140,118,https://fantasydata.com/mlb/detroit-tigers-odds
823771,2026-06-29,Milwaukee Brewers,Cincinnati Reds,-137,115,https://fantasydata.com/mlb/cincinnati-reds-odds
824176,2026-06-29,Houston Astros,Minnesota Twins,-137,115,https://fantasydata.com/mlb/houston-astros-odds
824339,2026-06-29,Colorado Rockies,Miami Marlins,130,-154,https://fantasydata.com/mlb/colorado-rockies-odds
824420,2026-06-29,Cleveland Guardians,Texas Rangers,-158,133,https://fantasydata.com/mlb/cleveland-guardians-odds
824662,2026-06-29,Chicago Cubs,San Diego Padres,-164,138,https://fantasydata.com/mlb/chicago-cubs-odds
824741,2026-06-29,Boston Red Sox,Washington Nationals,-171,143,https://fantasydata.com/mlb/boston-red-sox-odds
824822,2026-06-29,Baltimore Orioles,Chicago White Sox,-133,112,https://fantasydata.com/mlb/baltimore-orioles-odds
824986,2026-06-29,Athletics,Los Angeles Dodgers,-101,-118,https://fantasydata.com/mlb/athletics-odds
825065,2026-06-29,Arizona Diamondbacks,San Francisco Giants,-135,114,https://fantasydata.com/mlb/arizona-diamondbacks-odds
822793,2026-06-30,Toronto Blue Jays,New York Mets,-104,-115,https://fantasydata.com/mlb/new-york-mets-odds
823122,2026-06-30,Seattle Mariners,Los Angeles Angels,-193,161,https://fantasydata.com/mlb/los-angeles-angels-odds
823445,2026-06-30,Philadelphia Phillies,Pittsburgh Pirates,-223,185,https://fantasydata.com/mlb/philadelphia-phillies-odds
823528,2026-06-30,New York Yankees,Detroit Tigers,-114,-105,https://fantasydata.com/mlb/detroit-tigers-odds
823768,2026-06-30,Milwaukee Brewers,Cincinnati Reds,-173,144,https://fantasydata.com/mlb/cincinnati-reds-odds
824096,2026-06-30,Kansas City Royals,Tampa Bay Rays,-102,-116,https://fantasydata.com/mlb/kansas-city-royals-odds
824175,2026-06-30,Houston Astros,Minnesota Twins,-104,-114,https://fantasydata.com/mlb/houston-astros-odds
824338,2026-06-30,Colorado Rockies,Miami Marlins,116,-137,https://fantasydata.com/mlb/colorado-rockies-odds
824418,2026-06-30,Cleveland Guardians,Texas Rangers,105,-125,https://fantasydata.com/mlb/cleveland-guardians-odds
824661,2026-06-30,Chicago Cubs,San Diego Padres,-151,126,https://fantasydata.com/mlb/chicago-cubs-odds
824742,2026-06-30,Boston Red Sox,Washington Nationals,-133,112,https://fantasydata.com/mlb/boston-red-sox-odds
824819,2026-06-30,Baltimore Orioles,Chicago White Sox,-147,124,https://fantasydata.com/mlb/baltimore-orioles-odds
824907,2026-06-30,Atlanta Braves,St. Louis Cardinals,-150,126,https://fantasydata.com/mlb/atlanta-braves-odds
824984,2026-06-30,Athletics,Los Angeles Dodgers,153,-183,https://fantasydata.com/mlb/athletics-odds
825066,2026-06-30,Arizona Diamondbacks,San Francisco Giants,-113,-104,https://fantasydata.com/mlb/arizona-diamondbacks-odds
822791,2026-07-01,Toronto Blue Jays,New York Mets,-113,-105,https://fantasydata.com/mlb/new-york-mets-odds
823446,2026-07-01,Philadelphia Phillies,Pittsburgh Pirates,-148,125,https://fantasydata.com/mlb/philadelphia-phillies-odds
823530,2026-07-01,New York Yankees,Detroit Tigers,-130,110,https://fantasydata.com/mlb/detroit-tigers-odds
823767,2026-07-01,Milwaukee Brewers,Cincinnati Reds,-161,136,https://fantasydata.com/mlb/cincinnati-reds-odds
824094,2026-07-01,Kansas City Royals,Tampa Bay Rays,127,-152,https://fantasydata.com/mlb/kansas-city-royals-odds
824174,2026-07-01,Houston Astros,Minnesota Twins,-152,128,https://fantasydata.com/mlb/houston-astros-odds
824337,2026-07-01,Colorado Rockies,Miami Marlins,123,-148,https://fantasydata.com/mlb/colorado-rockies-odds
824419,2026-07-01,Cleveland Guardians,Texas Rangers,-124,105,https://fantasydata.com/mlb/cleveland-guardians-odds
824660,2026-07-01,Chicago Cubs,San Diego Padres,-122,104,https://fantasydata.com/mlb/chicago-cubs-odds
824740,2026-07-01,Boston Red Sox,Washington Nationals,-147,123,https://fantasydata.com/mlb/boston-red-sox-odds
824818,2026-07-01,Baltimore Orioles,Chicago White Sox,-153,128,https://fantasydata.com/mlb/baltimore-orioles-odds
824905,2026-07-01,Atlanta Braves,St. Louis Cardinals,-132,112,https://fantasydata.com/mlb/atlanta-braves-odds
824985,2026-07-01,Athletics,Los Angeles Dodgers,139,-166,https://fantasydata.com/mlb/athletics-odds
825064,2026-07-01,Arizona Diamondbacks,San Francisco Giants,-132,111,https://fantasydata.com/mlb/arizona-diamondbacks-odds
822884,2026-07-02,Texas Rangers,Detroit Tigers,-109,-109,https://fantasydata.com/mlb/detroit-tigers-odds
823119,2026-07-02,Seattle Mariners,Los Angeles Angels,-226,187,https://fantasydata.com/mlb/los-angeles-angels-odds
823442,2026-07-02,Philadelphia Phillies,Pittsburgh Pirates,-131,109,https://fantasydata.com/mlb/philadelphia-phillies-odds
823765,2026-07-02,Milwaukee Brewers,Cincinnati Reds,-202,169,https://fantasydata.com/mlb/cincinnati-reds-odds
823935,2026-07-02,Los Angeles Dodgers,San Diego Padres,-212,176,https://fantasydata.com/mlb/los-angeles-dodgers-odds
824093,2026-07-02,Kansas City Royals,Tampa Bay Rays,106,-125,https://fantasydata.com/mlb/kansas-city-royals-odds
824335,2026-07-02,Colorado Rockies,Miami Marlins,114,-135,https://fantasydata.com/mlb/colorado-rockies-odds
824416,2026-07-02,Cleveland Guardians,Chicago White Sox,-118,-101,https://fantasydata.com/mlb/chicago-white-sox-odds
824906,2026-07-02,Atlanta Braves,St. Louis Cardinals,-119,100,https://fantasydata.com/mlb/atlanta-braves-odds
822714,2026-07-03,Washington Nationals,Pittsburgh Pirates,-141,118,https://fantasydata.com/mlb/pittsburgh-pirates-odds
823120,2026-07-03,Seattle Mariners,Toronto Blue Jays,113,-133,https://fantasydata.com/mlb/seattle-mariners-odds
823527,2026-07-03,New York Yankees,Minnesota Twins,-227,189,https://fantasydata.com/mlb/minnesota-twins-odds
823933,2026-07-03,Los Angeles Dodgers,San Diego Padres,-263,215,https://fantasydata.com/mlb/los-angeles-dodgers-odds
824013,2026-07-03,Los Angeles Angels,Boston Red Sox,-117,-102,https://fantasydata.com/mlb/boston-red-sox-odds
824173,2026-07-03,Houston Astros,Tampa Bay Rays,-110,-109,https://fantasydata.com/mlb/houston-astros-odds
824336,2026-07-03,Colorado Rockies,San Francisco Giants,130,-156,https://fantasydata.com/mlb/colorado-rockies-odds
824417,2026-07-03,Cleveland Guardians,Chicago White Sox,-133,111,https://fantasydata.com/mlb/chicago-white-sox-odds
824498,2026-07-03,Cincinnati Reds,Baltimore Orioles,105,-125,https://fantasydata.com/mlb/baltimore-orioles-odds
824659,2026-07-03,Chicago Cubs,St. Louis Cardinals,-132,111,https://fantasydata.com/mlb/chicago-cubs-odds
824904,2026-07-03,Atlanta Braves,New York Mets,-111,-107,https://fantasydata.com/mlb/atlanta-braves-odds
824982,2026-07-03,Athletics,Miami Marlins,-144,121,https://fantasydata.com/mlb/athletics-odds
825062,2026-07-03,Arizona Diamondbacks,Milwaukee Brewers,116,-139,https://fantasydata.com/mlb/arizona-diamondbacks-odds
822716,2026-07-04,Washington Nationals,Pittsburgh Pirates,133,-157,https://fantasydata.com/mlb/pittsburgh-pirates-odds
822882,2026-07-04,Texas Rangers,Detroit Tigers,107,-126,https://fantasydata.com/mlb/detroit-tigers-odds
823118,2026-07-04,Seattle Mariners,Toronto Blue Jays,-162,136,https://fantasydata.com/mlb/seattle-mariners-odds
823526,2026-07-04,New York Yankees,Minnesota Twins,-152,128,https://fantasydata.com/mlb/minnesota-twins-odds
823932,2026-07-04,Los Angeles Dodgers,San Diego Padres,-265,217,https://fantasydata.com/mlb/los-angeles-dodgers-odds
824012,2026-07-04,Los Angeles Angels,Boston Red Sox,147,-177,https://fantasydata.com/mlb/boston-red-sox-odds
824092,2026-07-04,Kansas City Royals,Philadelphia Phillies,133,-157,https://fantasydata.com/mlb/kansas-city-royals-odds
824171,2026-07-04,Houston Astros,Tampa Bay Rays,-118,-101,https://fantasydata.com/mlb/houston-astros-odds
824334,2026-07-04,Colorado Rockies,San Francisco Giants,111,-132,https://fantasydata.com/mlb/colorado-rockies-odds
824415,2026-07-04,Cleveland Guardians,Chicago White Sox,-141,119,https://fantasydata.com/mlb/chicago-white-sox-odds
824499,2026-07-04,Cincinnati Reds,Baltimore Orioles,-126,107,https://fantasydata.com/mlb/baltimore-orioles-odds
824658,2026-07-04,Chicago Cubs,St. Louis Cardinals,-168,139,https://fantasydata.com/mlb/chicago-cubs-odds
824903,2026-07-04,Atlanta Braves,New York Mets,-197,164,https://fantasydata.com/mlb/atlanta-braves-odds
824983,2026-07-04,Athletics,Miami Marlins,116,-138,https://fantasydata.com/mlb/athletics-odds
825063,2026-07-04,Arizona Diamondbacks,Milwaukee Brewers,135,-159,https://fantasydata.com/mlb/arizona-diamondbacks-odds
822715,2026-07-05,Washington Nationals,Pittsburgh Pirates,-143,120,https://fantasydata.com/mlb/pittsburgh-pirates-odds
822879,2026-07-05,Texas Rangers,Detroit Tigers,105,-124,https://fantasydata.com/mlb/detroit-tigers-odds
823117,2026-07-05,Seattle Mariners,Toronto Blue Jays,-113,-106,https://fantasydata.com/mlb/seattle-mariners-odds
823525,2026-07-05,New York Yankees,Minnesota Twins,-132,112,https://fantasydata.com/mlb/minnesota-twins-odds
823931,2026-07-05,Los Angeles Dodgers,San Diego Padres,-230,191,https://fantasydata.com/mlb/los-angeles-dodgers-odds
824010,2026-07-05,Los Angeles Angels,Boston Red Sox,136,-163,https://fantasydata.com/mlb/boston-red-sox-odds
824091,2026-07-05,Kansas City Royals,Philadelphia Phillies,116,-137,https://fantasydata.com/mlb/kansas-city-royals-odds
824172,2026-07-05,Houston Astros,Tampa Bay Rays,-118,-101,https://fantasydata.com/mlb/houston-astros-odds
824333,2026-07-05,Colorado Rockies,San Francisco Giants,102,-121,https://fantasydata.com/mlb/colorado-rockies-odds
824413,2026-07-05,Cleveland Guardians,Chicago White Sox,-136,114,https://fantasydata.com/mlb/chicago-white-sox-odds
824497,2026-07-05,Cincinnati Reds,Baltimore Orioles,-106,-112,https://fantasydata.com/mlb/baltimore-orioles-odds
824656,2026-07-05,Chicago Cubs,St. Louis Cardinals,-145,121,https://fantasydata.com/mlb/chicago-cubs-odds
824902,2026-07-05,Atlanta Braves,New York Mets,-107,-112,https://fantasydata.com/mlb/atlanta-braves-odds
824980,2026-07-05,Athletics,Miami Marlins,-121,103,https://fantasydata.com/mlb/athletics-odds
825061,2026-07-05,Arizona Diamondbacks,Milwaukee Brewers,100,-120,https://fantasydata.com/mlb/arizona-diamondbacks-odds
822712,2026-07-06,Washington Nationals,Houston Astros,-113,-105,https://fantasydata.com/mlb/houston-astros-odds
822958,2026-07-06,Tampa Bay Rays,New York Yankees,101,-120,https://fantasydata.com/mlb/new-york-yankees-odds
823036,2026-07-06,St. Louis Cardinals,Milwaukee Brewers,104,-123,https://fantasydata.com/mlb/milwaukee-brewers-odds
823205,2026-07-06,San Francisco Giants,Toronto Blue Jays,-107,-111,https://fantasydata.com/mlb/san-francisco-giants-odds
823282,2026-07-06,San Diego Padres,Arizona Diamondbacks,-129,108,https://fantasydata.com/mlb/arizona-diamondbacks-odds
823930,2026-07-06,Los Angeles Dodgers,Colorado Rockies,-253,206,https://fantasydata.com/mlb/colorado-rockies-odds
824089,2026-07-06,Kansas City Royals,Philadelphia Phillies,182,-220,https://fantasydata.com/mlb/kansas-city-royals-odds
824900,2026-07-06,Atlanta Braves,New York Mets,-131,111,https://fantasydata.com/mlb/atlanta-braves-odds
822713,2026-07-07,Washington Nationals,Houston Astros,-120,101,https://fantasydata.com/mlb/houston-astros-odds
822881,2026-07-07,Texas Rangers,Los Angeles Angels,-166,139,https://fantasydata.com/mlb/los-angeles-angels-odds
822956,2026-07-07,Tampa Bay Rays,New York Yankees,-133,112,https://fantasydata.com/mlb/new-york-yankees-odds
823035,2026-07-07,St. Louis Cardinals,Milwaukee Brewers,-111,-108,https://fantasydata.com/mlb/milwaukee-brewers-odds
823062,2026-07-07,St. Louis Cardinals,Milwaukee Brewers,181,-216,https://fantasydata.com/mlb/milwaukee-brewers-odds
823203,2026-07-07,San Francisco Giants,Toronto Blue Jays,-101,-118,https://fantasydata.com/mlb/san-francisco-giants-odds
823280,2026-07-07,San Diego Padres,Arizona Diamondbacks,-119,100,https://fantasydata.com/mlb/arizona-diamondbacks-odds
823361,2026-07-07,Pittsburgh Pirates,Atlanta Braves,-147,124,https://fantasydata.com/mlb/atlanta-braves-odds
823607,2026-07-07,New York Mets,Kansas City Royals,-147,124,https://fantasydata.com/mlb/kansas-city-royals-odds
823687,2026-07-07,Minnesota Twins,Cleveland Guardians,-109,-109,https://fantasydata.com/mlb/cleveland-guardians-odds
823847,2026-07-07,Miami Marlins,Seattle Mariners,-125,106,https://fantasydata.com/mlb/miami-marlins-odds
823929,2026-07-07,Los Angeles Dodgers,Colorado Rockies,-314,255,https://fantasydata.com/mlb/colorado-rockies-odds
824254,2026-07-07,Detroit Tigers,Athletics,-214,181,https://fantasydata.com/mlb/athletics-odds
824495,2026-07-07,Cincinnati Reds,Philadelphia Phillies,141,-168,https://fantasydata.com/mlb/cincinnati-reds-odds
824579,2026-07-07,Chicago White Sox,Boston Red Sox,104,-123,https://fantasydata.com/mlb/boston-red-sox-odds
824820,2026-07-07,Baltimore Orioles,Chicago Cubs,-107,-112,https://fantasydata.com/mlb/baltimore-orioles-odds
822710,2026-07-08,Washington Nationals,Houston Astros,-133,112,https://fantasydata.com/mlb/houston-astros-odds
822880,2026-07-08,Texas Rangers,Los Angeles Angels,-139,117,https://fantasydata.com/mlb/los-angeles-angels-odds
822957,2026-07-08,Tampa Bay Rays,New York Yankees,-121,102,https://fantasydata.com/mlb/new-york-yankees-odds
823032,2026-07-08,St. Louis Cardinals,Milwaukee Brewers,123,-146,https://fantasydata.com/mlb/milwaukee-brewers-odds
823202,2026-07-08,San Francisco Giants,Toronto Blue Jays,111,-131,https://fantasydata.com/mlb/san-francisco-giants-odds
823279,2026-07-08,San Diego Padres,Arizona Diamondbacks,-145,122,https://fantasydata.com/mlb/arizona-diamondbacks-odds
823360,2026-07-08,Pittsburgh Pirates,Atlanta Braves,-121,102,https://fantasydata.com/mlb/atlanta-braves-odds
823605,2026-07-08,New York Mets,Kansas City Royals,-195,162,https://fantasydata.com/mlb/kansas-city-royals-odds
823684,2026-07-08,Minnesota Twins,Cleveland Guardians,-127,107,https://fantasydata.com/mlb/cleveland-guardians-odds
823848,2026-07-08,Miami Marlins,Seattle Mariners,109,-129,https://fantasydata.com/mlb/miami-marlins-odds
823928,2026-07-08,Los Angeles Dodgers,Colorado Rockies,-276,226,https://fantasydata.com/mlb/colorado-rockies-odds
824253,2026-07-08,Detroit Tigers,Athletics,-143,120,https://fantasydata.com/mlb/athletics-odds
824496,2026-07-08,Cincinnati Reds,Philadelphia Phillies,-141,119,https://fantasydata.com/mlb/cincinnati-reds-odds
824578,2026-07-08,Chicago White Sox,Boston Red Sox,-109,-109,https://fantasydata.com/mlb/boston-red-sox-odds
824815,2026-07-08,Baltimore Orioles,Chicago Cubs,-134,114,https://fantasydata.com/mlb/baltimore-orioles-odds
822877,2026-07-09,Texas Rangers,Los Angeles Angels,-139,117,https://fantasydata.com/mlb/los-angeles-angels-odds
822954,2026-07-09,Tampa Bay Rays,New York Yankees,-150,126,https://fantasydata.com/mlb/new-york-yankees-odds
823034,2026-07-09,St. Louis Cardinals,Milwaukee Brewers,105,-126,https://fantasydata.com/mlb/milwaukee-brewers-odds
823201,2026-07-09,San Francisco Giants,Colorado Rockies,-130,109,https://fantasydata.com/mlb/colorado-rockies-odds
823277,2026-07-09,San Diego Padres,Arizona Diamondbacks,-131,110,https://fantasydata.com/mlb/arizona-diamondbacks-odds
823359,2026-07-09,Pittsburgh Pirates,Atlanta Braves,-107,-112,https://fantasydata.com/mlb/atlanta-braves-odds
823606,2026-07-09,New York Mets,Kansas City Royals,-142,120,https://fantasydata.com/mlb/kansas-city-royals-odds
823683,2026-07-09,Minnesota Twins,Cleveland Guardians,104,-123,https://fantasydata.com/mlb/cleveland-guardians-odds
823846,2026-07-09,Miami Marlins,Seattle Mariners,113,-134,https://fantasydata.com/mlb/miami-marlins-odds
824251,2026-07-09,Detroit Tigers,Athletics,-124,105,https://fantasydata.com/mlb/athletics-odds
824494,2026-07-09,Cincinnati Reds,Philadelphia Phillies,146,-175,https://fantasydata.com/mlb/cincinnati-reds-odds
824577,2026-07-09,Chicago White Sox,Boston Red Sox,-116,-103,https://fantasydata.com/mlb/boston-red-sox-odds
824816,2026-07-09,Baltimore Orioles,Chicago Cubs,-129,108,https://fantasydata.com/mlb/baltimore-orioles-odds
822709,2026-07-10,Washington Nationals,New York Yankees,131,-157,https://fantasydata.com/mlb/new-york-yankees-odds
822878,2026-07-10,Texas Rangers,Houston Astros,116,-137,https://fantasydata.com/mlb/houston-astros-odds
822955,2026-07-10,Tampa Bay Rays,Seattle Mariners,-127,107,https://fantasydata.com/mlb/seattle-mariners-odds
823033,2026-07-10,St. Louis Cardinals,Atlanta Braves,139,-165,https://fantasydata.com/mlb/atlanta-braves-odds
823200,2026-07-10,San Francisco Giants,Colorado Rockies,-158,132,https://fantasydata.com/mlb/colorado-rockies-odds
823278,2026-07-10,San Diego Padres,Toronto Blue Jays,-123,104,https://fantasydata.com/mlb/san-diego-padres-odds
823604,2026-07-10,New York Mets,Boston Red Sox,-147,122,https://fantasydata.com/mlb/boston-red-sox-odds
823685,2026-07-10,Minnesota Twins,Los Angeles Angels,-153,129,https://fantasydata.com/mlb/los-angeles-angels-odds
823845,2026-07-10,Miami Marlins,Cleveland Guardians,-123,103,https://fantasydata.com/mlb/cleveland-guardians-odds
823927,2026-07-10,Los Angeles Dodgers,Arizona Diamondbacks,-213,177,https://fantasydata.com/mlb/arizona-diamondbacks-odds
824252,2026-07-10,Detroit Tigers,Philadelphia Phillies,-119,100,https://fantasydata.com/mlb/detroit-tigers-odds
824493,2026-07-10,Cincinnati Reds,Chicago Cubs,100,-118,https://fantasydata.com/mlb/chicago-cubs-odds
824575,2026-07-10,Chicago White Sox,Athletics,-180,150,https://fantasydata.com/mlb/athletics-odds
824817,2026-07-10,Baltimore Orioles,Kansas City Royals,-158,133,https://fantasydata.com/mlb/baltimore-orioles-odds
822711,2026-07-11,Washington Nationals,New York Yankees,165,-197,https://fantasydata.com/mlb/new-york-yankees-odds
822875,2026-07-11,Texas Rangers,Houston Astros,-117,-102,https://fantasydata.com/mlb/houston-astros-odds
822953,2026-07-11,Tampa Bay Rays,Seattle Mariners,-112,-106,https://fantasydata.com/mlb/seattle-mariners-odds
823030,2026-07-11,St. Louis Cardinals,Atlanta Braves,-110,-108,https://fantasydata.com/mlb/atlanta-braves-odds
823198,2026-07-11,San Francisco Giants,Colorado Rockies,-151,126,https://fantasydata.com/mlb/colorado-rockies-odds
823276,2026-07-11,San Diego Padres,Toronto Blue Jays,-110,-109,https://fantasydata.com/mlb/san-diego-padres-odds
823356,2026-07-11,Pittsburgh Pirates,Milwaukee Brewers,121,-145,https://fantasydata.com/mlb/milwaukee-brewers-odds
823357,2026-07-11,Pittsburgh Pirates,Milwaukee Brewers,-117,-103,https://fantasydata.com/mlb/milwaukee-brewers-odds
823603,2026-07-11,New York Mets,Boston Red Sox,-144,121,https://fantasydata.com/mlb/boston-red-sox-odds
823682,2026-07-11,Minnesota Twins,Los Angeles Angels,-182,153,https://fantasydata.com/mlb/los-angeles-angels-odds
823844,2026-07-11,Miami Marlins,Cleveland Guardians,-161,136,https://fantasydata.com/mlb/cleveland-guardians-odds
823926,2026-07-11,Los Angeles Dodgers,Arizona Diamondbacks,-313,254,https://fantasydata.com/mlb/arizona-diamondbacks-odds
824249,2026-07-11,Detroit Tigers,Philadelphia Phillies,119,-141,https://fantasydata.com/mlb/detroit-tigers-odds
824492,2026-07-11,Cincinnati Reds,Chicago Cubs,-113,-105,https://fantasydata.com/mlb/chicago-cubs-odds
824576,2026-07-11,Chicago White Sox,Athletics,-122,103,https://fantasydata.com/mlb/athletics-odds
824813,2026-07-11,Baltimore Orioles,Kansas City Royals,-162,135,https://fantasydata.com/mlb/baltimore-orioles-odds
822708,2026-07-12,Washington Nationals,New York Yankees,-121,102,https://fantasydata.com/mlb/new-york-yankees-odds
822876,2026-07-12,Texas Rangers,Houston Astros,-140,118,https://fantasydata.com/mlb/houston-astros-odds
822951,2026-07-12,Tampa Bay Rays,Seattle Mariners,-153,129,https://fantasydata.com/mlb/seattle-mariners-odds
823029,2026-07-12,St. Louis Cardinals,Atlanta Braves,-131,111,https://fantasydata.com/mlb/atlanta-braves-odds
823199,2026-07-12,San Francisco Giants,Colorado Rockies,-154,129,https://fantasydata.com/mlb/colorado-rockies-odds
823274,2026-07-12,San Diego Padres,Toronto Blue Jays,109,-130,https://fantasydata.com/mlb/san-diego-padres-odds
823358,2026-07-12,Pittsburgh Pirates,Milwaukee Brewers,-130,110,https://fantasydata.com/mlb/milwaukee-brewers-odds
823602,2026-07-12,New York Mets,Boston Red Sox,-105,-113,https://fantasydata.com/mlb/boston-red-sox-odds
823681,2026-07-12,Minnesota Twins,Los Angeles Angels,-132,111,https://fantasydata.com/mlb/los-angeles-angels-odds
823842,2026-07-12,Miami Marlins,Cleveland Guardians,-105,-113,https://fantasydata.com/mlb/cleveland-guardians-odds
823925,2026-07-12,Los Angeles Dodgers,Arizona Diamondbacks,-232,192,https://fantasydata.com/mlb/arizona-diamondbacks-odds
824250,2026-07-12,Detroit Tigers,Philadelphia Phillies,-133,112,https://fantasydata.com/mlb/detroit-tigers-odds
824491,2026-07-12,Cincinnati Reds,Chicago Cubs,113,-133,https://fantasydata.com/mlb/chicago-cubs-odds
824574,2026-07-12,Chicago White Sox,Athletics,-150,126,https://fantasydata.com/mlb/athletics-odds
824814,2026-07-12,Baltimore Orioles,Kansas City Royals,-151,128,https://fantasydata.com/mlb/baltimore-orioles-odds
823440,2026-07-16,Philadelphia Phillies,New York Mets,-123,106,https://fantasydata.com/mlb/new-york-mets-odds
822789,2026-07-17,Toronto Blue Jays,Chicago White Sox,-133,113,https://fantasydata.com/mlb/chicago-white-sox-odds
823115,2026-07-17,Seattle Mariners,San Francisco Giants,-183,155,https://fantasydata.com/mlb/san-francisco-giants-odds
823524,2026-07-17,New York Yankees,Los Angeles Dodgers,-102,-114,https://fantasydata.com/mlb/los-angeles-dodgers-odds
823766,2026-07-17,Milwaukee Brewers,Miami Marlins,-150,129,https://fantasydata.com/mlb/miami-marlins-odds
824009,2026-07-17,Los Angeles Angels,Detroit Tigers,-101,-117,https://fantasydata.com/mlb/detroit-tigers-odds
824090,2026-07-17,Kansas City Royals,San Diego Padres,106,-123,https://fantasydata.com/mlb/kansas-city-royals-odds
824170,2026-07-17,Houston Astros,Baltimore Orioles,-118,101,https://fantasydata.com/mlb/baltimore-orioles-odds
824332,2026-07-17,Colorado Rockies,Cincinnati Reds,-113,-104,https://fantasydata.com/mlb/cincinnati-reds-odds
824655,2026-07-17,Chicago Cubs,Minnesota Twins,-151,129,https://fantasydata.com/mlb/chicago-cubs-odds
824737,2026-07-17,Boston Red Sox,Tampa Bay Rays,-131,111,https://fantasydata.com/mlb/boston-red-sox-odds
824766,2026-07-17,Boston Red Sox,Tampa Bay Rays,-116,-101,https://fantasydata.com/mlb/boston-red-sox-odds
824901,2026-07-17,Atlanta Braves,Texas Rangers,-221,184,https://fantasydata.com/mlb/atlanta-braves-odds
824981,2026-07-17,Athletics,Washington Nationals,113,-132,https://fantasydata.com/mlb/athletics-odds
825060,2026-07-17,Arizona Diamondbacks,St. Louis Cardinals,-112,-104,https://fantasydata.com/mlb/arizona-diamondbacks-odds
822790,2026-07-18,Toronto Blue Jays,Chicago White Sox,-109,-109,https://fantasydata.com/mlb/chicago-white-sox-odds
823116,2026-07-18,Seattle Mariners,San Francisco Giants,-160,136,https://fantasydata.com/mlb/san-francisco-giants-odds
823441,2026-07-18,Philadelphia Phillies,New York Mets,-168,145,https://fantasydata.com/mlb/new-york-mets-odds
823763,2026-07-18,Milwaukee Brewers,Miami Marlins,-135,117,https://fantasydata.com/mlb/miami-marlins-odds
824008,2026-07-18,Los Angeles Angels,Detroit Tigers,175,-205,https://fantasydata.com/mlb/detroit-tigers-odds
824088,2026-07-18,Kansas City Royals,San Diego Padres,-107,-109,https://fantasydata.com/mlb/kansas-city-royals-odds
824169,2026-07-18,Houston Astros,Baltimore Orioles,-108,-109,https://fantasydata.com/mlb/baltimore-orioles-odds
824331,2026-07-18,Colorado Rockies,Cincinnati Reds,101,-118,https://fantasydata.com/mlb/cincinnati-reds-odds
824412,2026-07-18,Cleveland Guardians,Pittsburgh Pirates,-112,-108,https://fantasydata.com/mlb/cleveland-guardians-odds
824414,2026-07-18,Cleveland Guardians,Pittsburgh Pirates,-127,110,https://fantasydata.com/mlb/cleveland-guardians-odds
824657,2026-07-18,Chicago Cubs,Minnesota Twins,-151,131,https://fantasydata.com/mlb/chicago-cubs-odds
824738,2026-07-18,Boston Red Sox,Tampa Bay Rays,-114,-103,https://fantasydata.com/mlb/boston-red-sox-odds
824899,2026-07-18,Atlanta Braves,Texas Rangers,-118,101,https://fantasydata.com/mlb/atlanta-braves-odds
824979,2026-07-18,Athletics,Washington Nationals,-107,-109,https://fantasydata.com/mlb/athletics-odds
825059,2026-07-18,Arizona Diamondbacks,St. Louis Cardinals,-117,100,https://fantasydata.com/mlb/arizona-diamondbacks-odds
822786,2026-07-19,Toronto Blue Jays,Chicago White Sox,-101,-117,https://fantasydata.com/mlb/chicago-white-sox-odds
823113,2026-07-19,Seattle Mariners,San Francisco Giants,-192,163,https://fantasydata.com/mlb/san-francisco-giants-odds
823439,2026-07-19,Philadelphia Phillies,New York Mets,111,-129,https://fantasydata.com/mlb/new-york-mets-odds
823521,2026-07-19,New York Yankees,Los Angeles Dodgers,118,-138,https://fantasydata.com/mlb/los-angeles-dodgers-odds
823523,2026-07-19,New York Yankees,Los Angeles Dodgers,112,-131,https://fantasydata.com/mlb/los-angeles-dodgers-odds
823764,2026-07-19,Milwaukee Brewers,Miami Marlins,-129,111,https://fantasydata.com/mlb/miami-marlins-odds
824007,2026-07-19,Los Angeles Angels,Detroit Tigers,125,-146,https://fantasydata.com/mlb/detroit-tigers-odds
824086,2026-07-19,Kansas City Royals,San Diego Padres,-115,-102,https://fantasydata.com/mlb/kansas-city-royals-odds
824168,2026-07-19,Houston Astros,Baltimore Orioles,-123,106,https://fantasydata.com/mlb/baltimore-orioles-odds
824330,2026-07-19,Colorado Rockies,Cincinnati Reds,143,-167,https://fantasydata.com/mlb/cincinnati-reds-odds
824411,2026-07-19,Cleveland Guardians,Pittsburgh Pirates,-114,-103,https://fantasydata.com/mlb/cleveland-guardians-odds
824653,2026-07-19,Chicago Cubs,Minnesota Twins,-168,145,https://fantasydata.com/mlb/chicago-cubs-odds
824739,2026-07-19,Boston Red Sox,Tampa Bay Rays,-123,106,https://fantasydata.com/mlb/boston-red-sox-odds
824897,2026-07-19,Atlanta Braves,Texas Rangers,-101,-115,https://fantasydata.com/mlb/atlanta-braves-odds
824978,2026-07-19,Athletics,Washington Nationals,129,-150,https://fantasydata.com/mlb/athletics-odds
825057,2026-07-19,Arizona Diamondbacks,St. Louis Cardinals,-124,107,https://fantasydata.com/mlb/arizona-diamondbacks-odds
822788,2026-07-20,Toronto Blue Jays,Tampa Bay Rays,-173,147,https://fantasydata.com/mlb/tampa-bay-rays-odds
822874,2026-07-20,Texas Rangers,Chicago White Sox,-168,144,https://fantasydata.com/mlb/chicago-white-sox-odds
823112,2026-07-20,Seattle Mariners,Cincinnati Reds,-147,125,https://fantasydata.com/mlb/cincinnati-reds-odds
823436,2026-07-20,Philadelphia Phillies,Los Angeles Dodgers,-148,126,https://fantasydata.com/mlb/los-angeles-dodgers-odds
823522,2026-07-20,New York Yankees,Pittsburgh Pirates,-116,100,https://fantasydata.com/mlb/new-york-yankees-odds
823762,2026-07-20,Milwaukee Brewers,New York Mets,-214,182,https://fantasydata.com/mlb/milwaukee-brewers-odds
824006,2026-07-20,Los Angeles Angels,St. Louis Cardinals,-108,-108,https://fantasydata.com/mlb/los-angeles-angels-odds
824087,2026-07-20,Kansas City Royals,San Francisco Giants,-122,104,https://fantasydata.com/mlb/kansas-city-royals-odds
824167,2026-07-20,Houston Astros,Miami Marlins,-122,105,https://fantasydata.com/mlb/houston-astros-odds
824328,2026-07-20,Colorado Rockies,Washington Nationals,115,-132,https://fantasydata.com/mlb/colorado-rockies-odds
824410,2026-07-20,Cleveland Guardians,Minnesota Twins,114,-132,https://fantasydata.com/mlb/cleveland-guardians-odds
824654,2026-07-20,Chicago Cubs,Detroit Tigers,-114,-104,https://fantasydata.com/mlb/chicago-cubs-odds
824736,2026-07-20,Boston Red Sox,Baltimore Orioles,-162,139,https://fantasydata.com/mlb/baltimore-orioles-odds
824898,2026-07-20,Atlanta Braves,San Diego Padres,-130,112,https://fantasydata.com/mlb/atlanta-braves-odds
825058,2026-07-20,Arizona Diamondbacks,Athletics,-147,127,https://fantasydata.com/mlb/arizona-diamondbacks-odds
822787,2026-07-21,Toronto Blue Jays,Tampa Bay Rays,-108,-109,https://fantasydata.com/mlb/tampa-bay-rays-odds
822871,2026-07-21,Texas Rangers,Chicago White Sox,-114,-102,https://fantasydata.com/mlb/chicago-white-sox-odds
823114,2026-07-21,Seattle Mariners,Cincinnati Reds,-114,-102,https://fantasydata.com/mlb/cincinnati-reds-odds
823437,2026-07-21,Philadelphia Phillies,Los Angeles Dodgers,-117,100,https://fantasydata.com/mlb/los-angeles-dodgers-odds
823760,2026-07-21,Milwaukee Brewers,New York Mets,-134,115,https://fantasydata.com/mlb/milwaukee-brewers-odds
824005,2026-07-21,Los Angeles Angels,St. Louis Cardinals,-119,103,https://fantasydata.com/mlb/los-angeles-angels-odds
824085,2026-07-21,Kansas City Royals,San Francisco Giants,-106,-110,https://fantasydata.com/mlb/kansas-city-royals-odds
824165,2026-07-21,Houston Astros,Miami Marlins,-123,106,https://fantasydata.com/mlb/houston-astros-odds
824329,2026-07-21,Colorado Rockies,Washington Nationals,-101,-115,https://fantasydata.com/mlb/colorado-rockies-odds
824409,2026-07-21,Cleveland Guardians,Minnesota Twins,-154,132,https://fantasydata.com/mlb/cleveland-guardians-odds
824652,2026-07-21,Chicago Cubs,Detroit Tigers,-119,103,https://fantasydata.com/mlb/chicago-cubs-odds
824895,2026-07-21,Atlanta Braves,San Diego Padres,-149,128,https://fantasydata.com/mlb/atlanta-braves-odds
825056,2026-07-21,Arizona Diamondbacks,Athletics,-134,115,https://fantasydata.com/mlb/arizona-diamondbacks-odds
822784,2026-07-22,Toronto Blue Jays,Tampa Bay Rays,-109,-107,https://fantasydata.com/mlb/tampa-bay-rays-odds
822873,2026-07-22,Texas Rangers,Chicago White Sox,104,-121,https://fantasydata.com/mlb/chicago-white-sox-odds
823110,2026-07-22,Seattle Mariners,Cincinnati Reds,-168,144,https://fantasydata.com/mlb/cincinnati-reds-odds
823438,2026-07-22,Philadelphia Phillies,Los Angeles Dodgers,107,-125,https://fantasydata.com/mlb/los-angeles-dodgers-odds
823518,2026-07-22,New York Yankees,Pittsburgh Pirates,-196,166,https://fantasydata.com/mlb/new-york-yankees-odds
823519,2026-07-22,New York Yankees,Pittsburgh Pirates,-189,157,https://fantasydata.com/mlb/new-york-yankees-odds
823761,2026-07-22,Milwaukee Brewers,New York Mets,-169,143,https://fantasydata.com/mlb/milwaukee-brewers-odds
824004,2026-07-22,Los Angeles Angels,St. Louis Cardinals,-144,124,https://fantasydata.com/mlb/los-angeles-angels-odds
824083,2026-07-22,Kansas City Royals,San Francisco Giants,117,-135,https://fantasydata.com/mlb/kansas-city-royals-odds
824166,2026-07-22,Houston Astros,Miami Marlins,-112,-105,https://fantasydata.com/mlb/houston-astros-odds
824327,2026-07-22,Colorado Rockies,Washington Nationals,125,-146,https://fantasydata.com/mlb/colorado-rockies-odds
824408,2026-07-22,Cleveland Guardians,Minnesota Twins,-144,123,https://fantasydata.com/mlb/cleveland-guardians-odds
824650,2026-07-22,Chicago Cubs,Detroit Tigers,-125,107,https://fantasydata.com/mlb/chicago-cubs-odds
824732,2026-07-22,Boston Red Sox,Baltimore Orioles,-130,112,https://fantasydata.com/mlb/baltimore-orioles-odds
824735,2026-07-22,Boston Red Sox,Baltimore Orioles,-165,141,https://fantasydata.com/mlb/baltimore-orioles-odds
824896,2026-07-22,Atlanta Braves,San Diego Padres,-113,-103,https://fantasydata.com/mlb/atlanta-braves-odds
825055,2026-07-22,Arizona Diamondbacks,Athletics,-139,119,https://fantasydata.com/mlb/arizona-diamondbacks-odds
822785,2026-07-23,Toronto Blue Jays,Tampa Bay Rays,-104,-113,https://fantasydata.com/mlb/tampa-bay-rays-odds
823042,2026-07-23,St. Louis Cardinals,Arizona Diamondbacks,-124,107,https://fantasydata.com/mlb/arizona-diamondbacks-odds
824247,2026-07-23,Detroit Tigers,Kansas City Royals,-229,197,https://fantasydata.com/mlb/detroit-tigers-odds
824406,2026-07-23,Cleveland Guardians,Minnesota Twins,-147,124,https://fantasydata.com/mlb/cleveland-guardians-odds
824893,2026-07-23,Atlanta Braves,San Diego Padres,-259,217,https://fantasydata.com/mlb/atlanta-braves-odds
822707,2026-07-24,Washington Nationals,Arizona Diamondbacks,109,-127,https://fantasydata.com/mlb/arizona-diamondbacks-odds
822872,2026-07-24,Texas Rangers,Seattle Mariners,-103,-114,https://fantasydata.com/mlb/seattle-mariners-odds
822952,2026-07-24,Tampa Bay Rays,Cleveland Guardians,-137,118,https://fantasydata.com/mlb/cleveland-guardians-odds
823031,2026-07-24,St. Louis Cardinals,Cincinnati Reds,-146,126,https://fantasydata.com/mlb/cincinnati-reds-odds
823196,2026-07-24,San Francisco Giants,Los Angeles Angels,-157,135,https://fantasydata.com/mlb/los-angeles-angels-odds
823352,2026-07-24,Pittsburgh Pirates,Chicago Cubs,-108,-109,https://fantasydata.com/mlb/chicago-cubs-odds
823434,2026-07-24,Philadelphia Phillies,New York Yankees,-138,119,https://fantasydata.com/mlb/new-york-yankees-odds
823601,2026-07-24,New York Mets,Los Angeles Dodgers,109,-127,https://fantasydata.com/mlb/los-angeles-dodgers-odds
823680,2026-07-24,Minnesota Twins,Athletics,-136,117,https://fantasydata.com/mlb/athletics-odds
823759,2026-07-24,Milwaukee Brewers,Colorado Rockies,-280,233,https://fantasydata.com/mlb/colorado-rockies-odds
823843,2026-07-24,Miami Marlins,San Diego Padres,-121,104,https://fantasydata.com/mlb/miami-marlins-odds
824248,2026-07-24,Detroit Tigers,Kansas City Royals,-265,222,https://fantasydata.com/mlb/detroit-tigers-odds
824573,2026-07-24,Chicago White Sox,Houston Astros,-129,112,https://fantasydata.com/mlb/chicago-white-sox-odds
824733,2026-07-24,Boston Red Sox,Toronto Blue Jays,-127,109,https://fantasydata.com/mlb/boston-red-sox-odds
824812,2026-07-24,Baltimore Orioles,Atlanta Braves,-132,113,https://fantasydata.com/mlb/atlanta-braves-odds
822704,2026-07-25,Washington Nationals,Arizona Diamondbacks,-133,115,https://fantasydata.com/mlb/arizona-diamondbacks-odds
822869,2026-07-25,Texas Rangers,Seattle Mariners,-106,-110,https://fantasydata.com/mlb/seattle-mariners-odds
822948,2026-07-25,Tampa Bay Rays,Cleveland Guardians,-115,-102,https://fantasydata.com/mlb/cleveland-guardians-odds
823027,2026-07-25,St. Louis Cardinals,Cincinnati Reds,-106,-110,https://fantasydata.com/mlb/cincinnati-reds-odds
823197,2026-07-25,San Francisco Giants,Los Angeles Angels,-130,112,https://fantasydata.com/mlb/los-angeles-angels-odds
823355,2026-07-25,Pittsburgh Pirates,Chicago Cubs,-122,104,https://fantasydata.com/mlb/chicago-cubs-odds
823435,2026-07-25,Philadelphia Phillies,New York Yankees,106,-124,https://fantasydata.com/mlb/new-york-yankees-odds
823600,2026-07-25,New York Mets,Los Angeles Dodgers,134,-156,https://fantasydata.com/mlb/los-angeles-dodgers-odds
823679,2026-07-25,Minnesota Twins,Athletics,-147,125,https://fantasydata.com/mlb/athletics-odds
823758,2026-07-25,Milwaukee Brewers,Colorado Rockies,-234,198,https://fantasydata.com/mlb/colorado-rockies-odds
823841,2026-07-25,Miami Marlins,San Diego Padres,-147,125,https://fantasydata.com/mlb/miami-marlins-odds
824244,2026-07-25,Detroit Tigers,Kansas City Royals,-166,141,https://fantasydata.com/mlb/detroit-tigers-odds
824571,2026-07-25,Chicago White Sox,Houston Astros,-123,105,https://fantasydata.com/mlb/chicago-white-sox-odds
824734,2026-07-25,Boston Red Sox,Toronto Blue Jays,-109,-108,https://fantasydata.com/mlb/boston-red-sox-odds
824811,2026-07-25,Baltimore Orioles,Atlanta Braves,-112,-104,https://fantasydata.com/mlb/atlanta-braves-odds
822706,2026-07-26,Washington Nationals,Arizona Diamondbacks,-101,-116,https://fantasydata.com/mlb/arizona-diamondbacks-odds
822870,2026-07-26,Texas Rangers,Seattle Mariners,-109,-107,https://fantasydata.com/mlb/seattle-mariners-odds
822950,2026-07-26,Tampa Bay Rays,Cleveland Guardians,-122,104,https://fantasydata.com/mlb/cleveland-guardians-odds
823028,2026-07-26,St. Louis Cardinals,Cincinnati Reds,-132,114,https://fantasydata.com/mlb/cincinnati-reds-odds
823194,2026-07-26,San Francisco Giants,Los Angeles Angels,104,-121,https://fantasydata.com/mlb/los-angeles-angels-odds
823354,2026-07-26,Pittsburgh Pirates,Chicago Cubs,-135,117,https://fantasydata.com/mlb/chicago-cubs-odds
823433,2026-07-26,Philadelphia Phillies,New York Yankees,-216,184,https://fantasydata.com/mlb/new-york-yankees-odds
823599,2026-07-26,New York Mets,Los Angeles Dodgers,130,-151,https://fantasydata.com/mlb/los-angeles-dodgers-odds
823678,2026-07-26,Minnesota Twins,Athletics,-155,134,https://fantasydata.com/mlb/athletics-odds
823755,2026-07-26,Milwaukee Brewers,Colorado Rockies,-361,295,https://fantasydata.com/mlb/colorado-rockies-odds
823840,2026-07-26,Miami Marlins,San Diego Padres,-118,100,https://fantasydata.com/mlb/miami-marlins-odds
824246,2026-07-26,Detroit Tigers,Kansas City Royals,-190,160,https://fantasydata.com/mlb/detroit-tigers-odds
824572,2026-07-26,Chicago White Sox,Houston Astros,-116,-101,https://fantasydata.com/mlb/chicago-white-sox-odds
824730,2026-07-26,Boston Red Sox,Toronto Blue Jays,-141,121,https://fantasydata.com/mlb/boston-red-sox-odds
824810,2026-07-26,Baltimore Orioles,Atlanta Braves,-104,-113,https://fantasydata.com/mlb/atlanta-braves-odds
822705,2026-07-27,Washington Nationals,Toronto Blue Jays,-123,106,https://fantasydata.com/mlb/toronto-blue-jays-odds
822868,2026-07-27,Texas Rangers,Seattle Mariners,109,-127,https://fantasydata.com/mlb/seattle-mariners-odds
823025,2026-07-27,St. Louis Cardinals,Chicago Cubs,104,-120,https://fantasydata.com/mlb/chicago-cubs-odds
823195,2026-07-27,San Francisco Giants,Milwaukee Brewers,119,-140,https://fantasydata.com/mlb/milwaukee-brewers-odds
823353,2026-07-27,Pittsburgh Pirates,Arizona Diamondbacks,-113,-104,https://fantasydata.com/mlb/arizona-diamondbacks-odds
823597,2026-07-27,New York Mets,Atlanta Braves,-110,-106,https://fantasydata.com/mlb/atlanta-braves-odds
823839,2026-07-27,Miami Marlins,Philadelphia Phillies,167,-195,https://fantasydata.com/mlb/miami-marlins-odds
824001,2026-07-27,Los Angeles Angels,Houston Astros,-112,-104,https://fantasydata.com/mlb/houston-astros-odds
824245,2026-07-27,Detroit Tigers,Baltimore Orioles,-123,105,https://fantasydata.com/mlb/baltimore-orioles-odds
824570,2026-07-27,Chicago White Sox,New York Yankees,121,-141,https://fantasydata.com/mlb/chicago-white-sox-odds
824977,2026-07-27,Athletics,Boston Red Sox,168,-195,https://fantasydata.com/mlb/athletics-odds
822703,2026-07-28,Washington Nationals,Toronto Blue Jays,-141,120,https://fantasydata.com/mlb/toronto-blue-jays-odds
822949,2026-07-28,Tampa Bay Rays,Texas Rangers,-175,149,https://fantasydata.com/mlb/tampa-bay-rays-odds
823026,2026-07-28,St. Louis Cardinals,Chicago Cubs,-106,-110,https://fantasydata.com/mlb/chicago-cubs-odds
823193,2026-07-28,San Francisco Giants,Milwaukee Brewers,128,-149,https://fantasydata.com/mlb/milwaukee-brewers-odds
823275,2026-07-28,San Diego Padres,Colorado Rockies,-241,203,https://fantasydata.com/mlb/colorado-rockies-odds
823350,2026-07-28,Pittsburgh Pirates,Arizona Diamondbacks,-112,-104,https://fantasydata.com/mlb/arizona-diamondbacks-odds
823676,2026-07-28,Minnesota Twins,Kansas City Royals,-181,154,https://fantasydata.com/mlb/kansas-city-royals-odds
823838,2026-07-28,Miami Marlins,Philadelphia Phillies,-135,115,https://fantasydata.com/mlb/miami-marlins-odds
823923,2026-07-28,Los Angeles Dodgers,Seattle Mariners,-235,198,https://fantasydata.com/mlb/los-angeles-dodgers-odds
824003,2026-07-28,Los Angeles Angels,Houston Astros,-108,-108,https://fantasydata.com/mlb/houston-astros-odds
824243,2026-07-28,Detroit Tigers,Baltimore Orioles,-147,124,https://fantasydata.com/mlb/baltimore-orioles-odds
824489,2026-07-28,Cincinnati Reds,Cleveland Guardians,123,-143,https://fantasydata.com/mlb/cincinnati-reds-odds
824490,2026-07-28,Cincinnati Reds,Cleveland Guardians,-166,141,https://fantasydata.com/mlb/cincinnati-reds-odds
824569,2026-07-28,Chicago White Sox,New York Yankees,100,-116,https://fantasydata.com/mlb/chicago-white-sox-odds
824976,2026-07-28,Athletics,Boston Red Sox,127,-147,https://fantasydata.com/mlb/athletics-odds
822702,2026-07-29,Washington Nationals,Toronto Blue Jays,103,-119,https://fantasydata.com/mlb/toronto-blue-jays-odds
822947,2026-07-29,Tampa Bay Rays,Texas Rangers,-142,122,https://fantasydata.com/mlb/tampa-bay-rays-odds
823022,2026-07-29,St. Louis Cardinals,Chicago Cubs,-106,-110,https://fantasydata.com/mlb/chicago-cubs-odds
823192,2026-07-29,San Francisco Giants,Milwaukee Brewers,-110,-107,https://fantasydata.com/mlb/milwaukee-brewers-odds
823273,2026-07-29,San Diego Padres,Colorado Rockies,-186,158,https://fantasydata.com/mlb/colorado-rockies-odds
823351,2026-07-29,Pittsburgh Pirates,Arizona Diamondbacks,-138,118,https://fantasydata.com/mlb/arizona-diamondbacks-odds
823596,2026-07-29,New York Mets,Atlanta Braves,-105,-112,https://fantasydata.com/mlb/atlanta-braves-odds
823598,2026-07-29,New York Mets,Atlanta Braves,149,-174,https://fantasydata.com/mlb/atlanta-braves-odds
823677,2026-07-29,Minnesota Twins,Kansas City Royals,-200,171,https://fantasydata.com/mlb/kansas-city-royals-odds
823837,2026-07-29,Miami Marlins,Philadelphia Phillies,148,-174,https://fantasydata.com/mlb/miami-marlins-odds
823924,2026-07-29,Los Angeles Dodgers,Seattle Mariners,-183,156,https://fantasydata.com/mlb/los-angeles-dodgers-odds
824002,2026-07-29,Los Angeles Angels,Houston Astros,113,-131,https://fantasydata.com/mlb/houston-astros-odds
824242,2026-07-29,Detroit Tigers,Baltimore Orioles,-189,162,https://fantasydata.com/mlb/baltimore-orioles-odds
824487,2026-07-29,Cincinnati Reds,Cleveland Guardians,117,-137,https://fantasydata.com/mlb/cincinnati-reds-odds
824567,2026-07-29,Chicago White Sox,New York Yankees,124,-146,https://fantasydata.com/mlb/chicago-white-sox-odds
824973,2026-07-29,Athletics,Boston Red Sox,128,-151,https://fantasydata.com/mlb/athletics-odds
822946,2026-07-30,Tampa Bay Rays,Texas Rangers,-181,155,https://fantasydata.com/mlb/tampa-bay-rays-odds
823023,2026-07-30,St. Louis Cardinals,Chicago Cubs,-118,100,https://fantasydata.com/mlb/chicago-cubs-odds
823271,2026-07-30,San Diego Padres,San Francisco Giants,-168,144,https://fantasydata.com/mlb/san-diego-padres-odds
823595,2026-07-30,New York Mets,Miami Marlins,-130,111,https://fantasydata.com/mlb/miami-marlins-odds
823674,2026-07-30,Minnesota Twins,Kansas City Royals,-135,116,https://fantasydata.com/mlb/kansas-city-royals-odds
823921,2026-07-30,Los Angeles Dodgers,Seattle Mariners,-151,129,https://fantasydata.com/mlb/los-angeles-dodgers-odds
824488,2026-07-30,Cincinnati Reds,Pittsburgh Pirates,103,-119,https://fantasydata.com/mlb/cincinnati-reds-odds
824568,2026-07-30,Chicago White Sox,New York Yankees,-114,-102,https://fantasydata.com/mlb/chicago-white-sox-odds
824894,2026-07-30,Atlanta Braves,Washington Nationals,-156,134,https://fantasydata.com/mlb/atlanta-braves-odds
824974,2026-07-30,Athletics,Boston Red Sox,160,-189,https://fantasydata.com/mlb/athletics-odds
822782,2026-07-31,Toronto Blue Jays,St. Louis Cardinals,-193,165,https://fantasydata.com/mlb/st-louis-cardinals-odds
822945,2026-07-31,Tampa Bay Rays,Chicago White Sox,-137,117,https://fantasydata.com/mlb/chicago-white-sox-odds
823111,2026-07-31,Seattle Mariners,Minnesota Twins,-169,146,https://fantasydata.com/mlb/minnesota-twins-odds
823272,2026-07-31,San Diego Padres,San Francisco Giants,-152,131,https://fantasydata.com/mlb/san-diego-padres-odds
823593,2026-07-31,New York Mets,Miami Marlins,-117,101,https://fantasydata.com/mlb/miami-marlins-odds
823922,2026-07-31,Los Angeles Dodgers,Boston Red Sox,-136,117,https://fantasydata.com/mlb/boston-red-sox-odds
823999,2026-07-31,Los Angeles Angels,Milwaukee Brewers,148,-171,https://fantasydata.com/mlb/los-angeles-angels-odds
824164,2026-07-31,Houston Astros,Texas Rangers,-129,111,https://fantasydata.com/mlb/houston-astros-odds
824325,2026-07-31,Colorado Rockies,Kansas City Royals,-107,-109,https://fantasydata.com/mlb/colorado-rockies-odds
824407,2026-07-31,Cleveland Guardians,Arizona Diamondbacks,-138,119,https://fantasydata.com/mlb/arizona-diamondbacks-odds
824486,2026-07-31,Cincinnati Reds,Pittsburgh Pirates,109,-126,https://fantasydata.com/mlb/cincinnati-reds-odds
824651,2026-07-31,Chicago Cubs,New York Yankees,-165,143,https://fantasydata.com/mlb/chicago-cubs-odds
824809,2026-07-31,Baltimore Orioles,Philadelphia Phillies,-120,103,https://fantasydata.com/mlb/baltimore-orioles-odds
824892,2026-07-31,Atlanta Braves,Washington Nationals,-119,104,https://fantasydata.com/mlb/atlanta-braves-odds
824975,2026-07-31,Athletics,Detroit Tigers,123,-143,https://fantasydata.com/mlb/athletics-odds
822781,2026-08-01,Toronto Blue Jays,St. Louis Cardinals,-168,145,https://fantasydata.com/mlb/st-louis-cardinals-odds
822944,2026-08-01,Tampa Bay Rays,Chicago White Sox,-173,149,https://fantasydata.com/mlb/chicago-white-sox-odds
823109,2026-08-01,Seattle Mariners,Minnesota Twins,-168,144,https://fantasydata.com/mlb/minnesota-twins-odds
823269,2026-08-01,San Diego Padres,San Francisco Giants,-149,130,https://fantasydata.com/mlb/san-diego-padres-odds
823594,2026-08-01,New York Mets,Miami Marlins,-131,113,https://fantasydata.com/mlb/miami-marlins-odds
823920,2026-08-01,Los Angeles Dodgers,Boston Red Sox,-187,160,https://fantasydata.com/mlb/boston-red-sox-odds
824000,2026-08-01,Los Angeles Angels,Milwaukee Brewers,129,-150,https://fantasydata.com/mlb/los-angeles-angels-odds
824162,2026-08-01,Houston Astros,Texas Rangers,106,-122,https://fantasydata.com/mlb/houston-astros-odds
824326,2026-08-01,Colorado Rockies,Kansas City Royals,-126,109,https://fantasydata.com/mlb/colorado-rockies-odds
824405,2026-08-01,Cleveland Guardians,Arizona Diamondbacks,-174,149,https://fantasydata.com/mlb/arizona-diamondbacks-odds
824485,2026-08-01,Cincinnati Reds,Pittsburgh Pirates,102,-118,https://fantasydata.com/mlb/cincinnati-reds-odds
824649,2026-08-01,Chicago Cubs,New York Yankees,-126,109,https://fantasydata.com/mlb/chicago-cubs-odds
824808,2026-08-01,Baltimore Orioles,Philadelphia Phillies,128,-148,https://fantasydata.com/mlb/baltimore-orioles-odds
824890,2026-08-01,Atlanta Braves,Washington Nationals,-169,144,https://fantasydata.com/mlb/atlanta-braves-odds
824972,2026-08-01,Athletics,Detroit Tigers,159,-186,https://fantasydata.com/mlb/athletics-odds
822783,2026-08-02,Toronto Blue Jays,St. Louis Cardinals,-133,115,https://fantasydata.com/mlb/st-louis-cardinals-odds
822943,2026-08-02,Tampa Bay Rays,Chicago White Sox,-146,125,https://fantasydata.com/mlb/chicago-white-sox-odds
823107,2026-08-02,Seattle Mariners,Minnesota Twins,-135,117,https://fantasydata.com/mlb/minnesota-twins-odds
823270,2026-08-02,San Diego Padres,San Francisco Giants,-122,106,https://fantasydata.com/mlb/san-diego-padres-odds
823592,2026-08-02,New York Mets,Miami Marlins,103,-120,https://fantasydata.com/mlb/miami-marlins-odds
823919,2026-08-02,Los Angeles Dodgers,Boston Red Sox,-178,154,https://fantasydata.com/mlb/boston-red-sox-odds
823996,2026-08-02,Los Angeles Angels,Milwaukee Brewers,189,-222,https://fantasydata.com/mlb/los-angeles-angels-odds
824163,2026-08-02,Houston Astros,Texas Rangers,-135,117,https://fantasydata.com/mlb/houston-astros-odds
824323,2026-08-02,Colorado Rockies,Kansas City Royals,-125,109,https://fantasydata.com/mlb/colorado-rockies-odds
824404,2026-08-02,Cleveland Guardians,Arizona Diamondbacks,-183,159,https://fantasydata.com/mlb/arizona-diamondbacks-odds
824483,2026-08-02,Cincinnati Reds,Pittsburgh Pirates,-137,119,https://fantasydata.com/mlb/cincinnati-reds-odds
824648,2026-08-02,Chicago Cubs,New York Yankees,-103,-119,https://fantasydata.com/mlb/chicago-cubs-odds
824807,2026-08-02,Baltimore Orioles,Philadelphia Phillies,123,-142,https://fantasydata.com/mlb/baltimore-orioles-odds
824891,2026-08-02,Atlanta Braves,Washington Nationals,-128,112,https://fantasydata.com/mlb/atlanta-braves-odds
824971,2026-08-02,Athletics,Detroit Tigers,107,-124,https://fantasydata.com/mlb/athletics-odds
822867,2026-08-03,Texas Rangers,San Francisco Giants,-128,112,https://fantasydata.com/mlb/san-francisco-giants-odds
823431,2026-08-03,Philadelphia Phillies,Washington Nationals,-154,134,https://fantasydata.com/mlb/philadelphia-phillies-odds
823520,2026-08-03,New York Yankees,St. Louis Cardinals,-245,210,https://fantasydata.com/mlb/new-york-yankees-odds
823757,2026-08-03,Milwaukee Brewers,Pittsburgh Pirates,-149,128,https://fantasydata.com/mlb/milwaukee-brewers-odds
824160,2026-08-03,Houston Astros,Toronto Blue Jays,-147,128,https://fantasydata.com/mlb/houston-astros-odds
824324,2026-08-03,Colorado Rockies,Tampa Bay Rays,157,-182,https://fantasydata.com/mlb/colorado-rockies-odds
824647,2026-08-03,Chicago Cubs,Los Angeles Dodgers,109,-125,https://fantasydata.com/mlb/chicago-cubs-odds
825095,2026-08-03,Arizona Diamondbacks,San Diego Padres,-111,-103,https://fantasydata.com/mlb/arizona-diamondbacks-odds
822865,2026-08-04,Texas Rangers,San Francisco Giants,-193,167,https://fantasydata.com/mlb/san-francisco-giants-odds
823108,2026-08-04,Seattle Mariners,Detroit Tigers,-123,107,https://fantasydata.com/mlb/detroit-tigers-odds
823432,2026-08-04,Philadelphia Phillies,Washington Nationals,-323,272,https://fantasydata.com/mlb/philadelphia-phillies-odds
823517,2026-08-04,New York Yankees,St. Louis Cardinals,-205,177,https://fantasydata.com/mlb/new-york-yankees-odds
823756,2026-08-04,Milwaukee Brewers,Pittsburgh Pirates,-143,123,https://fantasydata.com/mlb/milwaukee-brewers-odds
824084,2026-08-04,Kansas City Royals,Minnesota Twins,126,-145,https://fantasydata.com/mlb/kansas-city-royals-odds
824161,2026-08-04,Houston Astros,Toronto Blue Jays,-141,123,https://fantasydata.com/mlb/houston-astros-odds
824321,2026-08-04,Colorado Rockies,Tampa Bay Rays,150,-173,https://fantasydata.com/mlb/colorado-rockies-odds
824403,2026-08-04,Cleveland Guardians,New York Mets,-135,118,https://fantasydata.com/mlb/cleveland-guardians-odds
824484,2026-08-04,Cincinnati Reds,Athletics,-133,116,https://fantasydata.com/mlb/athletics-odds
824645,2026-08-04,Chicago Cubs,Los Angeles Dodgers,172,-198,https://fantasydata.com/mlb/chicago-cubs-odds
824731,2026-08-04,Boston Red Sox,Chicago White Sox,-145,126,https://fantasydata.com/mlb/boston-red-sox-odds
824805,2026-08-04,Baltimore Orioles,Los Angeles Angels,-151,133,https://fantasydata.com/mlb/baltimore-orioles-odds
824888,2026-08-04,Atlanta Braves,Miami Marlins,-149,131,https://fantasydata.com/mlb/atlanta-braves-odds
825054,2026-08-04,Arizona Diamondbacks,San Diego Padres,-121,105,https://fantasydata.com/mlb/arizona-diamondbacks-odds
822866,2026-08-05,Texas Rangers,San Francisco Giants,-158,136,https://fantasydata.com/mlb/san-francisco-giants-odds
823106,2026-08-05,Seattle Mariners,Detroit Tigers,-152,133,https://fantasydata.com/mlb/detroit-tigers-odds
823429,2026-08-05,Philadelphia Phillies,Washington Nationals,-204,175,https://fantasydata.com/mlb/philadelphia-phillies-odds
823516,2026-08-05,New York Yankees,St. Louis Cardinals,-155,135,https://fantasydata.com/mlb/new-york-yankees-odds
823753,2026-08-05,Milwaukee Brewers,Pittsburgh Pirates,-132,115,https://fantasydata.com/mlb/milwaukee-brewers-odds
824082,2026-08-05,Kansas City Royals,Minnesota Twins,-121,105,https://fantasydata.com/mlb/kansas-city-royals-odds
824158,2026-08-05,Houston Astros,Toronto Blue Jays,-230,199,https://fantasydata.com/mlb/houston-astros-odds
824322,2026-08-05,Colorado Rockies,Tampa Bay Rays,141,-163,https://fantasydata.com/mlb/colorado-rockies-odds
824402,2026-08-05,Cleveland Guardians,New York Mets,-111,-104,https://fantasydata.com/mlb/cleveland-guardians-odds
824482,2026-08-05,Cincinnati Reds,Athletics,-165,143,https://fantasydata.com/mlb/athletics-odds
824646,2026-08-05,Chicago Cubs,Los Angeles Dodgers,-118,102,https://fantasydata.com/mlb/chicago-cubs-odds
824728,2026-08-05,Boston Red Sox,Chicago White Sox,-143,125,https://fantasydata.com/mlb/boston-red-sox-odds
824806,2026-08-05,Baltimore Orioles,Los Angeles Angels,-139,119,https://fantasydata.com/mlb/baltimore-orioles-odds
824889,2026-08-05,Atlanta Braves,Miami Marlins,-128,111,https://fantasydata.com/mlb/atlanta-braves-odds
825052,2026-08-05,Arizona Diamondbacks,San Diego Padres,121,-139,https://fantasydata.com/mlb/arizona-diamondbacks-odds
823105,2026-08-06,Seattle Mariners,Detroit Tigers,-120,103,https://fantasydata.com/mlb/detroit-tigers-odds
823430,2026-08-06,Philadelphia Phillies,Washington Nationals,-337,282,https://fantasydata.com/mlb/philadelphia-phillies-odds
823754,2026-08-06,Milwaukee Brewers,Pittsburgh Pirates,-124,108,https://fantasydata.com/mlb/milwaukee-brewers-odds
824080,2026-08-06,Kansas City Royals,Minnesota Twins,-131,115,https://fantasydata.com/mlb/kansas-city-royals-odds
824401,2026-08-06,Cleveland Guardians,New York Mets,-123,107,https://fantasydata.com/mlb/cleveland-guardians-odds
824481,2026-08-06,Cincinnati Reds,Athletics,-169,146,https://fantasydata.com/mlb/athletics-odds
824664,2026-08-06,Chicago Cubs,Toronto Blue Jays,-108,-108,https://fantasydata.com/mlb/chicago-cubs-odds
824729,2026-08-06,Boston Red Sox,Chicago White Sox,-195,169,https://fantasydata.com/mlb/boston-red-sox-odds
824804,2026-08-06,Baltimore Orioles,Los Angeles Angels,-191,163,https://fantasydata.com/mlb/baltimore-orioles-odds
824885,2026-08-06,Atlanta Braves,Miami Marlins,-172,148,https://fantasydata.com/mlb/atlanta-braves-odds
825053,2026-08-06,Arizona Diamondbacks,San Diego Padres,-108,-109,https://fantasydata.com/mlb/arizona-diamondbacks-odds
822699,2026-08-07,Washington Nationals,Cincinnati Reds,-122,106,https://fantasydata.com/mlb/cincinnati-reds-odds
822863,2026-08-07,Texas Rangers,Baltimore Orioles,-146,126,https://fantasydata.com/mlb/baltimore-orioles-odds
823024,2026-08-07,St. Louis Cardinals,Colorado Rockies,-169,147,https://fantasydata.com/mlb/colorado-rockies-odds
823103,2026-08-07,Seattle Mariners,Tampa Bay Rays,-114,-101,https://fantasydata.com/mlb/seattle-mariners-odds
823191,2026-08-07,San Francisco Giants,Detroit Tigers,126,-143,https://fantasydata.com/mlb/detroit-tigers-odds
823266,2026-08-07,San Diego Padres,Houston Astros,-111,-104,https://fantasydata.com/mlb/houston-astros-odds
823349,2026-08-07,Pittsburgh Pirates,New York Mets,-133,115,https://fantasydata.com/mlb/new-york-mets-odds
823428,2026-08-07,Philadelphia Phillies,Toronto Blue Jays,-218,185,https://fantasydata.com/mlb/philadelphia-phillies-odds
823515,2026-08-07,New York Yankees,Atlanta Braves,-127,110,https://fantasydata.com/mlb/atlanta-braves-odds
823750,2026-08-07,Milwaukee Brewers,Minnesota Twins,-178,153,https://fantasydata.com/mlb/milwaukee-brewers-odds
823836,2026-08-07,Miami Marlins,Los Angeles Angels,-149,130,https://fantasydata.com/mlb/los-angeles-angels-odds
824081,2026-08-07,Kansas City Royals,Chicago Cubs,154,-176,https://fantasydata.com/mlb/chicago-cubs-odds
824566,2026-08-07,Chicago White Sox,Cleveland Guardians,126,-145,https://fantasydata.com/mlb/chicago-white-sox-odds
824727,2026-08-07,Boston Red Sox,Athletics,-278,237,https://fantasydata.com/mlb/athletics-odds
825051,2026-08-07,Arizona Diamondbacks,Los Angeles Dodgers,154,-179,https://fantasydata.com/mlb/arizona-diamondbacks-odds
