game_pk,date,home_team,away_team,p_home_cover_15,p_away_cover_plus_15,p_home_cover_15_margin_head,predicted_margin,home_cover_15
824940,2026-04-01,Atlanta Braves,Athletics,0.5332869124996915,0.4667130875003085,0.5001701403658018,1.770061324202118,1
824860,2026-04-01,Baltimore Orioles,Texas Rangers,0.29689095189233994,0.7031090481076601,0.27413866439812845,-0.07705919290629215,1
824536,2026-04-01,Cincinnati Reds,Pittsburgh Pirates,0.38317203937804756,0.6168279606219524,0.3438962143768609,0.5056692259703529,0
823483,2026-04-01,Philadelphia Phillies,Washington Nationals,0.3330984003990763,0.6669015996009238,0.25703955763504893,-0.22384052627267048,0
822835,2026-04-01,Toronto Blue Jays,Colorado Rockies,0.42610945308653625,0.5738905469134638,0.35325393449595915,0.5805866645984818,0
823889,2026-04-01,Miami Marlins,Chicago White Sox,0.5068018573443371,0.49319814265566286,0.4880901743938749,1.6350620384706807,1
823078,2026-04-01,St. Louis Cardinals,New York Mets,0.30848560876860287,0.6915143912313971,0.24368353891960867,-0.372810573245598,0
823806,2026-04-01,Milwaukee Brewers,Tampa Bay Rays,0.48239651547354895,0.517603484526451,0.4597618034878775,1.3891993401274032,1
824211,2026-04-01,Houston Astros,Boston Red Sox,0.4119427982981802,0.5880572017018197,0.30008507018290087,0.1299020646639019,1
824698,2026-04-01,Chicago Cubs,Los Angeles Angels,0.35381462405144026,0.6461853759485597,0.3353041259038707,0.4291993447512514,1
825106,2026-04-01,Arizona Diamondbacks,Detroit Tigers,0.3252792501470514,0.6747207498529486,0.2305827307528711,-0.5148860906565434,0
823157,2026-04-01,Seattle Mariners,New York Yankees,0.3446427478460364,0.6553572521539637,0.3466184602296895,0.5233560591449313,0
823321,2026-04-01,San Diego Padres,San Francisco Giants,0.3190522331223703,0.6809477668776297,0.25542322415993196,-0.2363734397474596,1
823970,2026-04-01,Los Angeles Dodgers,Cleveland Guardians,0.42355257818101927,0.5764474218189808,0.3666950233943003,0.6824019718981718,0
824133,2026-04-02,Kansas City Royals,Minnesota Twins,0.42401341712300505,0.575986582876995,0.2730327520204168,-0.08199709580768876,0
825105,2026-04-02,Arizona Diamondbacks,Atlanta Braves,0.31210820313715115,0.6878917968628488,0.26435559336452574,-0.15720721293571707,0
823242,2026-04-02,San Francisco Giants,New York Mets,0.3459295329760177,0.6540704670239823,0.2495533815397703,-0.31318292715489177,1
822758,2026-04-03,Washington Nationals,Los Angeles Dodgers,0.34263695562520247,0.6573630443747975,0.2407911527009783,-0.4005553042767904,0
824299,2026-04-03,Detroit Tigers,St. Louis Cardinals,0.3576540144636594,0.6423459855363406,0.30561463207145895,0.18464976042569467,1
823568,2026-04-03,New York Yankees,Miami Marlins,0.35235628738980146,0.6476437126101986,0.22998723947256486,-0.5268297108410208,1
824621,2026-04-03,Chicago White Sox,Toronto Blue Jays,0.25761231898806863,0.7423876810119314,0.2520204168438962,-0.2767666844573962,0
824786,2026-04-03,Boston Red Sox,San Diego Padres,0.37345723500382194,0.6265427649961781,0.4254785197788175,1.1177708142578249,1
822919,2026-04-03,Texas Rangers,Cincinnati Reds,0.39829808989260423,0.6017019101073957,0.390004253509145,0.8622430414754604,0
823732,2026-04-03,Minnesota Twins,Tampa Bay Rays,0.38323929965921727,0.6167607003407827,0.26894938324117396,-0.11553161404267426,1
824377,2026-04-03,Colorado Rockies,Philadelphia Phillies,0.40178938932168007,0.5982106106783199,0.3415142492556359,0.4898833912906128,0
824458,2026-04-03,Cleveland Guardians,Chicago Cubs,0.3452009864028569,0.6547990135971431,0.2916631220757125,0.06043914871444196,1
823406,2026-04-03,Pittsburgh Pirates,Baltimore Orioles,0.37232829622611874,0.6276717037738813,0.25244576775840066,-0.2720277770930704,0
824056,2026-04-03,Los Angeles Angels,Seattle Mariners,0.32366078718877384,0.6763392128112262,0.28170991067630796,-0.018060723376783498,0
825026,2026-04-03,Athletics,Houston Astros,0.2965324322098286,0.7034675677901714,0.24104636324968098,-0.3978867214409268,1
825103,2026-04-03,Arizona Diamondbacks,Atlanta Braves,0.322828473519824,0.677171526480176,0.24657592513823906,-0.3405870097070961,0
823240,2026-04-03,San Francisco Giants,New York Mets,0.3480773284700574,0.6519226715299427,0.3131008081667376,0.2444657594317227,0
824295,2026-04-04,Detroit Tigers,St. Louis Cardinals,0.3774622630890617,0.6225377369109383,0.2727775414717142,-0.08532069201066082,1
824132,2026-04-04,Kansas City Royals,Milwaukee Brewers,0.31469774650861215,0.6853022534913878,0.247426626967248,-0.33014040009859696,0
824622,2026-04-04,Chicago White Sox,Toronto Blue Jays,0.31055395344105025,0.6894460465589498,0.2602722245852829,-0.19362804618951748,1
822757,2026-04-04,Washington Nationals,Los Angeles Dodgers,0.3380668147740897,0.6619331852259103,0.23398553806890685,-0.4728712612640457,0
823404,2026-04-04,Pittsburgh Pirates,Baltimore Orioles,0.3694748050876301,0.6305251949123699,0.26154827732879626,-0.18058073037128808,0
825027,2026-04-04,Athletics,Houston Astros,0.3494553322622674,0.6505446677377327,0.29795831561037855,0.11205153627461492,0
824782,2026-04-04,Boston Red Sox,San Diego Padres,0.37672554867197083,0.6232744513280292,0.341429179072735,0.4887652763750465,0
822920,2026-04-04,Texas Rangers,Cincinnati Reds,0.38399341954135274,0.6160065804586472,0.31352615908124204,0.2490725775841117,0
823569,2026-04-04,New York Yankees,Miami Marlins,0.37752438066379435,0.6224756193362057,0.3062951935346661,0.19048756487634694,1
823730,2026-04-04,Minnesota Twins,Tampa Bay Rays,0.39631581593681614,0.6036841840631839,0.2724372607401106,-0.0897681282767074,0
824134,2026-04-04,Kansas City Royals,Milwaukee Brewers,0.31259141357240017,0.6874085864275998,0.25423224159931945,-0.2523411976847985,1
825104,2026-04-04,Arizona Diamondbacks,Atlanta Braves,0.3248331231180148,0.6751668768819852,0.26826882177796685,-0.1223140466965575,0
824378,2026-04-04,Colorado Rockies,Philadelphia Phillies,0.31797378936264414,0.6820262106373558,0.2626541897065079,-0.1687566950104431,0
823239,2026-04-04,San Francisco Giants,New York Mets,0.32508523505859765,0.6749147649414023,0.2571246278179498,-0.22179081241192994,0
824054,2026-04-04,Los Angeles Angels,Seattle Mariners,0.28976334927652037,0.7102366507234796,0.225903870693322,-0.5782617246048126,0
824459,2026-04-05,Cleveland Guardians,Chicago Cubs,0.34095930346139086,0.6590406965386091,0.2509995746490855,-0.2918092840933002,0
824460,2026-04-05,Cleveland Guardians,Chicago Cubs,0.33313978859761,0.66686021140239,0.3176945980433858,0.28915894698756633,0
822756,2026-04-05,Washington Nationals,Los Angeles Dodgers,0.3212470911831334,0.6787529088168667,0.255338153977031,-0.23786018983142213,0
823405,2026-04-05,Pittsburgh Pirates,Baltimore Orioles,0.3727742323642857,0.6272257676357142,0.2648660144619311,-0.15345249817136145,1
823566,2026-04-05,New York Yankees,Miami Marlins,0.43418223974451187,0.5658177602554881,0.47303275202041684,1.4952105404156504,0
824781,2026-04-05,Boston Red Sox,San Diego Padres,0.3611720427281772,0.6388279572718227,0.35937898766482346,0.6248628467972346,0
823729,2026-04-05,Minnesota Twins,Tampa Bay Rays,0.40349042002746527,0.5965095799725347,0.3251807741386644,0.359863914143592,0
824131,2026-04-05,Kansas City Royals,Milwaukee Brewers,0.28966794458342904,0.710332055416571,0.2486176095278605,-0.32261832058800566,0
824620,2026-04-05,Chicago White Sox,Toronto Blue Jays,0.3079186222117213,0.6920813777882787,0.2217354317311782,-0.6364226268099616,1
822917,2026-04-05,Texas Rangers,Cincinnati Reds,0.33501682699613733,0.6649831730038627,0.2549978732454275,-0.2439343289597438,0
824379,2026-04-05,Colorado Rockies,Philadelphia Phillies,0.3606951825841515,0.6393048174158484,0.3803913228413441,0.7888660901146458,1
823238,2026-04-05,San Francisco Giants,New York Mets,0.29594227820022473,0.7040577217997752,0.23373032752020417,-0.4781032476564491,0
825025,2026-04-05,Athletics,Houston Astros,0.2776543956989469,0.7223456043010531,0.213143343258188,-0.7465591980004674,1
824053,2026-04-05,Los Angeles Angels,Seattle Mariners,0.30949046769202504,0.690509532307975,0.23636750319013186,-0.45461656652796284,0
825102,2026-04-05,Arizona Diamondbacks,Atlanta Braves,0.3383275533922127,0.6616724466077872,0.21475967673330498,-0.7288629202671919,0
824296,2026-04-05,Detroit Tigers,St. Louis Cardinals,0.46992524253561535,0.5300747574643847,0.42922160782645685,1.140734408916697,0
823002,2026-04-06,Tampa Bay Rays,Chicago Cubs,0.35167587709409764,0.6483241229059024,0.3015312632922161,0.14566321053357106,1
824456,2026-04-06,Cleveland Guardians,Kansas City Royals,0.4226601494296006,0.5773398505703994,0.4295618885580604,1.1426279279577993,0
823401,2026-04-06,Pittsburgh Pirates,San Diego Padres,0.47897336638783494,0.5210266336121651,0.4910676307954062,1.6605017553688555,0
823886,2026-04-06,Miami Marlins,Cincinnati Reds,0.39249557925962586,0.6075044207403741,0.31871544023819653,0.2977864531781523,0
822755,2026-04-06,Washington Nationals,St. Louis Cardinals,0.3651490683072427,0.6348509316927573,0.28664398128455976,0.02407437702170988,1
824783,2026-04-06,Boston Red Sox,Milwaukee Brewers,0.2790348349838021,0.7209651650161979,0.22258613356018717,-0.6191437341964137,0
822832,2026-04-06,Toronto Blue Jays,Los Angeles Dodgers,0.3376489623763127,0.6623510376236873,0.32296894938324117,0.3413504338968585,0
823728,2026-04-06,Minnesota Twins,Detroit Tigers,0.3090271164311347,0.6909728835688653,0.2986388770735857,0.11826041548751853,1
824619,2026-04-06,Chicago White Sox,Baltimore Orioles,0.40190578486107564,0.5980942151389244,0.31658868566567416,0.2784111255769654,0
822918,2026-04-06,Texas Rangers,Seattle Mariners,0.3796435788217448,0.6203564211782552,0.3403232666950234,0.47557071051358646,0
824376,2026-04-06,Colorado Rockies,Houston Astros,0.32954196180960343,0.6704580381903966,0.2646958740961293,-0.15555325505216133,1
824052,2026-04-06,Los Angeles Angels,Atlanta Braves,0.3034684897820001,0.6965315102179999,0.20650786899191834,-0.8232073188088874,1
823237,2026-04-06,San Francisco Giants,Philadelphia Phillies,0.28078988913130054,0.7192101108686995,0.25065929391748193,-0.2967316630937004,0
824457,2026-04-07,Cleveland Guardians,Kansas City Royals,0.37756913035823425,0.6224308696417657,0.3054444917056572,0.18115041338542506,0
824618,2026-04-07,Chicago White Sox,Baltimore Orioles,0.3288701942949057,0.6711298057050943,0.3084219481071884,0.2066762384568549,0
823648,2026-04-07,New York Mets,Arizona Diamondbacks,0.46572912109506537,0.5342708789049346,0.42905146746065503,1.1391031436250911,0
822999,2026-04-07,Tampa Bay Rays,Chicago Cubs,0.34701025975147454,0.6529897402485254,0.31071884304551256,0.22442829027944866,0
823402,2026-04-07,Pittsburgh Pirates,San Diego Padres,0.35122832947060373,0.6487716705293962,0.26894938324117396,-0.11661405635222176,1
823887,2026-04-07,Miami Marlins,Cincinnati Reds,0.39304800121028083,0.6069519987897192,0.32705231816248403,0.3713361405027329,0
822754,2026-04-07,Washington Nationals,St. Louis Cardinals,0.3661072342248927,0.6338927657751072,0.3311356869417269,0.39673768567005996,0
824780,2026-04-07,Boston Red Sox,Milwaukee Brewers,0.3027232896397495,0.6972767103602505,0.2608677158655891,-0.18918672947141776,0
823567,2026-04-07,New York Yankees,Athletics,0.5075122243642891,0.4924877756357109,0.4396001701403658,1.218758868531673,1
822831,2026-04-07,Toronto Blue Jays,Los Angeles Dodgers,0.3194378319343489,0.6805621680656511,0.2599319438536793,-0.1947667600252262,0
823727,2026-04-07,Minnesota Twins,Detroit Tigers,0.35462487939442416,0.6453751206055758,0.2963419821352616,0.09780726142057397,1
822916,2026-04-07,Texas Rangers,Seattle Mariners,0.33247277119154917,0.6675272288084508,0.3002552105487027,0.13072138024513447,0
824375,2026-04-07,Colorado Rockies,Houston Astros,0.34830979897563297,0.651690201024367,0.27873245427477666,-0.04208502079380174,1
824051,2026-04-07,Los Angeles Angels,Atlanta Braves,0.3255043131785562,0.6744956868214438,0.2526159081242025,-0.2684142331130991,0
823235,2026-04-07,San Francisco Giants,Philadelphia Phillies,0.2958938499432765,0.7041061500567235,0.2294768183751595,-0.534263909897498,1
823403,2026-04-08,Pittsburgh Pirates,San Diego Padres,0.39702248916374056,0.6029775108362594,0.3934070608251808,0.885851071155549,0
824455,2026-04-08,Cleveland Guardians,Kansas City Royals,0.36085105005892393,0.6391489499410761,0.3364951084644832,0.4400971131743537,1
824779,2026-04-08,Boston Red Sox,Milwaukee Brewers,0.3195097199941589,0.6804902800058411,0.2961718417694598,0.09480011974075277,1
824617,2026-04-08,Chicago White Sox,Baltimore Orioles,0.2888591509280433,0.7111408490719566,0.30093577201190985,0.14122655025963457,0
822915,2026-04-08,Texas Rangers,Seattle Mariners,0.35292608510073525,0.6470739148992648,0.27720119098256063,-0.05130525853233654,1
822833,2026-04-08,Toronto Blue Jays,Los Angeles Dodgers,0.3213857410042255,0.6786142589957744,0.2749042960442365,-0.07216922734926501,0
824374,2026-04-08,Colorado Rockies,Houston Astros,0.3753533771275198,0.6246466228724802,0.31837515950659295,0.29644889271762337,1
823234,2026-04-08,San Francisco Giants,Philadelphia Phillies,0.29445538797161797,0.705544612028382,0.23934495959166313,-0.41618062515825655,1
822753,2026-04-08,Washington Nationals,St. Louis Cardinals,0.34686981622209545,0.6531301837779045,0.298383666524883,0.11693079808880326,0
824050,2026-04-08,Los Angeles Angels,Atlanta Braves,0.31705155777205873,0.6829484422279413,0.2693747341556784,-0.11272242310960458,0
823646,2026-04-08,New York Mets,Arizona Diamondbacks,0.4216054161360549,0.578394583863945,0.3512973202892386,0.5668516803309326,0
823000,2026-04-08,Tampa Bay Rays,Chicago Cubs,0.30253280583306447,0.6974671941669355,0.23083794130157378,-0.5115352791943188,0
823885,2026-04-08,Miami Marlins,Cincinnati Reds,0.3512395015816581,0.6487604984183419,0.31539770310506166,0.2657524754493392,1
823564,2026-04-08,New York Yankees,Athletics,0.4521770537865129,0.5478229462134871,0.35623139089749045,0.5986393498710282,0
823726,2026-04-08,Minnesota Twins,Detroit Tigers,0.34281419452229417,0.6571858054777058,0.2699702254359847,-0.10852385552691966,1
823884,2026-04-09,Miami Marlins,Cincinnati Reds,0.35103347424832465,0.6489665257516753,0.29455550829434285,0.08287258539561765,1
823565,2026-04-09,New York Yankees,Athletics,0.46973949019486255,0.5302605098051374,0.3945980433857933,0.8948567474507396,0
823724,2026-04-09,Minnesota Twins,Detroit Tigers,0.34365508883817464,0.6563449111618254,0.26563164610803913,-0.14633840543108362,1
823645,2026-04-09,New York Mets,Arizona Diamondbacks,0.4661820040079905,0.5338179959920095,0.4154402381965121,1.0455055305344358,0
824130,2026-04-09,Kansas City Royals,Chicago White Sox,0.44053314950844497,0.559466850491555,0.29123777116120797,0.0581966154191421,0
823319,2026-04-09,San Diego Padres,Colorado Rockies,0.33754446821547757,0.6624555317845224,0.27788175244576774,-0.04753145912386184,1
824695,2026-04-10,Chicago Cubs,Pittsburgh Pirates,0.3552484159934552,0.6447515840065448,0.27430880476393027,-0.07574708472530321,0
823482,2026-04-10,Philadelphia Phillies,Arizona Diamondbacks,0.3305289601407423,0.6694710398592577,0.3124202467035304,0.23805653090335166,0
824297,2026-04-10,Detroit Tigers,Miami Marlins,0.3244922687245957,0.6755077312754043,0.29174819225861337,0.06239216865395848,1
824534,2026-04-10,Cincinnati Reds,Los Angeles Angels,0.4641219490745963,0.5358780509254037,0.4236920459378988,1.0993280181072123,0
822829,2026-04-10,Toronto Blue Jays,Minnesota Twins,0.3150735123383653,0.6849264876616348,0.2761803487877499,-0.06174427649779359,1
822997,2026-04-10,Tampa Bay Rays,New York Yankees,0.33392967335703583,0.6660703266429642,0.26307954062101235,-0.16491831292246548,1
823643,2026-04-10,New York Mets,Athletics,0.4074020262514717,0.5925979737485283,0.31352615908124204,0.24865497457035876,0
824858,2026-04-10,Baltimore Orioles,San Francisco Giants,0.38611805590572024,0.6138819440942798,0.2804338579327946,-0.025506573885263756,0
824941,2026-04-10,Atlanta Braves,Cleveland Guardians,0.41690190013086725,0.5830980998691327,0.3928966397277754,0.881233210455009,1
823808,2026-04-10,Milwaukee Brewers,Washington Nationals,0.3905134422285546,0.6094865577714454,0.2989791578051893,0.12210261372900529,0
824128,2026-04-10,Kansas City Royals,Chicago White Sox,0.35861350705654643,0.6413864929434536,0.25908124202467037,-0.2052080111410332,1
823076,2026-04-10,St. Louis Cardinals,Boston Red Sox,0.3708028187262496,0.6291971812737505,0.27014036580178646,-0.10775596884889783,0
823156,2026-04-10,Seattle Mariners,Houston Astros,0.3870676560972357,0.6129323439027643,0.3074861760952786,0.201729439780735,1
823318,2026-04-10,San Diego Padres,Colorado Rockies,0.3420445260694657,0.6579554739305342,0.2548277328796257,-0.24737007885148285,1
823968,2026-04-10,Los Angeles Dodgers,Texas Rangers,0.4435420752309575,0.5564579247690424,0.42658443215652914,1.1236043149697754,0
823480,2026-04-11,Philadelphia Phillies,Arizona Diamondbacks,0.3010653375662185,0.6989346624337816,0.24512973202892385,-0.3572357345350687,0
824294,2026-04-11,Detroit Tigers,Miami Marlins,0.33476954377035106,0.6652304562296489,0.2948107188430455,0.08540448069839236,1
824697,2026-04-11,Chicago Cubs,Pittsburgh Pirates,0.3482423538328873,0.6517576461671126,0.32330923011484475,0.3458238491097936,0
822830,2026-04-11,Toronto Blue Jays,Minnesota Twins,0.3027186188467886,0.6972813811532115,0.21994895789025948,-0.6582961871030522,0
823644,2026-04-11,New York Mets,Athletics,0.3839028553754644,0.6160971446245356,0.3155678434708635,0.2677423541734754,0
824129,2026-04-11,Kansas City Royals,Chicago White Sox,0.4237174919114037,0.5762825080885963,0.33862186303700553,0.4584610635494258,1
824535,2026-04-11,Cincinnati Reds,Los Angeles Angels,0.34674974563582106,0.6532502543641789,0.2900467886005955,0.04892776473683025,1
822996,2026-04-11,Tampa Bay Rays,New York Yankees,0.3008715239768908,0.6991284760231091,0.1681412165036155,-1.383389021354757,0
823805,2026-04-11,Milwaukee Brewers,Washington Nationals,0.40636204826567324,0.5936379517343268,0.4343258188005104,1.1801689640956508,0
823074,2026-04-11,St. Louis Cardinals,Boston Red Sox,0.38730295863962844,0.6126970413603716,0.2834113143343258,-0.0008156001471341141,0
824857,2026-04-11,Baltimore Orioles,San Francisco Giants,0.34701003717554557,0.6529899628244544,0.2861335601871544,0.02010380598800675,1
824939,2026-04-11,Atlanta Braves,Cleveland Guardians,0.38481403608747494,0.615185963912525,0.3164185452998724,0.2771528255989412,0
823316,2026-04-11,San Diego Padres,Colorado Rockies,0.3751278089772324,0.6248721910227676,0.33726074011059126,0.445892326218249,1
823967,2026-04-11,Los Angeles Dodgers,Texas Rangers,0.38175662827209045,0.6182433717279096,0.27873245427477666,-0.042565975968203794,1
823155,2026-04-11,Seattle Mariners,Houston Astros,0.40332627004857485,0.5966737299514251,0.34066354742662697,0.4803541790617233,0
823479,2026-04-12,Philadelphia Phillies,Arizona Diamondbacks,0.29667015639491184,0.7033298436050881,0.2510846448319864,-0.2906333952877652,0
824859,2026-04-12,Baltimore Orioles,San Francisco Giants,0.4032025212540256,0.5967974787459744,0.3463632496809868,0.5213345878956835,1
822828,2026-04-12,Toronto Blue Jays,Minnesota Twins,0.29821816662042616,0.7017818333795738,0.23049766056997023,-0.5153075238219614,0
822998,2026-04-12,Tampa Bay Rays,New York Yankees,0.2841956148198965,0.7158043851801035,0.1869417269247129,-1.1024040869864173,0
823642,2026-04-12,New York Mets,Athletics,0.36163516204518087,0.6383648379548191,0.34866014461931094,0.539005825281675,0
824293,2026-04-12,Detroit Tigers,Miami Marlins,0.3635821374095972,0.6364178625904028,0.32330923011484475,0.3461024630888022,1
824533,2026-04-12,Cincinnati Reds,Los Angeles Angels,0.36619087360788966,0.6338091263921104,0.2495533815397703,-0.3128079107038058,0
823804,2026-04-12,Milwaukee Brewers,Washington Nationals,0.4281685066414912,0.5718314933585088,0.3662696724797958,0.6791164428902793,0
824126,2026-04-12,Kansas City Royals,Chicago White Sox,0.46663100579378813,0.5333689942062119,0.3566567418119949,0.6014305778440171,0
823075,2026-04-12,St. Louis Cardinals,Boston Red Sox,0.37267929384800547,0.6273207061519945,0.30221182475542324,0.15282990961413487,0
824696,2026-04-12,Chicago Cubs,Pittsburgh Pirates,0.34996880031544114,0.6500311996845589,0.28689919183326246,0.025648860353397227,0
823154,2026-04-12,Seattle Mariners,Houston Astros,0.4059068776016279,0.5940931223983721,0.33555933645257335,0.43129367211149633,1
823317,2026-04-12,San Diego Padres,Colorado Rockies,0.3834053505356452,0.6165946494643548,0.28723947256486604,0.030915359471856693,1
823966,2026-04-12,Los Angeles Dodgers,Texas Rangers,0.3649698093107915,0.6350301906892085,0.28800510421097403,0.0352880817119829,0
824938,2026-04-12,Atlanta Braves,Cleveland Guardians,0.4181082819506472,0.5818917180493528,0.3665248830284985,0.6811674272486112,1
823153,2026-04-13,Seattle Mariners,Houston Astros,0.43509831237539953,0.5649016876246005,0.36516376010208423,0.6652334486060067,1
824856,2026-04-13,Baltimore Orioles,Arizona Diamondbacks,0.3831777085126598,0.6168222914873402,0.3054444917056572,0.180491512341397,1
823400,2026-04-13,Pittsburgh Pirates,Washington Nationals,0.4270249289083155,0.5729750710916846,0.3691620586984262,0.701714740309426,1
823481,2026-04-13,Philadelphia Phillies,Chicago Cubs,0.3366008067348141,0.6633991932651859,0.2646108039132284,-0.1557198521592708,1
823563,2026-04-13,New York Yankees,Los Angeles Angels,0.3961379761109669,0.6038620238890331,0.33700552956188856,0.44486682669858174,0
824937,2026-04-13,Atlanta Braves,Miami Marlins,0.40554732252992864,0.5944526774700714,0.3827732879625691,0.8025520955184697,0
823725,2026-04-13,Minnesota Twins,Boston Red Sox,0.33972895147562043,0.6602710485243796,0.22981709910676307,-0.5309655468609534,1
823073,2026-04-13,St. Louis Cardinals,Cleveland Guardians,0.3366509823344076,0.6633490176655924,0.2470863462356444,-0.3348619806862411,0
825024,2026-04-13,Athletics,Texas Rangers,0.33622046702875363,0.6637795329712464,0.28205019140791154,-0.013471127093136142,0
823964,2026-04-13,Los Angeles Dodgers,New York Mets,0.420928857029335,0.579071142970665,0.3417694598043386,0.49200278783332047,1
824853,2026-04-14,Baltimore Orioles,Arizona Diamondbacks,0.3678838367766179,0.632116163223382,0.35087196937473414,0.562041953578981,0
823398,2026-04-14,Pittsburgh Pirates,Washington Nationals,0.4379367219996145,0.5620632780003856,0.4472564866014462,1.2829972685298066,0
823478,2026-04-14,Philadelphia Phillies,Chicago Cubs,0.36132343610258205,0.6386765638974179,0.3405784772437261,0.47858339952318646,0
824292,2026-04-14,Detroit Tigers,Kansas City Royals,0.3728121256424513,0.6271878743575487,0.2533815397703105,-0.2611849087573345,0
824531,2026-04-14,Cincinnati Reds,San Francisco Giants,0.3712142922370045,0.6287857077629955,0.2772862611654615,-0.05088136153072086,0
823562,2026-04-14,New York Yankees,Los Angeles Angels,0.40176343636390954,0.5982365636360905,0.2892811569544875,0.04245456840414935,0
824935,2026-04-14,Atlanta Braves,Miami Marlins,0.4265993247748244,0.5734006752251757,0.30093577201190985,0.14116946108766182,0
823723,2026-04-14,Minnesota Twins,Boston Red Sox,0.3982739635251859,0.601726036474814,0.3035729476818375,0.1613103624581381,1
823802,2026-04-14,Milwaukee Brewers,Toronto Blue Jays,0.44238703062424845,0.5576129693757516,0.33462356444066355,0.42236080641514273,0
824616,2026-04-14,Chicago White Sox,Tampa Bay Rays,0.30566388174982856,0.6943361182501715,0.23126329221607828,-0.5074159430828926,0
823072,2026-04-14,St. Louis Cardinals,Cleveland Guardians,0.28332781245006694,0.7166721875499331,0.21016588685665674,-0.7864279661730752,0
824210,2026-04-14,Houston Astros,Colorado Rockies,0.3444496719372631,0.6555503280627368,0.2470863462356444,-0.33320880097933264,0
823315,2026-04-14,San Diego Padres,Seattle Mariners,0.35411917137321697,0.645880828626783,0.23236920459378987,-0.4971356936275544,1
825022,2026-04-14,Athletics,Texas Rangers,0.29416633269933073,0.7058336673006693,0.2042109740535942,-0.8624695390706951,0
823965,2026-04-14,Los Angeles Dodgers,New York Mets,0.4128734120075936,0.5871265879924064,0.40727350063802636,0.9827009272345972,0
824855,2026-04-15,Baltimore Orioles,Arizona Diamondbacks,0.37184530285990713,0.6281546971400929,0.33853679285410465,0.45536854057684695,0
823071,2026-04-15,St. Louis Cardinals,Cleveland Guardians,0.3128312199775122,0.6871687800224878,0.2571246278179498,-0.22177024389492167,1
823722,2026-04-15,Minnesota Twins,Boston Red Sox,0.40026862839557203,0.5997313716044279,0.3588685665674181,0.6208276913767625,0
823399,2026-04-15,Pittsburgh Pirates,Washington Nationals,0.37006481105737615,0.6299351889426239,0.32024670353041257,0.31159914280628265,1
823477,2026-04-15,Philadelphia Phillies,Chicago Cubs,0.3412659929155394,0.6587340070844606,0.3054444917056572,0.18182828209368704,0
824291,2026-04-15,Detroit Tigers,Kansas City Royals,0.34975312032652633,0.6502468796734737,0.2760102084219481,-0.06470212161154495,0
824532,2026-04-15,Cincinnati Reds,San Francisco Giants,0.3690553215251664,0.6309446784748336,0.30068056146320715,0.13778554962467612,1
823561,2026-04-15,New York Yankees,Los Angeles Angels,0.36512332879193926,0.6348766712080607,0.26894938324117396,-0.1169237616180362,0
824936,2026-04-15,Atlanta Braves,Miami Marlins,0.4608779904159852,0.5391220095840148,0.42530837941301575,1.1164783331555974,1
823803,2026-04-15,Milwaukee Brewers,Toronto Blue Jays,0.3960866035833435,0.6039133964166565,0.32211824755423224,0.329784728390178,0
824615,2026-04-15,Chicago White Sox,Tampa Bay Rays,0.33292504706542253,0.6670749529345774,0.2725223309230115,-0.08817973935071301,0
824209,2026-04-15,Houston Astros,Colorado Rockies,0.4018546242490011,0.5981453757509989,0.25491280306252656,-0.24542470591386678,1
823314,2026-04-15,San Diego Padres,Seattle Mariners,0.3581506329528697,0.6418493670471304,0.32211824755423224,0.3292280079255901,0
825021,2026-04-15,Athletics,Texas Rangers,0.33703081658931916,0.6629691834106808,0.2730327520204168,-0.08144784951067446,0
823963,2026-04-15,Los Angeles Dodgers,New York Mets,0.45029758511022244,0.5497024148897776,0.49183326244151426,1.6691606913495616,1
823396,2026-04-16,Pittsburgh Pirates,Washington Nationals,0.42309066522916244,0.5769093347708376,0.4596767333049766,1.3885169060045277,0
824530,2026-04-16,Cincinnati Reds,San Francisco Giants,0.42633270617647107,0.573667293823529,0.3340280731603573,0.416828631611131,0
824289,2026-04-16,Detroit Tigers,Kansas City Royals,0.36996311648795377,0.6300368835120462,0.29685240323266693,0.10196049364892251,0
823560,2026-04-16,New York Yankees,Los Angeles Angels,0.4600437654756999,0.5399562345243001,0.450574223734581,1.305683939825075,0
823801,2026-04-16,Milwaukee Brewers,Toronto Blue Jays,0.3811478765883887,0.6188521234116113,0.2835814547001276,0.00035115564443762514,0
824614,2026-04-16,Chicago White Sox,Tampa Bay Rays,0.28055747936672226,0.7194425206332777,0.20625265844321566,-0.8255699855763899,0
825023,2026-04-16,Athletics,Texas Rangers,0.306650967054178,0.6933490329458221,0.22539344959591665,-0.5871349806773205,0
824453,2026-04-16,Cleveland Guardians,Baltimore Orioles,0.3446404518075532,0.6553595481924468,0.28945129732028924,0.0461142795327755,1
824208,2026-04-16,Houston Astros,Colorado Rockies,0.36600092516526544,0.6339990748347346,0.3037430880476393,0.16400140569080343,0
823313,2026-04-16,San Diego Padres,Seattle Mariners,0.3669343466087844,0.6330656533912156,0.2761803487877499,-0.06199569420119611,1
824693,2026-04-17,Chicago Cubs,New York Mets,0.4188600832549954,0.5811399167450046,0.38711186729051467,0.8371044696703804,1
824454,2026-04-17,Cleveland Guardians,Baltimore Orioles,0.36181049416803235,0.6381895058319677,0.335048915355168,0.42834744702413885,0
823476,2026-04-17,Philadelphia Phillies,Atlanta Braves,0.3038547747592398,0.6961452252407603,0.18643130582730752,-1.1095939597630833,0
822752,2026-04-17,Washington Nationals,San Francisco Giants,0.3647999886217256,0.6352000113782744,0.3033177371331348,0.1603507598136181,0
823397,2026-04-17,Pittsburgh Pirates,Tampa Bay Rays,0.3609114212940353,0.6390885787059647,0.277711612079966,-0.0480870654200436,1
823559,2026-04-17,New York Yankees,Kansas City Royals,0.4374867602207309,0.5625132397792691,0.3643130582730753,0.6612923382123073,1
823883,2026-04-17,Miami Marlins,Milwaukee Brewers,0.3267474050505429,0.6732525949494571,0.31539770310506166,0.26522478790396437,0
824778,2026-04-17,Boston Red Sox,Detroit Tigers,0.30604144920874554,0.6939585507912545,0.2687792428753722,-0.11716041901055987,0
823720,2026-04-17,Minnesota Twins,Cincinnati Reds,0.4599795835968613,0.5400204164031387,0.4345810293492131,1.1825969391504885,0
824207,2026-04-17,Houston Astros,St. Louis Cardinals,0.3726843576012918,0.6273156423987082,0.3066354742662697,0.19303223380808504,0
824373,2026-04-17,Colorado Rockies,Los Angeles Dodgers,0.28149772542654417,0.7185022745734558,0.19766056997022544,-0.9446286188356724,0
824048,2026-04-17,Los Angeles Angels,San Diego Padres,0.36147075651075666,0.6385292434892433,0.28034878774989364,-0.025972009682883903,1
823152,2026-04-17,Seattle Mariners,Texas Rangers,0.3060417204740659,0.693958279525934,0.2470863462356444,-0.33312465133271907,0
825019,2026-04-17,Athletics,Chicago White Sox,0.39368690997448075,0.6063130900255193,0.3501063377286261,0.5543641677639307,0
825101,2026-04-17,Arizona Diamondbacks,Toronto Blue Jays,0.5343259386275926,0.4656740613724074,0.46435559336452575,1.425489282247442,1
823558,2026-04-18,New York Yankees,Kansas City Royals,0.42225055050760957,0.5777494494923905,0.3678860059549128,0.6928913241685657,1
823721,2026-04-18,Minnesota Twins,Cincinnati Reds,0.46061448830336005,0.53938551169664,0.37358570820927267,0.7456815116097283,0
824694,2026-04-18,Chicago Cubs,New York Mets,0.415342021834442,0.584657978165558,0.35231816248404935,0.574495055054086,1
823394,2026-04-18,Pittsburgh Pirates,Tampa Bay Rays,0.4238068164299434,0.5761931835700567,0.3100382815823054,0.21864098719693698,0
822751,2026-04-18,Washington Nationals,San Francisco Giants,0.3721141504923676,0.6278858495076324,0.310378562313909,0.22007307815730498,0
825020,2026-04-18,Athletics,Chicago White Sox,0.4627847460687573,0.5372152539312427,0.38864313058273076,0.8489057165681544,0
823882,2026-04-18,Miami Marlins,Milwaukee Brewers,0.31609604198752334,0.6839039580124766,0.2608677158655891,-0.18917093643157074,0
824775,2026-04-18,Boston Red Sox,Detroit Tigers,0.27951037786796906,0.7204896221320309,0.22241599319438538,-0.6285901419345197,0
824451,2026-04-18,Cleveland Guardians,Baltimore Orioles,0.33075195112921063,0.6692480488707894,0.2584006805614632,-0.21074595203189347,1
824206,2026-04-18,Houston Astros,St. Louis Cardinals,0.34615709081192736,0.6538429091880726,0.30578477243726077,0.1859297943931945,0
823151,2026-04-18,Seattle Mariners,Texas Rangers,0.3073671857931902,0.6926328142068098,0.2771161207996597,-0.05304774941650159,1
823474,2026-04-18,Philadelphia Phillies,Atlanta Braves,0.2864865285300223,0.7135134714699777,0.17111867290514673,-1.3409189406231405,0
824372,2026-04-18,Colorado Rockies,Los Angeles Dodgers,0.27683824628856923,0.7231617537114308,0.1678860059549128,-1.389003235104218,0
825098,2026-04-18,Arizona Diamondbacks,Toronto Blue Jays,0.4721799091571091,0.5278200908428909,0.3659293917481923,0.676450084676032,1
824049,2026-04-18,Los Angeles Angels,San Diego Padres,0.3703161488284237,0.6296838511715763,0.3125903870693322,0.23967011715521047,0
822750,2026-04-19,Washington Nationals,San Francisco Giants,0.319900429117735,0.680099570882265,0.24700127605274352,-0.33571056662147375,1
823393,2026-04-19,Pittsburgh Pirates,Tampa Bay Rays,0.3853270437607492,0.6146729562392508,0.28392173543173116,0.0033529351914933104,1
823556,2026-04-19,New York Yankees,Kansas City Royals,0.48095728293551654,0.5190427170644835,0.44640578477243725,1.2713692003217245,1
823881,2026-04-19,Miami Marlins,Milwaukee Brewers,0.2890654870029596,0.7109345129970404,0.23891960867715867,-0.41943004040198056,1
824452,2026-04-19,Cleveland Guardians,Baltimore Orioles,0.3429661348927723,0.6570338651072277,0.28800510421097403,0.03509926874188384,1
823718,2026-04-19,Minnesota Twins,Cincinnati Reds,0.3976410836323306,0.6023589163676695,0.3539344959591663,0.585789281272488,0
824205,2026-04-19,Houston Astros,St. Louis Cardinals,0.30948212874579517,0.6905178712542048,0.24062101233517652,-0.4028597275036793,0
824691,2026-04-19,Chicago Cubs,New York Mets,0.4619455962015933,0.5380544037984067,0.3378562313908975,0.4518259071824936,0
824371,2026-04-19,Colorado Rockies,Los Angeles Dodgers,0.31494395923210833,0.6850560407678916,0.20871969374734156,-0.8000923327657874,1
825018,2026-04-19,Athletics,Chicago White Sox,0.4720013271727954,0.5279986728272046,0.4074436410038282,0.9836960074317003,0
824047,2026-04-19,Los Angeles Angels,San Diego Padres,0.31249612418518075,0.6875038758148193,0.23849425776265418,-0.4289978037457379,0
823150,2026-04-19,Seattle Mariners,Texas Rangers,0.31186938223979505,0.6881306177602049,0.2549978732454275,-0.24472842874700132,1
825100,2026-04-19,Arizona Diamondbacks,Toronto Blue Jays,0.4092337320430144,0.5907662679569856,0.26954487452148024,-0.11175413956658126,0
824777,2026-04-19,Boston Red Sox,Detroit Tigers,0.31514290633177994,0.6848570936682201,0.23373032752020417,-0.4748206277977614,0
823475,2026-04-19,Philadelphia Phillies,Atlanta Braves,0.2748606650920347,0.7251393349079653,0.14338579327945555,-1.7878772742973297,0
824776,2026-04-20,Boston Red Sox,Detroit Tigers,0.30871386294845304,0.691286137051547,0.25185027647809444,-0.28050402498861515,1
824450,2026-04-20,Cleveland Guardians,Houston Astros,0.4036593753142089,0.5963406246857911,0.32722245852828585,0.3722120803814108,0
822994,2026-04-20,Tampa Bay Rays,Cincinnati Reds,0.35614382280200835,0.6438561771979916,0.3136962994470438,0.25135395484912587,0
823879,2026-04-20,Miami Marlins,St. Louis Cardinals,0.3396814642542044,0.6603185357457956,0.3251807741386644,0.35957806005871634,1
822749,2026-04-20,Washington Nationals,Atlanta Braves,0.29188866173027433,0.7081113382697257,0.1566567418119949,-1.5986861030002666,0
824125,2026-04-20,Kansas City Royals,Baltimore Orioles,0.31364239853803083,0.6863576014619692,0.30621012335176523,0.19018824961707193,0
824692,2026-04-20,Chicago Cubs,Philadelphia Phillies,0.4509833722154351,0.549016627784565,0.34959591663122075,0.5477848284400461,1
824370,2026-04-20,Colorado Rockies,Los Angeles Dodgers,0.2952419927827751,0.7047580072172249,0.1854955338153977,-1.1270020380583787,0
824046,2026-04-20,Los Angeles Angels,Toronto Blue Jays,0.3912537942588999,0.6087462057411002,0.34440663547426625,0.5112029106812322,0
823149,2026-04-20,Seattle Mariners,Athletics,0.4232284521035319,0.5767715478964681,0.39868141216503616,0.926331487133448,0
824448,2026-04-21,Cleveland Guardians,Houston Astros,0.47405277703831034,0.5259472229616897,0.45533815397703103,1.3499477885323006,1
822995,2026-04-21,Tampa Bay Rays,Cincinnati Reds,0.34729965147105807,0.652700348528942,0.2675031901318588,-0.1274091536000137,0
823880,2026-04-21,Miami Marlins,St. Louis Cardinals,0.37124006291053646,0.6287599370894635,0.3743513398553807,0.7501515547471747,0
824290,2026-04-21,Detroit Tigers,Milwaukee Brewers,0.3649584213842557,0.6350415786157443,0.31437686091025097,0.2558841520644934,0
822747,2026-04-21,Washington Nationals,Atlanta Braves,0.2685942438053781,0.7314057561946219,0.15435984687367077,-1.6290811539180057,1
824773,2026-04-21,Boston Red Sox,New York Yankees,0.30697918548420217,0.6930208145157979,0.25525308379413014,-0.2412515122707395,0
823640,2026-04-21,New York Mets,Minnesota Twins,0.2968431315509344,0.7031568684490657,0.2433432581880051,-0.37955905751425445,0
824127,2026-04-21,Kansas City Royals,Baltimore Orioles,0.29943232629233135,0.7005676737076687,0.24666099532113994,-0.33923483205431104,0
824690,2026-04-21,Chicago Cubs,Philadelphia Phillies,0.44190101373875557,0.5580989862612444,0.37188430455125476,0.7275990626662809,1
822914,2026-04-21,Texas Rangers,Pittsburgh Pirates,0.31467573375168045,0.6853242662483195,0.26537643555933643,-0.14843023436839523,1
824369,2026-04-21,Colorado Rockies,San Diego Padres,0.2589938635232853,0.7410061364767146,0.18336877924287537,-1.1554150538617214,0
824045,2026-04-21,Los Angeles Angels,Toronto Blue Jays,0.3878354105651959,0.6121645894348041,0.3340280731603573,0.4160403072617664,0
823148,2026-04-21,Seattle Mariners,Athletics,0.4139061166093379,0.5860938833906622,0.3854104636324968,0.825756465716941,0
825099,2026-04-21,Arizona Diamondbacks,Chicago White Sox,0.4140820396365499,0.5859179603634501,0.34066354742662697,0.4809575623366111,0
823236,2026-04-21,San Francisco Giants,Los Angeles Dodgers,0.27041596706356963,0.7295840329364304,0.1439812845597618,-1.783735307581644,1
823878,2026-04-22,Miami Marlins,St. Louis Cardinals,0.34926261964928984,0.6507373803507102,0.3153126329221608,0.265095257355455,1
822993,2026-04-22,Tampa Bay Rays,Cincinnati Reds,0.34051694741930083,0.6594830525806992,0.2562739259889409,-0.23119524625404872,1
824449,2026-04-22,Cleveland Guardians,Houston Astros,0.4561887067419772,0.5438112932580228,0.40608251807741386,0.9752836548510899,0
824123,2026-04-22,Kansas City Royals,Baltimore Orioles,0.33837368068576035,0.6616263193142397,0.30833687792428754,0.20604986372129747,0
824044,2026-04-22,Los Angeles Angels,Toronto Blue Jays,0.4813907580960192,0.5186092419039807,0.4349213100808167,1.186065073009785,1
823147,2026-04-22,Seattle Mariners,Athletics,0.37691244864366447,0.6230875513563355,0.36763079540621013,0.6867421258167221,0
824286,2026-04-22,Detroit Tigers,Milwaukee Brewers,0.3415813983225609,0.6584186016774392,0.30170140365801784,0.14985265807733128,1
822748,2026-04-22,Washington Nationals,Atlanta Braves,0.29769439709960593,0.702305602900394,0.15435984687367077,-1.628388613439136,0
824774,2026-04-22,Boston Red Sox,New York Yankees,0.3042312333927403,0.6957687666072597,0.18319863887707358,-1.162802627408673,0
823641,2026-04-22,New York Mets,Minnesota Twins,0.31386912514989657,0.6861308748501034,0.27720119098256063,-0.05177828084491393,0
824688,2026-04-22,Chicago Cubs,Philadelphia Phillies,0.4774382393739506,0.5225617606260494,0.43424074861760953,1.1786106634465896,1
822913,2026-04-22,Texas Rangers,Pittsburgh Pirates,0.3387384385424401,0.6612615614575599,0.29974478945129734,0.1266272657998128,0
824367,2026-04-22,Colorado Rockies,San Diego Padres,0.2951317907163733,0.7048682092836267,0.22233092301148447,-0.6300801923385692,1
825097,2026-04-22,Arizona Diamondbacks,Chicago White Sox,0.4346512495544988,0.5653487504455013,0.3261165461505742,0.36386593457919836,1
823231,2026-04-22,San Francisco Giants,Los Angeles Dodgers,0.2654993403322672,0.7345006596677328,0.15121225010633774,-1.677940292544384,1
822745,2026-04-23,Washington Nationals,Atlanta Braves,0.28824145812078134,0.7117585418792187,0.18336877924287537,-1.1604880544301444,0
824288,2026-04-23,Detroit Tigers,Milwaukee Brewers,0.3791219039796321,0.6208780960203679,0.36941726924712887,0.7046916412580684,0
824689,2026-04-23,Chicago Cubs,Philadelphia Phillies,0.4417585540237781,0.5582414459762219,0.45584857507443644,1.3544341492939589,0
824368,2026-04-23,Colorado Rockies,San Diego Padres,0.3197972057803923,0.6802027942196077,0.30195661420672054,0.1516211657434982,0
825096,2026-04-23,Arizona Diamondbacks,Chicago White Sox,0.4551288232040931,0.5448711767959069,0.41373883453849425,1.0279727881997698,0
823233,2026-04-23,San Francisco Giants,Los Angeles Dodgers,0.28550006427913166,0.7144999357208683,0.20361548277328798,-0.8723691668598839,0
824770,2026-04-23,Boston Red Sox,New York Yankees,0.25140373394061344,0.7485962660593866,0.15265844321565292,-1.6497108416308932,0
823639,2026-04-23,New York Mets,Minnesota Twins,0.25647745009593226,0.7435225499040677,0.19706507868991918,-0.9516365640155894,1
822912,2026-04-23,Texas Rangers,Pittsburgh Pirates,0.37111837495509775,0.6288816250449023,0.3531688643130583,0.5796132815390712,1
824529,2026-04-24,Cincinnati Reds,Detroit Tigers,0.3267030966306713,0.6732969033693287,0.21994895789025948,-0.6600495481850226,0
824854,2026-04-24,Baltimore Orioles,Boston Red Sox,0.3923368613686982,0.6076631386313018,0.28783496384517226,0.03257943337704427,1
822827,2026-04-24,Toronto Blue Jays,Cleveland Guardians,0.28448049408491555,0.7155195059150845,0.21629094002552104,-0.7072969054784402,0
822992,2026-04-24,Tampa Bay Rays,Minnesota Twins,0.3218264642301375,0.6781735357698625,0.24053594215227564,-0.40322521678875634,1
823638,2026-04-24,New York Mets,Colorado Rockies,0.3771579734303166,0.6228420265696835,0.3512973202892386,0.5652714180669951,0
824932,2026-04-24,Atlanta Braves,Philadelphia Phillies,0.4535197672654529,0.546480232734547,0.44674606550404083,1.2762899961579697,1
823800,2026-04-24,Milwaukee Brewers,Pittsburgh Pirates,0.3442802207554654,0.6557197792445346,0.2659719268396427,-0.14240948940146012,0
824124,2026-04-24,Kansas City Royals,Los Angeles Angels,0.27840490082913627,0.7215950991708637,0.20259464057847723,-0.8870013841714319,1
824611,2026-04-24,Chicago White Sox,Washington Nationals,0.36167310074740755,0.6383268992525925,0.2247979583156104,-0.5959406586965366,0
822909,2026-04-24,Texas Rangers,Athletics,0.38205380994072663,0.6179461900592733,0.3243300723096555,0.35609542355860724,0
824204,2026-04-24,Houston Astros,New York Yankees,0.273523488804787,0.726476511195213,0.17247979583156103,-1.3287240209015778,0
823069,2026-04-24,St. Louis Cardinals,Seattle Mariners,0.31828113604502367,0.6817188639549763,0.22352190557209697,-0.6081382564192317,0
823232,2026-04-24,San Francisco Giants,Miami Marlins,0.32274629118396353,0.6772537088160364,0.2694598043385793,-0.11221059419540752,0
823962,2026-04-24,Los Angeles Dodgers,Chicago Cubs,0.3955521936851297,0.6044478063148703,0.28273075287111865,-0.00724068789152667,0
824851,2026-04-25,Baltimore Orioles,Boston Red Sox,0.4268844053383179,0.5731155946616822,0.36967247979583157,0.7090718795141226,0
823070,2026-04-25,St. Louis Cardinals,Seattle Mariners,0.3399909997735668,0.6600090002264332,0.2385793279455551,-0.42776085094133165,0
822826,2026-04-25,Toronto Blue Jays,Cleveland Guardians,0.3242490862539394,0.6757509137460607,0.29829859634198214,0.11497812780654862,1
823229,2026-04-25,San Francisco Giants,Miami Marlins,0.3406455112923292,0.6593544887076708,0.2605274351339855,-0.1926395505884132,1
822989,2026-04-25,Tampa Bay Rays,Minnesota Twins,0.33161220452866474,0.6683877954713353,0.2519353466609953,-0.27992096046526355,1
824613,2026-04-25,Chicago White Sox,Washington Nationals,0.3243295512019603,0.6756704487980397,0.25057422373458105,-0.2982620872831007,0
825093,2026-04-25,Arizona Diamondbacks,San Diego Padres,0.31310772820291655,0.6868922717970835,0.2446193109315185,-0.36221413504143,0
822910,2026-04-25,Texas Rangers,Athletics,0.394887403088499,0.605112596911501,0.35538068906848147,0.5920218461826613,0
823799,2026-04-25,Milwaukee Brewers,Pittsburgh Pirates,0.35009454188215805,0.649905458117842,0.2858783496384517,0.017782394623864422,0
824121,2026-04-25,Kansas City Royals,Los Angeles Angels,0.2846679952446028,0.7153320047553973,0.22930667800935772,-0.5365312301349716,1
824203,2026-04-25,Houston Astros,New York Yankees,0.27393405788076747,0.7260659421192326,0.1894087622288388,-1.055992126102784,0
823960,2026-04-25,Los Angeles Dodgers,Chicago Cubs,0.32818875407477077,0.6718112459252292,0.22990216928966398,-0.5290763619096132,1
824527,2026-04-25,Cincinnati Reds,Detroit Tigers,0.37220644473046327,0.6277935552695367,0.2723521905572097,-0.09239462036992933,1
824933,2026-04-25,Atlanta Braves,Philadelphia Phillies,0.47234173489488235,0.5276582651051176,0.4755848575074436,1.523041851815091,0
824852,2026-04-26,Baltimore Orioles,Boston Red Sox,0.3813902112816388,0.6186097887183613,0.3364951084644832,0.4403157156084084,0
824934,2026-04-26,Atlanta Braves,Philadelphia Phillies,0.46221184982419655,0.5377881501758035,0.4279455550829434,1.1289757890356573,1
822824,2026-04-26,Toronto Blue Jays,Cleveland Guardians,0.350617212694165,0.649382787305835,0.3054444917056572,0.17924471639190936,1
822991,2026-04-26,Tampa Bay Rays,Minnesota Twins,0.38611438417845156,0.6138856158215484,0.2556784347086346,-0.23418712254652818,1
823635,2026-04-26,New York Mets,Colorado Rockies,0.37309569888969335,0.6269043011103066,0.3695874096129307,0.7067793152826093,0
824528,2026-04-26,Cincinnati Reds,Detroit Tigers,0.3470509679123481,0.6529490320876519,0.2583156103785623,-0.21132426341390864,0
823637,2026-04-26,New York Mets,Colorado Rockies,0.32166982359244,0.67833017640756,0.2774564015312633,-0.05014307004370874,0
823797,2026-04-26,Milwaukee Brewers,Pittsburgh Pirates,0.31817477338551764,0.6818252266144824,0.26035729476818376,-0.19335201646227013,1
824202,2026-04-26,Houston Astros,New York Yankees,0.309263672180491,0.690736327819509,0.18719693747341556,-1.098801496137467,1
824612,2026-04-26,Chicago White Sox,Washington Nationals,0.36308717344544644,0.6369128265545536,0.25950659293917483,-0.19865729383477757,0
823068,2026-04-26,St. Louis Cardinals,Seattle Mariners,0.3211312949820404,0.6788687050179596,0.25176520629519356,-0.2812608156022434,0
822911,2026-04-26,Texas Rangers,Athletics,0.35470202936733436,0.6452979706326656,0.31352615908124204,0.24819467289665412,0
823230,2026-04-26,San Francisco Giants,Miami Marlins,0.33646088939466134,0.6635391106053387,0.2963419821352616,0.0973799519518075,1
825094,2026-04-26,Arizona Diamondbacks,San Diego Padres,0.27714932011692983,0.7228506798830702,0.21714164185453,-0.6975952815873354,1
823959,2026-04-26,Los Angeles Dodgers,Chicago Cubs,0.396325826176627,0.6036741738233731,0.2698000850701829,-0.11014401808710392,1
824122,2026-04-26,Kansas City Royals,Los Angeles Angels,0.3378328408082884,0.6621671591917115,0.2785623139089749,-0.04399136508245242,1
824446,2026-04-27,Cleveland Guardians,Tampa Bay Rays,0.33010288295946516,0.6698971170405348,0.26775840068056145,-0.1256868201913323,0
823395,2026-04-27,Pittsburgh Pirates,St. Louis Cardinals,0.39657269562303005,0.60342730437697,0.33317737133134834,0.4119017912589041,0
822825,2026-04-27,Toronto Blue Jays,Boston Red Sox,0.3845347180608666,0.6154652819391334,0.32790301999149296,0.3773761484818516,0
823719,2026-04-27,Minnesota Twins,Seattle Mariners,0.32136946595837856,0.6786305340416214,0.22803062526584433,-0.5540439962072322,1
824609,2026-04-27,Chicago White Sox,Los Angeles Angels,0.31172306512053377,0.6882769348794662,0.2669076988515525,-0.1347194481254098,0
822906,2026-04-27,Texas Rangers,New York Yankees,0.3301940109200464,0.6698059890799536,0.2255635899617184,-0.5823485940796634,0
823311,2026-04-27,San Diego Padres,Chicago Cubs,0.34078023953327985,0.6592197604667202,0.24240748617609528,-0.38822715827743454,1
823961,2026-04-27,Los Angeles Dodgers,Miami Marlins,0.4594599551581633,0.5405400448418367,0.4178222033177371,1.0618229146215934,0
824447,2026-04-28,Cleveland Guardians,Tampa Bay Rays,0.3352162436636862,0.6647837563363138,0.26682262866865164,-0.13757072883036328,0
824849,2026-04-28,Baltimore Orioles,Houston Astros,0.3857436044226102,0.6142563955773899,0.3291790727350064,0.38581451261253635,1
823390,2026-04-28,Pittsburgh Pirates,St. Louis Cardinals,0.4185734916637988,0.5814265083362011,0.38532539344959593,0.8243143632679976,0
823473,2026-04-28,Philadelphia Phillies,San Francisco Giants,0.3100334279800711,0.6899665720199288,0.2934495959166312,0.0730147130698641,1
824526,2026-04-28,Cincinnati Reds,Colorado Rockies,0.3639337456006826,0.6360662543993174,0.2868141216503616,0.02506344721765611,1
822823,2026-04-28,Toronto Blue Jays,Boston Red Sox,0.31944161860243614,0.6805583813975639,0.26495108464483197,-0.15162435946799765,1
823636,2026-04-28,New York Mets,Washington Nationals,0.3323358478509572,0.6676641521490427,0.2675882603147597,-0.12654996537130045,1
824931,2026-04-28,Atlanta Braves,Detroit Tigers,0.4036982965148004,0.5963017034851996,0.38013611229264144,0.786327409316673,1
823716,2026-04-28,Minnesota Twins,Seattle Mariners,0.3623639825405823,0.6376360174594178,0.3162484049340706,0.27489000443181205,0
823798,2026-04-28,Milwaukee Brewers,Arizona Diamondbacks,0.3954276662942873,0.6045723337057127,0.3287537218205019,0.38176382195991826,1
824610,2026-04-28,Chicago White Sox,Los Angeles Angels,0.3280574470884444,0.6719425529115556,0.2547426626967248,-0.2481236788216696,1
822908,2026-04-28,Texas Rangers,New York Yankees,0.3322266277293993,0.6677733722706007,0.24615057422373457,-0.3478582397251966,0
823310,2026-04-28,San Diego Padres,Chicago Cubs,0.32890682077623346,0.6710931792237665,0.2607826456826882,-0.18967829502706487,0
825017,2026-04-28,Athletics,Kansas City Royals,0.3651470170180539,0.634852982981946,0.3299447043811144,0.38935951508227473,0
823956,2026-04-28,Los Angeles Dodgers,Miami Marlins,0.4970807900682422,0.5029192099317579,0.47048064653339006,1.4644397719640445,0
824445,2026-04-29,Cleveland Guardians,Tampa Bay Rays,0.3385417274437619,0.6614582725562381,0.2748192258613356,-0.07354693583447397,1
824608,2026-04-29,Chicago White Sox,Los Angeles Angels,0.3284262154497396,0.6715737845502604,0.26154827732879626,-0.18043251150369286,0
823717,2026-04-29,Minnesota Twins,Seattle Mariners,0.3546646881567326,0.6453353118432674,0.26154827732879626,-0.18048458452049418,0
822907,2026-04-29,Texas Rangers,New York Yankees,0.3414504061382944,0.6585495938617056,0.3158230540195661,0.2704515130831137,1
822821,2026-04-29,Toronto Blue Jays,Boston Red Sox,0.34138099526438387,0.6586190047356162,0.2892811569544875,0.044188545106248596,1
823958,2026-04-29,Los Angeles Dodgers,Miami Marlins,0.501249102334752,0.49875089766524805,0.43117822203317735,1.1591213759990828,0
823312,2026-04-29,San Diego Padres,Chicago Cubs,0.29293616495218094,0.7070638350478191,0.21280306252658443,-0.7506990850526367,0
823392,2026-04-29,Pittsburgh Pirates,St. Louis Cardinals,0.3581241017467356,0.6418758982532644,0.31412165036154827,0.25563099241516185,0
824525,2026-04-29,Cincinnati Reds,Colorado Rockies,0.3517153581095491,0.6482846418904509,0.29829859634198214,0.1158484767187329,0
823633,2026-04-29,New York Mets,Washington Nationals,0.36403176765322093,0.635968232346779,0.30093577201190985,0.14114365621704927,0
824930,2026-04-29,Atlanta Braves,Detroit Tigers,0.41190644550931615,0.5880935544906838,0.3351339855380689,0.4286685540403849,0
823796,2026-04-29,Milwaukee Brewers,Arizona Diamondbacks,0.3855097414517214,0.6144902585482785,0.3591237771161208,0.6227109087386115,0
825015,2026-04-29,Athletics,Kansas City Royals,0.35909143519533837,0.6409085648046616,0.3251807741386644,0.35973273116019233,1
824929,2026-04-30,Atlanta Braves,Detroit Tigers,0.45699304871080215,0.5430069512891978,0.4507443641003828,1.3112236050035266,0
823391,2026-04-30,Pittsburgh Pirates,St. Louis Cardinals,0.4116108331961898,0.5883891668038101,0.35359421522756274,0.5839226008196853,0
823472,2026-04-30,Philadelphia Phillies,San Francisco Giants,0.33046936125793974,0.6695306387420603,0.2629944704381114,-0.16560656810337496,0
824848,2026-04-30,Baltimore Orioles,Houston Astros,0.39997540436988877,0.6000245956301112,0.34253509145044664,0.49652836205099143,1
824524,2026-04-30,Cincinnati Reds,Colorado Rockies,0.35094650080679507,0.6490534991932049,0.28664398128455976,0.02416078018386996,1
824850,2026-04-30,Baltimore Orioles,Houston Astros,0.41184592547964205,0.588154074520358,0.3617609527860485,0.639152454809414,0
823634,2026-04-30,New York Mets,Washington Nationals,0.37999824852691705,0.6200017514730829,0.4077839217354317,0.9877008651501287,0
823795,2026-04-30,Milwaukee Brewers,Arizona Diamondbacks,0.375493900584912,0.624506099415088,0.2975329646958741,0.10642038415478478,1
825016,2026-04-30,Athletics,Kansas City Royals,0.39517932812470363,0.6048206718752964,0.3904296044236495,0.8640140051956662,1
823471,2026-04-30,Philadelphia Phillies,San Francisco Giants,0.31620779529626963,0.6837922047037304,0.247426626967248,-0.3300633468860535,0
823714,2026-04-30,Minnesota Twins,Toronto Blue Jays,0.34395171786258516,0.6560482821374148,0.3243300723096555,0.356490801655189,1
824686,2026-05-01,Chicago Cubs,Arizona Diamondbacks,0.478032463454229,0.521967536545771,0.5240748617609527,2.0413524049901586,0
824287,2026-05-01,Detroit Tigers,Texas Rangers,0.33022624430786196,0.669773755692138,0.2775414717141642,-0.049315386085229285,0
822744,2026-05-01,Washington Nationals,Milwaukee Brewers,0.301914051931284,0.698085948068716,0.21552530837941303,-0.7248588080429453,0
823389,2026-05-01,Pittsburgh Pirates,Cincinnati Reds,0.36855534407287954,0.6314446559271205,0.3314759676733305,0.4006136520104179,1
823557,2026-05-01,New York Yankees,Baltimore Orioles,0.4823526691846589,0.5176473308153411,0.4787324542747767,1.5525589433708165,1
822990,2026-05-01,Tampa Bay Rays,San Francisco Giants,0.35249824705805266,0.6475017529419473,0.2521054870267971,-0.27493093673341507,1
823877,2026-05-01,Miami Marlins,Philadelphia Phillies,0.383008515677458,0.616991484322542,0.32118247554232243,0.32188947225423187,0
824772,2026-05-01,Boston Red Sox,Houston Astros,0.33249553940919374,0.6675044605908063,0.25142492556359,-0.2889222790622971,1
823713,2026-05-01,Minnesota Twins,Toronto Blue Jays,0.3473840521590645,0.6526159478409355,0.3014461931093152,0.14520649246513448,0
823066,2026-05-01,St. Louis Cardinals,Los Angeles Dodgers,0.28210532910465635,0.7178946708953436,0.17137388345384943,-1.3379957507423565,1
824366,2026-05-01,Colorado Rockies,Atlanta Braves,0.2701357865644695,0.7298642134355304,0.20786899191833264,-0.8068776700516631,0
824041,2026-05-01,Los Angeles Angels,New York Mets,0.423851776879109,0.576148223120891,0.3021267545725223,0.15244851445627017,0
823309,2026-05-01,San Diego Padres,Chicago White Sox,0.40455064232134347,0.5954493576786566,0.34806465333900466,0.5351397396742736,0
825012,2026-05-01,Athletics,Cleveland Guardians,0.32399237767568395,0.6760076223243161,0.25669927690344535,-0.2269753152360643,0
823146,2026-05-01,Seattle Mariners,Kansas City Royals,0.4178545703967905,0.5821454296032095,0.3878774989366227,0.844409095318885,0
823554,2026-05-02,New York Yankees,Baltimore Orioles,0.44648217302219595,0.553517826977804,0.41714164185453,1.0574043678853213,1
823715,2026-05-02,Minnesota Twins,Toronto Blue Jays,0.3023589940310283,0.6976410059689717,0.21509995746490854,-0.7267835335679798,0
824685,2026-05-02,Chicago Cubs,Arizona Diamondbacks,0.48471218578869923,0.5152878142113008,0.4831561037856231,1.5953414805704236,1
822746,2026-05-02,Washington Nationals,Milwaukee Brewers,0.27726754922527275,0.7227324507747273,0.17469162058698426,-1.2948463183458272,0
823388,2026-05-02,Pittsburgh Pirates,Cincinnati Reds,0.37366567413660884,0.6263343258633911,0.3339430029774564,0.41515087729057043,1
825014,2026-05-02,Athletics,Cleveland Guardians,0.3378632140038837,0.6621367859961163,0.2459804338579328,-0.35051470292949444,0
823876,2026-05-02,Miami Marlins,Philadelphia Phillies,0.4614648826674429,0.5385351173325571,0.39111016588685665,0.8675931641492695,1
824771,2026-05-02,Boston Red Sox,Houston Astros,0.3517291172734203,0.6482708827265797,0.2573798383666525,-0.21956511895583528,0
822988,2026-05-02,Tampa Bay Rays,San Francisco Giants,0.3611652155253555,0.6388347844746445,0.2623989791578052,-0.17211638595240372,1
823067,2026-05-02,St. Louis Cardinals,Los Angeles Dodgers,0.3008991261178694,0.6991008738821306,0.20991067630795407,-0.7893566883737568,0
824284,2026-05-02,Detroit Tigers,Texas Rangers,0.36188431658126297,0.638115683418737,0.31165461505742237,0.2303030689315359,1
824365,2026-05-02,Colorado Rockies,Atlanta Braves,0.24939867123996737,0.7506013287600326,0.1841344108889834,-1.1428298848474008,0
823308,2026-05-02,San Diego Padres,Chicago White Sox,0.40116440439534407,0.5988355956046559,0.39230114844746916,0.8749739246141277,0
824042,2026-05-02,Los Angeles Angels,New York Mets,0.3586273949212084,0.6413726050787916,0.32058698426201615,0.31540949461913514,0
823144,2026-05-02,Seattle Mariners,Kansas City Royals,0.36454737337334836,0.6354526266266516,0.3290089323692046,0.38334453612716435,0
823711,2026-05-03,Minnesota Twins,Toronto Blue Jays,0.3551857006435122,0.6448142993564878,0.2831561037856231,-0.002643434942619831,0
822742,2026-05-03,Washington Nationals,Milwaukee Brewers,0.2843943938007911,0.7156056061992089,0.20667800935772013,-0.821212076436892,0
823387,2026-05-03,Pittsburgh Pirates,Cincinnati Reds,0.3738962800718305,0.6261037199281695,0.35852828583581453,0.6180777963224966,0
823555,2026-05-03,New York Yankees,Baltimore Orioles,0.4824705284569316,0.5175294715430684,0.5327520204168439,2.142769531125395,1
824769,2026-05-03,Boston Red Sox,Houston Astros,0.4685961987186914,0.5314038012813086,0.410761378136963,1.0048589191749613,0
822987,2026-05-03,Tampa Bay Rays,San Francisco Giants,0.4253950876250822,0.5746049123749177,0.3638026371756699,0.6582778573516105,0
823875,2026-05-03,Miami Marlins,Philadelphia Phillies,0.36555799871791833,0.6344420012820817,0.27669076988515523,-0.05728641845969779,0
823065,2026-05-03,St. Louis Cardinals,Los Angeles Dodgers,0.30451956398326563,0.6954804360167344,0.19374734155678436,-0.9909751084076285,0
824687,2026-05-03,Chicago Cubs,Arizona Diamondbacks,0.5135751530416531,0.48642484695834687,0.5074861760952786,1.8592591006130466,1
824364,2026-05-03,Colorado Rockies,Atlanta Braves,0.3175063190555244,0.6824936809444756,0.19987239472564866,-0.9216473448476284,0
825013,2026-05-03,Athletics,Cleveland Guardians,0.3131137335978409,0.6868862664021591,0.228285835814547,-0.5510969015278633,1
824043,2026-05-03,Los Angeles Angels,New York Mets,0.3972658254014796,0.6027341745985204,0.37954062101233516,0.7794789144781039,0
823145,2026-05-03,Seattle Mariners,Kansas City Royals,0.367116449114426,0.632883550885574,0.30586984262016165,0.1885411366956445,0
823307,2026-05-03,San Diego Padres,Chicago White Sox,0.34743771920783173,0.6525622807921683,0.2977031050616759,0.1087569390166517,0
824285,2026-05-03,Detroit Tigers,Texas Rangers,0.3275824132886715,0.6724175867113285,0.2286261165461506,-0.5463182702718913,1
824363,2026-05-04,Colorado Rockies,New York Mets,0.39892273515042576,0.6010772648495742,0.37358570820927267,0.7453209324461844,0
824283,2026-05-04,Detroit Tigers,Boston Red Sox,0.3942669064362269,0.605733093563773,0.27924287537218206,-0.03681941556575756,0
822984,2026-05-04,Tampa Bay Rays,Toronto Blue Jays,0.39812344252145565,0.6018765574785443,0.414759676733305,1.0386569345823657,1
823874,2026-05-04,Miami Marlins,Philadelphia Phillies,0.3904967380694898,0.6095032619305102,0.34347086346235645,0.501575144154404,0
823552,2026-05-04,New York Yankees,Baltimore Orioles,0.49433672988194716,0.5056632701180528,0.46282433007230966,1.4125427888041966,1
824684,2026-05-04,Chicago Cubs,Cincinnati Reds,0.48301820536032575,0.5169817946396742,0.47422373458102934,1.5075416513859454,0
824120,2026-05-04,Kansas City Royals,Cleveland Guardians,0.36281436760287716,0.6371856323971228,0.31573798383666524,0.2693862395347978,1
823064,2026-05-04,St. Louis Cardinals,Milwaukee Brewers,0.30024649160641337,0.6997535083935866,0.21356869417269247,-0.7401708614973996,1
824201,2026-05-04,Houston Astros,Los Angeles Dodgers,0.2681271306642162,0.7318728693357839,0.14168438962143767,-1.8267230191802803,0
824039,2026-05-04,Los Angeles Angels,Chicago White Sox,0.3624406152757992,0.6375593847242008,0.3362398979157805,0.43656458563671463,0
823143,2026-05-04,Seattle Mariners,Atlanta Braves,0.322228424331466,0.6777715756685341,0.23287962569119525,-0.48969382373236736,0
823228,2026-05-04,San Francisco Giants,San Diego Padres,0.2936775047102569,0.7063224952897431,0.21407911527009782,-0.7344865840418965,0
822986,2026-05-05,Tampa Bay Rays,Toronto Blue Jays,0.40894807038843534,0.5910519296115646,0.35963419821352616,0.6274327655730905,0
823469,2026-05-05,Philadelphia Phillies,Athletics,0.312504564559953,0.687495435440047,0.2482773287962569,-0.32472932444135866,1
823873,2026-05-05,Miami Marlins,Baltimore Orioles,0.43117548304107167,0.5688245169589283,0.410761378136963,1.0052977085472619,0
824281,2026-05-05,Detroit Tigers,Boston Red Sox,0.3779434502481023,0.6220565497518977,0.2934495959166312,0.07495847814867868,0
822743,2026-05-05,Washington Nationals,Minnesota Twins,0.34102183485250365,0.6589781651474964,0.243428328370906,-0.3793197232295529,0
823553,2026-05-05,New York Yankees,Texas Rangers,0.3664744537600778,0.6335255462399222,0.3216928966397278,0.32421450412344244,1
824119,2026-05-05,Kansas City Royals,Cleveland Guardians,0.3123908547323884,0.6876091452676116,0.21254785197788176,-0.7520007338502259,1
824682,2026-05-05,Chicago Cubs,Cincinnati Reds,0.4676591492250758,0.5323408507749242,0.4865589111016589,1.6161010095228203,0
824200,2026-05-05,Houston Astros,Los Angeles Dodgers,0.24834184888896105,0.751658151111039,0.1327520204168439,-1.9760622817407631,0
824040,2026-05-05,Los Angeles Angels,Chicago White Sox,0.2805674911815277,0.7194325088184723,0.2384091875797533,-0.42987257363079723,0
823142,2026-05-05,Seattle Mariners,Atlanta Braves,0.3283264085082107,0.6716735914917893,0.23755848575074437,-0.44118162924928145,0
825092,2026-05-05,Arizona Diamondbacks,Pittsburgh Pirates,0.2922186884720552,0.7077813115279448,0.21748192258613355,-0.690603077515206,1
823227,2026-05-05,San Francisco Giants,San Diego Padres,0.357572527790281,0.642427472209719,0.3376010208421948,0.44932530907340185,0
822985,2026-05-06,Tampa Bay Rays,Toronto Blue Jays,0.36996363015148553,0.6300363698485145,0.3317311782220332,0.4030435355678118,1
823063,2026-05-06,St. Louis Cardinals,Milwaukee Brewers,0.3386449903540409,0.6613550096459591,0.24274776690769886,-0.38583977240787193,0
824198,2026-05-06,Houston Astros,Los Angeles Dodgers,0.2537932504198634,0.7462067495801366,0.1617609527860485,-1.4982978472735642,0
823226,2026-05-06,San Francisco Giants,San Diego Padres,0.3302057098642588,0.6697942901357412,0.3054444917056572,0.18072122048719247,0
824036,2026-05-06,Los Angeles Angels,Chicago White Sox,0.3206610089523715,0.6793389910476285,0.2525308379413016,-0.2709848417435669,1
823141,2026-05-06,Seattle Mariners,Atlanta Braves,0.30171917169556606,0.6982808283044339,0.21373883453849427,-0.7379462661631032,1
823470,2026-05-06,Philadelphia Phillies,Athletics,0.32995173781830117,0.6700482621816988,0.27839217354317314,-0.04475794390510011,1
823872,2026-05-06,Miami Marlins,Baltimore Orioles,0.442579395761015,0.557420604238985,0.4380689068481497,1.2084822116224323,0
824282,2026-05-06,Detroit Tigers,Boston Red Sox,0.38334439717371643,0.6166556028262835,0.33334751169715016,0.41242388299953364,0
822740,2026-05-06,Washington Nationals,Minnesota Twins,0.33353465643297314,0.6664653435670269,0.25040408336877923,-0.30043051854948455,1
823550,2026-05-06,New York Yankees,Texas Rangers,0.4818931434179364,0.5181068565820637,0.4597618034878775,1.3892639618838398,0
824118,2026-05-06,Kansas City Royals,Cleveland Guardians,0.33605712195765464,0.6639428780423453,0.25678434708634623,-0.22591548578753898,0
824683,2026-05-06,Chicago Cubs,Cincinnati Reds,0.4810681312668735,0.5189318687331266,0.5264568268821778,2.073031763026903,0
824361,2026-05-06,Colorado Rockies,New York Mets,0.33732083145814384,0.6626791685418562,0.31105912377711614,0.22725619696181354,0
825091,2026-05-06,Arizona Diamondbacks,Pittsburgh Pirates,0.28067365361343555,0.7193263463865645,0.18991918332624416,-1.0448142725666352,0
823551,2026-05-07,New York Yankees,Texas Rangers,0.33817927245525037,0.6618207275447496,0.3125903870693322,0.23963623480192048,1
822741,2026-05-07,Washington Nationals,Minnesota Twins,0.4263098868908973,0.5736901131091027,0.40216928966397275,0.9529312236843346,1
824117,2026-05-07,Kansas City Royals,Cleveland Guardians,0.3789770434660324,0.6210229565339676,0.30323266695023393,0.1593958131337592,0
824681,2026-05-07,Chicago Cubs,Cincinnati Reds,0.4910027077545282,0.5089972922454717,0.511144193960017,1.9035618846120332,1
824362,2026-05-07,Colorado Rockies,New York Mets,0.31856210244225847,0.6814378975577415,0.2532113994045087,-0.26359147630546786,1
825090,2026-05-07,Arizona Diamondbacks,Pittsburgh Pirates,0.30013276378912357,0.6998672362108764,0.2446193109315185,-0.36249241564736145,0
823467,2026-05-07,Philadelphia Phillies,Athletics,0.3151197242522923,0.6848802757477077,0.23049766056997023,-0.515610641276292,0
823870,2026-05-07,Miami Marlins,Baltimore Orioles,0.3927814519945582,0.6072185480054417,0.3922160782645683,0.8746747920006162,0
824767,2026-05-07,Boston Red Sox,Tampa Bay Rays,0.31124341288680385,0.6887565871131962,0.2621437686091025,-0.1739594914105183,0
823306,2026-05-07,San Diego Padres,St. Louis Cardinals,0.34706212430695155,0.6529378756930484,0.28443215652913656,0.008333477816913822,0
824522,2026-05-08,Cincinnati Reds,Houston Astros,0.3827245874613924,0.6172754125386076,0.3664398128455976,0.6801331737359194,0
823466,2026-05-08,Philadelphia Phillies,Colorado Rockies,0.36515906403833887,0.6348409359616611,0.28145470012760526,-0.020763130361296147,0
824846,2026-05-08,Baltimore Orioles,Athletics,0.3058234136837893,0.6941765863162107,0.2446193109315185,-0.3598709309764251,0
822822,2026-05-08,Toronto Blue Jays,Los Angeles Angels,0.38744579331610046,0.6125542066838996,0.32118247554232243,0.32197051695955436,1
823871,2026-05-08,Miami Marlins,Washington Nationals,0.3172200380942843,0.6827799619057158,0.24632071458953636,-0.3442310727131275,0
824768,2026-05-08,Boston Red Sox,Tampa Bay Rays,0.29795655671576304,0.702043443284237,0.2470863462356444,-0.33320607429324317,1
824443,2026-05-08,Cleveland Guardians,Minnesota Twins,0.4051169859395343,0.5948830140604657,0.3796256911952361,0.780196649747771,1
823794,2026-05-08,Milwaukee Brewers,New York Yankees,0.326270744398454,0.673729255601546,0.26520629519353467,-0.15039937328579409,1
824116,2026-05-08,Kansas City Royals,Detroit Tigers,0.3484700681838448,0.6515299318161552,0.26520629519353467,-0.15009200122154,0
824607,2026-05-08,Chicago White Sox,Seattle Mariners,0.31428886082858265,0.6857111391714173,0.24368353891960867,-0.3726817008894512,0
822904,2026-05-08,Texas Rangers,Chicago Cubs,0.3207641896000053,0.6792358103999947,0.2282007656316461,-0.5518956388825192,0
825088,2026-05-08,Arizona Diamondbacks,New York Mets,0.3474959706766914,0.6525040293233086,0.2761803487877499,-0.06133760608770723,0
823303,2026-05-08,San Diego Padres,St. Louis Cardinals,0.3405062650745232,0.6594937349254768,0.30927264993619735,0.21071150672179023,0
823957,2026-05-08,Los Angeles Dodgers,Atlanta Braves,0.33925685380685183,0.6607431461931481,0.2558485750744364,-0.2332511467790873,1
823225,2026-05-08,San Francisco Giants,Pittsburgh Pirates,0.3056507765588389,0.6943492234411611,0.23424074861760952,-0.47031980209557467,1
822820,2026-05-09,Toronto Blue Jays,Los Angeles Angels,0.3649807472295637,0.6350192527704364,0.2760102084219481,-0.06501960996422738,1
824847,2026-05-09,Baltimore Orioles,Athletics,0.2813665793278936,0.7186334206721063,0.22335176520629518,-0.610804704673715,0
823869,2026-05-09,Miami Marlins,Washington Nationals,0.35679574466352804,0.643204255336472,0.3462781794980859,0.5207428712162493,0
824523,2026-05-09,Cincinnati Reds,Houston Astros,0.34414869085689404,0.655851309143106,0.2686941726924713,-0.12020102725746928,1
823468,2026-05-09,Philadelphia Phillies,Colorado Rockies,0.33533240784380813,0.6646675921561919,0.30944279030199917,0.2131441270825584,1
824444,2026-05-09,Cleveland Guardians,Minnesota Twins,0.375484073407606,0.6245159265923941,0.2871544023819651,0.028499585317548582,0
822905,2026-05-09,Texas Rangers,Chicago Cubs,0.29508255831595154,0.7049174416840485,0.21382390472139515,-0.7368710834306613,1
823792,2026-05-09,Milwaukee Brewers,New York Yankees,0.334714734023843,0.665285265976157,0.24997873245427477,-0.3054605740183639,0
824115,2026-05-09,Kansas City Royals,Detroit Tigers,0.36224722735731874,0.6377527726426813,0.3301148447469162,0.39014200107385316,1
824606,2026-05-09,Chicago White Sox,Seattle Mariners,0.30638817662119877,0.6936118233788012,0.2432581880051042,-0.3801836936881125,1
823304,2026-05-09,San Diego Padres,St. Louis Cardinals,0.3371250748170963,0.6628749251829037,0.2809442790301999,-0.023149927421973648,1
825089,2026-05-09,Arizona Diamondbacks,New York Mets,0.32772965874274645,0.6722703412572535,0.23645257337303274,-0.4524965595455882,0
823224,2026-05-09,San Francisco Giants,Pittsburgh Pirates,0.31465919749905963,0.6853408025009404,0.21535516801361124,-0.7250639421410762,0
823955,2026-05-09,Los Angeles Dodgers,Atlanta Braves,0.3624539444560728,0.6375460555439272,0.30161633347511696,0.1484239216178993,0
823868,2026-05-10,Miami Marlins,Washington Nationals,0.34551405020640424,0.6544859497935958,0.3029774564015313,0.15838347345614548,1
823463,2026-05-10,Philadelphia Phillies,Colorado Rockies,0.38829454855575485,0.6117054514442452,0.33862186303700553,0.4567766489023421,1
824765,2026-05-10,Boston Red Sox,Tampa Bay Rays,0.28767280761150793,0.7123271923884921,0.2372182050191408,-0.44421884635000075,0
824845,2026-05-10,Baltimore Orioles,Athletics,0.24398661663042426,0.7560133833695757,0.20642279880901743,-0.8233507329643628,0
822819,2026-05-10,Toronto Blue Jays,Los Angeles Angels,0.3482263107260733,0.6517736892739268,0.28723947256486604,0.030404849722116083,0
824440,2026-05-10,Cleveland Guardians,Minnesota Twins,0.4140985551929082,0.5859014448070918,0.3655891110165887,0.6725373716061586,0
824520,2026-05-10,Cincinnati Reds,Houston Astros,0.3883190759643786,0.6116809240356214,0.31565291365376436,0.26811085872659607,1
823793,2026-05-10,Milwaukee Brewers,New York Yankees,0.3517107676395612,0.6482892323604388,0.25057422373458105,-0.2978824552459307,0
824605,2026-05-10,Chicago White Sox,Seattle Mariners,0.3406305372213604,0.6593694627786396,0.26826882177796685,-0.12213218030226577,0
822902,2026-05-10,Texas Rangers,Chicago Cubs,0.3189841198512146,0.6810158801487853,0.2509995746490855,-0.29298816483511286,1
823221,2026-05-10,San Francisco Giants,Pittsburgh Pirates,0.2950705648925351,0.7049294351074649,0.2156954487452148,-0.7221924265698544,0
823305,2026-05-10,San Diego Padres,St. Louis Cardinals,0.3383597631185687,0.6616402368814314,0.29855380689068484,0.11781695042245406,0
823954,2026-05-10,Los Angeles Dodgers,Atlanta Braves,0.3735435381449307,0.6264564618550693,0.22990216928966398,-0.5287944420959716,0
825085,2026-05-10,Arizona Diamondbacks,New York Mets,0.3722472210326332,0.6277527789673668,0.3580178647384092,0.6143938501997616,1
824113,2026-05-10,Kansas City Royals,Detroit Tigers,0.37268099401242805,0.627319005987572,0.26129306678009356,-0.18302508840191478,0
824441,2026-05-11,Cleveland Guardians,Los Angeles Angels,0.4280639206934498,0.5719360793065502,0.3465333900467886,0.5225032101063654,1
824844,2026-05-11,Baltimore Orioles,New York Yankees,0.24496134738381758,0.7550386526161824,0.14117396852403233,-1.837226030527293,0
822818,2026-05-11,Toronto Blue Jays,Tampa Bay Rays,0.3013600527175218,0.6986399472824782,0.2580603998298596,-0.21668439187649344,0
822901,2026-05-11,Texas Rangers,Arizona Diamondbacks,0.3415455189246429,0.6584544810753571,0.27652062951935347,-0.05822798680545827,0
824199,2026-05-11,Houston Astros,Seattle Mariners,0.3097491311618418,0.6902508688381582,0.21646108039132284,-0.7049495458014949,0
823953,2026-05-11,Los Angeles Dodgers,San Francisco Giants,0.4448819847030529,0.555118015296947,0.3241599319438537,0.35399374318036264,0
824442,2026-05-12,Cleveland Guardians,Los Angeles Angels,0.41828494611700806,0.5817150538829919,0.34091875797532967,0.48540630286496284,0
824843,2026-05-12,Baltimore Orioles,New York Yankees,0.268451220718452,0.731548779281548,0.1664398128455976,-1.4099983113845824,0
823385,2026-05-12,Pittsburgh Pirates,Colorado Rockies,0.5227601249762897,0.47723987502371035,0.5057847724372607,1.8416197702035282,1
824521,2026-05-12,Cincinnati Reds,Washington Nationals,0.34920074529281153,0.6507992547071885,0.30561463207145895,0.18392530139557892,0
824764,2026-05-12,Boston Red Sox,Philadelphia Phillies,0.3629789398097629,0.6370210601902371,0.2950659293917482,0.08845018908380572,0
822817,2026-05-12,Toronto Blue Jays,Tampa Bay Rays,0.3001549494871333,0.6998450505128667,0.25185027647809444,-0.28062274166727386,0
823632,2026-05-12,New York Mets,Detroit Tigers,0.326771387412888,0.673228612587112,0.3136962994470438,0.25044494101693837,1
824927,2026-05-12,Atlanta Braves,Chicago Cubs,0.404138086111512,0.595861913888488,0.2757549978732454,-0.0674929829938009,1
823712,2026-05-12,Minnesota Twins,Miami Marlins,0.32202596412687734,0.6779740358731227,0.26154827732879626,-0.1795691040325095,1
823790,2026-05-12,Milwaukee Brewers,San Diego Padres,0.43706899981291164,0.5629310001870884,0.40974053594215226,0.9979153394715502,1
824604,2026-05-12,Chicago White Sox,Kansas City Royals,0.3334546948899487,0.6665453051100513,0.24555508294342832,-0.3538654394812692,0
822903,2026-05-12,Texas Rangers,Arizona Diamondbacks,0.37173934788910407,0.628260652110896,0.3316461080391323,0.4018021729109907,1
824197,2026-05-12,Houston Astros,Seattle Mariners,0.30814763620974284,0.6918523637902572,0.21765206295193534,-0.6899676904920586,0
825011,2026-05-12,Athletics,St. Louis Cardinals,0.33362310813684887,0.6663768918631512,0.2610378562313909,-0.1851351215579002,0
823951,2026-05-12,Los Angeles Dodgers,San Francisco Giants,0.5418599904604111,0.4581400095395889,0.4966822628668652,1.7224622604536182,0
824841,2026-05-13,Baltimore Orioles,New York Yankees,0.2593033673315466,0.7406966326684534,0.12067205444491706,-2.2032426330624886,1
824438,2026-05-13,Cleveland Guardians,Los Angeles Angels,0.44210284073769274,0.5578971592623072,0.4321139940450872,1.1643166082943632,1
823386,2026-05-13,Pittsburgh Pirates,Colorado Rockies,0.5132174038267937,0.4867825961732063,0.5035729476818375,1.8151375900024025,0
824519,2026-05-13,Cincinnati Reds,Washington Nationals,0.31906736050305917,0.6809326394969408,0.24351339855380688,-0.3765565158212622,0
824763,2026-05-13,Boston Red Sox,Philadelphia Phillies,0.3743188692567071,0.6256811307432929,0.36516376010208423,0.6651104996366466,1
822815,2026-05-13,Toronto Blue Jays,Tampa Bay Rays,0.31093487431273564,0.6890651256872644,0.28332624415142493,-0.001148945783935331,1
823631,2026-05-13,New York Mets,Detroit Tigers,0.3260450159936421,0.6739549840063579,0.24045087196937473,-0.40529477884993986,0
824928,2026-05-13,Atlanta Braves,Chicago Cubs,0.38633473203201213,0.6136652679679879,0.2508294342832837,-0.29467230575374925,1
823710,2026-05-13,Minnesota Twins,Miami Marlins,0.308730403332993,0.691269596667007,0.25363675031901317,-0.2600521334931854,0
823791,2026-05-13,Milwaukee Brewers,San Diego Padres,0.4594773248269076,0.5405226751730924,0.34253509145044664,0.49642671693665863,0
824603,2026-05-13,Chicago White Sox,Kansas City Royals,0.3089977585590733,0.6910022414409267,0.2209698000850702,-0.6467446900329848,0
822900,2026-05-13,Texas Rangers,Arizona Diamondbacks,0.33641451458421534,0.6635854854157847,0.2691195236069758,-0.11401382680462024,0
824195,2026-05-13,Houston Astros,Seattle Mariners,0.2911459799141996,0.7088540200858005,0.1979157805189281,-0.94062848203265,0
825010,2026-05-13,Athletics,St. Louis Cardinals,0.30031482511818336,0.6996851748818167,0.23755848575074437,-0.44065785864723983,1
823952,2026-05-13,Los Angeles Dodgers,San Francisco Giants,0.44180780937938474,0.5581921906206153,0.386856656741812,0.8350145156495263,1
823383,2026-05-14,Pittsburgh Pirates,Colorado Rockies,0.40404263098965204,0.5959573690103479,0.3462781794980859,0.5193799060067171,1
824517,2026-05-14,Cincinnati Reds,Washington Nationals,0.3303370606132479,0.6696629393867521,0.2623989791578052,-0.17181732181663606,1
823630,2026-05-14,New York Mets,Detroit Tigers,0.3490548293053539,0.6509451706946461,0.31684389621437686,0.28113571079002303,1
823709,2026-05-14,Minnesota Twins,Miami Marlins,0.32177919088448526,0.6782208091155147,0.24538494257762655,-0.3551072968071199,1
823789,2026-05-14,Milwaukee Brewers,San Diego Padres,0.4290103025934078,0.5709896974065922,0.3503615482773288,0.556889656918103,1
824196,2026-05-14,Houston Astros,Seattle Mariners,0.313253429559136,0.686746570440864,0.22981709910676307,-0.5299480990737354,0
825008,2026-05-14,Athletics,St. Louis Cardinals,0.3050149051070524,0.6949850948929476,0.23755848575074437,-0.4417724921986554,0
824762,2026-05-14,Boston Red Sox,Philadelphia Phillies,0.3786972550853286,0.6213027449146714,0.3364951084644832,0.44100409787621503,0
824926,2026-05-14,Atlanta Braves,Chicago Cubs,0.4113366161702368,0.5886633838297632,0.3883028498511272,0.8470236466508838,0
824602,2026-05-14,Chicago White Sox,Kansas City Royals,0.3191888623328174,0.6808111376671826,0.24291790727350063,-0.3842382151743709,1
823950,2026-05-14,Los Angeles Dodgers,San Francisco Giants,0.4527048676316472,0.5472951323683528,0.4035304125903871,0.9619104467975612,1
823384,2026-05-15,Pittsburgh Pirates,Philadelphia Phillies,0.41619786088612687,0.5838021391138731,0.3766482347937048,0.7659301062269254,0
822739,2026-05-15,Washington Nationals,Baltimore Orioles,0.36452451005576547,0.6354754899442345,0.2550829434283284,-0.2424568909310463,0
824280,2026-05-15,Detroit Tigers,Toronto Blue Jays,0.33697724492198,0.66302275507802,0.2550829434283284,-0.24238731652341614,0
822983,2026-05-15,Tampa Bay Rays,Miami Marlins,0.37501248269116405,0.624987517308836,0.3188005104210974,0.30083992992296893,1
823707,2026-05-15,Minnesota Twins,Milwaukee Brewers,0.31815318228623535,0.6818468177137647,0.22998723947256486,-0.5260991454036306,0
824439,2026-05-15,Cleveland Guardians,Cincinnati Reds,0.37498394800669493,0.625016051993305,0.32671203743088045,0.36922668883640875,0
823629,2026-05-15,New York Mets,New York Yankees,0.3159197075295522,0.6840802924704479,0.22888132709485326,-0.542278132453325,0
824925,2026-05-15,Atlanta Braves,Boston Red Sox,0.4521885878956747,0.5478114121043254,0.4844321565291365,1.6047933988798422,0
824601,2026-05-15,Chicago White Sox,Chicago Cubs,0.27163207935980505,0.728367920640195,0.19111016588685667,-1.025223032795769,0
824194,2026-05-15,Houston Astros,Texas Rangers,0.29973419387154754,0.7002658061284525,0.2196086771586559,-0.6632237570925699,1
823061,2026-05-15,St. Louis Cardinals,Kansas City Royals,0.36845603423843487,0.6315439657615651,0.35623139089749045,0.5977430157592691,0
824360,2026-05-15,Colorado Rockies,Arizona Diamondbacks,0.3467845160716099,0.6532154839283901,0.312760527435134,0.24312430607176366,0
824037,2026-05-15,Los Angeles Angels,Los Angeles Dodgers,0.30471420961425844,0.6952857903857416,0.22522330923011485,-0.5886500049081962,0
823140,2026-05-15,Seattle Mariners,San Diego Padres,0.3502028429851183,0.6497971570148817,0.2709059974478945,-0.10115914227838063,0
825009,2026-05-15,Athletics,San Francisco Giants,0.39028733343269173,0.6097126665673083,0.34500212675457254,0.5144376150243761,1
824278,2026-05-16,Detroit Tigers,Toronto Blue Jays,0.4425011219239367,0.5574988780760632,0.4560187154402382,1.3565783049171298,0
823060,2026-05-16,St. Louis Cardinals,Kansas City Royals,0.38547384397086537,0.6145261560291346,0.33862186303700553,0.45647935007565044,1
824359,2026-05-16,Colorado Rockies,Arizona Diamondbacks,0.28308903905584687,0.7169109609441531,0.2015737983836665,-0.902636050541649,1
822737,2026-05-16,Washington Nationals,Baltimore Orioles,0.409638432440499,0.590361567559501,0.363717566992769,0.6549156012646877,1
823382,2026-05-16,Pittsburgh Pirates,Philadelphia Phillies,0.33859322609503084,0.6614067739049692,0.19612930667800935,-0.9627684086762058,0
822981,2026-05-16,Tampa Bay Rays,Miami Marlins,0.40028824932029006,0.5997117506797099,0.3689919183326244,0.6994511713759826,0
824435,2026-05-16,Cleveland Guardians,Cincinnati Reds,0.38186254556544535,0.6181374544345546,0.33947256486601446,0.466410938064326,1
823706,2026-05-16,Minnesota Twins,Milwaukee Brewers,0.2824605517243253,0.7175394482756747,0.20259464057847723,-0.8872419598831569,0
824193,2026-05-16,Houston Astros,Texas Rangers,0.28031179555243785,0.7196882044475621,0.185240323266695,-1.1308657710489654,1
824600,2026-05-16,Chicago White Sox,Chicago Cubs,0.32311977928883495,0.676880220711165,0.2493832411739685,-0.31556156176680944,1
823139,2026-05-16,Seattle Mariners,San Diego Padres,0.3559550029266706,0.6440449970733294,0.3323266695023394,0.4068322162716567,0
823627,2026-05-16,New York Mets,New York Yankees,0.2754014527526538,0.7245985472473462,0.1879625691195236,-1.084936575949677,1
824924,2026-05-16,Atlanta Braves,Boston Red Sox,0.4482491602657908,0.5517508397342092,0.44632071458953637,1.269806313000641,0
824038,2026-05-16,Los Angeles Angels,Los Angeles Dodgers,0.31245408671909236,0.6875459132809076,0.21365376435559336,-0.738826051428086,0
825007,2026-05-16,Athletics,San Francisco Giants,0.4001561559627468,0.5998438440372532,0.34687367077839215,0.5242248060229379,0
822982,2026-05-17,Tampa Bay Rays,Miami Marlins,0.39381546762838954,0.6061845323716104,0.34083368779242873,0.4831436245190656,1
822738,2026-05-17,Washington Nationals,Baltimore Orioles,0.4347690104578291,0.5652309895421709,0.36422798809017437,0.6609248523880938,0
823381,2026-05-17,Pittsburgh Pirates,Philadelphia Phillies,0.4042060313371652,0.5957939686628348,0.3747766907698852,0.7546161794766908,0
824923,2026-05-17,Atlanta Braves,Boston Red Sox,0.48594287988286505,0.5140571201171349,0.511144193960017,1.903614055938845,1
823628,2026-05-17,New York Mets,New York Yankees,0.3517480318343295,0.6482519681656704,0.35852828583581453,0.6183456136601293,0
824279,2026-05-17,Detroit Tigers,Toronto Blue Jays,0.34060341133562916,0.6593965886643709,0.2858783496384517,0.016553442032069897,0
824436,2026-05-17,Cleveland Guardians,Cincinnati Reds,0.41827648113419236,0.5817235188658076,0.4294768183751595,1.1423566526148763,1
823708,2026-05-17,Minnesota Twins,Milwaukee Brewers,0.32506658975154834,0.6749334102484517,0.2532964695874096,-0.26150491326212955,0
824192,2026-05-17,Houston Astros,Texas Rangers,0.3015644789359139,0.698435521064086,0.22122501063377287,-0.6441128921609905,0
824599,2026-05-17,Chicago White Sox,Chicago Cubs,0.3073851313129612,0.6926148686870388,0.26376010208421946,-0.16135997773682914,0
823058,2026-05-17,St. Louis Cardinals,Kansas City Royals,0.39195757147422094,0.608042428525779,0.34806465333900466,0.5346435351354403,0
824358,2026-05-17,Colorado Rockies,Arizona Diamondbacks,0.3103915208789006,0.6896084791210995,0.24555508294342832,-0.3533548438033705,0
825006,2026-05-17,Athletics,San Francisco Giants,0.43054213831965527,0.5694578616803447,0.3961293066780094,0.909985760035334,0
824034,2026-05-17,Los Angeles Angels,Los Angeles Dodgers,0.28696492481279795,0.7130350751872021,0.1769885155253084,-1.256802316766062,0
823138,2026-05-17,Seattle Mariners,San Diego Padres,0.36713549602341183,0.6328645039765881,0.3301999149298171,0.39162624298425036,0
822980,2026-05-18,Tampa Bay Rays,Baltimore Orioles,0.46138705669129965,0.5386129433087004,0.41646108039132285,1.0517323502943832,1
823465,2026-05-18,Philadelphia Phillies,Cincinnati Reds,0.3485243137582473,0.6514756862417528,0.2935346660995321,0.07645491147393782,0
823867,2026-05-18,Miami Marlins,Atlanta Braves,0.3016674382242578,0.6983325617757422,0.19153551680136113,-1.0180505787786769,1
824277,2026-05-18,Detroit Tigers,Cleveland Guardians,0.334809976878619,0.665190023121381,0.2996597192683964,0.1264823422739644,0
822734,2026-05-18,Washington Nationals,New York Mets,0.36577562930059515,0.6342243706994048,0.30714589536367504,0.19772872071199038,0
823549,2026-05-18,New York Yankees,Toronto Blue Jays,0.4799475755718446,0.5200524244281555,0.5157379838366652,1.9599268381147352,0
824114,2026-05-18,Kansas City Royals,Boston Red Sox,0.3511335238710362,0.6488664761289638,0.31658868566567416,0.2781444997080327,0
823705,2026-05-18,Minnesota Twins,Houston Astros,0.40805339509051824,0.5919466049094817,0.31327094853253934,0.2461493280091628,1
824680,2026-05-18,Chicago Cubs,Milwaukee Brewers,0.37110307301597417,0.6288969269840259,0.31199489578902595,0.23479151601413456,0
824357,2026-05-18,Colorado Rockies,Texas Rangers,0.3078942684534168,0.6921057315465833,0.22088472990216929,-0.6478269387211256,0
824035,2026-05-18,Los Angeles Angels,Athletics,0.28523336580577974,0.7147666341942203,0.21101658868566567,-0.7743641280372424,0
823137,2026-05-18,Seattle Mariners,Chicago White Sox,0.3770840335775032,0.6229159664224968,0.35087196937473414,0.5621509282630915,1
823301,2026-05-18,San Diego Padres,Los Angeles Dodgers,0.2989408190816276,0.7010591809183724,0.18821777966822628,-1.0799490667377885,0
825087,2026-05-18,Arizona Diamondbacks,San Francisco Giants,0.36163549530174727,0.6383645046982527,0.27924287537218206,-0.03673982238664697,1
823865,2026-05-19,Miami Marlins,Atlanta Braves,0.27436298353148414,0.7256370164685159,0.19629944704381114,-0.9606798967806265,0
822979,2026-05-19,Tampa Bay Rays,Baltimore Orioles,0.42085524472301833,0.5791447552769817,0.347809442790302,0.5321931325408328,1
823464,2026-05-19,Philadelphia Phillies,Cincinnati Reds,0.3710692465049777,0.6289307534950224,0.28264568268821777,-0.009133601188913829,0
824276,2026-05-19,Detroit Tigers,Cleveland Guardians,0.28752266395764337,0.7124773360423566,0.21501488728200766,-0.7272110523779698,0
822736,2026-05-19,Washington Nationals,New York Mets,0.3100804705124385,0.6899195294875615,0.22624415142492557,-0.5720782525750017,1
823548,2026-05-19,New York Yankees,Toronto Blue Jays,0.4005678816118585,0.5994321183881415,0.33368779242875374,0.41470793100636555,0
823704,2026-05-19,Minnesota Twins,Houston Astros,0.42244057536686475,0.5775594246331353,0.37094853253934496,0.7217110940105372,0
824112,2026-05-19,Kansas City Royals,Boston Red Sox,0.3061742835324314,0.6938257164675685,0.28145470012760526,-0.0214527831599171,0
824677,2026-05-19,Chicago Cubs,Milwaukee Brewers,0.3111587519845238,0.6888412480154762,0.2207145895363675,-0.6516588805328163,0
823059,2026-05-19,St. Louis Cardinals,Pittsburgh Pirates,0.3232062656502776,0.6767937343497223,0.23798383666524883,-0.4362478934831413,1
824356,2026-05-19,Colorado Rockies,Texas Rangers,0.3132610753509184,0.6867389246490816,0.22352190557209697,-0.6101252351999829,0
824033,2026-05-19,Los Angeles Angels,Athletics,0.32445386435628165,0.6755461356437183,0.30051042109740533,0.1357430333314118,0
823136,2026-05-19,Seattle Mariners,Chicago White Sox,0.3738647949777999,0.6261352050222001,0.34091875797532967,0.48551387382422023,0
823302,2026-05-19,San Diego Padres,Los Angeles Dodgers,0.2764151286136424,0.7235848713863575,0.18779242875372182,-1.0923881335685501,0
825086,2026-05-19,Arizona Diamondbacks,San Francisco Giants,0.3828931063131001,0.6171068936869,0.2852828583581455,0.014373842680787927,1
823462,2026-05-20,Philadelphia Phillies,Cincinnati Reds,0.3641595009988813,0.6358404990011187,0.31820501914079113,0.2935149606744803,0
822977,2026-05-20,Tampa Bay Rays,Baltimore Orioles,0.42834980514180154,0.5716501948581985,0.41118672905146747,1.0120909461595666,1
823703,2026-05-20,Minnesota Twins,Houston Astros,0.41760319585648104,0.582396804143519,0.35937898766482346,0.624282715818765,1
824355,2026-05-20,Colorado Rockies,Texas Rangers,0.28299284044729206,0.7170071595527079,0.23449595916631222,-0.46835412330751625,0
825084,2026-05-20,Arizona Diamondbacks,San Francisco Giants,0.39718220073805766,0.6028177992619423,0.3340280731603573,0.41529011892287265,1
823134,2026-05-20,Seattle Mariners,Chicago White Sox,0.37903741603546837,0.6209625839645316,0.37103360272224584,0.7236551730909783,0
823866,2026-05-20,Miami Marlins,Atlanta Braves,0.2649166085984302,0.7350833914015698,0.17707358570820927,-1.2541540864985867,0
824273,2026-05-20,Detroit Tigers,Cleveland Guardians,0.24609423434972177,0.7539057656502782,0.2069332199064228,-0.8174645822337044,0
822735,2026-05-20,Washington Nationals,New York Mets,0.3614961123746794,0.6385038876253206,0.23849425776265418,-0.42809302647265257,1
823547,2026-05-20,New York Yankees,Toronto Blue Jays,0.4052214362526755,0.5947785637473245,0.40480646533390047,0.9673378289404679,0
824111,2026-05-20,Kansas City Royals,Boston Red Sox,0.3447978772175561,0.6552021227824438,0.2796682262866865,-0.031613089447776424,0
824678,2026-05-20,Chicago Cubs,Milwaukee Brewers,0.33004896487204294,0.6699510351279571,0.280093577201191,-0.026846462450238202,0
823057,2026-05-20,St. Louis Cardinals,Pittsburgh Pirates,0.370764772988939,0.629235227011061,0.29276903445342406,0.06913714945763058,0
823299,2026-05-20,San Diego Padres,Los Angeles Dodgers,0.3130068062791976,0.6869931937208025,0.19629944704381114,-0.9606198441218797,0
824032,2026-05-20,Los Angeles Angels,Athletics,0.26172076377476466,0.7382792362252353,0.20114844746916205,-0.9098934997523505,0
824274,2026-05-21,Detroit Tigers,Cleveland Guardians,0.3153252723803833,0.6846747276196167,0.2863037005529562,0.022069418286444407,0
823056,2026-05-21,St. Louis Cardinals,Pittsburgh Pirates,0.3184127505538572,0.6815872494461428,0.24649085495533815,-0.34090774152560926,0
822733,2026-05-21,Washington Nationals,New York Mets,0.3736169504553913,0.6263830495446088,0.3166737558485751,0.27904893726212004,0
823864,2026-05-21,Miami Marlins,Atlanta Braves,0.2966287239430365,0.7033712760569635,0.18379413015737983,-1.1476926419694262,0
823545,2026-05-21,New York Yankees,Toronto Blue Jays,0.5251969137085056,0.47480308629149437,0.4897065078689919,1.6506331323794476,0
824031,2026-05-21,Los Angeles Angels,Athletics,0.2712908310751196,0.7287091689248804,0.2081242024670353,-0.8026544842834115,0
825083,2026-05-21,Arizona Diamondbacks,Colorado Rockies,0.4993130629730262,0.5006869370269738,0.4321990642279881,1.1649302532033214,0
824679,2026-05-22,Chicago Cubs,Houston Astros,0.41502236673328874,0.5849776332667113,0.4316035729476818,1.1623132976722865,0
823461,2026-05-22,Philadelphia Phillies,Cleveland Guardians,0.3144891157225291,0.6855108842774709,0.2580603998298596,-0.2162859249985081,0
823546,2026-05-22,New York Yankees,Tampa Bay Rays,0.36721723746989043,0.6327827625301096,0.28417694598043386,0.007432739467057883,0
822816,2026-05-22,Toronto Blue Jays,Pittsburgh Pirates,0.358181569636138,0.641818430363862,0.31471714164185455,0.2617987335403126,1
823863,2026-05-22,Miami Marlins,New York Mets,0.38106896788330014,0.6189310321166999,0.32211824755423224,0.3282156574639913,0
824761,2026-05-22,Boston Red Sox,Minnesota Twins,0.3589929871453263,0.6410070128546737,0.31054870267971074,0.22283305730660577,0
824842,2026-05-22,Baltimore Orioles,Detroit Tigers,0.33357312222836305,0.6664268777716369,0.2372182050191408,-0.44538911966101674,1
824922,2026-05-22,Atlanta Braves,Washington Nationals,0.49897864697435784,0.5010213530256422,0.5201616333475116,1.9989476409162046,0
823788,2026-05-22,Milwaukee Brewers,Los Angeles Dodgers,0.35905557694460816,0.6409444230553918,0.27422373458102933,-0.07680681392128759,1
824110,2026-05-22,Kansas City Royals,Seattle Mariners,0.29756836462309666,0.7024316353769033,0.2207145895363675,-0.6515279167082686,0
824029,2026-05-22,Los Angeles Angels,Texas Rangers,0.24183175641656474,0.7581682435834353,0.15869842620161634,-1.5575102438059838,1
823298,2026-05-22,San Diego Padres,Athletics,0.3580706915020381,0.6419293084979619,0.3121650361548277,0.236986515812633,1
825082,2026-05-22,Arizona Diamondbacks,Colorado Rockies,0.5055932273761978,0.49440677262380217,0.4897065078689919,1.6506065982971816,0
823223,2026-05-22,San Francisco Giants,Chicago White Sox,0.29502902071173476,0.7049709792882652,0.21603572947681837,-0.7140847884067568,0
824518,2026-05-23,Cincinnati Reds,St. Louis Cardinals,0.30489286203665855,0.6951071379633414,0.2294768183751595,-0.5332919159542837,0
824674,2026-05-23,Chicago Cubs,Houston Astros,0.44147042598768194,0.5585295740123181,0.40905997447894515,0.9958675976703388,0
822814,2026-05-23,Toronto Blue Jays,Pittsburgh Pirates,0.33004447533032405,0.669955524669676,0.22624415142492557,-0.5709458847982372,1
823222,2026-05-23,San Francisco Giants,Chicago White Sox,0.33326071372958777,0.6667392862704122,0.2497235219055721,-0.3096860509847434,1
823458,2026-05-23,Philadelphia Phillies,Cleveland Guardians,0.32237166541109874,0.6776283345889013,0.2727775414717142,-0.08682748767383922,1
823862,2026-05-23,Miami Marlins,New York Mets,0.3369529907080445,0.6630470092919555,0.3176945980433858,0.290198241264685,1
824109,2026-05-23,Kansas City Royals,Seattle Mariners,0.2799163128790475,0.7200836871209525,0.20786899191833264,-0.806883071475568,1
824760,2026-05-23,Boston Red Sox,Minnesota Twins,0.31829190447796146,0.6817080955220385,0.23109315185027648,-0.5100896188224858,0
824920,2026-05-23,Atlanta Braves,Washington Nationals,0.43124178575969163,0.5687582142403084,0.4192683964270523,1.0793098676454471,0
823787,2026-05-23,Milwaukee Brewers,Los Angeles Dodgers,0.34708721684062516,0.6529127831593748,0.24887282007656317,-0.3198799675145549,0
824516,2026-05-23,Cincinnati Reds,St. Louis Cardinals,0.26737198740469936,0.7326280125953006,0.22233092301148447,-0.6295256723236672,0
823300,2026-05-23,San Diego Padres,Athletics,0.34202849904928473,0.6579715009507152,0.24487452148022118,-0.35864014415589396,1
824030,2026-05-23,Los Angeles Angels,Texas Rangers,0.2486878042754449,0.7513121957245551,0.17843470863462357,-1.2380435776246015,1
825080,2026-05-23,Arizona Diamondbacks,Colorado Rockies,0.45963390913551705,0.540366090864483,0.4005529561888558,0.9430903546761868,0
822813,2026-05-24,Toronto Blue Jays,Pittsburgh Pirates,0.3748257766270442,0.6251742233729558,0.33734581029349214,0.4464939766135111,0
824839,2026-05-24,Baltimore Orioles,Detroit Tigers,0.32674895151278777,0.6732510484872123,0.23032752020416844,-0.5207499293412474,1
823459,2026-05-24,Philadelphia Phillies,Cleveland Guardians,0.2706838458319028,0.7293161541680973,0.19119523606975755,-1.0247769950736567,0
823544,2026-05-24,New York Yankees,Tampa Bay Rays,0.3729709468318645,0.6270290531681355,0.27507443641003826,-0.07115108871302231,1
824759,2026-05-24,Boston Red Sox,Minnesota Twins,0.3679018894411815,0.6320981105588185,0.31054870267971074,0.22241534520301717,0
823861,2026-05-24,Miami Marlins,New York Mets,0.30766048965792064,0.6923395103420793,0.27430880476393027,-0.07582088687635159,1
823786,2026-05-24,Milwaukee Brewers,Los Angeles Dodgers,0.3227566316492495,0.6772433683507505,0.21067630795406211,-0.7763849260382425,0
824108,2026-05-24,Kansas City Royals,Seattle Mariners,0.30947000477890524,0.6905299952210948,0.25150999574649086,-0.2832243362175414,1
824676,2026-05-24,Chicago Cubs,Houston Astros,0.43531945740797356,0.5646805425920265,0.41586558911101656,1.048096095855626,0
823220,2026-05-24,San Francisco Giants,Chicago White Sox,0.3361578836097268,0.6638421163902732,0.26290940025521053,-0.16611504072789773,1
823297,2026-05-24,San Diego Padres,Athletics,0.39614406889126097,0.603855931108739,0.3512973202892386,0.5650713719748484,0
824921,2026-05-24,Atlanta Braves,Washington Nationals,0.4001811973730559,0.5998188026269441,0.38889834113143346,0.85158496397518,0
825081,2026-05-24,Arizona Diamondbacks,Colorado Rockies,0.46479247130196927,0.5352075286980307,0.4647809442790302,1.4273554407950497,1
824840,2026-05-24,Baltimore Orioles,Detroit Tigers,0.3452693607689543,0.6547306392310457,0.2672479795831561,-0.12937208783710935,0
824028,2026-05-24,Los Angeles Angels,Texas Rangers,0.30126546357680767,0.6987345364231923,0.24385367928541046,-0.3708057467441423,0
823380,2026-05-25,Pittsburgh Pirates,Chicago Cubs,0.36184912878893977,0.6381508712110602,0.2858783496384517,0.018130557657743362,0
824838,2026-05-25,Baltimore Orioles,Tampa Bay Rays,0.2674115532538142,0.7325884467461858,0.1940876222883879,-0.9879404483653293,1
823784,2026-05-25,Milwaukee Brewers,St. Louis Cardinals,0.427716692850347,0.5722833071496529,0.3640578477243726,0.6602135234445982,1
824598,2026-05-25,Chicago White Sox,Minnesota Twins,0.3009921896750408,0.6990078103249592,0.20914504466184602,-0.794878898256716,1
824107,2026-05-25,Kansas City Royals,New York Yankees,0.29858313414508164,0.7014168658549184,0.23755848575074437,-0.44178248188015834,0
823625,2026-05-25,New York Mets,Cincinnati Reds,0.34661952115390193,0.6533804788460981,0.31539770310506166,0.2655372592413383,0
823219,2026-05-25,San Francisco Giants,Arizona Diamondbacks,0.2985122594012454,0.7014877405987546,0.2358570820927265,-0.4579832105889436,0
824437,2026-05-25,Cleveland Guardians,Washington Nationals,0.4332515151515109,0.5667484848484892,0.4184176945980434,1.0668551522843375,0
823296,2026-05-25,San Diego Padres,Philadelphia Phillies,0.32924044005542447,0.6707595599445755,0.26894938324117396,-0.11471233347098046,0
822899,2026-05-25,Texas Rangers,Houston Astros,0.4095329166251604,0.5904670833748396,0.3570820927264994,0.6051338767697507,0
822812,2026-05-25,Toronto Blue Jays,Miami Marlins,0.3363413067888982,0.6636586932111018,0.25150999574649086,-0.2871362255680615,0
823948,2026-05-25,Los Angeles Dodgers,Colorado Rockies,0.5068054256830327,0.49319457431696734,0.4747341556784347,1.5117244137651409,1
825005,2026-05-25,Athletics,Seattle Mariners,0.3496056074106235,0.6503943925893765,0.3,0.1292423387543267,0
824434,2026-05-26,Cleveland Guardians,Washington Nationals,0.3625793604713834,0.6374206395286166,0.2671629094002552,-0.1320066689566259,0
824837,2026-05-26,Baltimore Orioles,Tampa Bay Rays,0.29345718433749185,0.7065428156625082,0.20608251807741387,-0.827747369088982,1
823379,2026-05-26,Pittsburgh Pirates,Chicago Cubs,0.39878775585385823,0.6012122441461418,0.3570820927264994,0.605413620322957,1
824275,2026-05-26,Detroit Tigers,Los Angeles Angels,0.3863330314866703,0.6136669685133297,0.32960442364951087,0.3880212095553285,0
824758,2026-05-26,Boston Red Sox,Atlanta Braves,0.2881768463674256,0.7118231536325744,0.18779242875372182,-1.0896453208768841,0
822811,2026-05-26,Toronto Blue Jays,Miami Marlins,0.3176292863311377,0.6823707136688624,0.24691620586984261,-0.33685148234420725,1
823624,2026-05-26,New York Mets,Cincinnati Reds,0.33616241972791805,0.663837580272082,0.28851552530837943,0.03867429128632847,0
823785,2026-05-26,Milwaukee Brewers,St. Louis Cardinals,0.46187845362986574,0.5381215463701343,0.3826882177796682,0.8012121041777686,1
824106,2026-05-26,Kansas City Royals,New York Yankees,0.26569215030909654,0.7343078496909035,0.15614632071458953,-1.6066754443484803,0
824597,2026-05-26,Chicago White Sox,Minnesota Twins,0.2958021046777975,0.7041978953222026,0.22335176520629518,-0.6110255738233836,0
822898,2026-05-26,Texas Rangers,Houston Astros,0.4335273008556284,0.5664726991443716,0.39987239472564867,0.9381760626577964,1
823294,2026-05-26,San Diego Padres,Philadelphia Phillies,0.3609912236082109,0.6390087763917891,0.35869842620161635,0.6194867638837234,0
825004,2026-05-26,Athletics,Seattle Mariners,0.28693145532954817,0.7130685446704519,0.22752020416843896,-0.5570697599563401,0
823216,2026-05-26,San Francisco Giants,Arizona Diamondbacks,0.28994967793386517,0.7100503220661348,0.233049766056997,-0.48759015239072995,0
823949,2026-05-26,Los Angeles Dodgers,Colorado Rockies,0.45589427892011863,0.5441057210798814,0.4153551680136112,1.0446416820469464,1
822809,2026-05-27,Toronto Blue Jays,Miami Marlins,0.3602437892490986,0.6397562107509014,0.3109740535942152,0.22694997624407798,0
824432,2026-05-27,Cleveland Guardians,Washington Nationals,0.43188927348635936,0.5681107265136407,0.410761378136963,1.0041550204782417,0
823783,2026-05-27,Milwaukee Brewers,St. Louis Cardinals,0.41120623745621043,0.5887937625437896,0.3277328796256912,0.376847821022765,0
825003,2026-05-27,Athletics,Seattle Mariners,0.30419568910050065,0.6958043108994993,0.24912803062526584,-0.3174469269339804,0
823217,2026-05-27,San Francisco Giants,Arizona Diamondbacks,0.26646131337920786,0.7335386866207921,0.1904296044236495,-1.0321853946864552,0
823295,2026-05-27,San Diego Padres,Philadelphia Phillies,0.33202994690705195,0.667970053092948,0.22539344959591665,-0.5870663690538949,0
824836,2026-05-27,Baltimore Orioles,Tampa Bay Rays,0.26756404872905276,0.7324359512709473,0.1894087622288388,-1.0555145889564017,1
823376,2026-05-27,Pittsburgh Pirates,Chicago Cubs,0.4246621936763147,0.5753378063236854,0.3285835814547001,0.38084065658359884,0
824270,2026-05-27,Detroit Tigers,Los Angeles Angels,0.371743933086778,0.628256066913222,0.3163334751169715,0.27543605361150597,1
824756,2026-05-27,Boston Red Sox,Atlanta Braves,0.2833599572391375,0.7166400427608626,0.17069332199064227,-1.3490456052138549,1
823626,2026-05-27,New York Mets,Cincinnati Reds,0.30492736041523094,0.6950726395847691,0.26784347086346233,-0.12413070052572142,1
824104,2026-05-27,Kansas City Royals,New York Yankees,0.3006619575142079,0.6993380424857921,0.18336877924287537,-1.1611015210008817,0
824596,2026-05-27,Chicago White Sox,Minnesota Twins,0.2973334806243358,0.7026665193756643,0.22369204593789876,-0.6063254810384331,1
822897,2026-05-27,Texas Rangers,Houston Astros,0.4013903600854217,0.5986096399145783,0.3881327094853254,0.8454390529360291,0
823947,2026-05-27,Los Angeles Dodgers,Colorado Rockies,0.587878055839825,0.412121944160175,0.5581029349213101,2.4435517897110173,1
824272,2026-05-28,Detroit Tigers,Los Angeles Angels,0.4277338542593907,0.5722661457406093,0.38353891960867714,0.8107162992796216,0
824595,2026-05-28,Chicago White Sox,Minnesota Twins,0.4205378166110104,0.5794621833889896,0.39502339430029776,0.898104495373631,1
824757,2026-05-28,Boston Red Sox,Atlanta Braves,0.27542105347138696,0.724578946528613,0.17851977881752445,-1.2354736070175123,0
824834,2026-05-28,Baltimore Orioles,Toronto Blue Jays,0.33064074977050617,0.6693592502294938,0.2533815397703105,-0.26084094568852634,0
823378,2026-05-28,Pittsburgh Pirates,Chicago Cubs,0.4182970864610227,0.5817029135389773,0.31590812420246706,0.2712679963195075,0
822896,2026-05-28,Texas Rangers,Houston Astros,0.3876582213664749,0.6123417786335251,0.3227137388345385,0.3368603067894649,0
824515,2026-05-29,Cincinnati Reds,Atlanta Braves,0.24994524352948633,0.7500547564705137,0.17758400680561462,-1.2491466903104236,0
822732,2026-05-29,Washington Nationals,San Diego Padres,0.3292261185872502,0.6707738814127497,0.23007230965546577,-0.5258099016847585,0
823377,2026-05-29,Pittsburgh Pirates,Minnesota Twins,0.34998247638922136,0.6500175236107786,0.27260740110591236,-0.0878747300499088,0
824835,2026-05-29,Baltimore Orioles,Toronto Blue Jays,0.31270267861797746,0.6872973213820226,0.2446193109315185,-0.3604482503714205,0
822978,2026-05-29,Tampa Bay Rays,Los Angeles Angels,0.41739500859266343,0.5826049914073366,0.41390897490429607,1.0302061927410593,1
823623,2026-05-29,New York Mets,Miami Marlins,0.326958108559865,0.673041891440135,0.2636750319013186,-0.163211432560939,1
824433,2026-05-29,Cleveland Guardians,Boston Red Sox,0.3756206414036997,0.6243793585963002,0.33904721395151,0.46403047671330055,0
823055,2026-05-29,St. Louis Cardinals,Chicago Cubs,0.34226751496581004,0.6577324850341899,0.2944704381114419,0.08169855730883759,0
824594,2026-05-29,Chicago White Sox,Detroit Tigers,0.34548063287591596,0.6545193671240841,0.28417694598043386,0.007270024112915241,0
822894,2026-05-29,Texas Rangers,Kansas City Royals,0.42683006769042026,0.5731699323095798,0.3251807741386644,0.35966486052213803,1
824191,2026-05-29,Houston Astros,Milwaukee Brewers,0.3034249315458666,0.6965750684541334,0.20718843045512547,-0.8154110518016126,0
824353,2026-05-29,Colorado Rockies,San Francisco Giants,0.3438037523014439,0.6561962476985561,0.2883453849425776,0.037578533323137125,1
825002,2026-05-29,Athletics,New York Yankees,0.30048006766527807,0.6995199323347219,0.21722671203743088,-0.6946505836460348,0
823135,2026-05-29,Seattle Mariners,Arizona Diamondbacks,0.35383731506581484,0.6461626849341852,0.3227988090174394,0.3397682113336895,0
823946,2026-05-29,Los Angeles Dodgers,Philadelphia Phillies,0.419824979197016,0.580175020802984,0.39970225435984685,0.9375631694373245,1
824593,2026-05-30,Chicago White Sox,Detroit Tigers,0.390626208264857,0.609373791735143,0.3540195661420672,0.586505085975306,1
822731,2026-05-30,Washington Nationals,San Diego Padres,0.3148544555630679,0.6851455444369321,0.2344108889834113,-0.4688806031020448,1
822893,2026-05-30,Texas Rangers,Kansas City Royals,0.38587266405556425,0.6141273359444357,0.3029774564015313,0.15778795923515934,0
823375,2026-05-30,Pittsburgh Pirates,Minnesota Twins,0.4176987259406541,0.5823012740593458,0.41373883453849425,1.0284631587918176,0
824833,2026-05-30,Baltimore Orioles,Toronto Blue Jays,0.28910479579777343,0.7108952042022265,0.2345810293492131,-0.46533678390682076,0
822975,2026-05-30,Tampa Bay Rays,Los Angeles Angels,0.4176284910589134,0.5823715089410866,0.4507443641003828,1.310738613955495,0
823622,2026-05-30,New York Mets,Miami Marlins,0.3542449408756598,0.6457550591243402,0.3078264568268822,0.20376072935355538,1
824190,2026-05-30,Houston Astros,Milwaukee Brewers,0.2744531712975789,0.7255468287024212,0.15810293492131008,-1.5648148287082213,1
824431,2026-05-30,Cleveland Guardians,Boston Red Sox,0.3750051060083022,0.6249948939916978,0.34440663547426625,0.5107483615006454,0
823054,2026-05-30,St. Louis Cardinals,Chicago Cubs,0.30732480357943254,0.6926751964205675,0.2407060825180774,-0.40178968564128625,0
824513,2026-05-30,Cincinnati Reds,Atlanta Braves,0.290184700456156,0.709815299543844,0.18353891960867716,-1.1530810601972936,0
824352,2026-05-30,Colorado Rockies,San Francisco Giants,0.34787576133422377,0.6521242386657762,0.2730327520204168,-0.08276750881340704,1
825000,2026-05-30,Athletics,New York Yankees,0.2645463277115707,0.7354536722884293,0.18362398979157804,-1.1500612586897205,1
823132,2026-05-30,Seattle Mariners,Arizona Diamondbacks,0.37338093787900306,0.6266190621209969,0.317524457677584,0.2870854773341254,1
823945,2026-05-30,Los Angeles Dodgers,Philadelphia Phillies,0.3949199802068843,0.6050800197931157,0.35869842620161635,0.6198205192337753,0
824832,2026-05-31,Baltimore Orioles,Toronto Blue Jays,0.3446030477611412,0.6553969522388587,0.26928966397277754,-0.11336198225780082,1
822729,2026-05-31,Washington Nationals,San Diego Padres,0.35214960860051064,0.6478503913994893,0.2722671203743088,-0.09407064030040811,1
823373,2026-05-31,Pittsburgh Pirates,Minnesota Twins,0.42591510806847327,0.5740848919315267,0.42037430880476395,1.0840455996926455,1
822976,2026-05-31,Tampa Bay Rays,Los Angeles Angels,0.44320405811402375,0.5567959418859763,0.47541471714164185,1.519788949068668,1
823621,2026-05-31,New York Mets,Miami Marlins,0.3658854515598803,0.6341145484401197,0.35444491705657166,0.5884027176914074,1
824430,2026-05-31,Cleveland Guardians,Boston Red Sox,0.3599278532306806,0.6400721467693193,0.30068056146320715,0.13678419515215157,0
824512,2026-05-31,Cincinnati Reds,Atlanta Braves,0.2674146018298675,0.7325853981701325,0.17851977881752445,-1.2361384701564269,1
824187,2026-05-31,Houston Astros,Milwaukee Brewers,0.264144223018031,0.735855776981969,0.1504466184602297,-1.6916886135530131,0
824592,2026-05-31,Chicago White Sox,Detroit Tigers,0.4264764344871623,0.5735235655128377,0.3531688643130583,0.5803479076557669,0
822895,2026-05-31,Texas Rangers,Kansas City Royals,0.430695702758482,0.569304297241518,0.3287537218205019,0.38183298255584297,1
824354,2026-05-31,Colorado Rockies,San Francisco Giants,0.38724245519785055,0.6127575448021494,0.3112292641429179,0.2287251678890345,0
825001,2026-05-31,Athletics,New York Yankees,0.2532830573080438,0.7467169426919562,0.1654189706507869,-1.421582348115314,0
823133,2026-05-31,Seattle Mariners,Arizona Diamondbacks,0.3450744352343705,0.6549255647656296,0.30586984262016165,0.1873624568405967,0
823944,2026-05-31,Los Angeles Dodgers,Philadelphia Phillies,0.5024547092779186,0.4975452907220814,0.5165036154827732,1.9673012918569404,1
823053,2026-05-31,St. Louis Cardinals,Chicago Cubs,0.37006833984211585,0.6299316601578842,0.35231816248404935,0.5747735363039684,1
822974,2026-06-01,Tampa Bay Rays,Detroit Tigers,0.4198226556452957,0.5801773443547042,0.32662696724797957,0.3675620836469523,0
822730,2026-06-01,Washington Nationals,Miami Marlins,0.436422826936311,0.5635771730636889,0.3689919183326244,0.6994538229911573,0
824510,2026-06-01,Cincinnati Reds,Kansas City Royals,0.4216713629319853,0.5783286370680147,0.362951935346661,0.6478362420787088,0
823702,2026-06-01,Minnesota Twins,Chicago White Sox,0.3523873279481255,0.6476126720518744,0.31718417694598044,0.28505196861362736,1
823781,2026-06-01,Milwaukee Brewers,San Francisco Giants,0.3875412587237814,0.6124587412762186,0.33428328370905996,0.4199575853991561,1
823050,2026-06-01,St. Louis Cardinals,Texas Rangers,0.32114655265991493,0.6788534473400851,0.23117822203317737,-0.5081178661525786,0
824027,2026-06-01,Los Angeles Angels,Colorado Rockies,0.42687443626024396,0.5731255637397561,0.4544023819651212,1.3366403303991787,0
823131,2026-06-01,Seattle Mariners,New York Mets,0.39209704076951474,0.6079029592304852,0.3751169715014887,0.7573458469777761,0
825078,2026-06-01,Arizona Diamondbacks,Los Angeles Dodgers,0.30389217301269017,0.6961078269873098,0.19204593789876648,-1.0133860874462592,1
822971,2026-06-02,Tampa Bay Rays,Detroit Tigers,0.3791458158868513,0.6208541841131487,0.28170991067630796,-0.018135690378809154,0
823460,2026-06-02,Philadelphia Phillies,San Diego Padres,0.3521698088828314,0.6478301911171687,0.2858783496384517,0.01677509978176087,0
822728,2026-06-02,Washington Nationals,Miami Marlins,0.39489783875602713,0.6051021612439729,0.3396427052318162,0.4674297066573579,0
824754,2026-06-02,Boston Red Sox,Baltimore Orioles,0.35237777453334673,0.6476222254666533,0.3423649510846448,0.49612726153966386,0
823541,2026-06-02,New York Yankees,Cleveland Guardians,0.48154312727885523,0.5184568727211447,0.48706933219906423,1.6204694019561845,0
824511,2026-06-02,Cincinnati Reds,Kansas City Royals,0.3939753636748873,0.6060246363251127,0.30561463207145895,0.18385698733186714,0
824918,2026-06-02,Atlanta Braves,Toronto Blue Jays,0.41445610358672264,0.5855438964132773,0.3729902169289664,0.741527141507509,0
823700,2026-06-02,Minnesota Twins,Chicago White Sox,0.26291659618986984,0.7370834038101302,0.2133134836239898,-0.7441818455926456,1
823782,2026-06-02,Milwaukee Brewers,San Francisco Giants,0.5500877594311053,0.4499122405688947,0.5233943002977456,2.03338345384759,1
823052,2026-06-02,St. Louis Cardinals,Texas Rangers,0.3137091403371528,0.6862908596628472,0.22998723947256486,-0.5273348668843589,0
824675,2026-06-02,Chicago Cubs,Athletics,0.3973945436636335,0.6026054563363665,0.36873670778392176,0.6974157506383649,0
824189,2026-06-02,Houston Astros,Pittsburgh Pirates,0.3314470040120866,0.6685529959879134,0.272096980008507,-0.095679462313568,0
824026,2026-06-02,Los Angeles Angels,Colorado Rockies,0.4017499070644303,0.5982500929355696,0.38983411314334326,0.8595347935037913,0
823129,2026-06-02,Seattle Mariners,New York Mets,0.43958201714368506,0.560417982856315,0.42258613356018715,1.0957935573052868,1
825079,2026-06-02,Arizona Diamondbacks,Los Angeles Dodgers,0.3223074231506296,0.6776925768493705,0.20599744789451296,-0.8278826441614772,0
822727,2026-06-03,Washington Nationals,Miami Marlins,0.33729674575927393,0.6627032542407261,0.23883453849425776,-0.4207169124842279,0
822973,2026-06-03,Tampa Bay Rays,Detroit Tigers,0.3843110805494279,0.6156889194505721,0.38872820076563164,0.8508082008397437,0
823701,2026-06-03,Minnesota Twins,Chicago White Sox,0.3461583358609197,0.6538416641390803,0.2648660144619311,-0.1532933658860989,0
823130,2026-06-03,Seattle Mariners,New York Mets,0.38295220261692264,0.6170477973830774,0.3442364951084645,0.5084679455024247,0
823456,2026-06-03,Philadelphia Phillies,San Diego Padres,0.3755939817885552,0.6244060182114448,0.3262016163334751,0.3652127983879594,0
824755,2026-06-03,Boston Red Sox,Baltimore Orioles,0.3621397253963217,0.6378602746036783,0.36763079540621013,0.6866081259402335,1
823540,2026-06-03,New York Yankees,Cleveland Guardians,0.38666984353125905,0.613330156468741,0.28792003402807315,0.034611759722847885,0
824509,2026-06-03,Cincinnati Reds,Kansas City Royals,0.42884774281466426,0.5711522571853358,0.33862186303700553,0.4583971141739238,0
824917,2026-06-03,Atlanta Braves,Toronto Blue Jays,0.46496920898903127,0.5350307910109687,0.46835389196086774,1.452362617790985,1
823780,2026-06-03,Milwaukee Brewers,San Francisco Giants,0.42185857793173914,0.5781414220682608,0.3328370905997448,0.40917807113148397,0
823051,2026-06-03,St. Louis Cardinals,Texas Rangers,0.3379156398542949,0.6620843601457052,0.2735431731178222,-0.07948199287158589,1
824671,2026-06-03,Chicago Cubs,Athletics,0.3939217848288474,0.6060782151711526,0.35444491705657166,0.5880212562932227,0
824188,2026-06-03,Houston Astros,Pittsburgh Pirates,0.2750500324141572,0.7249499675858428,0.20455125478519778,-0.8542135931995303,1
824024,2026-06-03,Los Angeles Angels,Colorado Rockies,0.36527036374645433,0.6347296362535457,0.32671203743088045,0.3691050860126977,1
825077,2026-06-03,Arizona Diamondbacks,Los Angeles Dodgers,0.30730983798637923,0.6926901620136208,0.20259464057847723,-0.8861343796624075,0
823457,2026-06-04,Philadelphia Phillies,San Diego Padres,0.3620403401940651,0.6379596598059349,0.31871544023819653,0.3000471994163768,1
823542,2026-06-04,New York Yankees,Cleveland Guardians,0.40475997557867494,0.5952400244213251,0.3011059123777116,0.14231232286989381,0
824753,2026-06-04,Boston Red Sox,Baltimore Orioles,0.3938690509265338,0.6061309490734662,0.3292641429179073,0.3866824604101008,0
823779,2026-06-04,Milwaukee Brewers,San Francisco Giants,0.47049464630859744,0.5295053536914025,0.37128881327094854,0.7253283401019182,0
824919,2026-06-04,Atlanta Braves,Toronto Blue Jays,0.4661766259210771,0.5338233740789229,0.4455550829434283,1.2616736614519004,0
823698,2026-06-04,Minnesota Twins,Kansas City Royals,0.3938145429967133,0.6061854570032867,0.2661420672054445,-0.14015147350220866,0
824672,2026-06-04,Chicago Cubs,Athletics,0.3829305254485786,0.6170694745514214,0.34372607401105915,0.5036466381578691,0
824185,2026-06-04,Houston Astros,Pittsburgh Pirates,0.2929053887589086,0.7070946112410914,0.22905146746065505,-0.5408661418388893,0
825076,2026-06-04,Arizona Diamondbacks,Los Angeles Dodgers,0.2987900493513702,0.7012099506486298,0.1867715865589111,-1.1071917792802253,0
824673,2026-06-05,Chicago Cubs,San Francisco Giants,0.4692581488589056,0.5307418511410944,0.41646108039132285,1.0516239630685276,0
823455,2026-06-05,Philadelphia Phillies,Chicago White Sox,0.33296297937351005,0.66703702062649,0.276095278604849,-0.06276994737926021,1
824271,2026-06-05,Detroit Tigers,Seattle Mariners,0.28971413687405306,0.710285863125947,0.22760527435133984,-0.5564177346852999,1
823538,2026-06-05,New York Yankees,Boston Red Sox,0.431930951666555,0.568069048333445,0.4296469587409613,1.1466223554604589,0
822810,2026-06-05,Toronto Blue Jays,Baltimore Orioles,0.35496947141552,0.64503052858448,0.30161633347511696,0.14697559423003312,0
823860,2026-06-05,Miami Marlins,Tampa Bay Rays,0.31511441005346924,0.6848855899465307,0.22284134410888984,-0.6150529153985506,0
824914,2026-06-05,Atlanta Braves,Pittsburgh Pirates,0.4139713422201659,0.5860286577798342,0.3500212675457252,0.5533864614511832,1
824186,2026-06-05,Houston Astros,Athletics,0.3616223781559488,0.6383776218440512,0.3225435984687367,0.33300726074904446,1
822892,2026-06-05,Texas Rangers,Cleveland Guardians,0.3045283073334556,0.6954716926665444,0.2407060825180774,-0.4018110036058655,0
823049,2026-06-05,St. Louis Cardinals,Cincinnati Reds,0.3581719541229267,0.6418280458770733,0.32058698426201615,0.3153142017862364,1
823699,2026-06-05,Minnesota Twins,Kansas City Royals,0.3692593250567586,0.6307406749432414,0.28783496384517226,0.03231489245749493,1
824350,2026-06-05,Colorado Rockies,Milwaukee Brewers,0.24514967682568345,0.7548503231743166,0.13445342407486177,-1.9534562038069307,0
823293,2026-06-05,San Diego Padres,New York Mets,0.3371253236373921,0.6628746763626079,0.29404508719693745,0.07816743448862604,0
825073,2026-06-05,Arizona Diamondbacks,Washington Nationals,0.34785703856167993,0.6521429614383201,0.26154827732879626,-0.18056571844292305,0
823943,2026-06-05,Los Angeles Dodgers,Los Angeles Angels,0.44742864290859574,0.5525713570914043,0.44666099532113995,1.2747589062700226,0
824269,2026-06-06,Detroit Tigers,Seattle Mariners,0.30073285210323625,0.6992671478967638,0.24691620586984261,-0.3368881996667081,0
823697,2026-06-06,Minnesota Twins,Kansas City Royals,0.4487981412931626,0.5512018587068375,0.4031901318587835,0.9596394799980097,0
823048,2026-06-06,St. Louis Cardinals,Cincinnati Reds,0.400296010240606,0.599703989759394,0.41637601020842196,1.0515577753095071,0
824669,2026-06-06,Chicago Cubs,San Francisco Giants,0.38120069421317965,0.6187993057868204,0.3500212675457252,0.5538343423524921,0
822808,2026-06-06,Toronto Blue Jays,Baltimore Orioles,0.3208562987273289,0.6791437012726711,0.2661420672054445,-0.14067685019632653,1
823454,2026-06-06,Philadelphia Phillies,Chicago White Sox,0.3430358287231347,0.6569641712768652,0.24121650361548277,-0.3960510851470037,0
823859,2026-06-06,Miami Marlins,Tampa Bay Rays,0.3125990434403524,0.6874009565596476,0.23670778392173544,-0.4494835309181038,0
824184,2026-06-06,Houston Astros,Athletics,0.3644451693656873,0.6355548306343126,0.3125903870693322,0.23973906440275236,1
824915,2026-06-06,Atlanta Braves,Pittsburgh Pirates,0.42677123049121557,0.5732287695087844,0.35504040833687794,0.591155833691011,1
825075,2026-06-06,Arizona Diamondbacks,Washington Nationals,0.36075864111984524,0.6392413588801548,0.30561463207145895,0.1840608513637298,0
822891,2026-06-06,Texas Rangers,Cleveland Guardians,0.37136859558494334,0.6286314044150567,0.2904721395151,0.05199691826774214,0
824351,2026-06-06,Colorado Rockies,Milwaukee Brewers,0.21412644296277653,0.7858735570372235,0.08638877073585709,-2.9840686067143283,0
823292,2026-06-06,San Diego Padres,New York Mets,0.32469380415689414,0.6753061958431059,0.2749042960442365,-0.07207883057483618,0
823942,2026-06-06,Los Angeles Dodgers,Los Angeles Angels,0.5932737918407833,0.4067262081592167,0.5239897915780519,2.0398731310068623,1
823453,2026-06-07,Philadelphia Phillies,Chicago White Sox,0.3491117071629718,0.6508882928370282,0.32296894938324117,0.3411313161204578,1
823537,2026-06-07,New York Yankees,Boston Red Sox,0.44875215799903123,0.5512478420009688,0.4178222033177371,1.0634116336090853,1
824916,2026-06-07,Atlanta Braves,Pittsburgh Pirates,0.44686140743831887,0.5531385925616812,0.3763079540621012,0.7640335532951962,0
822807,2026-06-07,Toronto Blue Jays,Baltimore Orioles,0.3579387393368325,0.6420612606631675,0.29055720969800086,0.05386086341343719,1
823857,2026-06-07,Miami Marlins,Tampa Bay Rays,0.3618559288970778,0.6381440711029223,0.33343258188005104,0.41345662026079194,1
824268,2026-06-07,Detroit Tigers,Seattle Mariners,0.3133072355484227,0.6866927644515772,0.2796682262866865,-0.03324578661402287,0
823696,2026-06-07,Minnesota Twins,Kansas City Royals,0.3607382176580358,0.6392617823419642,0.26546150574223737,-0.14784492602502075,0
824183,2026-06-07,Houston Astros,Athletics,0.3682895848385837,0.6317104151614163,0.31327094853253934,0.2472997716122671,0
823047,2026-06-07,St. Louis Cardinals,Cincinnati Reds,0.4286681344014929,0.5713318655985071,0.3592939174819226,0.6232519836550556,1
822890,2026-06-07,Texas Rangers,Cleveland Guardians,0.3412354175253444,0.6587645824746555,0.3225435984687367,0.33604399705829346,1
824349,2026-06-07,Colorado Rockies,Milwaukee Brewers,0.24869304563321878,0.7513069543667812,0.1679710761378137,-1.3870615142749936,0
825074,2026-06-07,Arizona Diamondbacks,Washington Nationals,0.3273149192851528,0.6726850807148472,0.25150999574649086,-0.2866265005873743,1
823291,2026-06-07,San Diego Padres,New York Mets,0.37445061956507425,0.6255493804349257,0.3340280731603573,0.41735120014133537,0
823941,2026-06-07,Los Angeles Dodgers,Los Angeles Angels,0.4656391517005158,0.5343608482994842,0.40029774564015314,0.9404980962684012,0
824670,2026-06-07,Chicago Cubs,San Francisco Giants,0.40136030157307895,0.5986396984269211,0.3964695874096129,0.9127463642642942,0
824829,2026-06-08,Baltimore Orioles,Seattle Mariners,0.26828373088521007,0.7317162691147899,0.18243300723096556,-1.1706072184333745,0
822972,2026-06-08,Tampa Bay Rays,Boston Red Sox,0.34899182018942354,0.6510081798105765,0.2525308379413016,-0.2704955479208088,1
824427,2026-06-08,Cleveland Guardians,New York Yankees,0.3307845274908734,0.6692154725091266,0.24181199489578903,-0.3927469169755575,0
822806,2026-06-08,Toronto Blue Jays,Philadelphia Phillies,0.3105303826595044,0.6894696173404956,0.23041259038706932,-0.5180052598403679,0
824025,2026-06-08,Los Angeles Angels,Houston Astros,0.3176170731018611,0.682382926898139,0.2705657167162909,-0.10230148232613231,0
823289,2026-06-08,San Diego Padres,Cincinnati Reds,0.38014955150766666,0.6198504484923333,0.34704381114419397,0.5260715260651748,1
823218,2026-06-08,San Francisco Giants,Washington Nationals,0.3461265565672111,0.6538734434327889,0.2861335601871544,0.019051195864271224,0
824998,2026-06-08,Athletics,Milwaukee Brewers,0.275408013177738,0.724591986822262,0.1643130582730753,-1.4457130124399078,0
824830,2026-06-09,Baltimore Orioles,Seattle Mariners,0.2758195380201748,0.7241804619798252,0.22803062526584433,-0.55372640742819,0
822969,2026-06-09,Tampa Bay Rays,Boston Red Sox,0.36708333332635085,0.6329166666736492,0.2951509995746491,0.08872814467899107,0
823374,2026-06-09,Pittsburgh Pirates,Los Angeles Dodgers,0.3209228427603761,0.6790771572396239,0.22905146746065505,-0.5404623390884997,0
823858,2026-06-09,Miami Marlins,Arizona Diamondbacks,0.35838512998995137,0.6416148700100486,0.27720119098256063,-0.0514057518747292,1
824267,2026-06-09,Detroit Tigers,Minnesota Twins,0.3256076283863939,0.6743923716136061,0.24487452148022118,-0.3587888987551466,1
824429,2026-06-09,Cleveland Guardians,New York Yankees,0.3060791911923671,0.693920808807633,0.22769034453424075,-0.5554862619382164,0
822805,2026-06-09,Toronto Blue Jays,Philadelphia Phillies,0.34325746968427234,0.6567425303157277,0.2725223309230115,-0.08923649393732493,0
823620,2026-06-09,New York Mets,St. Louis Cardinals,0.3483878860982416,0.6516121139017583,0.3189706507868992,0.3031693539315036,0
824105,2026-06-09,Kansas City Royals,Texas Rangers,0.28829970608843203,0.711700293911568,0.21731178222033176,-0.6937529092332108,1
824591,2026-06-09,Chicago White Sox,Atlanta Braves,0.2527643651852447,0.7472356348147553,0.15572096980008507,-1.613723839749918,0
824347,2026-06-09,Colorado Rockies,Chicago Cubs,0.27775566635468785,0.7222443336453122,0.18396427052318162,-1.1454493619330186,1
824023,2026-06-09,Los Angeles Angels,Houston Astros,0.3217846321634438,0.6782153678365562,0.26537643555933643,-0.1485557958875684,1
823290,2026-06-09,San Diego Padres,Cincinnati Reds,0.3676042481414728,0.6323957518585273,0.2648660144619311,-0.15369647483920187,0
823214,2026-06-09,San Francisco Giants,Washington Nationals,0.3146080086245874,0.6853919913754126,0.2523606975754998,-0.2721856802732577,0
824999,2026-06-09,Athletics,Milwaukee Brewers,0.2774072202011989,0.7225927797988011,0.1919608677158656,-1.0143732690443417,1
822970,2026-06-10,Tampa Bay Rays,Boston Red Sox,0.41643044258811207,0.583569557411888,0.4132284134410889,1.0254242445822255,1
824428,2026-06-10,Cleveland Guardians,New York Yankees,0.279691511273795,0.720308488726205,0.22148022118247554,-0.6418867440712739,0
823215,2026-06-10,San Francisco Giants,Washington Nationals,0.3202776451605779,0.6797223548394221,0.22369204593789876,-0.6065409741358058,0
823287,2026-06-10,San Diego Padres,Cincinnati Reds,0.37001534034299355,0.6299846596570065,0.3662696724797958,0.6787218599426559,0
824831,2026-06-10,Baltimore Orioles,Seattle Mariners,0.30064737465233354,0.6993526253476665,0.19374734155678436,-0.9908999692151973,1
823372,2026-06-10,Pittsburgh Pirates,Los Angeles Dodgers,0.2674193422036135,0.7325806577963865,0.14338579327945555,-1.789248187100039,0
823856,2026-06-10,Miami Marlins,Arizona Diamondbacks,0.3153389634714671,0.6846610365285328,0.23381539770310505,-0.4743136034952051,1
824266,2026-06-10,Detroit Tigers,Minnesota Twins,0.3750774478828729,0.6249225521171271,0.34381114419396,0.5049287925426128,0
822804,2026-06-10,Toronto Blue Jays,Philadelphia Phillies,0.28751701965601845,0.7124829803439816,0.26495108464483197,-0.15238040274614495,0
823618,2026-06-10,New York Mets,St. Louis Cardinals,0.28295149229738853,0.7170485077026114,0.21407911527009782,-0.7340018088148292,0
824103,2026-06-10,Kansas City Royals,Texas Rangers,0.3210636345835027,0.6789363654164973,0.25950659293917483,-0.19868304684919333,0
824590,2026-06-10,Chicago White Sox,Atlanta Braves,0.30215401554562865,0.6978459844543714,0.20165886856656742,-0.901891909041336,0
824348,2026-06-10,Colorado Rockies,Chicago Cubs,0.31774281692379425,0.6822571830762058,0.2626541897065079,-0.1679352058910636,0
824996,2026-06-10,Athletics,Milwaukee Brewers,0.24264705352478738,0.7573529464752127,0.16184602296894937,-1.4924107852148996,0
824022,2026-06-10,Los Angeles Angels,Houston Astros,0.35275462411749303,0.647245375882507,0.32075712462781797,0.31887871010918056,0
823619,2026-06-11,New York Mets,St. Louis Cardinals,0.33288583937443716,0.6671141606255628,0.28817524457677585,0.03619532994021991,0
823855,2026-06-11,Miami Marlins,Arizona Diamondbacks,0.3445026080906119,0.655497391909388,0.3109740535942152,0.22667407313277826,1
824265,2026-06-11,Detroit Tigers,Minnesota Twins,0.3344053054013205,0.6655946945986795,0.2470863462356444,-0.33311856119636657,1
824101,2026-06-11,Kansas City Royals,Texas Rangers,0.3395999781177881,0.6604000218822119,0.3015312632922161,0.14666923128158418,0
824346,2026-06-11,Colorado Rockies,Chicago Cubs,0.2913164825902437,0.7086835174097563,0.20242450021267547,-0.8932054665395492,0
823371,2026-06-11,Pittsburgh Pirates,Los Angeles Dodgers,0.3014631164054848,0.6985368835945152,0.18481497235219055,-1.1362234560159958,0
824827,2026-06-11,Baltimore Orioles,Seattle Mariners,0.29140247865297225,0.7085975213470277,0.219523606975755,-0.6637288442300359,1
823370,2026-06-12,Pittsburgh Pirates,Miami Marlins,0.3612503805798413,0.6387496194201587,0.27422373458102933,-0.07624223399470494,0
822726,2026-06-12,Washington Nationals,Seattle Mariners,0.33959605941831006,0.6604039405816899,0.2384091875797533,-0.42961499142476284,0
824826,2026-06-12,Baltimore Orioles,San Diego Padres,0.37657698022117375,0.6234230197788262,0.2687792428753722,-0.11802711794395156,1
824425,2026-06-12,Cleveland Guardians,Detroit Tigers,0.37413420021139004,0.6258657997886099,0.284091875797533,0.004871421815159442,0
824752,2026-06-12,Boston Red Sox,Texas Rangers,0.32844058148668637,0.6715594185133136,0.2850276478094428,0.012748152880468005,1
823617,2026-06-12,New York Mets,Atlanta Braves,0.27138059245028867,0.7286194075497113,0.1942577626541897,-0.9850294246406349,1
824507,2026-06-12,Cincinnati Reds,Arizona Diamondbacks,0.31881872647779236,0.6811812735222076,0.20880476393024244,-0.798315608666527,0
822803,2026-06-12,Toronto Blue Jays,New York Yankees,0.25572268511386204,0.7442773148861379,0.20914504466184602,-0.7944785390770348,1
823778,2026-06-12,Milwaukee Brewers,Philadelphia Phillies,0.47647401857136507,0.5235259814286349,0.5217779668226287,2.013540938856404,1
824588,2026-06-12,Chicago White Sox,Los Angeles Dodgers,0.2930212178374177,0.7069787821625824,0.1856656741811995,-1.1247660405926823,1
823695,2026-06-12,Minnesota Twins,St. Louis Cardinals,0.32708590033016377,0.6729140996698362,0.25661420672054447,-0.22814988268044234,0
824102,2026-06-12,Kansas City Royals,Houston Astros,0.3128849192658831,0.6871150807341169,0.22148022118247554,-0.6413679472738623,0
824020,2026-06-12,Los Angeles Angels,Tampa Bay Rays,0.2999764842203588,0.7000235157796413,0.2029349213100808,-0.8818040557274991,0
824997,2026-06-12,Athletics,Colorado Rockies,0.4193166839689472,0.5806833160310527,0.3934070608251808,0.8848579449196873,1
823211,2026-06-12,San Francisco Giants,Chicago Cubs,0.3099129227815076,0.6900870772184924,0.22649936197362824,-0.5663107357089004,0
823694,2026-06-13,Minnesota Twins,St. Louis Cardinals,0.262423007395323,0.737576992604677,0.2132284134410889,-0.7454319588071096,0
822802,2026-06-13,Toronto Blue Jays,New York Yankees,0.29921597454326465,0.7007840254567353,0.2533815397703105,-0.2606864459988116,0
822725,2026-06-13,Washington Nationals,Seattle Mariners,0.3313589108022406,0.6686410891977594,0.26154827732879626,-0.17967796301446998,1
823369,2026-06-13,Pittsburgh Pirates,Miami Marlins,0.36405885536787524,0.6359411446321248,0.31539770310506166,0.2658140977310349,0
824828,2026-06-13,Baltimore Orioles,San Diego Padres,0.3233288394368527,0.6766711605631472,0.22735006380263717,-0.5598818384021059,0
823616,2026-06-13,New York Mets,Atlanta Braves,0.3064515275236968,0.6935484724763032,0.21663122075712463,-0.7010627303482191,0
824426,2026-06-13,Cleveland Guardians,Detroit Tigers,0.3471523646464217,0.6528476353535784,0.27694598043385793,-0.05538899077517016,1
824508,2026-06-13,Cincinnati Reds,Arizona Diamondbacks,0.2920167756653706,0.7079832243346293,0.1942577626541897,-0.9853536890971736,0
824587,2026-06-13,Chicago White Sox,Los Angeles Dodgers,0.2883073745108186,0.7116926254891813,0.17630795406210123,-1.267995481497723,0
824749,2026-06-13,Boston Red Sox,Texas Rangers,0.34177415406131423,0.6582258459386858,0.28851552530837943,0.038966536900108165,1
823776,2026-06-13,Milwaukee Brewers,Philadelphia Phillies,0.3900581939886065,0.6099418060113935,0.3051892811569545,0.17724148549852786,0
824100,2026-06-13,Kansas City Royals,Houston Astros,0.3603515271171029,0.6396484728828971,0.31539770310506166,0.26578078842934594,0
823213,2026-06-13,San Francisco Giants,Chicago Cubs,0.2713909494911573,0.7286090505088427,0.21356869417269247,-0.7394680024071358,0
824995,2026-06-13,Athletics,Colorado Rockies,0.39461481132676374,0.6053851886732362,0.331050616758826,0.3950546203263633,1
824019,2026-06-13,Los Angeles Angels,Tampa Bay Rays,0.3533999537636885,0.6466000462363115,0.30042535091450445,0.13397986659022876,1
823368,2026-06-14,Pittsburgh Pirates,Miami Marlins,0.3493570867694982,0.6506429132305018,0.2806890684814972,-0.02379833247889683,0
822722,2026-06-14,Washington Nationals,Seattle Mariners,0.3286083183907347,0.6713916816092653,0.22632922160782645,-0.5696048461484985,1
824823,2026-06-14,Baltimore Orioles,San Diego Padres,0.32429331400236194,0.6757066859976381,0.2286261165461506,-0.54800841304178,0
822801,2026-06-14,Toronto Blue Jays,New York Yankees,0.30526316375282575,0.6947368362471742,0.24997873245427477,-0.3052301856188645,0
823615,2026-06-14,New York Mets,Atlanta Braves,0.34044275497989906,0.6595572450201009,0.29549128030625266,0.09124013067091029,1
824506,2026-06-14,Cincinnati Reds,Arizona Diamondbacks,0.34596080090257436,0.6540391990974257,0.2532964695874096,-0.2616925603708135,0
823693,2026-06-14,Minnesota Twins,St. Louis Cardinals,0.30686022201879715,0.6931397779812029,0.2516801361122926,-0.28135214910778894,0
823777,2026-06-14,Milwaukee Brewers,Philadelphia Phillies,0.40563858222580346,0.5943614177741965,0.3330072309655466,0.4113343203496824,1
824099,2026-06-14,Kansas City Royals,Houston Astros,0.32085796476254314,0.6791420352374569,0.25150999574649086,-0.28238618841663365,1
824586,2026-06-14,Chicago White Sox,Los Angeles Dodgers,0.2741360519171279,0.7258639480828721,0.18353891960867716,-1.1512659216244752,1
824994,2026-06-14,Athletics,Colorado Rockies,0.430821652606697,0.569178347393303,0.4676733304976606,1.445956595485965,0
823212,2026-06-14,San Francisco Giants,Chicago Cubs,0.3381135454618439,0.6618864545381561,0.2883453849425776,0.03760334148205851,1
824021,2026-06-14,Los Angeles Angels,Tampa Bay Rays,0.36221390728930447,0.6377860927106955,0.267333049766057,-0.12868110000551203,0
824751,2026-06-14,Boston Red Sox,Texas Rangers,0.3375558056173211,0.6624441943826789,0.2687792428753722,-0.11886732417671303,0
823452,2026-06-15,Philadelphia Phillies,Miami Marlins,0.3868555849955472,0.6131444150044528,0.3227137388345385,0.33757281381547055,1
822724,2026-06-15,Washington Nationals,Kansas City Royals,0.4363469290221932,0.5636530709778068,0.3667800935772012,0.6826094741908426,1
824505,2026-06-15,Cincinnati Reds,New York Mets,0.3727897638346026,0.6272102361653974,0.3012760527435134,0.1441846461062892,1
823046,2026-06-15,St. Louis Cardinals,San Diego Padres,0.3895925258725863,0.6104074741274137,0.38005104210974056,0.7854038311778957,1
822887,2026-06-15,Texas Rangers,Minnesota Twins,0.4223720870883673,0.5776279129116326,0.35597618034878775,0.5950841673305798,0
824666,2026-06-15,Chicago Cubs,Colorado Rockies,0.4412168078263132,0.5587831921736868,0.4608677158655891,1.3992463247882356,0
824181,2026-06-15,Houston Astros,Detroit Tigers,0.35880437769961304,0.641195622300387,0.30289238621863035,0.15711863675430085,0
824993,2026-06-15,Athletics,Pittsburgh Pirates,0.32028639394672564,0.6797136060532744,0.24181199489578903,-0.39273568701410433,1
825071,2026-06-15,Arizona Diamondbacks,Los Angeles Angels,0.36872226670454866,0.6312777332954513,0.2763504891535517,-0.06031165605873153,0
823938,2026-06-15,Los Angeles Dodgers,Tampa Bay Rays,0.4376927014794467,0.5623072985205533,0.43049766056997024,1.152297661206812,0
823451,2026-06-16,Philadelphia Phillies,Miami Marlins,0.3732196980724388,0.6267803019275612,0.3341131433432582,0.4186618300604543,1
822723,2026-06-16,Washington Nationals,Kansas City Royals,0.45412443663128094,0.5458755633687191,0.4236920459378988,1.0998152356724729,1
824750,2026-06-16,Boston Red Sox,Toronto Blue Jays,0.32429379666039165,0.6757062033396084,0.2914079115270098,0.06005403297232188,0
823535,2026-06-16,New York Yankees,Chicago White Sox,0.38303627791226963,0.6169637220877304,0.30170140365801784,0.1500386647119951,1
824504,2026-06-16,Cincinnati Reds,New York Mets,0.3642591815784649,0.6357408184215352,0.32977456401531263,0.38858548380512536,1
824912,2026-06-16,Atlanta Braves,San Francisco Giants,0.447264614830219,0.5527353851697809,0.38498511271799235,0.823266521014564,0
823775,2026-06-16,Milwaukee Brewers,Cleveland Guardians,0.4081857126328687,0.5918142873671313,0.3992769034453424,0.9346686300601236,0
823045,2026-06-16,St. Louis Cardinals,San Diego Padres,0.38632285064070465,0.6136771493592954,0.30680561463207146,0.19461258308881935,0
822888,2026-06-16,Texas Rangers,Minnesota Twins,0.36854449652766486,0.6314555034723351,0.3501063377286261,0.5545194812687091,0
824667,2026-06-16,Chicago Cubs,Colorado Rockies,0.47617824643460194,0.5238217535653981,0.4905572096980009,1.654259386584392,0
824182,2026-06-16,Houston Astros,Detroit Tigers,0.35015284245351525,0.6498471575464848,0.2914079115270098,0.05988679682946556,1
823128,2026-06-16,Seattle Mariners,Baltimore Orioles,0.3962829289533659,0.6037170710466341,0.4111016588685666,1.0114242676169996,1
824991,2026-06-16,Athletics,Pittsburgh Pirates,0.3141053221923793,0.6858946778076207,0.22649936197362824,-0.5663091202945142,0
825070,2026-06-16,Arizona Diamondbacks,Los Angeles Angels,0.3676330055984216,0.6323669944015784,0.26571671629094,-0.14496483520449613,0
823939,2026-06-16,Los Angeles Dodgers,Tampa Bay Rays,0.4113204954305612,0.5886795045694388,0.3427903019991493,0.4972421397968673,0
824503,2026-06-17,Cincinnati Reds,New York Mets,0.3260106604201905,0.6739893395798096,0.2612079965971927,-0.18426993942556272,0
822721,2026-06-17,Washington Nationals,Kansas City Royals,0.4615182233173083,0.5384817766826917,0.39774564015312636,0.9213711586999126,0
823450,2026-06-17,Philadelphia Phillies,Miami Marlins,0.3270855505207814,0.6729144494792185,0.2344108889834113,-0.4684859323224486,0
824178,2026-06-17,Houston Astros,Detroit Tigers,0.3191609214824119,0.6808390785175882,0.2295618885580604,-0.5322390236124847,1
823044,2026-06-17,St. Louis Cardinals,San Diego Padres,0.39927942425392066,0.6007205757460794,0.39629944704381115,0.9120577017922623,0
823940,2026-06-17,Los Angeles Dodgers,Tampa Bay Rays,0.44051805779764375,0.5594819422023563,0.41637601020842196,1.0508997454543958,0
825072,2026-06-17,Arizona Diamondbacks,Los Angeles Angels,0.3959347660300165,0.6040652339699835,0.3662696724797958,0.6783000755235272,1
824746,2026-06-17,Boston Red Sox,Toronto Blue Jays,0.3416749223559697,0.6583250776440304,0.25516801361122926,-0.24189149602321872,0
823536,2026-06-17,New York Yankees,Chicago White Sox,0.4221215473209333,0.5778784526790667,0.4019140791152701,0.9518235710016735,1
824913,2026-06-17,Atlanta Braves,San Francisco Giants,0.4631453554268193,0.5368546445731808,0.45703955763504894,1.3699671196026357,0
823774,2026-06-17,Milwaukee Brewers,Cleveland Guardians,0.37508795419258895,0.6249120458074111,0.317524457677584,0.2870649730020156,1
824668,2026-06-17,Chicago Cubs,Colorado Rockies,0.4829467539939383,0.5170532460060617,0.48885580603998297,1.642231344407719,1
823127,2026-06-17,Seattle Mariners,Baltimore Orioles,0.3982905033258841,0.6017094966741159,0.42530837941301575,1.1162909368687008,0
824992,2026-06-17,Athletics,Pittsburgh Pirates,0.3138889801381002,0.6861110198618998,0.2345810293492131,-0.46670649085087135,0
824748,2026-06-18,Boston Red Sox,Toronto Blue Jays,0.3599913220944807,0.6400086779055193,0.31990642279880904,0.3091094724529447,0
823772,2026-06-18,Milwaukee Brewers,Cleveland Guardians,0.3946422357258255,0.6053577642741745,0.33904721395151,0.46414936539792456,0
822889,2026-06-18,Texas Rangers,Minnesota Twins,0.3324464875453406,0.6675535124546594,0.2546575925138239,-0.24904206317048477,0
823125,2026-06-18,Seattle Mariners,Baltimore Orioles,0.3924805278268779,0.6075194721731221,0.38864313058273076,0.8495249695039834,1
823448,2026-06-18,Philadelphia Phillies,New York Mets,0.3914623516416723,0.6085376483583277,0.34066354742662697,0.47882054118026063,0
823533,2026-06-18,New York Yankees,Chicago White Sox,0.47729261346994023,0.5227073865300598,0.4752445767758401,1.5189968357533739,0
824098,2026-06-18,Kansas City Royals,St. Louis Cardinals,0.2936406571087694,0.7063593428912306,0.22241599319438538,-0.6211832628944545,1
824989,2026-06-18,Athletics,Los Angeles Angels,0.3986292939249394,0.6013707060750606,0.3051892811569545,0.17734095323448718,1
824663,2026-06-19,Chicago Cubs,Toronto Blue Jays,0.3231061404175697,0.6768938595824303,0.2610378562313909,-0.18535920141867177,1
824264,2026-06-19,Detroit Tigers,Chicago White Sox,0.36785480903824946,0.6321451909617506,0.31871544023819653,0.2984343811871542,0
823534,2026-06-19,New York Yankees,Cincinnati Reds,0.5038421217537541,0.4961578782462459,0.44666099532113995,1.2754681781440695,1
822966,2026-06-19,Tampa Bay Rays,Washington Nationals,0.39706249830317764,0.6029375016968224,0.3436410038281582,0.5033194001112051,1
823853,2026-06-19,Miami Marlins,San Francisco Giants,0.3888431916915062,0.6111568083084937,0.3389621437686091,0.46345235512756994,0
824910,2026-06-19,Atlanta Braves,Milwaukee Brewers,0.34138575915465424,0.6586142408453457,0.22165036154827733,-0.6365950580791728,0
822886,2026-06-19,Texas Rangers,San Diego Padres,0.36665645652712664,0.6333435434728734,0.3097830710336027,0.21733110258112667,1
824179,2026-06-19,Houston Astros,Cleveland Guardians,0.30830238182468034,0.6916976181753196,0.2105912377711612,-0.7779717887669677,1
824097,2026-06-19,Kansas City Royals,St. Louis Cardinals,0.3414673413318719,0.6585326586681282,0.26180348787749896,-0.17862074036325867,0
824345,2026-06-19,Colorado Rockies,Pittsburgh Pirates,0.30396505462191575,0.6960349453780843,0.2691195236069758,-0.11404621556818466,0
824990,2026-06-19,Athletics,Los Angeles Angels,0.34644716939438225,0.6535528306056178,0.2763504891535517,-0.05994814653537865,0
825069,2026-06-19,Arizona Diamondbacks,Minnesota Twins,0.3702139139433472,0.6297860860566529,0.3288387920034028,0.3828529675838624,1
823124,2026-06-19,Seattle Mariners,Boston Red Sox,0.34388924244702734,0.6561107575529727,0.33589961718417694,0.434287558308738,0
823936,2026-06-19,Los Angeles Dodgers,Baltimore Orioles,0.49676046046503397,0.503239539534966,0.4724372607401106,1.4894626246153104,0
824263,2026-06-20,Detroit Tigers,Chicago White Sox,0.3428219595129879,0.6571780404870121,0.2723521905572097,-0.09228605902789937,1
823532,2026-06-20,New York Yankees,Cincinnati Reds,0.433786884277618,0.566213115722382,0.3716290940025521,0.7266748964963803,0
824665,2026-06-20,Chicago Cubs,Toronto Blue Jays,0.38613660501812364,0.6138633949818764,0.3575925138239047,0.6097870037611517,0
822885,2026-06-20,Texas Rangers,San Diego Padres,0.3650666743500968,0.6349333256499032,0.31539770310506166,0.2658746231721119,0
822967,2026-06-20,Tampa Bay Rays,Washington Nationals,0.35128120973555055,0.6487187902644495,0.2507443641003828,-0.2951926009089798,0
823854,2026-06-20,Miami Marlins,San Francisco Giants,0.4135925807229836,0.5864074192770163,0.433049766056997,1.1689269546607717,1
824909,2026-06-20,Atlanta Braves,Milwaukee Brewers,0.3708994252973345,0.6291005747026654,0.28545299872394725,0.014711460095262745,0
823447,2026-06-20,Philadelphia Phillies,New York Mets,0.3683071316713899,0.63169286832861,0.33887707358570823,0.4616036099088487,1
824180,2026-06-20,Houston Astros,Cleveland Guardians,0.3422560743950081,0.657743925604992,0.2632496809868141,-0.16420812471884272,0
824342,2026-06-20,Colorado Rockies,Pittsburgh Pirates,0.3084271388861319,0.6915728611138681,0.2121225010633773,-0.7606637541640171,0
824988,2026-06-20,Athletics,Los Angeles Angels,0.37220774487745323,0.6277922551225468,0.28298596341982135,-0.0038319011693096904,0
823126,2026-06-20,Seattle Mariners,Boston Red Sox,0.34834065182839,0.65165934817161,0.2850276478094428,0.012554947008980688,0
823937,2026-06-20,Los Angeles Dodgers,Baltimore Orioles,0.5120200438060692,0.48797995619393075,0.5043385793279456,1.8244351857663363,0
825068,2026-06-20,Arizona Diamondbacks,Minnesota Twins,0.36734398259251544,0.6326560174074846,0.2892811569544875,0.0455143790277586,0
823531,2026-06-21,New York Yankees,Cincinnati Reds,0.3556097956243259,0.6443902043756742,0.2962569119523607,0.09613563142041734,0
824908,2026-06-21,Atlanta Braves,Milwaukee Brewers,0.3979286591173578,0.6020713408826421,0.3401531263292216,0.47330125663884703,0
822968,2026-06-21,Tampa Bay Rays,Washington Nationals,0.35667620582901954,0.6433237941709804,0.30578477243726077,0.18598142938567197,0
823852,2026-06-21,Miami Marlins,San Francisco Giants,0.32720760667840465,0.6727923933215954,0.2659719268396427,-0.14098316430601648,0
824260,2026-06-21,Detroit Tigers,Chicago White Sox,0.3295793019275765,0.6704206980724234,0.2589961718417695,-0.2063138723898569,0
824095,2026-06-21,Kansas City Royals,St. Louis Cardinals,0.2942504918027694,0.7057495081972306,0.21220757124627818,-0.7601498969274901,0
824177,2026-06-21,Houston Astros,Cleveland Guardians,0.30076246204721546,0.6992375379527845,0.24887282007656317,-0.31902259123798626,0
822883,2026-06-21,Texas Rangers,San Diego Padres,0.379176488494803,0.620823511505197,0.34866014461931094,0.5381969913036846,0
824343,2026-06-21,Colorado Rockies,Pittsburgh Pirates,0.3078200217019944,0.6921799782980056,0.2831561037856231,-0.0025987365218447535,0
825067,2026-06-21,Arizona Diamondbacks,Minnesota Twins,0.3480836809026842,0.6519163190973158,0.24249255635899616,-0.3873413789164347,0
824987,2026-06-21,Athletics,Los Angeles Angels,0.33088684346894565,0.6691131565310544,0.25363675031901317,-0.2591664239964977,0
823123,2026-06-21,Seattle Mariners,Boston Red Sox,0.36967118596658183,0.6303288140334182,0.3362398979157805,0.437134732437287,1
823934,2026-06-21,Los Angeles Dodgers,Baltimore Orioles,0.42432162541802676,0.5756783745819732,0.39383241173968525,0.8879720491153882,0
823449,2026-06-21,Philadelphia Phillies,New York Mets,0.42367910522952024,0.5763208947704798,0.37341556784347085,0.7446115543283546,1
824261,2026-06-22,Detroit Tigers,New York Yankees,0.32525640433361613,0.6747435956663839,0.25491280306252656,-0.24579688663520932,1
822964,2026-06-22,Tampa Bay Rays,Kansas City Royals,0.46978772524741386,0.5302122747525861,0.4749042960442365,1.513471770217916,0
823851,2026-06-22,Miami Marlins,Texas Rangers,0.34419871371963445,0.6558012862803655,0.2984687367077839,0.11726404718432738,0
822720,2026-06-22,Washington Nationals,Philadelphia Phillies,0.3914593857924149,0.6085406142075851,0.3796256911952361,0.7815265795784901,1
822800,2026-06-22,Toronto Blue Jays,Houston Astros,0.3559021768939743,0.6440978231060257,0.312760527435134,0.24171997527428274,1
824502,2026-06-22,Cincinnati Reds,Milwaukee Brewers,0.29029798506719934,0.7097020149328006,0.21127179923436834,-0.7687817383515874,0
823692,2026-06-22,Minnesota Twins,Los Angeles Dodgers,0.3177152993872106,0.6822847006127895,0.17358570820927266,-1.309719368397783,0
824585,2026-06-22,Chicago White Sox,Cleveland Guardians,0.31759527740560445,0.6824047225943956,0.2511697150148873,-0.2901573991182189,0
823040,2026-06-22,St. Louis Cardinals,Arizona Diamondbacks,0.42271580570952333,0.5772841942904767,0.3794555508294343,0.7788362677623785,0
824344,2026-06-22,Colorado Rockies,Boston Red Sox,0.3386319391840506,0.6613680608159493,0.2724372607401106,-0.08992731618108377,0
824016,2026-06-22,Los Angeles Angels,Baltimore Orioles,0.32009702934745454,0.6799029706525455,0.2669076988515525,-0.134824076327532,0
823288,2026-06-22,San Diego Padres,Atlanta Braves,0.3095297454957613,0.6904702545042387,0.2320289238621863,-0.5019258631750142,0
822799,2026-06-23,Toronto Blue Jays,Houston Astros,0.33025947825795193,0.669740521742048,0.286473840918758,0.023183260292081686,0
822963,2026-06-23,Tampa Bay Rays,Kansas City Royals,0.3981866322554233,0.6018133677445767,0.4031050616758826,0.9585769369276603,0
823365,2026-06-23,Pittsburgh Pirates,Seattle Mariners,0.36565386741572703,0.634346132584273,0.2858783496384517,0.017510467274706655,0
823849,2026-06-23,Miami Marlins,Texas Rangers,0.4449455695653938,0.5550544304346062,0.46018715440238195,1.3929051305815412,1
824262,2026-06-23,Detroit Tigers,New York Yankees,0.308078762731963,0.691921237268037,0.2305827307528711,-0.513804852189243,0
822718,2026-06-23,Washington Nationals,Philadelphia Phillies,0.3290077357409711,0.6709922642590289,0.2574649085495534,-0.21904090141192747,0
823614,2026-06-23,New York Mets,Chicago Cubs,0.2889052975920826,0.7110947024079174,0.23619736282433007,-0.45610894775266225,0
824501,2026-06-23,Cincinnati Reds,Milwaukee Brewers,0.27124934015109003,0.72875065984891,0.18336877924287537,-1.161116327647218,0
823690,2026-06-23,Minnesota Twins,Los Angeles Dodgers,0.29701437780889955,0.7029856221911004,0.17358570820927266,-1.3097545768829286,0
824584,2026-06-23,Chicago White Sox,Cleveland Guardians,0.33493039662157137,0.6650696033784287,0.25423224159931945,-0.2520266793053711,0
823043,2026-06-23,St. Louis Cardinals,Arizona Diamondbacks,0.3618327268210622,0.6381672731789378,0.28145470012760526,-0.02133370009630776,0
824340,2026-06-23,Colorado Rockies,Boston Red Sox,0.27560583173595493,0.7243941682640451,0.20250957039557635,-0.8894168114391006,0
824017,2026-06-23,Los Angeles Angels,Baltimore Orioles,0.28380166382911165,0.7161983361708883,0.2521054870267971,-0.2753359344556577,1
823286,2026-06-23,San Diego Padres,Atlanta Braves,0.3270703200871586,0.6729296799128415,0.24538494257762655,-0.3550251248734048,0
823210,2026-06-23,San Francisco Giants,Athletics,0.3564800623721085,0.6435199376278915,0.2871544023819651,0.027959146602153585,1
823850,2026-06-24,Miami Marlins,Texas Rangers,0.32896393766834214,0.6710360623316578,0.2789025946405785,-0.04017320674510341,1
823613,2026-06-24,New York Mets,Chicago Cubs,0.2832189705543571,0.7167810294456429,0.2396001701403658,-0.4140501012172254,0
824583,2026-06-24,Chicago White Sox,Cleveland Guardians,0.33962983901551264,0.6603701609844874,0.2900467886005955,0.05032380373940068,0
824341,2026-06-24,Colorado Rockies,Boston Red Sox,0.3036345635631335,0.6963654364368665,0.25363675031901317,-0.2585478113425851,1
824018,2026-06-24,Los Angeles Angels,Baltimore Orioles,0.37716830801154005,0.62283169198846,0.30034028073160357,0.13331308412906742,0
822965,2026-06-24,Tampa Bay Rays,Kansas City Royals,0.37523487419035206,0.6247651258096479,0.29736282433007233,0.10389497416589277,1
823367,2026-06-24,Pittsburgh Pirates,Seattle Mariners,0.32720134290630803,0.6727986570936919,0.2598468736707784,-0.19542027029882042,1
824259,2026-06-24,Detroit Tigers,New York Yankees,0.3222057562953373,0.6777942437046627,0.3022968949383241,0.15396210688710235,0
822719,2026-06-24,Washington Nationals,Philadelphia Phillies,0.31563516431961125,0.6843648356803888,0.24402381965121225,-0.3695498148335725,0
822798,2026-06-24,Toronto Blue Jays,Houston Astros,0.3362426970056984,0.6637573029943016,0.2834113143343258,-0.0009150281129524149,0
823611,2026-06-24,New York Mets,Chicago Cubs,0.289985045443156,0.7100149545568439,0.2507443641003828,-0.29559996839780583,0
824500,2026-06-24,Cincinnati Reds,Milwaukee Brewers,0.26659107076258176,0.7334089292374182,0.17452148022118247,-1.2976836086920884,0
823691,2026-06-24,Minnesota Twins,Los Angeles Dodgers,0.32426501781813694,0.675734982181863,0.2017439387494683,-0.9003749358317957,0
823041,2026-06-24,St. Louis Cardinals,Arizona Diamondbacks,0.38286645914792294,0.6171335408520771,0.3364951084644832,0.44127286075566297,0
823284,2026-06-24,San Diego Padres,Atlanta Braves,0.3232752658572257,0.6767247341427742,0.2580603998298596,-0.2163267890284734,1
823208,2026-06-24,San Francisco Giants,Athletics,0.3356879432905533,0.6643120567094467,0.2913228413441089,0.05909353078097746,0
822961,2026-06-25,Tampa Bay Rays,Kansas City Royals,0.3630816249634006,0.6369183750365994,0.31692896639727774,0.28234303232596014,1
823366,2026-06-25,Pittsburgh Pirates,Seattle Mariners,0.3212394746053395,0.6787605253946605,0.2605274351339855,-0.1926921650576353,1
823209,2026-06-25,San Francisco Giants,Athletics,0.35486627045712466,0.6451337295428754,0.3341131433432582,0.41882791806794295,0
824258,2026-06-25,Detroit Tigers,Houston Astros,0.35792282466604086,0.6420771753339591,0.31080391322841344,0.22496502329298848,0
822717,2026-06-25,Washington Nationals,Philadelphia Phillies,0.30366605796462476,0.6963339420353752,0.22284134410888984,-0.6159651317356009,0
822797,2026-06-25,Toronto Blue Jays,Texas Rangers,0.3564243568064133,0.6435756431935866,0.2962569119523607,0.09597643928409084,0
823612,2026-06-25,New York Mets,Chicago Cubs,0.29069500964846035,0.7093049903515396,0.25823054019566144,-0.2124004101512041,0
824747,2026-06-25,Boston Red Sox,New York Yankees,0.27284341146233254,0.7271565885376674,0.18991918332624416,-1.041514915212842,1
823363,2026-06-26,Pittsburgh Pirates,Cincinnati Reds,0.4097616297818676,0.5902383702181324,0.3530837941301574,0.5793883496944476,0
824255,2026-06-26,Detroit Tigers,Houston Astros,0.33953683345483904,0.660463166545161,0.2764355593364526,-0.059683307159408165,1
824824,2026-06-26,Baltimore Orioles,Washington Nationals,0.35152453532231076,0.6484754646776892,0.2686941726924713,-0.11948075081821724,1
822796,2026-06-26,Toronto Blue Jays,Texas Rangers,0.34595717708332124,0.6540428229166788,0.2619736282433007,-0.17581993058688564,0
822962,2026-06-26,Tampa Bay Rays,Arizona Diamondbacks,0.38787214120386215,0.6121278587961378,0.4296469587409613,1.1468459454148432,1
823610,2026-06-26,New York Mets,Philadelphia Phillies,0.23262054777249225,0.7673794522275077,0.19459804338579328,-0.9801582932914049,0
824423,2026-06-26,Cleveland Guardians,Seattle Mariners,0.34831410084106174,0.6516858991589383,0.28417694598043386,0.006633151731281719,0
824743,2026-06-26,Boston Red Sox,New York Yankees,0.2798073739068108,0.7201926260931892,0.20242450021267547,-0.8919885614534871,1
824582,2026-06-26,Chicago White Sox,Kansas City Royals,0.39627351391469207,0.603726486085308,0.3678009357720119,0.6903099198462493,1
823773,2026-06-26,Milwaukee Brewers,Chicago Cubs,0.4730301620005207,0.5269698379994793,0.42862611654615057,1.1370777850897484,1
823688,2026-06-26,Minnesota Twins,Colorado Rockies,0.41024297843744884,0.5897570215625512,0.3686516376010208,0.6970308584229579,0
823039,2026-06-26,St. Louis Cardinals,Miami Marlins,0.3173406500552233,0.6826593499447767,0.23645257337303274,-0.452654166256332,0
824014,2026-06-26,Los Angeles Angels,Athletics,0.3303769697544416,0.6696230302455584,0.2558485750744364,-0.23328536860821644,0
823285,2026-06-26,San Diego Padres,Los Angeles Dodgers,0.3163160320569829,0.6836839679430171,0.23041259038706932,-0.5170109549332825,1
823206,2026-06-26,San Francisco Giants,Atlanta Braves,0.29140890979040396,0.708591090209596,0.21246278179498085,-0.7522850107796435,0
824257,2026-06-27,Detroit Tigers,Houston Astros,0.3760956320324455,0.6239043679675544,0.3692471288813271,0.7036863009283705,0
824745,2026-06-27,Boston Red Sox,New York Yankees,0.2981587111018233,0.7018412888981767,0.2118672905146746,-0.7635036112399513,1
822794,2026-06-27,Toronto Blue Jays,Texas Rangers,0.41791625090037454,0.5820837490996255,0.4080391322841344,0.9886983324446349,0
823364,2026-06-27,Pittsburgh Pirates,Cincinnati Reds,0.31505252094580294,0.6849474790541971,0.23177371331348362,-0.5050135792463663,0
823609,2026-06-27,New York Mets,Philadelphia Phillies,0.30441996560286383,0.6955800343971361,0.25942152275627395,-0.1993457403234561,1
824581,2026-06-27,Chicago White Sox,Kansas City Royals,0.44300158790529226,0.5569984120947078,0.4111016588685666,1.011361329135716,0
822960,2026-06-27,Tampa Bay Rays,Arizona Diamondbacks,0.3695564282458515,0.6304435717541486,0.2520204168438962,-0.2779227742475853,1
824825,2026-06-27,Baltimore Orioles,Washington Nationals,0.330602841565198,0.669397158434802,0.2333900467886006,-0.48278009618688883,0
823689,2026-06-27,Minnesota Twins,Colorado Rockies,0.3850357265251163,0.6149642734748837,0.3463632496809868,0.5214739836392147,0
823770,2026-06-27,Milwaukee Brewers,Chicago Cubs,0.46950503316946873,0.5304949668305312,0.4178222033177371,1.0640451184176416,0
824421,2026-06-27,Cleveland Guardians,Seattle Mariners,0.3067196884627555,0.6932803115372446,0.24649085495533815,-0.34186841989202926,0
823038,2026-06-27,St. Louis Cardinals,Miami Marlins,0.3686063852245657,0.6313936147754343,0.3138664398128456,0.25346820182146834,0
823283,2026-06-27,San Diego Padres,Los Angeles Dodgers,0.273049961627186,0.726950038372814,0.17579753296469589,-1.278068751928915,0
823207,2026-06-27,San Francisco Giants,Atlanta Braves,0.36810497610335724,0.6318950238966428,0.24997873245427477,-0.3063881475094418,1
824015,2026-06-27,Los Angeles Angels,Athletics,0.3702460406014552,0.6297539593985448,0.32603147596767335,0.36315489577053844,1
823362,2026-06-28,Pittsburgh Pirates,Cincinnati Reds,0.39026159153753764,0.6097384084624624,0.3364100382815823,0.4394538616155889,1
824821,2026-06-28,Baltimore Orioles,Washington Nationals,0.3612310883490439,0.6387689116509561,0.3002552105487027,0.13097517833378858,0
822795,2026-06-28,Toronto Blue Jays,Texas Rangers,0.3363051680955041,0.663694831904496,0.26163334751169715,-0.1793926157725817,0
822959,2026-06-28,Tampa Bay Rays,Arizona Diamondbacks,0.4401884574481263,0.5598115425518737,0.46911952360697573,1.4550960131515913,1
823608,2026-06-28,New York Mets,Philadelphia Phillies,0.24384805247744526,0.7561519475225548,0.21765206295193534,-0.6875280510665556,0
824256,2026-06-28,Detroit Tigers,Houston Astros,0.361661372005263,0.638338627994737,0.3138664398128456,0.25338068986200546,0
824422,2026-06-28,Cleveland Guardians,Seattle Mariners,0.36833863463363586,0.6316613653663641,0.2948107188430455,0.08466530758531224,0
823686,2026-06-28,Minnesota Twins,Colorado Rockies,0.40779355336395084,0.5922064466360492,0.40642279880901744,0.9761660684517861,0
823769,2026-06-28,Milwaukee Brewers,Chicago Cubs,0.4653799977403543,0.5346200022596457,0.42224585282858357,1.093387973073369,0
824580,2026-06-28,Chicago White Sox,Kansas City Royals,0.46285833446938646,0.5371416655306136,0.43534666099532116,1.1921260630116925,0
823037,2026-06-28,St. Louis Cardinals,Miami Marlins,0.35784152459320606,0.6421584754067939,0.27694598043385793,-0.05550876714738294,0
824011,2026-06-28,Los Angeles Angels,Athletics,0.3356795285381456,0.6643204714618545,0.27813696299447044,-0.04666821716179487,1
823204,2026-06-28,San Francisco Giants,Atlanta Braves,0.32320311788831774,0.6767968821116823,0.22930667800935772,-0.5365948300174328,0
823281,2026-06-28,San Diego Padres,Los Angeles Dodgers,0.3073403349380366,0.6926596650619634,0.21901318587834964,-0.6719835314475416,0
824744,2026-06-28,Boston Red Sox,New York Yankees,0.3515053118104363,0.6484946881895637,0.3200765631646108,0.3100713203082101,0
824822,2026-06-29,Baltimore Orioles,Chicago White Sox,0.322077674274806,0.6779223257251941,0.27311782220331776,-0.08066648732027111,0
823444,2026-06-29,Philadelphia Phillies,Pittsburgh Pirates,0.3395371979546937,0.6604628020453063,0.25150999574649086,-0.2864974891080621,0
823529,2026-06-29,New York Yankees,Detroit Tigers,0.44900944404687204,0.550990555953128,0.3843045512547852,0.8173192301559752,0
822792,2026-06-29,Toronto Blue Jays,New York Mets,0.3631676040181436,0.6368323959818565,0.2904721395151,0.05205651503423632,0
824420,2026-06-29,Cleveland Guardians,Texas Rangers,0.35780994986758397,0.642190050132416,0.31786473840918755,0.2916992249164514,0
824741,2026-06-29,Boston Red Sox,Washington Nationals,0.4363204168530343,0.5636795831469656,0.4352615908124203,1.1911127734948865,1
823771,2026-06-29,Milwaukee Brewers,Cincinnati Reds,0.4585078932326806,0.5414921067673194,0.4337303275202042,1.1736957684461469,1
824662,2026-06-29,Chicago Cubs,San Diego Padres,0.4284527389764158,0.5715472610235842,0.33487877498936625,0.4272715255720094,0
824176,2026-06-29,Houston Astros,Minnesota Twins,0.32719253627462164,0.6728074637253784,0.24657592513823906,-0.3403703175927497,0
824339,2026-06-29,Colorado Rockies,Miami Marlins,0.2371517804245984,0.7628482195754016,0.15248830284985113,-1.6513247866600198,0
823121,2026-06-29,Seattle Mariners,Los Angeles Angels,0.4110591325250869,0.588940867474913,0.3659293917481923,0.6769187731491444,1
824986,2026-06-29,Athletics,Los Angeles Dodgers,0.2721080352186341,0.727891964781366,0.16984262016163335,-1.3629301167429402,0
825065,2026-06-29,Arizona Diamondbacks,San Francisco Giants,0.37890734524451347,0.6210926547554865,0.3225435984687367,0.3340096588574674,0
824819,2026-06-30,Baltimore Orioles,Chicago White Sox,0.2760731517477687,0.7239268482522313,0.2132284134410889,-0.7460180118426658,0
823445,2026-06-30,Philadelphia Phillies,Pittsburgh Pirates,0.3656023989277314,0.6343976010722686,0.29421522756273927,0.08006357857475441,1
824418,2026-06-30,Cleveland Guardians,Texas Rangers,0.34017872563550866,0.6598212743644913,0.27022543598468735,-0.10621701976844705,0
823528,2026-06-30,New York Yankees,Detroit Tigers,0.4461486539394628,0.5538513460605372,0.41467460655040406,1.0365684166155191,0
822793,2026-06-30,Toronto Blue Jays,New York Mets,0.365603221205113,0.634396778794887,0.28800510421097403,0.034980460602062946,0
824742,2026-06-30,Boston Red Sox,Washington Nationals,0.3620813776211682,0.6379186223788318,0.3085070182900893,0.20692107349842717,0
824907,2026-06-30,Atlanta Braves,St. Louis Cardinals,0.40891353172399136,0.5910864682760086,0.31692896639727774,0.28317072296219065,0
823768,2026-06-30,Milwaukee Brewers,Cincinnati Reds,0.4306922557187894,0.5693077442812107,0.37588260314759675,0.7613138021675137,1
824096,2026-06-30,Kansas City Royals,Tampa Bay Rays,0.28184421253439707,0.7181557874656029,0.22624415142492557,-0.571082051019251,0
824661,2026-06-30,Chicago Cubs,San Diego Padres,0.39427597043105017,0.6057240295689499,0.3091025095703956,0.20989280640535085,1
824175,2026-06-30,Houston Astros,Minnesota Twins,0.3098838563308858,0.6901161436691142,0.22683964270523183,-0.5627134415447075,1
824338,2026-06-30,Colorado Rockies,Miami Marlins,0.2585369459462728,0.7414630540537273,0.20165886856656742,-0.901065016896886,0
823122,2026-06-30,Seattle Mariners,Los Angeles Angels,0.408031887288179,0.591968112711821,0.42258613356018715,1.09638410392063,1
824984,2026-06-30,Athletics,Los Angeles Dodgers,0.2711947920692289,0.7288052079307711,0.1650786899191833,-1.429158362768711,0
825066,2026-06-30,Arizona Diamondbacks,San Francisco Giants,0.3460858303987128,0.6539141696012871,0.2661420672054445,-0.14062380445998734,1
824818,2026-07-01,Baltimore Orioles,Chicago White Sox,0.33667854176055706,0.6633214582394429,0.2783071033602722,-0.04567018377705898,1
824419,2026-07-01,Cleveland Guardians,Texas Rangers,0.3523785946533418,0.6476214053466582,0.2934495959166312,0.07492600188596474,1
823530,2026-07-01,New York Yankees,Detroit Tigers,0.40412444194229524,0.5958755580577048,0.3362398979157805,0.4367425490976119,0
824740,2026-07-01,Boston Red Sox,Washington Nationals,0.3524977921748204,0.6475022078251795,0.30552956188855807,0.18240086313882936,0
824660,2026-07-01,Chicago Cubs,San Diego Padres,0.3631653332871757,0.6368346667128243,0.29276903445342406,0.06912861635778836,1
822791,2026-07-01,Toronto Blue Jays,New York Mets,0.36018182448143454,0.6398181755185655,0.23483623989791577,-0.4634032299124313,1
823446,2026-07-01,Philadelphia Phillies,Pittsburgh Pirates,0.3454909743644183,0.6545090256355817,0.2651212250106338,-0.1505472388368336,1
824905,2026-07-01,Atlanta Braves,St. Louis Cardinals,0.4070285959336807,0.5929714040663193,0.28443215652913656,0.00812910104609261,1
824094,2026-07-01,Kansas City Royals,Tampa Bay Rays,0.27934430865241755,0.7206556913475824,0.21918332624415143,-0.6690442024573712,0
823767,2026-07-01,Milwaukee Brewers,Cincinnati Reds,0.38968525399693354,0.6103147460030665,0.3216928966397278,0.32424802526021645,1
824174,2026-07-01,Houston Astros,Minnesota Twins,0.317197520677073,0.682802479322927,0.2501488728200766,-0.3033923494360786,0
824337,2026-07-01,Colorado Rockies,Miami Marlins,0.28099251379824736,0.7190074862017526,0.1883028498511272,-1.0766804970097876,1
824985,2026-07-01,Athletics,Los Angeles Dodgers,0.3053878789457467,0.6946121210542533,0.16975754997873246,-1.3652249528691132,1
825064,2026-07-01,Arizona Diamondbacks,San Francisco Giants,0.3691403261028146,0.6308596738971854,0.31207996597192683,0.23650313180153185,0
823442,2026-07-02,Philadelphia Phillies,Pittsburgh Pirates,0.32339424976777487,0.6766057502322251,0.2641854529987239,-0.15782535847451729,0
823765,2026-07-02,Milwaukee Brewers,Cincinnati Reds,0.4425566916087502,0.5574433083912498,0.4316035729476818,1.1623569452688907,0
824335,2026-07-02,Colorado Rockies,Miami Marlins,0.3110091803174012,0.6889908196825988,0.2286261165461506,-0.548023584459621,1
824416,2026-07-02,Cleveland Guardians,Chicago White Sox,0.3466302668058326,0.6533697331941675,0.2532113994045087,-0.26287052161094715,0
824906,2026-07-02,Atlanta Braves,St. Louis Cardinals,0.35316688246138944,0.6468331175386106,0.2544023819651212,-0.2503741739131125,0
824093,2026-07-02,Kansas City Royals,Tampa Bay Rays,0.2812911216215598,0.7187088783784402,0.18685665674181198,-1.1038679632132768,0
822884,2026-07-02,Texas Rangers,Detroit Tigers,0.3627703771623978,0.6372296228376022,0.30561463207145895,0.18443318751237217,1
823119,2026-07-02,Seattle Mariners,Los Angeles Angels,0.4178724687775912,0.5821275312224088,0.41152700978307105,1.0156290127269398,0
823935,2026-07-02,Los Angeles Dodgers,San Diego Padres,0.4964104703880227,0.5035895296119772,0.4698851552530838,1.4603255272694875,1
824659,2026-07-03,Chicago Cubs,St. Louis Cardinals,0.3603240864047825,0.6396759135952175,0.25423224159931945,-0.25403392075670495,0
822714,2026-07-03,Washington Nationals,Pittsburgh Pirates,0.3592128439529536,0.6407871560470464,0.2846022968949383,0.011200273850697315,1
823527,2026-07-03,New York Yankees,Minnesota Twins,0.42874476567609404,0.5712552343239059,0.44785197788175246,1.2877372130677385,1
824417,2026-07-03,Cleveland Guardians,Chicago White Sox,0.34924687009397104,0.650753129906029,0.2526159081242025,-0.26949561538165107,0
824498,2026-07-03,Cincinnati Reds,Baltimore Orioles,0.3868717660843647,0.6131282339156353,0.31471714164185455,0.26113250186475756,0
824904,2026-07-03,Atlanta Braves,New York Mets,0.38666256068835536,0.6133374393116446,0.3291790727350064,0.3862851134146106,1
824336,2026-07-03,Colorado Rockies,San Francisco Giants,0.30900638731685437,0.6909936126831456,0.21654615057422374,-0.7033392987981674,1
824173,2026-07-03,Houston Astros,Tampa Bay Rays,0.2915799272555006,0.7084200727444994,0.2407060825180774,-0.40094344059228476,0
824013,2026-07-03,Los Angeles Angels,Boston Red Sox,0.36583314168197645,0.6341668583180236,0.319140791152701,0.30487853312231517,0
824982,2026-07-03,Athletics,Miami Marlins,0.3250628242411122,0.6749371757588878,0.25823054019566144,-0.21363600117346468,0
825062,2026-07-03,Arizona Diamondbacks,Milwaukee Brewers,0.24589179463646185,0.7541082053635382,0.1792854104636325,-1.2247130004951414,0
823120,2026-07-03,Seattle Mariners,Toronto Blue Jays,0.33511936727890546,0.6648806327210945,0.292003402807316,0.0635130080840057,0
823933,2026-07-03,Los Angeles Dodgers,San Diego Padres,0.5097953849135054,0.4902046150864946,0.4910676307954062,1.6602174351718497,0
822716,2026-07-04,Washington Nationals,Pittsburgh Pirates,0.3134833443777493,0.6865166556222507,0.22658443215652913,-0.5651602592930101,0
823526,2026-07-04,New York Yankees,Minnesota Twins,0.3745363176225955,0.6254636823774045,0.30467886005954914,0.1732548885047961,0
822882,2026-07-04,Texas Rangers,Detroit Tigers,0.33360953720117853,0.6663904627988215,0.31471714164185455,0.2616006413821708,0
823118,2026-07-04,Seattle Mariners,Toronto Blue Jays,0.4045170397588817,0.5954829602411182,0.3667800935772012,0.6831027386589942,1
824171,2026-07-04,Houston Astros,Tampa Bay Rays,0.28510956300345475,0.7148904369965452,0.2167162909400255,-0.6995160889228457,1
824415,2026-07-04,Cleveland Guardians,Chicago White Sox,0.345170711723648,0.654829288276352,0.25304125903870694,-0.26686033453508534,0
824499,2026-07-04,Cincinnati Reds,Baltimore Orioles,0.33236342098259597,0.667636579017404,0.26401531263292216,-0.15913604593241706,0
824658,2026-07-04,Chicago Cubs,St. Louis Cardinals,0.3953151605199132,0.6046848394800868,0.3153126329221608,0.2644273335574765,0
824903,2026-07-04,Atlanta Braves,New York Mets,0.49728603589103065,0.5027139641089693,0.46937473415567843,1.4562060308038816,1
824092,2026-07-04,Kansas City Royals,Philadelphia Phillies,0.2940558231649431,0.705944176835057,0.20548702679710762,-0.8367652955961492,0
824334,2026-07-04,Colorado Rockies,San Francisco Giants,0.32408056874364816,0.6759194312563519,0.2180774138664398,-0.6853027762942263,0
824012,2026-07-04,Los Angeles Angels,Boston Red Sox,0.27629106559056715,0.7237089344094328,0.1907698851552531,-1.0274675444524453,0
824983,2026-07-04,Athletics,Miami Marlins,0.29335129412054045,0.7066487058794595,0.23083794130157378,-0.5113943681388856,0
825063,2026-07-04,Arizona Diamondbacks,Milwaukee Brewers,0.27835015587988765,0.7216498441201123,0.17834963845172266,-1.2385598158734554,0
823932,2026-07-04,Los Angeles Dodgers,San Diego Padres,0.4713434967979863,0.5286565032020136,0.44419396001701406,1.2519047899152738,1
824902,2026-07-05,Atlanta Braves,New York Mets,0.4049025561797101,0.5950974438202898,0.36363249680986814,0.6540962641441064,0
822715,2026-07-05,Washington Nationals,Pittsburgh Pirates,0.3757011858318598,0.6242988141681403,0.31071884304551256,0.223478463810029,0
824497,2026-07-05,Cincinnati Reds,Baltimore Orioles,0.31262434483870066,0.6873756551612993,0.23270948532539346,-0.4945734727264176,0
823525,2026-07-05,New York Yankees,Minnesota Twins,0.3738113725596625,0.6261886274403374,0.384474691620587,0.819453503848256,0
824413,2026-07-05,Cleveland Guardians,Chicago White Sox,0.3547504994657475,0.6452495005342525,0.30569970225435983,0.1853620454817268,0
824656,2026-07-05,Chicago Cubs,St. Louis Cardinals,0.3628961866502501,0.63710381334975,0.25678434708634623,-0.22587864397567542,1
824091,2026-07-05,Kansas City Royals,Philadelphia Phillies,0.2384819420660259,0.7615180579339741,0.1894938324117397,-1.0554027185033334,1
822879,2026-07-05,Texas Rangers,Detroit Tigers,0.31562641820556303,0.684373581794437,0.24121650361548277,-0.39719884989443144,0
824172,2026-07-05,Houston Astros,Tampa Bay Rays,0.32435603893452863,0.6756439610654714,0.27694598043385793,-0.05476732702663483,1
824333,2026-07-05,Colorado Rockies,San Francisco Giants,0.34462971303379375,0.6553702869662063,0.2645257337303275,-0.15628465886382054,0
825061,2026-07-05,Arizona Diamondbacks,Milwaukee Brewers,0.2999303641605236,0.7000696358394765,0.2432581880051042,-0.38019792202890096,0
824980,2026-07-05,Athletics,Miami Marlins,0.27198008286747866,0.7280199171325213,0.2133134836239898,-0.7444397245627995,0
823117,2026-07-05,Seattle Mariners,Toronto Blue Jays,0.37504338326428327,0.6249566167357168,0.32722245852828585,0.37259505165381235,1
823931,2026-07-05,Los Angeles Dodgers,San Diego Padres,0.4399243891459797,0.5600756108540204,0.40242450021267545,0.9536895195124302,0
824010,2026-07-05,Los Angeles Angels,Boston Red Sox,0.2607835652622835,0.7392164347377165,0.20684814972352192,-0.8183027146397914,0
824089,2026-07-06,Kansas City Royals,Philadelphia Phillies,0.24962223335008038,0.7503777666499196,0.18353891960867716,-1.153931305982704,1
822958,2026-07-06,Tampa Bay Rays,New York Yankees,0.3290750723615957,0.6709249276384043,0.24657592513823906,-0.34006333752812684,0
822712,2026-07-06,Washington Nationals,Houston Astros,0.38769018937626293,0.612309810623737,0.31820501914079113,0.29382550736053237,0
824900,2026-07-06,Atlanta Braves,New York Mets,0.4794411180225662,0.5205588819774338,0.44155678434708634,1.2327570195587783,0
823036,2026-07-06,St. Louis Cardinals,Milwaukee Brewers,0.30256993679997213,0.6974300632000279,0.2384091875797533,-0.4297660108118533,0
823282,2026-07-06,San Diego Padres,Arizona Diamondbacks,0.34251956636965597,0.657480433630344,0.2831561037856231,-0.0026229370228100157,0
823205,2026-07-06,San Francisco Giants,Toronto Blue Jays,0.3399435296889904,0.6600564703110097,0.2533815397703105,-0.2610916441802756,1
823930,2026-07-06,Los Angeles Dodgers,Colorado Rockies,0.44188232388703574,0.5581176761129643,0.4786473840918758,1.5507934788799544,0
823062,2026-07-07,St. Louis Cardinals,Milwaukee Brewers,0.2500640474342892,0.7499359525657108,0.17630795406210123,-1.2685812501003582,0
824820,2026-07-07,Baltimore Orioles,Chicago Cubs,0.30629745030792005,0.6937025496920799,0.2320289238621863,-0.5023092629252995,0
822956,2026-07-07,Tampa Bay Rays,New York Yankees,0.34664345844607225,0.6533565415539277,0.22632922160782645,-0.5687528321851799,1
823361,2026-07-07,Pittsburgh Pirates,Atlanta Braves,0.3732141101402494,0.6267858898597506,0.3500212675457252,0.5540747543832842,1
823847,2026-07-07,Miami Marlins,Seattle Mariners,0.34214669851193236,0.6578533014880676,0.2460655040408337,-0.3501833406577635,0
824254,2026-07-07,Detroit Tigers,Athletics,0.41171037761998197,0.588289622380018,0.39970225435984685,0.9374721533037615,1
822713,2026-07-07,Washington Nationals,Houston Astros,0.366990307745052,0.633009692254948,0.30467886005954914,0.17375154646664323,0
823607,2026-07-07,New York Mets,Kansas City Royals,0.39181438997695317,0.6081856100230468,0.3064653339004679,0.19167355148796042,0
824495,2026-07-07,Cincinnati Reds,Philadelphia Phillies,0.30182173160990977,0.6981782683900902,0.24504466184602297,-0.3577999883464647,0
823687,2026-07-07,Minnesota Twins,Cleveland Guardians,0.33928861319430664,0.6607113868056933,0.25423224159931945,-0.25152461245105606,1
824579,2026-07-07,Chicago White Sox,Boston Red Sox,0.3547823728227323,0.6452176271772677,0.24036580178647385,-0.4061941005156677,0
823035,2026-07-07,St. Louis Cardinals,Milwaukee Brewers,0.2921320638649344,0.7078679361350656,0.18575074436410038,-1.1213600349605146,0
822881,2026-07-07,Texas Rangers,Los Angeles Angels,0.42427095613738286,0.5757290438626171,0.46052743513398553,1.39484664186681,1
823280,2026-07-07,San Diego Padres,Arizona Diamondbacks,0.33158277025600813,0.6684172297439919,0.2900467886005955,0.049749914077559756,1
823203,2026-07-07,San Francisco Giants,Toronto Blue Jays,0.38844718220376284,0.6115528177962372,0.39868141216503616,0.9268099227149307,0
823929,2026-07-07,Los Angeles Dodgers,Colorado Rockies,0.47907982225165335,0.5209201777483466,0.49812845597618033,1.747601104171427,0
823202,2026-07-08,San Francisco Giants,Toronto Blue Jays,0.3266922240056267,0.6733077759943733,0.2694598043385793,-0.11212198987035946,0
824815,2026-07-08,Baltimore Orioles,Chicago Cubs,0.31030199137972114,0.6896980086202789,0.2907273500638026,0.055198598941359645,0
822957,2026-07-08,Tampa Bay Rays,New York Yankees,0.33603918410199646,0.6639608158980035,0.2818800510421097,-0.01694481797122515,1
823360,2026-07-08,Pittsburgh Pirates,Atlanta Braves,0.33713698790708085,0.6628630120929191,0.2445342407486176,-0.364754025688998,0
823848,2026-07-08,Miami Marlins,Seattle Mariners,0.31243496130443554,0.6875650386955645,0.23951509995746492,-0.41469777092101295,1
824253,2026-07-08,Detroit Tigers,Athletics,0.3928092249007545,0.6071907750992456,0.39119523606975753,0.86801974924541,1
822710,2026-07-08,Washington Nationals,Houston Astros,0.40339389691183647,0.5966061030881635,0.37460655040408336,0.7525176174595632,1
823605,2026-07-08,New York Mets,Kansas City Royals,0.37897278046054533,0.6210272195394546,0.3427052318162484,0.4970604049494922,1
824496,2026-07-08,Cincinnati Reds,Philadelphia Phillies,0.35158766973934324,0.6484123302606568,0.3073160357294768,0.19977478125142664,1
823684,2026-07-08,Minnesota Twins,Cleveland Guardians,0.33710781480002266,0.6628921851999774,0.2580603998298596,-0.2167307169446499,0
824578,2026-07-08,Chicago White Sox,Boston Red Sox,0.3603328064387448,0.6396671935612552,0.27311782220331776,-0.08090366044075331,0
823032,2026-07-08,St. Louis Cardinals,Milwaukee Brewers,0.28538723549406675,0.7146127645059333,0.17588260314759677,-1.2745680847288496,1
822880,2026-07-08,Texas Rangers,Los Angeles Angels,0.4211849562208373,0.5788150437791627,0.4069332199064228,0.9802115751807456,0
823279,2026-07-08,San Diego Padres,Arizona Diamondbacks,0.33806751185111417,0.6619324881488858,0.27720119098256063,-0.05132652193988909,1
823928,2026-07-08,Los Angeles Dodgers,Colorado Rockies,0.46076480668167563,0.5392351933183244,0.5088472990216929,1.8726684195377854,0
823359,2026-07-09,Pittsburgh Pirates,Atlanta Braves,0.37682284676831534,0.6231771532316847,0.2800085070182901,-0.027267718888613977,0
822954,2026-07-09,Tampa Bay Rays,New York Yankees,0.3997481237577229,0.600251876242277,0.31352615908124204,0.24896044015858204,0
823606,2026-07-09,New York Mets,Kansas City Royals,0.34438841044127616,0.6556115895587238,0.2828158230540196,-0.005363033788450042,1
824816,2026-07-09,Baltimore Orioles,Chicago Cubs,0.35225987772527667,0.6477401222747233,0.3124202467035304,0.2379889696906629,0
823683,2026-07-09,Minnesota Twins,Cleveland Guardians,0.34467805102001514,0.6553219489799849,0.2531263292216078,-0.264964001481112,0
824577,2026-07-09,Chicago White Sox,Boston Red Sox,0.36279526714401444,0.6372047328559856,0.2922586133560187,0.06481226461345156,0
823846,2026-07-09,Miami Marlins,Seattle Mariners,0.33081433480897277,0.6691856651910273,0.23874946831135688,-0.42359511706034586,1
824251,2026-07-09,Detroit Tigers,Athletics,0.43140523739355885,0.5685947626064412,0.4081242024670353,0.989096699293365,1
824494,2026-07-09,Cincinnati Reds,Philadelphia Phillies,0.32533607979926626,0.6746639202007337,0.25542322415993196,-0.2365434854111415,0
823034,2026-07-09,St. Louis Cardinals,Milwaukee Brewers,0.32460417912468237,0.6753958208753177,0.2687792428753722,-0.11886835215331425,0
822877,2026-07-09,Texas Rangers,Los Angeles Angels,0.40032008674575587,0.5996799132542441,0.35112717992343684,0.5642932288066976,0
823277,2026-07-09,San Diego Padres,Arizona Diamondbacks,0.3330416251908541,0.6669583748091459,0.2584006805614632,-0.21032019881284303,0
823201,2026-07-09,San Francisco Giants,Colorado Rockies,0.33498814309428254,0.6650118569057175,0.3227988090174394,0.3380824257798626,1
824252,2026-07-10,Detroit Tigers,Philadelphia Phillies,0.36662026841120293,0.633379731588797,0.3311356869417269,0.3955069450136879,1
822709,2026-07-10,Washington Nationals,New York Yankees,0.30177036217860853,0.6982296378213915,0.19595916631220758,-0.9661136963597348,0
824817,2026-07-10,Baltimore Orioles,Kansas City Royals,0.41826017488978784,0.5817398251102122,0.33904721395151,0.46370070009905184,1
822955,2026-07-10,Tampa Bay Rays,Seattle Mariners,0.3657160908831966,0.6342839091168033,0.31412165036154827,0.2556299729024779,1
823845,2026-07-10,Miami Marlins,Cleveland Guardians,0.3903955329200818,0.6096044670799182,0.2909825606125053,0.056345177051242805,0
824493,2026-07-10,Cincinnati Reds,Chicago Cubs,0.2759055111929336,0.7240944888070664,0.22216078264568268,-0.6321232347525299,1
823604,2026-07-10,New York Mets,Boston Red Sox,0.29490279876256015,0.7050972012374399,0.22241599319438538,-0.6214682223508088,0
824575,2026-07-10,Chicago White Sox,Athletics,0.5043369064349347,0.4956630935650653,0.4319438536792854,1.1639429967746602,1
822878,2026-07-10,Texas Rangers,Houston Astros,0.34283318032336774,0.6571668196766323,0.28451722671203744,0.010189467271507515,1
823685,2026-07-10,Minnesota Twins,Los Angeles Angels,0.41768091655820017,0.5823190834417998,0.34806465333900466,0.5344458138571215,0
823033,2026-07-10,St. Louis Cardinals,Atlanta Braves,0.2905658380135118,0.7094341619864881,0.22615908124202466,-0.5739860883295337,0
823278,2026-07-10,San Diego Padres,Toronto Blue Jays,0.3565996538375414,0.6434003461624587,0.3249255635899617,0.35907207033958755,0
823927,2026-07-10,Los Angeles Dodgers,Arizona Diamondbacks,0.37780313016561773,0.6221968698343823,0.3652488302849851,0.6687571424212776,0
823200,2026-07-10,San Francisco Giants,Colorado Rockies,0.4168777180479657,0.5831222819520343,0.34108889834113143,0.48629741732692666,0
823357,2026-07-11,Pittsburgh Pirates,Milwaukee Brewers,0.3035728163867597,0.6964271836132403,0.22990216928966398,-0.5280870555723234,0
823682,2026-07-11,Minnesota Twins,Los Angeles Angels,0.4387035474369119,0.5612964525630881,0.37613781369629945,0.7633831443876123,1
824576,2026-07-11,Chicago White Sox,Athletics,0.409390460040512,0.590609539959488,0.3176945980433858,0.28952589329477707,0
822711,2026-07-11,Washington Nationals,New York Yankees,0.31934741166000313,0.6806525883399969,0.19732028923862185,-0.9494457625447528,0
823198,2026-07-11,San Francisco Giants,Colorado Rockies,0.3509288294775634,0.6490711705224366,0.347809442790302,0.5313193482661887,1
823356,2026-07-11,Pittsburgh Pirates,Milwaukee Brewers,0.2978987032744712,0.7021012967255288,0.20523181624840495,-0.8419605089620016,0
822953,2026-07-11,Tampa Bay Rays,Seattle Mariners,0.3369659482810903,0.6630340517189097,0.24921310080816675,-0.31642212488154636,1
823603,2026-07-11,New York Mets,Boston Red Sox,0.3423560183046831,0.6576439816953169,0.3054444917056572,0.18006220701165504,0
823844,2026-07-11,Miami Marlins,Cleveland Guardians,0.40406119412426805,0.595938805875732,0.3628668651637601,0.6468514791610919,0
824249,2026-07-11,Detroit Tigers,Philadelphia Phillies,0.3759715584722256,0.6240284415277744,0.3402381965121225,0.4746556059417606,0
822875,2026-07-11,Texas Rangers,Houston Astros,0.35054634658062706,0.6494536534193729,0.27839217354317314,-0.04527928189024956,0
824813,2026-07-11,Baltimore Orioles,Kansas City Royals,0.43772413937839155,0.5622758606216085,0.3904296044236495,0.86437235943372,1
824492,2026-07-11,Cincinnati Reds,Chicago Cubs,0.3074597227234353,0.6925402772765648,0.24555508294342832,-0.3531187792994364,0
823030,2026-07-11,St. Louis Cardinals,Atlanta Braves,0.3224154885367888,0.6775845114632112,0.27405359421522757,-0.07760435811175585,1
823276,2026-07-11,San Diego Padres,Toronto Blue Jays,0.3272897996197405,0.6727102003802595,0.243428328370906,-0.3773901983761728,0
823926,2026-07-11,Los Angeles Dodgers,Arizona Diamondbacks,0.4557601120552459,0.5442398879447541,0.5129306678009358,1.923943510417512,0
823358,2026-07-12,Pittsburgh Pirates,Milwaukee Brewers,0.3097535791590833,0.6902464208409167,0.2584006805614632,-0.21079971701160413,1
822708,2026-07-12,Washington Nationals,New York Yankees,0.36004656445823835,0.6399534355417617,0.24768183751595066,-0.3286320504728178,0
824814,2026-07-12,Baltimore Orioles,Kansas City Royals,0.43812735857092044,0.5618726414290796,0.41492981709910676,1.0404523518524598,1
822951,2026-07-12,Tampa Bay Rays,Seattle Mariners,0.3779657490967906,0.6220342509032094,0.3054444917056572,0.18131991519657487,0
823602,2026-07-12,New York Mets,Boston Red Sox,0.2863724796060925,0.7136275203939075,0.21654615057422374,-0.7033486471020208,0
823842,2026-07-12,Miami Marlins,Cleveland Guardians,0.321153490373913,0.678846509626087,0.243428328370906,-0.3777084808169743,0
824250,2026-07-12,Detroit Tigers,Philadelphia Phillies,0.3639195786939385,0.6360804213060616,0.29685240323266693,0.10186290820196228,0
824491,2026-07-12,Cincinnati Reds,Chicago Cubs,0.3150760062432249,0.684923993756775,0.276095278604849,-0.06260172037753384,0
823681,2026-07-12,Minnesota Twins,Los Angeles Angels,0.40958608932390894,0.5904139106760911,0.3462781794980859,0.5207609970012788,1
824574,2026-07-12,Chicago White Sox,Athletics,0.4040150707522128,0.5959849292477872,0.3618460229689494,0.6402451165665849,1
823029,2026-07-12,St. Louis Cardinals,Atlanta Braves,0.35130645914336456,0.6486935408566354,0.3500212675457252,0.554041985525619,0
822876,2026-07-12,Texas Rangers,Houston Astros,0.4338829394637571,0.5661170605362429,0.38345384942577626,0.8104531509660481,0
823199,2026-07-12,San Francisco Giants,Colorado Rockies,0.3534699048734434,0.6465300951265567,0.3099532113994045,0.21849935462234796,1
823274,2026-07-12,San Diego Padres,Toronto Blue Jays,0.32212820568670786,0.6778717943132921,0.29055720969800086,0.05389619862634217,0
823925,2026-07-12,Los Angeles Dodgers,Arizona Diamondbacks,0.42529676892117363,0.5747032310788264,0.45703955763504894,1.3705605547715833,0
823440,2026-07-16,Philadelphia Phillies,New York Mets,0.38385596936632643,0.6161440306336736,0.384474691620587,0.8190451972470878,0
824766,2026-07-17,Boston Red Sox,Tampa Bay Rays,0.3122824216178524,0.6877175783821476,0.21680136112292642,-0.69912893204331,1
823524,2026-07-17,New York Yankees,Los Angeles Dodgers,0.35129807450513084,0.6487019254948692,0.31454700127605273,0.25704219230197917,0
824737,2026-07-17,Boston Red Sox,Tampa Bay Rays,0.3702415034524351,0.6297584965475649,0.2925988940876223,0.06688750732920087,1
822789,2026-07-17,Toronto Blue Jays,Chicago White Sox,0.279560789229328,0.7204392107706721,0.20914504466184602,-0.7945148103085212,0
824901,2026-07-17,Atlanta Braves,Texas Rangers,0.47644763833652326,0.5235523616634767,0.4418970650786899,1.2354020339143186,1
823766,2026-07-17,Milwaukee Brewers,Miami Marlins,0.3790840893061506,0.6209159106938493,0.276095278604849,-0.06293247400172484,0
824655,2026-07-17,Chicago Cubs,Minnesota Twins,0.38788494919079924,0.6121150508092008,0.3728200765631646,0.7343758366855188,0
824090,2026-07-17,Kansas City Royals,San Diego Padres,0.3389810273210421,0.6610189726789579,0.2372182050191408,-0.4443602644515328,0
824170,2026-07-17,Houston Astros,Baltimore Orioles,0.3164003174064186,0.6835996825935814,0.21220757124627818,-0.7594806099232625,0
824332,2026-07-17,Colorado Rockies,Cincinnati Reds,0.31886178792430997,0.68113821207569,0.2232666950233943,-0.6115022582576887,0
824009,2026-07-17,Los Angeles Angels,Detroit Tigers,0.3132578129297614,0.6867421870702386,0.2320289238621863,-0.5023713638579512,0
824981,2026-07-17,Athletics,Washington Nationals,0.2674426764398778,0.7325573235601222,0.20387069332199065,-0.8686259490034212,0
825060,2026-07-17,Arizona Diamondbacks,St. Louis Cardinals,0.34235820065773864,0.6576417993422614,0.24410888983411314,-0.3684992886804866,0
823115,2026-07-17,Seattle Mariners,San Francisco Giants,0.3843952789286028,0.6156047210713972,0.36388770735857084,0.6590672290722068,0
824414,2026-07-18,Cleveland Guardians,Pittsburgh Pirates,0.347105729595945,0.652894270404055,0.25916631220757125,-0.2032191323461547,0
824657,2026-07-18,Chicago Cubs,Minnesota Twins,0.37206187398604335,0.6279381260139567,0.3146320714589536,0.2578852797124895,1
823441,2026-07-18,Philadelphia Phillies,New York Mets,0.4631295015724974,0.5368704984275026,0.4642705231816248,1.4239752144136295,1
822790,2026-07-18,Toronto Blue Jays,Chicago White Sox,0.2896664193786934,0.7103335806213066,0.24002552105487027,-0.40908615278653815,0
824331,2026-07-18,Colorado Rockies,Cincinnati Reds,0.3457368096990496,0.6542631903009504,0.2460655040408337,-0.349037905066254,1
823763,2026-07-18,Milwaukee Brewers,Miami Marlins,0.39026710218712196,0.609732897812878,0.32211824755423224,0.330787595442792,1
824088,2026-07-18,Kansas City Royals,San Diego Padres,0.32189994344428163,0.6781000565557184,0.2319438536792854,-0.50365675778525,1
824169,2026-07-18,Houston Astros,Baltimore Orioles,0.3262214873792481,0.6737785126207518,0.23670778392173544,-0.4502097653841576,0
824738,2026-07-18,Boston Red Sox,Tampa Bay Rays,0.33261974677605616,0.6673802532239439,0.27541471714164184,-0.06851886178533338,0
824899,2026-07-18,Atlanta Braves,Texas Rangers,0.41040161614744536,0.5895983838525547,0.31199489578902595,0.23507629443101904,0
825059,2026-07-18,Arizona Diamondbacks,St. Louis Cardinals,0.31963308977815436,0.6803669102218457,0.24198213526159082,-0.3909218948778109,1
824412,2026-07-18,Cleveland Guardians,Pittsburgh Pirates,0.3497703952369443,0.6502296047630557,0.25023394300297747,-0.302213104502164,1
823116,2026-07-18,Seattle Mariners,San Francisco Giants,0.4050411060430399,0.5949588939569601,0.358953636750319,0.621957283947956,0
824979,2026-07-18,Athletics,Washington Nationals,0.2768361230265409,0.7231638769734591,0.21646108039132284,-0.7053105564419455,1
824008,2026-07-18,Los Angeles Angels,Detroit Tigers,0.27500836595015676,0.7249916340498432,0.2080391322841344,-0.8052721934728463,0
822786,2026-07-19,Toronto Blue Jays,Chicago White Sox,0.2562345700660589,0.7437654299339411,0.21765206295193534,-0.6897135598938245,0
823523,2026-07-19,New York Yankees,Los Angeles Dodgers,0.3441985555387124,0.6558014444612876,0.2446193109315185,-0.3629638171259989,0
823439,2026-07-19,Philadelphia Phillies,New York Mets,0.33675714068498336,0.6632428593150166,0.2460655040408337,-0.3494554522263826,0
824739,2026-07-19,Boston Red Sox,Tampa Bay Rays,0.38997030689411827,0.6100296931058817,0.3500212675457252,0.5536764449831559,1
824897,2026-07-19,Atlanta Braves,Texas Rangers,0.3771177925469217,0.6228822074530783,0.28451722671203744,0.009198695732537766,1
824411,2026-07-19,Cleveland Guardians,Pittsburgh Pirates,0.3339525886430215,0.6660474113569785,0.2501488728200766,-0.3032015562669067,0
823764,2026-07-19,Milwaukee Brewers,Miami Marlins,0.38816113506171634,0.6118388649382837,0.3313058273075287,0.3993425409344443,1
824086,2026-07-19,Kansas City Royals,San Diego Padres,0.3558422136174413,0.6441577863825587,0.26180348787749896,-0.17861253898425047,0
824168,2026-07-19,Houston Astros,Baltimore Orioles,0.32312609778378104,0.6768739022162189,0.25023394300297747,-0.30190034336770993,0
824653,2026-07-19,Chicago Cubs,Minnesota Twins,0.4086333988376493,0.5913666011623506,0.36967247979583157,0.7086591213592821,1
824330,2026-07-19,Colorado Rockies,Cincinnati Reds,0.3253552841032533,0.6746447158967467,0.2294768183751595,-0.5343757642038277,0
824978,2026-07-19,Athletics,Washington Nationals,0.2656072074672068,0.7343927925327932,0.17086346235644406,-1.3458515500442076,0
824007,2026-07-19,Los Angeles Angels,Detroit Tigers,0.27529600665991866,0.7247039933400814,0.2169715014887282,-0.6988690936645608,0
823113,2026-07-19,Seattle Mariners,San Francisco Giants,0.42034692791291967,0.5796530720870803,0.4044661846022969,0.9663034349380076,1
825057,2026-07-19,Arizona Diamondbacks,St. Louis Cardinals,0.3586714204140524,0.6413285795859476,0.2460655040408337,-0.34920915826170945,0
823521,2026-07-19,New York Yankees,Los Angeles Dodgers,0.3197665760632138,0.6802334239367862,0.2910676307954062,0.0566133318476991,0
824410,2026-07-20,Cleveland Guardians,Minnesota Twins,0.34950459147350815,0.6504954085264918,0.28324117396852405,-0.0019515379544632935,1
823522,2026-07-20,New York Yankees,Pittsburgh Pirates,0.3427213807765469,0.6572786192234531,0.24691620586984261,-0.33666478111869635,1
822788,2026-07-20,Toronto Blue Jays,Tampa Bay Rays,0.36657336336321394,0.633426636636786,0.33853679285410465,0.4552309914061769,0
823436,2026-07-20,Philadelphia Phillies,Los Angeles Dodgers,0.3305885775013355,0.6694114224986645,0.2525308379413016,-0.27019737378837555,1
824736,2026-07-20,Boston Red Sox,Baltimore Orioles,0.34266723172944275,0.6573327682705572,0.30808166737558484,0.20459491501407862,0
824898,2026-07-20,Atlanta Braves,San Diego Padres,0.43366111808044394,0.5663388819195561,0.3714589536367503,0.7258976180905744,0
823762,2026-07-20,Milwaukee Brewers,New York Mets,0.5333945548979833,0.46660544510201674,0.5045937898766483,1.8266927379000197,1
824087,2026-07-20,Kansas City Royals,San Francisco Giants,0.39373498724563466,0.6062650127543654,0.31829008932369207,0.2941567996047635,0
822874,2026-07-20,Texas Rangers,Chicago White Sox,0.32189980109271715,0.6781001989072828,0.2471714164185453,-0.33282053772139386,0
824654,2026-07-20,Chicago Cubs,Detroit Tigers,0.36259040486848243,0.6374095951315175,0.306380263717567,0.19109651931569915,0
824167,2026-07-20,Houston Astros,Miami Marlins,0.3293677608864549,0.6706322391135451,0.2555933645257337,-0.23611883264679792,1
824328,2026-07-20,Colorado Rockies,Washington Nationals,0.3202845050727672,0.6797154949272328,0.28290089323692047,-0.004527592634630083,0
823112,2026-07-20,Seattle Mariners,Cincinnati Reds,0.381446627467415,0.618553372532585,0.3689919183326244,0.700315628591817,1
825058,2026-07-20,Arizona Diamondbacks,Athletics,0.41214011164156394,0.5878598883584361,0.30586984262016165,0.18881312452961901,0
824006,2026-07-20,Los Angeles Angels,St. Louis Cardinals,0.32876111773778294,0.6712388822622171,0.2730327520204168,-0.0817771309691542,0
