game_pk,game_date,home_team,away_team,home_moneyline,away_moneyline,home_decimal,away_decimal,source_match_ts,hours_delta,source_href
778545,2025-03-27,San Diego Padres,Atlanta Braves,101,-123,2.01,1.81,2025-03-27 20:10:00+00:00,0.0,/baseball-odds/usa-mlb/san-diego-atlanta-2025-03-27/1148078
778546,2025-03-27,Los Angeles Dodgers,Detroit Tigers,-192,135,1.52,2.35,2025-03-27 23:10:00+00:00,0.0,/baseball-odds/usa-mlb/la-dodgers-detroit-2025-03-28/1148085
778547,2025-03-27,Seattle Mariners,Athletics,-175,140,1.57,2.4,2025-03-28 02:10:00+00:00,0.0,/baseball-odds/usa-mlb/seattle-athletics-2025-03-28/1149926
778551,2025-03-27,St. Louis Cardinals,Minnesota Twins,-106,-116,1.94,1.86,2025-03-27 20:15:00+00:00,0.0,/baseball-odds/usa-mlb/st-louis-minnesota-2025-03-27/1148084
778552,2025-03-27,Arizona Diamondbacks,Chicago Cubs,-119,-102,1.84,1.98,2025-03-28 02:10:00+00:00,0.0,/baseball-odds/usa-mlb/arizona-cubs-2025-03-28/1148086
778553,2025-03-27,Texas Rangers,Boston Red Sox,102,-130,2.02,1.77,2025-03-27 20:05:00+00:00,0.0,/baseball-odds/usa-mlb/texas-boston-2025-03-27/1148077
778554,2025-03-27,Chicago White Sox,Los Angeles Angels,131,-164,2.31,1.61,2025-03-27 20:10:00+00:00,0.0,/baseball-odds/usa-mlb/white-sox-la-angels-2025-03-27/1148082
778555,2025-03-27,Washington Nationals,Philadelphia Phillies,131,-159,2.31,1.63,2025-03-27 20:05:00+00:00,0.0,/baseball-odds/usa-mlb/washington-philadelphia-2025-03-27/1148076
778556,2025-03-27,Toronto Blue Jays,Baltimore Orioles,-120,-103,1.83,1.97,2025-03-27 19:07:00+00:00,0.0,/baseball-odds/usa-mlb/toronto-baltimore-2025-03-27/1148075
778557,2025-03-27,New York Yankees,Milwaukee Brewers,-145,117,1.69,2.17,2025-03-27 19:05:00+00:00,0.0,/baseball-odds/usa-mlb/ny-yankees-milwaukee-2025-03-27/1148074
778558,2025-03-27,Kansas City Royals,Cleveland Guardians,-185,149,1.54,2.49,2025-03-27 20:10:00+00:00,0.0,/baseball-odds/usa-mlb/kansas-city-cleveland-2025-03-27/1148079
778559,2025-03-27,Houston Astros,New York Mets,-120,-108,1.83,1.93,2025-03-27 20:10:00+00:00,0.0,/baseball-odds/usa-mlb/houston-ny-mets-2025-03-27/1148080
778561,2025-03-27,Cincinnati Reds,San Francisco Giants,-112,-110,1.89,1.91,2025-03-27 20:10:00+00:00,0.0,/baseball-odds/usa-mlb/cincinnati-san-francisco-2025-03-27/1148083
778562,2025-03-27,Miami Marlins,Pittsburgh Pirates,119,-156,2.19,1.64,2025-03-27 20:10:00+00:00,0.0,/baseball-odds/usa-mlb/miami-pittsburgh-2025-03-27/1148081
778518,2025-03-28,Houston Astros,New York Mets,-120,-105,1.83,1.95,2025-03-29 00:10:00+00:00,0.0,/baseball-odds/usa-mlb/houston-ny-mets-2025-03-29/1148091
778541,2025-03-28,Seattle Mariners,Athletics,-167,109,1.6,2.09,2025-03-29 01:40:00+00:00,0.0,/baseball-odds/usa-mlb/seattle-athletics-2025-03-29/1149927
778542,2025-03-28,San Diego Padres,Atlanta Braves,-145,117,1.69,2.17,2025-03-29 01:40:00+00:00,0.0,/baseball-odds/usa-mlb/san-diego-atlanta-2025-03-29/1148093
778543,2025-03-28,Arizona Diamondbacks,Chicago Cubs,-154,123,1.65,2.23,2025-03-29 01:40:00+00:00,0.0,/baseball-odds/usa-mlb/arizona-cubs-2025-03-29/1148092
778544,2025-03-28,Los Angeles Dodgers,Detroit Tigers,-222,166,1.45,2.66,2025-03-29 02:10:00+00:00,0.0,/baseball-odds/usa-mlb/la-dodgers-detroit-2025-03-29/1148094
778548,2025-03-28,Miami Marlins,Pittsburgh Pirates,108,-139,2.08,1.72,2025-03-28 23:10:00+00:00,0.0,/baseball-odds/usa-mlb/miami-pittsburgh-2025-03-29/1148089
778549,2025-03-28,Toronto Blue Jays,Baltimore Orioles,-133,102,1.75,2.02,2025-03-28 23:07:00+00:00,0.0,/baseball-odds/usa-mlb/toronto-baltimore-2025-03-29/1148088
778550,2025-03-28,Texas Rangers,Boston Red Sox,-106,-116,1.94,1.86,2025-03-29 00:05:00+00:00,0.0,/baseball-odds/usa-mlb/texas-boston-2025-03-29/1148090
778560,2025-03-28,Tampa Bay Rays,Colorado Rockies,-227,163,1.44,2.63,2025-03-28 20:10:00+00:00,0.0,/baseball-odds/usa-mlb/tampa-bay-colorado-2025-03-28/1148087
778520,2025-03-29,San Diego Padres,Atlanta Braves,123,-159,2.23,1.63,2025-03-29 23:15:00+00:00,0.0,/baseball-odds/usa-mlb/san-diego-atlanta-2025-03-30/1148106
778521,2025-03-29,Seattle Mariners,Athletics,-189,140,1.53,2.4,2025-03-30 01:40:00+00:00,0.0,/baseball-odds/usa-mlb/seattle-athletics-2025-03-30/1149928
778528,2025-03-29,St. Louis Cardinals,Minnesota Twins,-112,-115,1.89,1.87,2025-03-29 18:15:00+00:00,0.0,/baseball-odds/usa-mlb/st-louis-minnesota-2025-03-29/1148097
778529,2025-03-29,Kansas City Royals,Cleveland Guardians,-119,-109,1.84,1.92,2025-03-29 20:10:00+00:00,0.0,/baseball-odds/usa-mlb/kansas-city-cleveland-2025-03-29/1148103
778530,2025-03-29,Houston Astros,New York Mets,-125,-102,1.8,1.98,2025-03-29 23:15:00+00:00,0.0,/baseball-odds/usa-mlb/houston-ny-mets-2025-03-30/1148105
778531,2025-03-29,Texas Rangers,Boston Red Sox,-122,-106,1.82,1.94,2025-03-29 23:05:00+00:00,0.0,/baseball-odds/usa-mlb/texas-boston-2025-03-30/1148104
778532,2025-03-29,Arizona Diamondbacks,Chicago Cubs,-125,-102,1.8,1.98,2025-03-30 00:10:00+00:00,0.0,/baseball-odds/usa-mlb/arizona-cubs-2025-03-30/1148107
778533,2025-03-29,Los Angeles Dodgers,Detroit Tigers,-217,158,1.46,2.58,2025-03-30 01:10:00+00:00,0.0,/baseball-odds/usa-mlb/la-dodgers-detroit-2025-03-30/1148108
778534,2025-03-29,Chicago White Sox,Los Angeles Angels,129,-172,2.29,1.58,2025-03-29 18:10:00+00:00,0.0,/baseball-odds/usa-mlb/white-sox-la-angels-2025-03-29/1148096
778535,2025-03-29,Washington Nationals,Philadelphia Phillies,125,-161,2.25,1.62,2025-03-29 20:05:00+00:00,0.0,/baseball-odds/usa-mlb/washington-philadelphia-2025-03-29/1148099
778536,2025-03-29,Toronto Blue Jays,Baltimore Orioles,-127,100,1.79,2.0,2025-03-29 19:07:00+00:00,0.0,/baseball-odds/usa-mlb/toronto-baltimore-2025-03-29/1148098
778537,2025-03-29,Tampa Bay Rays,Colorado Rockies,-200,153,1.5,2.53,2025-03-29 20:10:00+00:00,0.0,/baseball-odds/usa-mlb/tampa-bay-colorado-2025-03-29/1148101
778538,2025-03-29,New York Yankees,Milwaukee Brewers,-172,129,1.58,2.29,2025-03-29 17:05:00+00:00,0.0,/baseball-odds/usa-mlb/ny-yankees-milwaukee-2025-03-29/1148095
778539,2025-03-29,Miami Marlins,Pittsburgh Pirates,100,-123,2.0,1.81,2025-03-29 20:10:00+00:00,0.0,/baseball-odds/usa-mlb/miami-pittsburgh-2025-03-29/1148100
778540,2025-03-29,Cincinnati Reds,San Francisco Giants,-118,-108,1.85,1.93,2025-03-29 20:10:00+00:00,0.0,/baseball-odds/usa-mlb/cincinnati-san-francisco-2025-03-29/1148102
778510,2025-03-30,Kansas City Royals,Cleveland Guardians,-122,-106,1.82,1.94,2025-03-30 18:10:00+00:00,0.0,/baseball-odds/usa-mlb/kansas-city-cleveland-2025-03-30/1148116
778513,2025-03-30,Seattle Mariners,Athletics,-179,146,1.56,2.46,2025-03-30 20:10:00+00:00,0.0,/baseball-odds/usa-mlb/seattle-athletics-2025-03-30/1149929
778514,2025-03-30,San Diego Padres,Atlanta Braves,-137,110,1.73,2.1,2025-03-30 23:10:00+00:00,0.0,/baseball-odds/usa-mlb/san-diego-atlanta-2025-03-31/1148120
778515,2025-03-30,Arizona Diamondbacks,Chicago Cubs,-112,103,1.89,2.03,2025-03-30 20:10:00+00:00,0.0,/baseball-odds/usa-mlb/arizona-cubs-2025-03-30/1148119
778516,2025-03-30,Texas Rangers,Boston Red Sox,-167,144,1.6,2.44,2025-03-30 18:35:00+00:00,0.0,/baseball-odds/usa-mlb/texas-boston-2025-03-30/1148118
778517,2025-03-30,St. Louis Cardinals,Minnesota Twins,-112,-112,1.89,1.89,2025-03-30 18:15:00+00:00,0.0,/baseball-odds/usa-mlb/st-louis-minnesota-2025-03-30/1148117
778519,2025-03-30,Miami Marlins,Pittsburgh Pirates,-127,-101,1.79,1.99,2025-03-30 17:40:00+00:00,0.0,/baseball-odds/usa-mlb/miami-pittsburgh-2025-03-30/1148114
778522,2025-03-30,Cincinnati Reds,San Francisco Giants,104,-132,2.04,1.76,2025-03-30 17:40:00+00:00,0.0,/baseball-odds/usa-mlb/cincinnati-san-francisco-2025-03-30/1148112
778523,2025-03-30,New York Yankees,Milwaukee Brewers,-149,117,1.67,2.17,2025-03-30 17:35:00+00:00,0.0,/baseball-odds/usa-mlb/ny-yankees-milwaukee-2025-03-30/1148109
778524,2025-03-30,Tampa Bay Rays,Colorado Rockies,-185,147,1.54,2.47,2025-03-30 17:40:00+00:00,0.0,/baseball-odds/usa-mlb/tampa-bay-colorado-2025-03-30/1148113
778525,2025-03-30,Toronto Blue Jays,Baltimore Orioles,-139,106,1.72,2.06,2025-03-30 17:37:00+00:00,0.0,/baseball-odds/usa-mlb/toronto-baltimore-2025-03-30/1148111
778526,2025-03-30,Washington Nationals,Philadelphia Phillies,108,-143,2.08,1.7,2025-03-30 17:35:00+00:00,0.0,/baseball-odds/usa-mlb/washington-philadelphia-2025-03-30/1148110
778527,2025-03-30,Chicago White Sox,Los Angeles Angels,101,-137,2.01,1.73,2025-03-30 18:10:00+00:00,0.0,/baseball-odds/usa-mlb/white-sox-la-angels-2025-03-30/1148115
778496,2025-03-31,Seattle Mariners,Detroit Tigers,-130,102,1.77,2.02,2025-04-01 01:40:00+00:00,0.0,/baseball-odds/usa-mlb/seattle-detroit-2025-04-01/1148131
778499,2025-03-31,San Diego Padres,Cleveland Guardians,-141,116,1.71,2.16,2025-04-01 01:40:00+00:00,0.0,/baseball-odds/usa-mlb/san-diego-cleveland-2025-04-01/1148132
778500,2025-03-31,Los Angeles Dodgers,Atlanta Braves,-238,178,1.42,2.78,2025-04-01 02:10:00+00:00,0.0,/baseball-odds/usa-mlb/la-dodgers-atlanta-2025-04-01/1148133
778501,2025-03-31,Athletics,Chicago Cubs,127,-149,2.27,1.67,2025-04-01 02:05:00+00:00,0.0,/baseball-odds/usa-mlb/athletics-cubs-2025-04-01/1149930
778502,2025-03-31,Philadelphia Phillies,Colorado Rockies,-357,238,1.28,3.38,2025-03-31 19:05:00+00:00,0.0,/baseball-odds/usa-mlb/philadelphia-colorado-2025-03-31/1148125
778503,2025-03-31,St. Louis Cardinals,Los Angeles Angels,-167,133,1.6,2.33,2025-03-31 23:45:00+00:00,0.0,/baseball-odds/usa-mlb/st-louis-la-angels-2025-04-01/1148129
778504,2025-03-31,Milwaukee Brewers,Kansas City Royals,-123,-103,1.81,1.97,2025-03-31 18:10:00+00:00,0.0,/baseball-odds/usa-mlb/milwaukee-kansas-city-2025-03-31/1148123
778505,2025-03-31,Houston Astros,San Francisco Giants,-130,-101,1.77,1.99,2025-04-01 00:10:00+00:00,0.0,/baseball-odds/usa-mlb/houston-san-francisco-2025-04-01/1150063
778506,2025-03-31,Chicago White Sox,Minnesota Twins,161,-200,2.61,1.5,2025-03-31 18:10:00+00:00,0.0,/baseball-odds/usa-mlb/white-sox-minnesota-2025-03-31/1148122
778507,2025-03-31,Toronto Blue Jays,Washington Nationals,-172,133,1.58,2.33,2025-03-31 23:07:00+00:00,0.0,/baseball-odds/usa-mlb/toronto-washington-2025-04-01/1148128
778508,2025-03-31,Tampa Bay Rays,Pittsburgh Pirates,-196,149,1.51,2.49,2025-03-31 23:05:00+00:00,0.0,/baseball-odds/usa-mlb/tampa-bay-pittsburgh-2025-04-01/1150062
778509,2025-03-31,Miami Marlins,New York Mets,147,-192,2.47,1.52,2025-03-31 22:40:00+00:00,0.0,/baseball-odds/usa-mlb/miami-ny-mets-2025-04-01/1148127
778511,2025-03-31,Cincinnati Reds,Texas Rangers,106,-132,2.06,1.76,2025-03-31 22:40:00+00:00,0.0,/baseball-odds/usa-mlb/cincinnati-texas-2025-04-01/1148126
778512,2025-03-31,Baltimore Orioles,Boston Red Sox,-154,117,1.65,2.17,2025-03-31 18:35:00+00:00,0.0,/baseball-odds/usa-mlb/baltimore-boston-2025-03-31/1150302
778485,2025-04-01,San Diego Padres,Cleveland Guardians,-189,154,1.53,2.54,2025-04-02 01:40:00+00:00,0.0,/baseball-odds/usa-mlb/san-diego-cleveland-2025-04-02/1148143
778486,2025-04-01,Seattle Mariners,Detroit Tigers,-179,142,1.56,2.42,2025-04-02 01:40:00+00:00,0.0,/baseball-odds/usa-mlb/seattle-detroit-2025-04-02/1148144
778487,2025-04-01,Los Angeles Dodgers,Atlanta Braves,-132,106,1.76,2.06,2025-04-02 02:10:00+00:00,0.0,/baseball-odds/usa-mlb/la-dodgers-atlanta-2025-04-02/1148145
778488,2025-04-01,Milwaukee Brewers,Kansas City Royals,-130,105,1.77,2.05,2025-04-01 23:40:00+00:00,0.0,/baseball-odds/usa-mlb/milwaukee-kansas-city-2025-04-02/1148140
778489,2025-04-01,Houston Astros,San Francisco Giants,106,-139,2.06,1.72,2025-04-02 00:10:00+00:00,0.0,/baseball-odds/usa-mlb/houston-san-francisco-2025-04-02/1148142
778490,2025-04-01,Chicago White Sox,Minnesota Twins,133,-172,2.33,1.58,2025-04-01 23:40:00+00:00,0.0,/baseball-odds/usa-mlb/white-sox-minnesota-2025-04-02/1148139
778491,2025-04-01,Toronto Blue Jays,Washington Nationals,-169,141,1.59,2.41,2025-04-01 23:07:00+00:00,0.0,/baseball-odds/usa-mlb/toronto-washington-2025-04-02/1148138
778492,2025-04-01,New York Yankees,Arizona Diamondbacks,105,-130,2.05,1.77,2025-04-01 23:05:00+00:00,0.0,/baseball-odds/usa-mlb/ny-yankees-arizona-2025-04-02/1148137
778493,2025-04-01,Tampa Bay Rays,Pittsburgh Pirates,-172,129,1.58,2.29,2025-04-01 23:05:00+00:00,0.0,/baseball-odds/usa-mlb/tampa-bay-pittsburgh-2025-04-02/1148136
778494,2025-04-01,Athletics,Chicago Cubs,112,-135,2.12,1.74,2025-04-02 02:05:00+00:00,0.0,/baseball-odds/usa-mlb/athletics-cubs-2025-04-02/1149931
778495,2025-04-01,St. Louis Cardinals,Los Angeles Angels,-143,111,1.7,2.11,2025-04-01 23:45:00+00:00,0.0,/baseball-odds/usa-mlb/st-louis-la-angels-2025-04-02/1148141
778497,2025-04-01,Miami Marlins,New York Mets,123,-164,2.23,1.61,2025-04-01 22:40:00+00:00,0.0,/baseball-odds/usa-mlb/miami-ny-mets-2025-04-02/1148134
778498,2025-04-01,Cincinnati Reds,Texas Rangers,120,-159,2.2,1.63,2025-04-01 22:40:00+00:00,0.0,/baseball-odds/usa-mlb/cincinnati-texas-2025-04-02/1148135
778469,2025-04-02,Seattle Mariners,Detroit Tigers,-101,-130,1.99,1.77,2025-04-02 20:10:00+00:00,0.0,/baseball-odds/usa-mlb/seattle-detroit-2025-04-02/1148152
778471,2025-04-02,Athletics,Chicago Cubs,-118,-103,1.85,1.97,2025-04-02 19:35:00+00:00,0.0,/baseball-odds/usa-mlb/athletics-cubs-2025-04-02/1149932
778472,2025-04-02,Los Angeles Dodgers,Atlanta Braves,-233,166,1.43,2.66,2025-04-03 00:38:00+00:00,0.0,/baseball-odds/usa-mlb/la-dodgers-atlanta-2025-04-03/1148159
778473,2025-04-02,St. Louis Cardinals,Los Angeles Angels,-152,121,1.66,2.21,2025-04-02 17:15:00+00:00,0.0,/baseball-odds/usa-mlb/st-louis-la-angels-2025-04-02/1148149
778474,2025-04-02,Chicago White Sox,Minnesota Twins,144,-196,2.44,1.51,2025-04-02 18:10:00+00:00,0.0,/baseball-odds/usa-mlb/white-sox-minnesota-2025-04-02/1148150
778475,2025-04-02,Houston Astros,San Francisco Giants,-185,135,1.54,2.35,2025-04-02 20:10:00+00:00,0.0,/baseball-odds/usa-mlb/houston-san-francisco-2025-04-02/1148153
778476,2025-04-02,San Diego Padres,Cleveland Guardians,-192,163,1.52,2.63,2025-04-02 20:10:00+00:00,0.0,/baseball-odds/usa-mlb/san-diego-cleveland-2025-04-02/1148154
778477,2025-04-02,Milwaukee Brewers,Kansas City Royals,-127,-102,1.79,1.98,2025-04-02 17:10:00+00:00,0.0,/baseball-odds/usa-mlb/milwaukee-kansas-city-2025-04-02/1148148
778478,2025-04-02,Toronto Blue Jays,Washington Nationals,-112,-110,1.89,1.91,2025-04-02 19:07:00+00:00,0.0,/baseball-odds/usa-mlb/toronto-washington-2025-04-02/1148151
778479,2025-04-02,Tampa Bay Rays,Pittsburgh Pirates,-108,-116,1.93,1.86,2025-04-02 17:10:00+00:00,0.0,/baseball-odds/usa-mlb/tampa-bay-pittsburgh-2025-04-02/1148147
778480,2025-04-02,Cincinnati Reds,Texas Rangers,-147,125,1.68,2.25,2025-04-02 16:40:00+00:00,0.0,/baseball-odds/usa-mlb/cincinnati-texas-2025-04-02/1148146
778481,2025-04-02,Miami Marlins,New York Mets,158,-217,2.58,1.46,2025-04-02 20:40:00+00:00,0.0,/baseball-odds/usa-mlb/miami-ny-mets-2025-04-02/1148155
778482,2025-04-02,Philadelphia Phillies,Colorado Rockies,-357,263,1.28,3.63,2025-04-02 22:45:00+00:00,0.0,/baseball-odds/usa-mlb/philadelphia-colorado-2025-04-03/1148157
778483,2025-04-02,Baltimore Orioles,Boston Red Sox,103,-132,2.03,1.76,2025-04-02 22:35:00+00:00,0.0,/baseball-odds/usa-mlb/baltimore-boston-2025-04-03/1148156
778484,2025-04-02,New York Yankees,Arizona Diamondbacks,-154,116,1.65,2.16,2025-04-02 23:05:00+00:00,0.0,/baseball-odds/usa-mlb/ny-yankees-arizona-2025-04-03/1148158
778462,2025-04-03,Minnesota Twins,Houston Astros,-147,112,1.68,2.12,2025-04-03 20:10:00+00:00,0.0,/baseball-odds/usa-mlb/minnesota-houston-2025-04-03/1148162
778466,2025-04-03,New York Yankees,Arizona Diamondbacks,-145,113,1.69,2.13,2025-04-03 23:05:00+00:00,0.0,/baseball-odds/usa-mlb/ny-yankees-arizona-2025-04-04/1148163
778467,2025-04-03,Philadelphia Phillies,Colorado Rockies,-222,175,1.45,2.75,2025-04-03 17:05:00+00:00,0.0,/baseball-odds/usa-mlb/philadelphia-colorado-2025-04-03/1148161
778468,2025-04-03,Milwaukee Brewers,Cincinnati Reds,-128,-103,1.78,1.97,2025-04-03 23:40:00+00:00,0.0,/baseball-odds/usa-mlb/milwaukee-cincinnati-2025-04-04/1148164
778470,2025-04-03,Baltimore Orioles,Boston Red Sox,-139,112,1.72,2.12,2025-04-03 17:05:00+00:00,0.0,/baseball-odds/usa-mlb/baltimore-boston-2025-04-03/1148160
778444,2025-04-04,San Francisco Giants,Seattle Mariners,-152,121,1.66,2.21,2025-04-04 20:35:00+00:00,0.0,/baseball-odds/usa-mlb/san-francisco-seattle-2025-04-04/1148170
778447,2025-04-04,Los Angeles Angels,Cleveland Guardians,-101,-119,1.99,1.84,2025-04-05 01:38:00+00:00,0.0,/baseball-odds/usa-mlb/la-angels-cleveland-2025-04-05/1148177
778453,2025-04-04,Milwaukee Brewers,Cincinnati Reds,-133,107,1.75,2.07,2025-04-05 00:10:00+00:00,0.0,/baseball-odds/usa-mlb/milwaukee-cincinnati-2025-04-05/1148176
778454,2025-04-04,Texas Rangers,Tampa Bay Rays,-132,106,1.76,2.06,2025-04-05 00:05:00+00:00,0.0,/baseball-odds/usa-mlb/texas-tampa-bay-2025-04-05/1148175
778455,2025-04-04,Kansas City Royals,Baltimore Orioles,-108,-120,1.93,1.83,2025-04-04 23:40:00+00:00,0.0,/baseball-odds/usa-mlb/kansas-city-baltimore-2025-04-05/1148174
778456,2025-04-04,Colorado Rockies,Athletics,102,-123,2.02,1.81,2025-04-04 20:10:00+00:00,0.0,/baseball-odds/usa-mlb/colorado-athletics-2025-04-04/1149933
778457,2025-04-04,Washington Nationals,Arizona Diamondbacks,127,-167,2.27,1.6,2025-04-04 22:45:00+00:00,0.0,/baseball-odds/usa-mlb/washington-arizona-2025-04-05/1148172
778458,2025-04-04,Detroit Tigers,Chicago White Sox,-256,188,1.39,2.88,2025-04-04 17:10:00+00:00,0.0,/baseball-odds/usa-mlb/detroit-white-sox-2025-04-04/1148165
778459,2025-04-04,Philadelphia Phillies,Los Angeles Dodgers,106,-139,2.06,1.72,2025-04-04 22:45:00+00:00,0.0,/baseball-odds/usa-mlb/philadelphia-la-dodgers-2025-04-05/1148171
778460,2025-04-04,Chicago Cubs,San Diego Padres,-172,136,1.58,2.36,2025-04-04 18:20:00+00:00,0.0,/baseball-odds/usa-mlb/cubs-san-diego-2025-04-04/1148167
778461,2025-04-04,Pittsburgh Pirates,New York Yankees,133,-179,2.33,1.56,2025-04-04 20:12:00+00:00,0.0,/baseball-odds/usa-mlb/pittsburgh-ny-yankees-2025-04-04/1148169
778463,2025-04-04,Boston Red Sox,St. Louis Cardinals,-119,102,1.84,2.02,2025-04-04 18:10:00+00:00,0.0,/baseball-odds/usa-mlb/boston-st-louis-2025-04-04/1148166
778464,2025-04-04,Atlanta Braves,Miami Marlins,-263,205,1.38,3.05,2025-04-04 23:15:00+00:00,0.0,/baseball-odds/usa-mlb/atlanta-miami-2025-04-05/1148173
778465,2025-04-04,New York Mets,Toronto Blue Jays,-143,115,1.7,2.15,2025-04-04 19:10:00+00:00,0.0,/baseball-odds/usa-mlb/ny-mets-toronto-2025-04-04/1148168
778436,2025-04-05,San Francisco Giants,Seattle Mariners,-122,-104,1.82,1.96,2025-04-06 01:05:00+00:00,0.0,/baseball-odds/usa-mlb/san-francisco-seattle-2025-04-06/1148190
778437,2025-04-05,Los Angeles Angels,Cleveland Guardians,125,-152,2.25,1.66,2025-04-06 01:38:00+00:00,0.0,/baseball-odds/usa-mlb/la-angels-cleveland-2025-04-06/1148191
778438,2025-04-05,Texas Rangers,Tampa Bay Rays,-182,140,1.55,2.4,2025-04-05 23:05:00+00:00,0.0,/baseball-odds/usa-mlb/texas-tampa-bay-2025-04-06/1148186
778439,2025-04-05,Milwaukee Brewers,Cincinnati Reds,-130,102,1.77,2.02,2025-04-05 23:10:00+00:00,0.0,/baseball-odds/usa-mlb/milwaukee-cincinnati-2025-04-06/1148188
778440,2025-04-05,Minnesota Twins,Houston Astros,-137,108,1.73,2.08,2025-04-05 18:10:00+00:00,0.0,/baseball-odds/usa-mlb/minnesota-houston-2025-04-05/1148179
778441,2025-04-05,Kansas City Royals,Baltimore Orioles,-122,-104,1.82,1.96,2025-04-05 20:10:00+00:00,0.0,/baseball-odds/usa-mlb/kansas-city-baltimore-2025-04-05/1148185
778442,2025-04-05,Colorado Rockies,Athletics,-115,-116,1.87,1.86,2025-04-06 00:10:00+00:00,0.0,/baseball-odds/usa-mlb/colorado-athletics-2025-04-06/1149934
778445,2025-04-05,Detroit Tigers,Chicago White Sox,-238,178,1.42,2.78,2025-04-05 17:10:00+00:00,0.0,/baseball-odds/usa-mlb/detroit-white-sox-2025-04-05/1148178
778446,2025-04-05,New York Mets,Toronto Blue Jays,-130,112,1.77,2.12,2025-04-05 23:10:00+00:00,0.0,/baseball-odds/usa-mlb/ny-mets-toronto-2025-04-06/1148187
778448,2025-04-05,Philadelphia Phillies,Los Angeles Dodgers,-116,-109,1.86,1.92,2025-04-05 20:05:00+00:00,0.0,/baseball-odds/usa-mlb/philadelphia-la-dodgers-2025-04-05/1148182
778449,2025-04-05,Pittsburgh Pirates,New York Yankees,135,-159,2.35,1.63,2025-04-05 20:05:00+00:00,0.0,/baseball-odds/usa-mlb/pittsburgh-ny-yankees-2025-04-05/1148181
778450,2025-04-05,Chicago Cubs,San Diego Padres,-123,-103,1.81,1.97,2025-04-05 18:20:00+00:00,0.0,/baseball-odds/usa-mlb/cubs-san-diego-2025-04-05/1148180
778451,2025-04-05,Atlanta Braves,Miami Marlins,-256,200,1.39,3.0,2025-04-05 23:15:00+00:00,0.0,/baseball-odds/usa-mlb/atlanta-miami-2025-04-06/1148189
778452,2025-04-05,Washington Nationals,Arizona Diamondbacks,112,-139,2.12,1.72,2025-04-05 20:05:00+00:00,0.0,/baseball-odds/usa-mlb/washington-arizona-2025-04-05/1148183
778419,2025-04-06,Minnesota Twins,Houston Astros,-114,-111,1.88,1.9,2025-04-06 18:10:00+00:00,0.0,/baseball-odds/usa-mlb/minnesota-houston-2025-04-06/1148200
778420,2025-04-06,Texas Rangers,Tampa Bay Rays,-115,-116,1.87,1.86,2025-04-06 18:35:00+00:00,0.0,/baseball-odds/usa-mlb/texas-tampa-bay-2025-04-06/1148202
778421,2025-04-06,Milwaukee Brewers,Cincinnati Reds,-159,131,1.63,2.31,2025-04-06 18:10:00+00:00,0.0,/baseball-odds/usa-mlb/milwaukee-cincinnati-2025-04-06/1148198
778422,2025-04-06,Kansas City Royals,Baltimore Orioles,-116,-106,1.86,1.94,2025-04-06 18:10:00+00:00,0.0,/baseball-odds/usa-mlb/kansas-city-baltimore-2025-04-06/1148199
778423,2025-04-06,Colorado Rockies,Athletics,-130,102,1.77,2.02,2025-04-06 19:10:00+00:00,0.0,/baseball-odds/usa-mlb/colorado-athletics-2025-04-06/1149935
778425,2025-04-06,Los Angeles Angels,Cleveland Guardians,-106,-114,1.94,1.88,2025-04-06 20:07:00+00:00,0.0,/baseball-odds/usa-mlb/la-angels-cleveland-2025-04-06/1148204
778427,2025-04-06,San Francisco Giants,Seattle Mariners,-122,-103,1.82,1.97,2025-04-06 20:05:00+00:00,0.0,/baseball-odds/usa-mlb/san-francisco-seattle-2025-04-06/1148203
778428,2025-04-06,Pittsburgh Pirates,New York Yankees,135,-175,2.35,1.57,2025-04-06 17:35:00+00:00,0.0,/baseball-odds/usa-mlb/pittsburgh-ny-yankees-2025-04-06/1148194
778429,2025-04-06,Washington Nationals,Arizona Diamondbacks,138,-185,2.38,1.54,2025-04-06 17:35:00+00:00,0.0,/baseball-odds/usa-mlb/washington-arizona-2025-04-06/1148193
778430,2025-04-06,Chicago Cubs,San Diego Padres,-154,120,1.65,2.2,2025-04-06 18:20:00+00:00,0.0,/baseball-odds/usa-mlb/cubs-san-diego-2025-04-06/1148201
778432,2025-04-06,Boston Red Sox,St. Louis Cardinals,-128,106,1.78,2.06,2025-04-06 23:10:00+00:00,0.0,/baseball-odds/usa-mlb/boston-st-louis-2025-04-07/1148205
778433,2025-04-06,Detroit Tigers,Chicago White Sox,-185,138,1.54,2.38,2025-04-06 17:40:00+00:00,0.0,/baseball-odds/usa-mlb/detroit-white-sox-2025-04-06/1148197
778434,2025-04-06,Philadelphia Phillies,Los Angeles Dodgers,102,-127,2.02,1.79,2025-04-06 17:35:00+00:00,0.0,/baseball-odds/usa-mlb/philadelphia-la-dodgers-2025-04-06/1148192
778435,2025-04-06,New York Mets,Toronto Blue Jays,-147,114,1.68,2.14,2025-04-06 17:40:00+00:00,0.0,/baseball-odds/usa-mlb/ny-mets-toronto-2025-04-06/1148196
778443,2025-04-06,Boston Red Sox,St. Louis Cardinals,-128,106,1.78,2.06,2025-04-06 23:10:00+00:00,5.583333333333333,/baseball-odds/usa-mlb/boston-st-louis-2025-04-07/1148205
778405,2025-04-07,Seattle Mariners,Houston Astros,-172,133,1.58,2.33,2025-04-08 01:40:00+00:00,0.0,/baseball-odds/usa-mlb/seattle-houston-2025-04-08/1148214
778410,2025-04-07,San Francisco Giants,Cincinnati Reds,-167,133,1.6,2.33,2025-04-08 01:45:00+00:00,0.0,/baseball-odds/usa-mlb/san-francisco-cincinnati-2025-04-08/1148215
778411,2025-04-07,Chicago Cubs,Texas Rangers,-132,101,1.76,2.01,2025-04-07 23:40:00+00:00,0.0,/baseball-odds/usa-mlb/cubs-texas-2025-04-08/1148212
778412,2025-04-07,Kansas City Royals,Minnesota Twins,-123,-105,1.81,1.95,2025-04-07 23:40:00+00:00,0.0,/baseball-odds/usa-mlb/kansas-city-minnesota-2025-04-08/1148211
778413,2025-04-07,Arizona Diamondbacks,Baltimore Orioles,-130,105,1.77,2.05,2025-04-08 01:40:00+00:00,0.0,/baseball-odds/usa-mlb/arizona-baltimore-2025-04-08/1148213
778414,2025-04-07,Athletics,San Diego Padres,123,-149,2.23,1.67,2025-04-08 02:05:00+00:00,0.0,/baseball-odds/usa-mlb/athletics-san-diego-2025-04-08/1149936
778415,2025-04-07,Pittsburgh Pirates,St. Louis Cardinals,-110,-118,1.91,1.85,2025-04-07 22:40:00+00:00,0.0,/baseball-odds/usa-mlb/pittsburgh-st-louis-2025-04-08/1148207
778416,2025-04-07,New York Mets,Miami Marlins,-294,204,1.34,3.04,2025-04-07 23:10:00+00:00,0.0,/baseball-odds/usa-mlb/ny-mets-miami-2025-04-08/1148210
778418,2025-04-07,Washington Nationals,Los Angeles Dodgers,138,-179,2.38,1.56,2025-04-07 22:45:00+00:00,0.0,/baseball-odds/usa-mlb/washington-la-dodgers-2025-04-08/1148208
778424,2025-04-07,Detroit Tigers,New York Yankees,121,-161,2.21,1.62,2025-04-07 19:10:00+00:00,0.0,/baseball-odds/usa-mlb/detroit-ny-yankees-2025-04-07/1151820
778426,2025-04-07,Boston Red Sox,Toronto Blue Jays,-152,104,1.66,2.04,2025-04-07 22:45:00+00:00,0.0,/baseball-odds/usa-mlb/boston-toronto-2025-04-08/1148209
778394,2025-04-08,Colorado Rockies,Milwaukee Brewers,135,-175,2.35,1.57,2025-04-09 00:40:00+00:00,0.0,/baseball-odds/usa-mlb/colorado-milwaukee-2025-04-09/1148226
778395,2025-04-08,Athletics,San Diego Padres,108,-127,2.08,1.79,2025-04-09 02:05:00+00:00,0.0,/baseball-odds/usa-mlb/athletics-san-diego-2025-04-09/1149937
778396,2025-04-08,Arizona Diamondbacks,Baltimore Orioles,-108,-118,1.93,1.85,2025-04-09 01:40:00+00:00,0.0,/baseball-odds/usa-mlb/arizona-baltimore-2025-04-09/1148228
778397,2025-04-08,San Francisco Giants,Cincinnati Reds,-139,108,1.72,2.08,2025-04-09 01:45:00+00:00,0.0,/baseball-odds/usa-mlb/san-francisco-cincinnati-2025-04-09/1148229
778398,2025-04-08,Seattle Mariners,Houston Astros,-132,106,1.76,2.06,2025-04-09 01:40:00+00:00,0.0,/baseball-odds/usa-mlb/seattle-houston-2025-04-09/1148227
778400,2025-04-08,Kansas City Royals,Minnesota Twins,-125,106,1.8,2.06,2025-04-08 23:40:00+00:00,0.0,/baseball-odds/usa-mlb/kansas-city-minnesota-2025-04-09/1148225
778401,2025-04-08,Chicago Cubs,Texas Rangers,-172,133,1.58,2.33,2025-04-08 23:40:00+00:00,0.0,/baseball-odds/usa-mlb/cubs-texas-2025-04-09/1148224
778402,2025-04-08,Cleveland Guardians,Chicago White Sox,-204,163,1.49,2.63,2025-04-08 20:10:00+00:00,0.0,/baseball-odds/usa-mlb/cleveland-white-sox-2025-04-08/1148216
778403,2025-04-08,Detroit Tigers,New York Yankees,-185,141,1.54,2.41,2025-04-08 17:10:00+00:00,0.0,/baseball-odds/usa-mlb/detroit-ny-yankees-2025-04-08/1151821
778404,2025-04-08,Boston Red Sox,Toronto Blue Jays,-227,172,1.44,2.72,2025-04-08 22:45:00+00:00,0.0,/baseball-odds/usa-mlb/boston-toronto-2025-04-09/1148219
778406,2025-04-08,Atlanta Braves,Philadelphia Phillies,-118,-104,1.85,1.96,2025-04-08 23:15:00+00:00,0.0,/baseball-odds/usa-mlb/atlanta-philadelphia-2025-04-09/1148223
778407,2025-04-08,New York Mets,Miami Marlins,-286,208,1.35,3.08,2025-04-08 20:10:00+00:00,0.0,/baseball-odds/usa-mlb/ny-mets-miami-2025-04-08/1151825
778408,2025-04-08,Pittsburgh Pirates,St. Louis Cardinals,-154,120,1.65,2.2,2025-04-08 22:40:00+00:00,0.0,/baseball-odds/usa-mlb/pittsburgh-st-louis-2025-04-09/1148218
778409,2025-04-08,Washington Nationals,Los Angeles Dodgers,144,-182,2.44,1.55,2025-04-08 22:45:00+00:00,0.0,/baseball-odds/usa-mlb/washington-la-dodgers-2025-04-09/1148220
778417,2025-04-08,Tampa Bay Rays,Los Angeles Angels,-182,144,1.55,2.44,2025-04-08 23:05:00+00:00,0.0,/baseball-odds/usa-mlb/tampa-bay-la-angels-2025-04-09/1148221
778376,2025-04-09,San Francisco Giants,Cincinnati Reds,-161,121,1.62,2.21,2025-04-09 19:45:00+00:00,0.0,/baseball-odds/usa-mlb/san-francisco-cincinnati-2025-04-09/1148235
778379,2025-04-09,Colorado Rockies,Milwaukee Brewers,120,-133,2.2,1.75,2025-04-10 00:40:00+00:00,0.0,/baseball-odds/usa-mlb/colorado-milwaukee-2025-04-10/1148243
778380,2025-04-09,Arizona Diamondbacks,Baltimore Orioles,-123,-103,1.81,1.97,2025-04-09 19:40:00+00:00,0.0,/baseball-odds/usa-mlb/arizona-baltimore-2025-04-09/1148234
778381,2025-04-09,Athletics,San Diego Padres,-145,121,1.69,2.21,2025-04-09 19:35:00+00:00,0.0,/baseball-odds/usa-mlb/athletics-san-diego-2025-04-09/1149938
778383,2025-04-09,Seattle Mariners,Houston Astros,120,-154,2.2,1.65,2025-04-09 20:10:00+00:00,0.0,/baseball-odds/usa-mlb/seattle-houston-2025-04-09/1148237
778385,2025-04-09,Chicago Cubs,Texas Rangers,-175,140,1.57,2.4,2025-04-09 18:20:00+00:00,0.0,/baseball-odds/usa-mlb/cubs-texas-2025-04-09/1148233
778386,2025-04-09,Boston Red Sox,Toronto Blue Jays,-133,102,1.75,2.02,2025-04-09 22:45:00+00:00,0.0,/baseball-odds/usa-mlb/boston-toronto-2025-04-10/1148239
778387,2025-04-09,Detroit Tigers,New York Yankees,120,-159,2.2,1.63,2025-04-09 17:10:00+00:00,0.0,/baseball-odds/usa-mlb/detroit-ny-yankees-2025-04-09/1151822
778388,2025-04-09,Kansas City Royals,Minnesota Twins,-109,-114,1.92,1.88,2025-04-09 23:40:00+00:00,0.0,/baseball-odds/usa-mlb/kansas-city-minnesota-2025-04-10/1148242
778389,2025-04-09,Pittsburgh Pirates,St. Louis Cardinals,-104,-119,1.96,1.84,2025-04-09 16:35:00+00:00,0.0,/baseball-odds/usa-mlb/pittsburgh-st-louis-2025-04-09/1148231
778390,2025-04-09,New York Mets,Miami Marlins,-227,172,1.44,2.72,2025-04-09 17:10:00+00:00,0.0,/baseball-odds/usa-mlb/ny-mets-miami-2025-04-09/1148232
778391,2025-04-09,Cleveland Guardians,Chicago White Sox,-185,133,1.54,2.33,2025-04-09 22:10:00+00:00,0.0,/baseball-odds/usa-mlb/cleveland-white-sox-2025-04-10/1150064
778392,2025-04-09,Washington Nationals,Los Angeles Dodgers,149,-204,2.49,1.49,2025-04-09 20:05:00+00:00,0.0,/baseball-odds/usa-mlb/washington-la-dodgers-2025-04-09/1148236
778393,2025-04-09,Atlanta Braves,Philadelphia Phillies,-159,120,1.63,2.2,2025-04-09 23:15:00+00:00,0.0,/baseball-odds/usa-mlb/atlanta-philadelphia-2025-04-10/1148241
778399,2025-04-09,Tampa Bay Rays,Los Angeles Angels,-147,116,1.68,2.16,2025-04-09 23:05:00+00:00,0.0,/baseball-odds/usa-mlb/tampa-bay-la-angels-2025-04-10/1148240
778371,2025-04-10,Colorado Rockies,Milwaukee Brewers,101,-130,2.01,1.77,2025-04-10 19:10:00+00:00,0.0,/baseball-odds/usa-mlb/colorado-milwaukee-2025-04-10/1148247
778373,2025-04-10,Kansas City Royals,Minnesota Twins,-119,-106,1.84,1.94,2025-04-10 18:10:00+00:00,0.0,/baseball-odds/usa-mlb/kansas-city-minnesota-2025-04-10/1148246
778377,2025-04-10,Boston Red Sox,Toronto Blue Jays,-139,108,1.72,2.08,2025-04-10 20:10:00+00:00,0.0,/baseball-odds/usa-mlb/boston-toronto-2025-04-10/1148248
778378,2025-04-10,Cleveland Guardians,Chicago White Sox,-270,215,1.37,3.15,2025-04-10 17:10:00+00:00,0.0,/baseball-odds/usa-mlb/cleveland-white-sox-2025-04-10/1150065
778382,2025-04-10,Tampa Bay Rays,Los Angeles Angels,-125,100,1.8,2.0,2025-04-10 17:10:00+00:00,0.0,/baseball-odds/usa-mlb/tampa-bay-la-angels-2025-04-10/1148245
778384,2025-04-10,Atlanta Braves,Philadelphia Phillies,-139,117,1.72,2.17,2025-04-10 23:15:00+00:00,0.0,/baseball-odds/usa-mlb/atlanta-philadelphia-2025-04-11/1148249
778356,2025-04-11,Los Angeles Dodgers,Chicago Cubs,-189,142,1.53,2.42,2025-04-12 02:10:00+00:00,0.0,/baseball-odds/usa-mlb/la-dodgers-cubs-2025-04-12/1148263
778358,2025-04-11,Athletics,New York Mets,106,-132,2.06,1.76,2025-04-12 02:05:00+00:00,0.0,/baseball-odds/usa-mlb/athletics-ny-mets-2025-04-12/1149939
778360,2025-04-11,Seattle Mariners,Texas Rangers,101,-123,2.01,1.81,2025-04-12 01:40:00+00:00,0.0,/baseball-odds/usa-mlb/seattle-texas-2025-04-12/1148262
778361,2025-04-11,San Diego Padres,Colorado Rockies,-222,163,1.45,2.63,2025-04-12 01:40:00+00:00,0.0,/baseball-odds/usa-mlb/san-diego-colorado-2025-04-12/1148261
778363,2025-04-11,Minnesota Twins,Detroit Tigers,-127,-102,1.79,1.98,2025-04-12 00:10:00+00:00,0.0,/baseball-odds/usa-mlb/minnesota-detroit-2025-04-12/1148258
778364,2025-04-11,Arizona Diamondbacks,Milwaukee Brewers,-167,128,1.6,2.28,2025-04-12 01:40:00+00:00,0.0,/baseball-odds/usa-mlb/arizona-milwaukee-2025-04-12/1148260
778365,2025-04-11,St. Louis Cardinals,Philadelphia Phillies,-105,-118,1.95,1.85,2025-04-12 00:15:00+00:00,0.0,/baseball-odds/usa-mlb/st-louis-philadelphia-2025-04-12/1148259
778366,2025-04-11,Chicago White Sox,Boston Red Sox,133,-167,2.33,1.6,2025-04-11 23:40:00+00:00,0.0,/baseball-odds/usa-mlb/white-sox-boston-2025-04-12/1150068
778367,2025-04-11,Tampa Bay Rays,Atlanta Braves,-139,112,1.72,2.12,2025-04-11 23:05:00+00:00,0.0,/baseball-odds/usa-mlb/tampa-bay-atlanta-2025-04-12/1150067
778368,2025-04-11,Houston Astros,Los Angeles Angels,-149,117,1.67,2.17,2025-04-12 00:10:00+00:00,0.0,/baseball-odds/usa-mlb/houston-la-angels-2025-04-12/1150069
778369,2025-04-11,Miami Marlins,Washington Nationals,-106,-119,1.94,1.84,2025-04-11 23:10:00+00:00,0.0,/baseball-odds/usa-mlb/miami-washington-2025-04-12/1148257
778370,2025-04-11,New York Yankees,San Francisco Giants,-145,111,1.69,2.11,2025-04-11 23:05:00+00:00,0.0,/baseball-odds/usa-mlb/ny-yankees-san-francisco-2025-04-12/1148255
778374,2025-04-11,Cincinnati Reds,Pittsburgh Pirates,-175,140,1.57,2.4,2025-04-11 22:40:00+00:00,0.0,/baseball-odds/usa-mlb/cincinnati-pittsburgh-2025-04-12/1148254
778375,2025-04-11,Cleveland Guardians,Kansas City Royals,-132,109,1.76,2.09,2025-04-11 22:10:00+00:00,0.0,/baseball-odds/usa-mlb/cleveland-kansas-city-2025-04-12/1150066
778341,2025-04-12,Seattle Mariners,Texas Rangers,-149,120,1.67,2.2,2025-04-13 01:40:00+00:00,0.0,/baseball-odds/usa-mlb/seattle-texas-2025-04-13/1148277
778345,2025-04-12,Los Angeles Dodgers,Chicago Cubs,-189,144,1.53,2.44,2025-04-13 01:10:00+00:00,0.0,/baseball-odds/usa-mlb/la-dodgers-cubs-2025-04-13/1148276
778346,2025-04-12,Athletics,New York Mets,109,-133,2.09,1.75,2025-04-12 20:05:00+00:00,0.0,/baseball-odds/usa-mlb/athletics-ny-mets-2025-04-12/1149940
778347,2025-04-12,St. Louis Cardinals,Philadelphia Phillies,153,-200,2.53,1.5,2025-04-12 18:15:00+00:00,0.0,/baseball-odds/usa-mlb/st-louis-philadelphia-2025-04-12/1148269
778348,2025-04-12,Minnesota Twins,Detroit Tigers,-179,131,1.56,2.31,2025-04-12 18:10:00+00:00,0.0,/baseball-odds/usa-mlb/minnesota-detroit-2025-04-12/1148268
778349,2025-04-12,Chicago White Sox,Boston Red Sox,133,-167,2.33,1.6,2025-04-12 20:10:00+00:00,0.0,/baseball-odds/usa-mlb/white-sox-boston-2025-04-12/1150071
778350,2025-04-12,Arizona Diamondbacks,Milwaukee Brewers,-172,133,1.58,2.33,2025-04-13 00:10:00+00:00,0.0,/baseball-odds/usa-mlb/arizona-milwaukee-2025-04-13/1148274
778351,2025-04-12,Houston Astros,Los Angeles Angels,-175,140,1.57,2.4,2025-04-12 23:10:00+00:00,0.0,/baseball-odds/usa-mlb/houston-la-angels-2025-04-13/1150073
778352,2025-04-12,San Diego Padres,Colorado Rockies,-182,136,1.55,2.36,2025-04-13 00:40:00+00:00,0.0,/baseball-odds/usa-mlb/san-diego-colorado-2025-04-13/1148275
778353,2025-04-12,Tampa Bay Rays,Atlanta Braves,-145,111,1.69,2.11,2025-04-12 20:10:00+00:00,0.0,/baseball-odds/usa-mlb/tampa-bay-atlanta-2025-04-12/1150070
778354,2025-04-12,Miami Marlins,Washington Nationals,-145,111,1.69,2.11,2025-04-12 20:10:00+00:00,0.0,/baseball-odds/usa-mlb/miami-washington-2025-04-12/1148272
778355,2025-04-12,New York Yankees,San Francisco Giants,-145,113,1.69,2.13,2025-04-12 19:05:00+00:00,0.0,/baseball-odds/usa-mlb/ny-yankees-san-francisco-2025-04-12/1148270
778357,2025-04-12,Cincinnati Reds,Pittsburgh Pirates,-118,-108,1.85,1.93,2025-04-12 22:40:00+00:00,0.0,/baseball-odds/usa-mlb/cincinnati-pittsburgh-2025-04-13/1148273
778359,2025-04-12,Cleveland Guardians,Kansas City Royals,-137,114,1.73,2.14,2025-04-12 22:10:00+00:00,0.0,/baseball-odds/usa-mlb/cleveland-kansas-city-2025-04-13/1150072
778362,2025-04-12,Baltimore Orioles,Toronto Blue Jays,-128,-102,1.78,1.98,2025-04-12 20:05:00+00:00,0.0,/baseball-odds/usa-mlb/baltimore-toronto-2025-04-12/1148271
778329,2025-04-13,Houston Astros,Los Angeles Angels,-175,131,1.57,2.31,2025-04-13 18:10:00+00:00,0.0,/baseball-odds/usa-mlb/houston-la-angels-2025-04-13/1150076
778330,2025-04-13,San Diego Padres,Colorado Rockies,-250,196,1.4,2.96,2025-04-13 20:10:00+00:00,0.0,/baseball-odds/usa-mlb/san-diego-colorado-2025-04-13/1148288
778331,2025-04-13,Los Angeles Dodgers,Chicago Cubs,-244,175,1.41,2.75,2025-04-13 23:10:00+00:00,0.0,/baseball-odds/usa-mlb/la-dodgers-cubs-2025-04-14/1148291
778332,2025-04-13,Arizona Diamondbacks,Milwaukee Brewers,-119,-109,1.84,1.92,2025-04-13 20:10:00+00:00,0.0,/baseball-odds/usa-mlb/arizona-milwaukee-2025-04-13/1148290
778333,2025-04-13,Athletics,New York Mets,123,-149,2.23,1.67,2025-04-13 20:05:00+00:00,0.0,/baseball-odds/usa-mlb/athletics-ny-mets-2025-04-13/1149941
778334,2025-04-13,Seattle Mariners,Texas Rangers,-156,127,1.64,2.27,2025-04-13 20:10:00+00:00,0.0,/baseball-odds/usa-mlb/seattle-texas-2025-04-13/1148289
778335,2025-04-13,Minnesota Twins,Detroit Tigers,-120,-103,1.83,1.97,2025-04-13 18:10:00+00:00,0.0,/baseball-odds/usa-mlb/minnesota-detroit-2025-04-13/1148286
778336,2025-04-13,St. Louis Cardinals,Philadelphia Phillies,131,-167,2.31,1.6,2025-04-13 18:15:00+00:00,0.0,/baseball-odds/usa-mlb/st-louis-philadelphia-2025-04-13/1148287
778337,2025-04-13,Miami Marlins,Washington Nationals,121,-156,2.21,1.64,2025-04-13 17:40:00+00:00,0.0,/baseball-odds/usa-mlb/miami-washington-2025-04-13/1148285
778338,2025-04-13,Chicago White Sox,Boston Red Sox,181,-244,2.81,1.41,2025-04-13 18:10:00+00:00,0.0,/baseball-odds/usa-mlb/white-sox-boston-2025-04-13/1150077
778339,2025-04-13,New York Yankees,San Francisco Giants,-123,100,1.81,2.0,2025-04-13 17:35:00+00:00,0.0,/baseball-odds/usa-mlb/ny-yankees-san-francisco-2025-04-13/1148283
778340,2025-04-13,Tampa Bay Rays,Atlanta Braves,135,-167,2.35,1.6,2025-04-13 17:40:00+00:00,0.0,/baseball-odds/usa-mlb/tampa-bay-atlanta-2025-04-13/1150075
778342,2025-04-13,Cleveland Guardians,Kansas City Royals,113,-141,2.13,1.71,2025-04-13 17:40:00+00:00,0.0,/baseball-odds/usa-mlb/cleveland-kansas-city-2025-04-13/1150074
778343,2025-04-13,Cincinnati Reds,Pittsburgh Pirates,-196,166,1.51,2.66,2025-04-13 17:40:00+00:00,0.0,/baseball-odds/usa-mlb/cincinnati-pittsburgh-2025-04-13/1148284
778344,2025-04-13,Baltimore Orioles,Toronto Blue Jays,-147,125,1.68,2.25,2025-04-13 17:35:00+00:00,0.0,/baseball-odds/usa-mlb/baltimore-toronto-2025-04-13/1148282
778315,2025-04-14,San Diego Padres,Chicago Cubs,-154,116,1.65,2.16,2025-04-15 01:40:00+00:00,0.0,/baseball-odds/usa-mlb/san-diego-cubs-2025-04-15/1148300
778320,2025-04-14,Philadelphia Phillies,San Francisco Giants,-116,-109,1.86,1.92,2025-04-14 22:45:00+00:00,0.0,/baseball-odds/usa-mlb/philadelphia-san-francisco-2025-04-15/1148294
778321,2025-04-14,Pittsburgh Pirates,Washington Nationals,-217,158,1.46,2.58,2025-04-14 22:40:00+00:00,0.0,/baseball-odds/usa-mlb/pittsburgh-washington-2025-04-15/1148293
778322,2025-04-14,Toronto Blue Jays,Atlanta Braves,101,-128,2.01,1.78,2025-04-14 23:07:00+00:00,0.0,/baseball-odds/usa-mlb/toronto-atlanta-2025-04-15/1148296
778323,2025-04-14,Milwaukee Brewers,Detroit Tigers,136,-172,2.36,1.58,2025-04-14 23:40:00+00:00,0.0,/baseball-odds/usa-mlb/milwaukee-detroit-2025-04-15/1148297
778324,2025-04-14,Minnesota Twins,New York Mets,-123,-105,1.81,1.95,2025-04-14 23:40:00+00:00,0.0,/baseball-odds/usa-mlb/minnesota-ny-mets-2025-04-15/1148298
778325,2025-04-14,St. Louis Cardinals,Houston Astros,-105,-116,1.95,1.86,2025-04-14 23:45:00+00:00,0.0,/baseball-odds/usa-mlb/st-louis-houston-2025-04-15/1148299
778326,2025-04-14,Los Angeles Dodgers,Colorado Rockies,-370,263,1.27,3.63,2025-04-15 02:10:00+00:00,0.0,/baseball-odds/usa-mlb/la-dodgers-colorado-2025-04-15/1148301
778327,2025-04-14,New York Yankees,Kansas City Royals,-156,119,1.64,2.19,2025-04-14 23:05:00+00:00,0.0,/baseball-odds/usa-mlb/ny-yankees-kansas-city-2025-04-15/1148295
778328,2025-04-14,Tampa Bay Rays,Boston Red Sox,-122,-102,1.82,1.98,2025-04-14 23:05:00+00:00,0.0,/baseball-odds/usa-mlb/tampa-bay-boston-2025-04-15/1150078
778302,2025-04-15,Los Angeles Dodgers,Colorado Rockies,-303,238,1.33,3.38,2025-04-16 02:10:00+00:00,0.0,/baseball-odds/usa-mlb/la-dodgers-colorado-2025-04-16/1148315
778305,2025-04-15,San Diego Padres,Chicago Cubs,121,-156,2.21,1.64,2025-04-16 01:40:00+00:00,0.0,/baseball-odds/usa-mlb/san-diego-cubs-2025-04-16/1148314
778306,2025-04-15,Texas Rangers,Los Angeles Angels,-143,114,1.7,2.14,2025-04-16 00:05:00+00:00,0.0,/baseball-odds/usa-mlb/texas-la-angels-2025-04-16/1148313
778307,2025-04-15,Minnesota Twins,New York Mets,-112,-108,1.89,1.93,2025-04-15 23:40:00+00:00,0.0,/baseball-odds/usa-mlb/minnesota-ny-mets-2025-04-16/1148310
778308,2025-04-15,St. Louis Cardinals,Houston Astros,117,-149,2.17,1.67,2025-04-15 23:45:00+00:00,0.0,/baseball-odds/usa-mlb/st-louis-houston-2025-04-16/1148312
778309,2025-04-15,Chicago White Sox,Athletics,133,-167,2.33,1.6,2025-04-15 23:40:00+00:00,0.0,/baseball-odds/usa-mlb/white-sox-athletics-2025-04-16/1150080
778310,2025-04-15,Milwaukee Brewers,Detroit Tigers,-112,-112,1.89,1.89,2025-04-15 23:40:00+00:00,0.0,/baseball-odds/usa-mlb/milwaukee-detroit-2025-04-16/1148311
778311,2025-04-15,Toronto Blue Jays,Atlanta Braves,-109,-119,1.92,1.84,2025-04-15 23:07:00+00:00,0.0,/baseball-odds/usa-mlb/toronto-atlanta-2025-04-16/1148309
778312,2025-04-15,New York Yankees,Kansas City Royals,-278,204,1.36,3.04,2025-04-15 23:05:00+00:00,0.0,/baseball-odds/usa-mlb/ny-yankees-kansas-city-2025-04-16/1148308
778313,2025-04-15,Philadelphia Phillies,San Francisco Giants,-172,139,1.58,2.39,2025-04-15 22:45:00+00:00,0.0,/baseball-odds/usa-mlb/philadelphia-san-francisco-2025-04-16/1148307
778314,2025-04-15,Pittsburgh Pirates,Washington Nationals,-135,106,1.74,2.06,2025-04-15 22:40:00+00:00,0.0,/baseball-odds/usa-mlb/pittsburgh-washington-2025-04-16/1148306
778316,2025-04-15,Cincinnati Reds,Seattle Mariners,-109,-114,1.92,1.88,2025-04-15 22:40:00+00:00,0.0,/baseball-odds/usa-mlb/cincinnati-seattle-2025-04-16/1148304
778317,2025-04-15,Baltimore Orioles,Cleveland Guardians,-152,125,1.66,2.25,2025-04-15 23:05:00+00:00,0.0,/baseball-odds/usa-mlb/baltimore-cleveland-2025-04-16/1151829
778318,2025-04-15,Miami Marlins,Arizona Diamondbacks,131,-169,2.31,1.59,2025-04-15 22:40:00+00:00,0.0,/baseball-odds/usa-mlb/miami-arizona-2025-04-16/1148305
778319,2025-04-15,Tampa Bay Rays,Boston Red Sox,-132,103,1.76,2.03,2025-04-15 23:05:00+00:00,0.0,/baseball-odds/usa-mlb/tampa-bay-boston-2025-04-16/1150079
778287,2025-04-16,Los Angeles Dodgers,Colorado Rockies,-323,243,1.31,3.43,2025-04-17 02:10:00+00:00,0.0,/baseball-odds/usa-mlb/la-dodgers-colorado-2025-04-17/1148329
778288,2025-04-16,San Diego Padres,Chicago Cubs,-109,-114,1.92,1.88,2025-04-16 20:10:00+00:00,0.0,/baseball-odds/usa-mlb/san-diego-cubs-2025-04-16/1148321
778289,2025-04-16,Texas Rangers,Los Angeles Angels,112,-143,2.12,1.7,2025-04-17 00:05:00+00:00,0.0,/baseball-odds/usa-mlb/texas-la-angels-2025-04-17/1148328
778290,2025-04-16,St. Louis Cardinals,Houston Astros,-109,-119,1.92,1.84,2025-04-16 17:15:00+00:00,0.0,/baseball-odds/usa-mlb/st-louis-houston-2025-04-16/1148320
778293,2025-04-16,Pittsburgh Pirates,Washington Nationals,-118,-105,1.85,1.95,2025-04-16 22:40:00+00:00,0.0,/baseball-odds/usa-mlb/pittsburgh-washington-2025-04-17/1148323
778294,2025-04-16,Chicago White Sox,Athletics,131,-164,2.31,1.61,2025-04-16 23:40:00+00:00,0.0,/baseball-odds/usa-mlb/white-sox-athletics-2025-04-17/1150082
778295,2025-04-16,Milwaukee Brewers,Detroit Tigers,-167,126,1.6,2.26,2025-04-16 17:10:00+00:00,0.0,/baseball-odds/usa-mlb/milwaukee-detroit-2025-04-16/1148319
778296,2025-04-16,Philadelphia Phillies,San Francisco Giants,-147,117,1.68,2.17,2025-04-16 22:45:00+00:00,0.0,/baseball-odds/usa-mlb/philadelphia-san-francisco-2025-04-17/1148326
778297,2025-04-16,Toronto Blue Jays,Atlanta Braves,120,-125,2.2,1.8,2025-04-16 17:07:00+00:00,0.0,/baseball-odds/usa-mlb/toronto-atlanta-2025-04-16/1148317
778298,2025-04-16,Tampa Bay Rays,Boston Red Sox,-141,112,1.71,2.12,2025-04-16 23:05:00+00:00,0.0,/baseball-odds/usa-mlb/tampa-bay-boston-2025-04-17/1150081
778299,2025-04-16,Minnesota Twins,New York Mets,-122,-102,1.82,1.98,2025-04-16 17:10:00+00:00,0.0,/baseball-odds/usa-mlb/minnesota-ny-mets-2025-04-16/1148318
778300,2025-04-16,New York Yankees,Kansas City Royals,-164,131,1.61,2.31,2025-04-16 23:05:00+00:00,0.0,/baseball-odds/usa-mlb/ny-yankees-kansas-city-2025-04-17/1148327
778301,2025-04-16,Baltimore Orioles,Cleveland Guardians,-122,101,1.82,2.01,2025-04-16 22:35:00+00:00,0.0,/baseball-odds/usa-mlb/baltimore-cleveland-2025-04-17/1148322
778303,2025-04-16,Miami Marlins,Arizona Diamondbacks,114,-152,2.14,1.66,2025-04-16 22:40:00+00:00,0.0,/baseball-odds/usa-mlb/miami-arizona-2025-04-17/1148324
778304,2025-04-16,Cincinnati Reds,Seattle Mariners,-111,-114,1.9,1.88,2025-04-16 22:40:00+00:00,0.0,/baseball-odds/usa-mlb/cincinnati-seattle-2025-04-17/1148325
778278,2025-04-17,New York Mets,St. Louis Cardinals,-147,106,1.68,2.06,2025-04-17 23:10:00+00:00,0.0,/baseball-odds/usa-mlb/ny-mets-st-louis-2025-04-18/1148337
778279,2025-04-17,Philadelphia Phillies,San Francisco Giants,-204,156,1.49,2.56,2025-04-17 20:05:00+00:00,0.0,/baseball-odds/usa-mlb/philadelphia-san-francisco-2025-04-17/1148334
778280,2025-04-17,Pittsburgh Pirates,Washington Nationals,-152,120,1.66,2.2,2025-04-17 16:35:00+00:00,0.0,/baseball-odds/usa-mlb/pittsburgh-washington-2025-04-17/1148332
778281,2025-04-17,Texas Rangers,Los Angeles Angels,-167,126,1.6,2.26,2025-04-18 00:05:00+00:00,0.0,/baseball-odds/usa-mlb/texas-la-angels-2025-04-18/1148338
778282,2025-04-17,Tampa Bay Rays,New York Yankees,-118,-105,1.85,1.95,2025-04-17 23:05:00+00:00,0.0,/baseball-odds/usa-mlb/tampa-bay-ny-yankees-2025-04-18/1150084
778283,2025-04-17,Chicago White Sox,Athletics,108,-135,2.08,1.74,2025-04-17 18:10:00+00:00,0.0,/baseball-odds/usa-mlb/white-sox-athletics-2025-04-17/1150083
778285,2025-04-17,Cincinnati Reds,Seattle Mariners,-133,102,1.75,2.02,2025-04-17 16:40:00+00:00,0.0,/baseball-odds/usa-mlb/cincinnati-seattle-2025-04-17/1148333
778286,2025-04-17,Detroit Tigers,Kansas City Royals,-159,123,1.63,2.23,2025-04-17 22:40:00+00:00,0.0,/baseball-odds/usa-mlb/detroit-kansas-city-2025-04-18/1148336
778291,2025-04-17,Miami Marlins,Arizona Diamondbacks,129,-152,2.29,1.66,2025-04-17 16:10:00+00:00,0.0,/baseball-odds/usa-mlb/miami-arizona-2025-04-17/1148331
778292,2025-04-17,Baltimore Orioles,Cleveland Guardians,-128,106,1.78,2.06,2025-04-17 22:35:00+00:00,0.0,/baseball-odds/usa-mlb/baltimore-cleveland-2025-04-18/1148335
778260,2025-04-18,Los Angeles Angels,San Francisco Giants,128,-164,2.28,1.61,2025-04-19 01:38:00+00:00,0.0,/baseball-odds/usa-mlb/la-angels-san-francisco-2025-04-19/1148352
778261,2025-04-18,Milwaukee Brewers,Athletics,-200,153,1.5,2.53,2025-04-19 00:10:00+00:00,0.0,/baseball-odds/usa-mlb/milwaukee-athletics-2025-04-19/1149945
778263,2025-04-18,Texas Rangers,Los Angeles Dodgers,106,-125,2.06,1.8,2025-04-19 00:05:00+00:00,0.0,/baseball-odds/usa-mlb/texas-la-dodgers-2025-04-19/1148350
778268,2025-04-18,Chicago Cubs,Arizona Diamondbacks,-108,-120,1.93,1.83,2025-04-18 18:20:00+00:00,0.0,/baseball-odds/usa-mlb/cubs-arizona-2025-04-18/1148341
778269,2025-04-18,Houston Astros,San Diego Padres,-185,144,1.54,2.44,2025-04-19 00:10:00+00:00,0.0,/baseball-odds/usa-mlb/houston-san-diego-2025-04-19/1150086
778270,2025-04-18,New York Mets,St. Louis Cardinals,-233,166,1.43,2.66,2025-04-18 23:10:00+00:00,0.0,/baseball-odds/usa-mlb/ny-mets-st-louis-2025-04-19/1148348
778271,2025-04-18,Pittsburgh Pirates,Cleveland Guardians,101,-127,2.01,1.79,2025-04-18 22:40:00+00:00,0.0,/baseball-odds/usa-mlb/pittsburgh-cleveland-2025-04-19/1148343
778272,2025-04-18,Tampa Bay Rays,New York Yankees,-102,-125,1.98,1.8,2025-04-18 23:05:00+00:00,0.0,/baseball-odds/usa-mlb/tampa-bay-ny-yankees-2025-04-19/1150085
778273,2025-04-18,Toronto Blue Jays,Seattle Mariners,-128,101,1.78,2.01,2025-04-18 23:07:00+00:00,0.0,/baseball-odds/usa-mlb/toronto-seattle-2025-04-19/1148346
778274,2025-04-18,Philadelphia Phillies,Miami Marlins,-250,183,1.4,2.83,2025-04-18 22:45:00+00:00,0.0,/baseball-odds/usa-mlb/philadelphia-miami-2025-04-19/1148344
778275,2025-04-18,Boston Red Sox,Chicago White Sox,-227,178,1.44,2.78,2025-04-18 23:10:00+00:00,0.0,/baseball-odds/usa-mlb/boston-white-sox-2025-04-19/1148347
778276,2025-04-18,Baltimore Orioles,Cincinnati Reds,-182,140,1.55,2.4,2025-04-18 23:05:00+00:00,0.0,/baseball-odds/usa-mlb/baltimore-cincinnati-2025-04-19/1148345
778277,2025-04-18,Detroit Tigers,Kansas City Royals,117,-154,2.17,1.65,2025-04-18 22:40:00+00:00,0.0,/baseball-odds/usa-mlb/detroit-kansas-city-2025-04-19/1148342
778284,2025-04-18,Atlanta Braves,Minnesota Twins,-156,121,1.64,2.21,2025-04-18 23:15:00+00:00,0.0,/baseball-odds/usa-mlb/atlanta-minnesota-2025-04-19/1148349
778243,2025-04-19,Los Angeles Angels,San Francisco Giants,117,-147,2.17,1.68,2025-04-20 01:38:00+00:00,0.0,/baseball-odds/usa-mlb/la-angels-san-francisco-2025-04-20/1148366
778247,2025-04-19,Colorado Rockies,Washington Nationals,111,-145,2.11,1.69,2025-04-19 20:10:00+00:00,0.0,/baseball-odds/usa-mlb/colorado-washington-2025-04-19/1151832
778251,2025-04-19,Texas Rangers,Los Angeles Dodgers,-120,-105,1.83,1.95,2025-04-19 20:05:00+00:00,0.0,/baseball-odds/usa-mlb/texas-la-dodgers-2025-04-19/1148360
778252,2025-04-19,Philadelphia Phillies,Miami Marlins,-227,178,1.44,2.78,2025-04-19 17:05:00+00:00,0.0,/baseball-odds/usa-mlb/philadelphia-miami-2025-04-19/1148355
778253,2025-04-19,Milwaukee Brewers,Athletics,-141,117,1.71,2.17,2025-04-19 23:10:00+00:00,0.0,/baseball-odds/usa-mlb/milwaukee-athletics-2025-04-20/1149946
778254,2025-04-19,Pittsburgh Pirates,Cleveland Guardians,-182,135,1.55,2.35,2025-04-19 20:05:00+00:00,0.0,/baseball-odds/usa-mlb/pittsburgh-cleveland-2025-04-19/1148361
778255,2025-04-19,Tampa Bay Rays,New York Yankees,-130,-101,1.77,1.99,2025-04-19 20:10:00+00:00,0.0,/baseball-odds/usa-mlb/tampa-bay-ny-yankees-2025-04-19/1150087
778256,2025-04-19,New York Mets,St. Louis Cardinals,-217,172,1.46,2.72,2025-04-19 20:05:00+00:00,0.0,/baseball-odds/usa-mlb/ny-mets-st-louis-2025-04-19/1148362
778257,2025-04-19,Chicago Cubs,Arizona Diamondbacks,-133,105,1.75,2.05,2025-04-19 18:20:00+00:00,0.0,/baseball-odds/usa-mlb/cubs-arizona-2025-04-19/1148357
778258,2025-04-19,Toronto Blue Jays,Seattle Mariners,-102,-127,1.98,1.79,2025-04-19 19:07:00+00:00,0.0,/baseball-odds/usa-mlb/toronto-seattle-2025-04-19/1148358
778259,2025-04-19,Houston Astros,San Diego Padres,102,-127,2.02,1.79,2025-04-19 23:10:00+00:00,0.0,/baseball-odds/usa-mlb/houston-san-diego-2025-04-20/1150088
778262,2025-04-19,Baltimore Orioles,Cincinnati Reds,-132,106,1.76,2.06,2025-04-19 20:05:00+00:00,0.0,/baseball-odds/usa-mlb/baltimore-cincinnati-2025-04-19/1148363
778264,2025-04-19,Boston Red Sox,Chicago White Sox,-385,256,1.26,3.56,2025-04-19 20:10:00+00:00,0.0,/baseball-odds/usa-mlb/boston-white-sox-2025-04-19/1148364
778265,2025-04-19,Detroit Tigers,Kansas City Royals,-139,106,1.72,2.06,2025-04-19 17:10:00+00:00,0.0,/baseball-odds/usa-mlb/detroit-kansas-city-2025-04-19/1148356
778267,2025-04-19,Atlanta Braves,Minnesota Twins,-263,185,1.38,2.85,2025-04-19 23:15:00+00:00,0.0,/baseball-odds/usa-mlb/atlanta-minnesota-2025-04-20/1148365
778232,2025-04-20,Los Angeles Angels,San Francisco Giants,-119,-109,1.84,1.92,2025-04-20 20:07:00+00:00,0.0,/baseball-odds/usa-mlb/la-angels-san-francisco-2025-04-20/1148379
778234,2025-04-20,Texas Rangers,Los Angeles Dodgers,126,-167,2.26,1.6,2025-04-20 18:35:00+00:00,0.0,/baseball-odds/usa-mlb/texas-la-dodgers-2025-04-20/1148377
778235,2025-04-20,Colorado Rockies,Washington Nationals,-112,-108,1.89,1.93,2025-04-20 19:10:00+00:00,0.0,/baseball-odds/usa-mlb/colorado-washington-2025-04-20/1148378
778236,2025-04-20,Chicago Cubs,Arizona Diamondbacks,-149,120,1.67,2.2,2025-04-20 18:20:00+00:00,0.0,/baseball-odds/usa-mlb/cubs-arizona-2025-04-20/1148376
778237,2025-04-20,Houston Astros,San Diego Padres,-122,-102,1.82,1.98,2025-04-20 23:10:00+00:00,0.0,/baseball-odds/usa-mlb/houston-san-diego-2025-04-21/1148380
778239,2025-04-20,Milwaukee Brewers,Athletics,-143,118,1.7,2.18,2025-04-20 18:10:00+00:00,0.0,/baseball-odds/usa-mlb/milwaukee-athletics-2025-04-20/1149947
778240,2025-04-20,Tampa Bay Rays,New York Yankees,140,-189,2.4,1.53,2025-04-20 17:40:00+00:00,0.0,/baseball-odds/usa-mlb/tampa-bay-ny-yankees-2025-04-20/1150089
778241,2025-04-20,Toronto Blue Jays,Seattle Mariners,-106,-114,1.94,1.88,2025-04-20 17:37:00+00:00,0.0,/baseball-odds/usa-mlb/toronto-seattle-2025-04-20/1148373
778242,2025-04-20,Pittsburgh Pirates,Cleveland Guardians,-128,-102,1.78,1.98,2025-04-20 17:35:00+00:00,0.0,/baseball-odds/usa-mlb/pittsburgh-cleveland-2025-04-20/1148371
778244,2025-04-20,New York Mets,St. Louis Cardinals,-147,114,1.68,2.14,2025-04-20 17:40:00+00:00,0.0,/baseball-odds/usa-mlb/ny-mets-st-louis-2025-04-20/1148375
778245,2025-04-20,Boston Red Sox,Chicago White Sox,-312,227,1.32,3.27,2025-04-20 17:35:00+00:00,0.0,/baseball-odds/usa-mlb/boston-white-sox-2025-04-20/1148369
778246,2025-04-20,Detroit Tigers,Kansas City Royals,-238,178,1.42,2.78,2025-04-20 17:40:00+00:00,0.0,/baseball-odds/usa-mlb/detroit-kansas-city-2025-04-20/1148374
778248,2025-04-20,Philadelphia Phillies,Miami Marlins,-333,238,1.3,3.38,2025-04-20 17:35:00+00:00,0.0,/baseball-odds/usa-mlb/philadelphia-miami-2025-04-20/1148372
778249,2025-04-20,Atlanta Braves,Minnesota Twins,-116,-105,1.86,1.95,2025-04-20 17:35:00+00:00,0.0,/baseball-odds/usa-mlb/atlanta-minnesota-2025-04-20/1148368
778250,2025-04-20,Baltimore Orioles,Cincinnati Reds,-222,163,1.45,2.63,2025-04-20 17:35:00+00:00,0.0,/baseball-odds/usa-mlb/baltimore-cincinnati-2025-04-20/1148370
778266,2025-04-20,Colorado Rockies,Washington Nationals,100,-120,2.0,1.83,2025-04-21 00:10:00+00:00,0.0,/baseball-odds/usa-mlb/colorado-washington-2025-04-21/1151833
778225,2025-04-21,New York Mets,Philadelphia Phillies,-145,111,1.69,2.11,2025-04-21 23:10:00+00:00,0.0,/baseball-odds/usa-mlb/ny-mets-philadelphia-2025-04-22/1148386
778226,2025-04-21,San Francisco Giants,Milwaukee Brewers,-154,113,1.65,2.13,2025-04-22 01:45:00+00:00,0.0,/baseball-odds/usa-mlb/san-francisco-milwaukee-2025-04-22/1148388
778227,2025-04-21,Cleveland Guardians,New York Yankees,102,-122,2.02,1.82,2025-04-21 22:10:00+00:00,0.0,/baseball-odds/usa-mlb/cleveland-ny-yankees-2025-04-22/1150090
778228,2025-04-21,Detroit Tigers,San Diego Padres,-149,120,1.67,2.2,2025-04-21 22:40:00+00:00,0.0,/baseball-odds/usa-mlb/detroit-san-diego-2025-04-22/1148385
778230,2025-04-21,Miami Marlins,Cincinnati Reds,-105,-120,1.95,1.83,2025-04-21 22:40:00+00:00,0.0,/baseball-odds/usa-mlb/miami-cincinnati-2025-04-22/1148384
778231,2025-04-21,Houston Astros,Toronto Blue Jays,-141,111,1.71,2.11,2025-04-22 00:10:00+00:00,0.0,/baseball-odds/usa-mlb/houston-toronto-2025-04-22/1150091
778233,2025-04-21,Atlanta Braves,St. Louis Cardinals,-222,175,1.45,2.75,2025-04-21 23:15:00+00:00,0.0,/baseball-odds/usa-mlb/atlanta-st-louis-2025-04-22/1148387
778238,2025-04-21,Boston Red Sox,Chicago White Sox,-286,222,1.35,3.22,2025-04-21 15:10:00+00:00,0.0,/baseball-odds/usa-mlb/boston-white-sox-2025-04-21/1148383
778210,2025-04-22,San Francisco Giants,Milwaukee Brewers,-147,119,1.68,2.19,2025-04-23 01:45:00+00:00,0.0,/baseball-odds/usa-mlb/san-francisco-milwaukee-2025-04-23/1148402
778211,2025-04-22,Los Angeles Angels,Pittsburgh Pirates,-192,147,1.52,2.47,2025-04-23 01:38:00+00:00,0.0,/baseball-odds/usa-mlb/la-angels-pittsburgh-2025-04-23/1148400
778212,2025-04-22,Arizona Diamondbacks,Tampa Bay Rays,-200,147,1.5,2.47,2025-04-23 01:40:00+00:00,0.0,/baseball-odds/usa-mlb/arizona-tampa-bay-2025-04-23/1148401
778213,2025-04-22,Athletics,Texas Rangers,-125,101,1.8,2.01,2025-04-23 02:05:00+00:00,0.0,/baseball-odds/usa-mlb/athletics-texas-2025-04-23/1149948
778215,2025-04-22,Kansas City Royals,Colorado Rockies,-286,226,1.35,3.26,2025-04-22 23:40:00+00:00,0.0,/baseball-odds/usa-mlb/kansas-city-colorado-2025-04-23/1148399
778216,2025-04-22,Minnesota Twins,Chicago White Sox,-256,192,1.39,2.92,2025-04-22 23:40:00+00:00,0.0,/baseball-odds/usa-mlb/minnesota-white-sox-2025-04-23/1148397
778217,2025-04-22,Houston Astros,Toronto Blue Jays,-104,-119,1.96,1.84,2025-04-23 00:10:00+00:00,0.0,/baseball-odds/usa-mlb/houston-toronto-2025-04-23/1150093
778218,2025-04-22,Cleveland Guardians,New York Yankees,-122,-106,1.82,1.94,2025-04-22 22:10:00+00:00,0.0,/baseball-odds/usa-mlb/cleveland-ny-yankees-2025-04-23/1150092
778219,2025-04-22,Miami Marlins,Cincinnati Reds,-109,-119,1.92,1.84,2025-04-22 22:40:00+00:00,0.0,/baseball-odds/usa-mlb/miami-cincinnati-2025-04-23/1148392
778220,2025-04-22,Chicago Cubs,Los Angeles Dodgers,-104,-122,1.96,1.82,2025-04-22 23:40:00+00:00,0.0,/baseball-odds/usa-mlb/cubs-la-dodgers-2025-04-23/1148398
778221,2025-04-22,Detroit Tigers,San Diego Padres,-152,114,1.66,2.14,2025-04-22 22:40:00+00:00,0.0,/baseball-odds/usa-mlb/detroit-san-diego-2025-04-23/1148391
778222,2025-04-22,Washington Nationals,Baltimore Orioles,112,-143,2.12,1.7,2025-04-22 22:45:00+00:00,0.0,/baseball-odds/usa-mlb/washington-baltimore-2025-04-23/1148394
778223,2025-04-22,New York Mets,Philadelphia Phillies,107,-132,2.07,1.76,2025-04-22 23:10:00+00:00,0.0,/baseball-odds/usa-mlb/ny-mets-philadelphia-2025-04-23/1148395
778224,2025-04-22,Boston Red Sox,Seattle Mariners,-125,-105,1.8,1.95,2025-04-22 22:45:00+00:00,0.0,/baseball-odds/usa-mlb/boston-seattle-2025-04-23/1148393
778229,2025-04-22,Atlanta Braves,St. Louis Cardinals,-152,114,1.66,2.14,2025-04-22 23:15:00+00:00,0.0,/baseball-odds/usa-mlb/atlanta-st-louis-2025-04-23/1148396
778197,2025-04-23,Athletics,Texas Rangers,-119,-104,1.84,1.96,2025-04-24 02:05:00+00:00,0.0,/baseball-odds/usa-mlb/athletics-texas-2025-04-24/1149949
778198,2025-04-23,San Francisco Giants,Milwaukee Brewers,-156,119,1.64,2.19,2025-04-24 01:45:00+00:00,0.0,/baseball-odds/usa-mlb/san-francisco-milwaukee-2025-04-24/1148416
778199,2025-04-23,Arizona Diamondbacks,Tampa Bay Rays,-161,126,1.62,2.26,2025-04-24 01:40:00+00:00,0.0,/baseball-odds/usa-mlb/arizona-tampa-bay-2025-04-24/1148415
778200,2025-04-23,Houston Astros,Toronto Blue Jays,-116,-106,1.86,1.94,2025-04-23 23:40:00+00:00,0.0,/baseball-odds/usa-mlb/houston-toronto-2025-04-24/1150095
778201,2025-04-23,Minnesota Twins,Chicago White Sox,-286,220,1.35,3.2,2025-04-23 23:40:00+00:00,0.0,/baseball-odds/usa-mlb/minnesota-white-sox-2025-04-24/1148412
778202,2025-04-23,Los Angeles Angels,Pittsburgh Pirates,-135,108,1.74,2.08,2025-04-24 01:38:00+00:00,0.0,/baseball-odds/usa-mlb/la-angels-pittsburgh-2025-04-24/1148414
778203,2025-04-23,New York Mets,Philadelphia Phillies,-104,-122,1.96,1.82,2025-04-23 17:10:00+00:00,0.0,/baseball-odds/usa-mlb/ny-mets-philadelphia-2025-04-23/1148408
778204,2025-04-23,Washington Nationals,Baltimore Orioles,117,-145,2.17,1.69,2025-04-23 22:45:00+00:00,0.0,/baseball-odds/usa-mlb/washington-baltimore-2025-04-24/1148410
778205,2025-04-23,Chicago Cubs,Los Angeles Dodgers,-141,106,1.71,2.06,2025-04-23 23:00:00+00:00,0.0,/baseball-odds/usa-mlb/cubs-la-dodgers-2025-04-24/1148411
778206,2025-04-23,Cleveland Guardians,New York Yankees,133,-179,2.33,1.56,2025-04-23 17:10:00+00:00,0.0,/baseball-odds/usa-mlb/cleveland-ny-yankees-2025-04-23/1150094
778207,2025-04-23,Boston Red Sox,Seattle Mariners,-147,115,1.68,2.15,2025-04-23 22:45:00+00:00,0.0,/baseball-odds/usa-mlb/boston-seattle-2025-04-24/1148409
778208,2025-04-23,Miami Marlins,Cincinnati Reds,-110,-115,1.91,1.87,2025-04-23 17:10:00+00:00,0.0,/baseball-odds/usa-mlb/miami-cincinnati-2025-04-23/1148407
778209,2025-04-23,Detroit Tigers,San Diego Padres,-172,133,1.58,2.33,2025-04-23 17:10:00+00:00,0.0,/baseball-odds/usa-mlb/detroit-san-diego-2025-04-23/1148406
778214,2025-04-23,Atlanta Braves,St. Louis Cardinals,-169,131,1.59,2.31,2025-04-23 16:15:00+00:00,0.0,/baseball-odds/usa-mlb/atlanta-st-louis-2025-04-23/1148405
778188,2025-04-24,Arizona Diamondbacks,Tampa Bay Rays,-143,108,1.7,2.08,2025-04-25 01:40:00+00:00,0.0,/baseball-odds/usa-mlb/arizona-tampa-bay-2025-04-25/1148423
778189,2025-04-24,Minnesota Twins,Chicago White Sox,-233,181,1.43,2.81,2025-04-24 17:10:00+00:00,0.0,/baseball-odds/usa-mlb/minnesota-white-sox-2025-04-24/1148417
778190,2025-04-24,Kansas City Royals,Colorado Rockies,-278,212,1.36,3.12,2025-04-24 18:10:00+00:00,0.0,/baseball-odds/usa-mlb/kansas-city-colorado-2025-04-24/1148419
778191,2025-04-24,Los Angeles Angels,Pittsburgh Pirates,-172,129,1.58,2.29,2025-04-25 01:29:00+00:00,0.0,/baseball-odds/usa-mlb/la-angels-pittsburgh-2025-04-25/1148422
778192,2025-04-24,Athletics,Texas Rangers,114,-143,2.14,1.7,2025-04-25 02:05:00+00:00,0.0,/baseball-odds/usa-mlb/athletics-texas-2025-04-25/1149950
778193,2025-04-24,Washington Nationals,Baltimore Orioles,-127,-104,1.79,1.96,2025-04-24 22:45:00+00:00,0.0,/baseball-odds/usa-mlb/washington-baltimore-2025-04-25/1148421
778194,2025-04-24,San Francisco Giants,Milwaukee Brewers,-159,129,1.63,2.29,2025-04-24 19:45:00+00:00,0.0,/baseball-odds/usa-mlb/san-francisco-milwaukee-2025-04-24/1148420
778195,2025-04-24,Kansas City Royals,Colorado Rockies,-278,212,1.36,3.12,2025-04-24 18:10:00+00:00,0.08333333333333333,/baseball-odds/usa-mlb/kansas-city-colorado-2025-04-24/1148419
778196,2025-04-24,Boston Red Sox,Seattle Mariners,-179,142,1.56,2.42,2025-04-24 17:35:00+00:00,0.0,/baseball-odds/usa-mlb/boston-seattle-2025-04-24/1148418
778171,2025-04-25,San Francisco Giants,Texas Rangers,-133,107,1.75,2.07,2025-04-26 02:15:00+00:00,0.0,/baseball-odds/usa-mlb/san-francisco-texas-2025-04-26/1148437
778172,2025-04-25,San Diego Padres,Tampa Bay Rays,-147,116,1.68,2.16,2025-04-26 01:40:00+00:00,0.0,/baseball-odds/usa-mlb/san-diego-tampa-bay-2025-04-26/1148433
778175,2025-04-25,Seattle Mariners,Miami Marlins,-303,232,1.33,3.32,2025-04-26 01:40:00+00:00,0.0,/baseball-odds/usa-mlb/seattle-miami-2025-04-26/1148434
778176,2025-04-25,Los Angeles Dodgers,Pittsburgh Pirates,-227,175,1.44,2.75,2025-04-26 02:10:00+00:00,0.0,/baseball-odds/usa-mlb/la-dodgers-pittsburgh-2025-04-26/1148436
778177,2025-04-25,Arizona Diamondbacks,Atlanta Braves,102,-130,2.02,1.77,2025-04-26 01:40:00+00:00,0.0,/baseball-odds/usa-mlb/arizona-atlanta-2025-04-26/1148435
778178,2025-04-25,Athletics,Chicago White Sox,-250,196,1.4,2.96,2025-04-26 02:05:00+00:00,0.0,/baseball-odds/usa-mlb/athletics-white-sox-2025-04-26/1149951
778181,2025-04-25,Colorado Rockies,Cincinnati Reds,108,-135,2.08,1.74,2025-04-26 00:40:00+00:00,0.0,/baseball-odds/usa-mlb/colorado-cincinnati-2025-04-26/1148432
778182,2025-04-25,Chicago Cubs,Philadelphia Phillies,-164,131,1.61,2.31,2025-04-25 18:20:00+00:00,0.0,/baseball-odds/usa-mlb/cubs-philadelphia-2025-04-25/1148425
778183,2025-04-25,Washington Nationals,New York Mets,147,-179,2.47,1.56,2025-04-25 22:45:00+00:00,0.0,/baseball-odds/usa-mlb/washington-ny-mets-2025-04-26/1148427
778184,2025-04-25,St. Louis Cardinals,Milwaukee Brewers,-137,114,1.73,2.14,2025-04-26 00:15:00+00:00,0.0,/baseball-odds/usa-mlb/st-louis-milwaukee-2025-04-26/1148431
778185,2025-04-25,New York Yankees,Toronto Blue Jays,-147,114,1.68,2.14,2025-04-25 23:05:00+00:00,0.0,/baseball-odds/usa-mlb/ny-yankees-toronto-2025-04-26/1148428
778186,2025-04-25,Minnesota Twins,Los Angeles Angels,-217,158,1.46,2.58,2025-04-25 23:40:00+00:00,0.0,/baseball-odds/usa-mlb/minnesota-la-angels-2025-04-26/1151834
778187,2025-04-25,Kansas City Royals,Houston Astros,-105,-120,1.95,1.83,2025-04-25 23:40:00+00:00,0.0,/baseball-odds/usa-mlb/kansas-city-houston-2025-04-26/1148429
778154,2025-04-26,Seattle Mariners,Miami Marlins,-238,175,1.42,2.75,2025-04-27 01:40:00+00:00,0.0,/baseball-odds/usa-mlb/seattle-miami-2025-04-27/1148451
778159,2025-04-26,San Francisco Giants,Texas Rangers,-145,111,1.69,2.11,2025-04-26 20:05:00+00:00,0.0,/baseball-odds/usa-mlb/san-francisco-texas-2025-04-26/1148445
778160,2025-04-26,San Diego Padres,Tampa Bay Rays,-149,121,1.67,2.21,2025-04-27 00:40:00+00:00,0.0,/baseball-odds/usa-mlb/san-diego-tampa-bay-2025-04-27/1148449
778161,2025-04-26,Colorado Rockies,Cincinnati Reds,163,-222,2.63,1.45,2025-04-26 19:10:00+00:00,0.0,/baseball-odds/usa-mlb/colorado-cincinnati-2025-04-26/1148443
778162,2025-04-26,Arizona Diamondbacks,Atlanta Braves,-130,105,1.77,2.05,2025-04-27 00:10:00+00:00,0.0,/baseball-odds/usa-mlb/arizona-atlanta-2025-04-27/1148448
778163,2025-04-26,Los Angeles Dodgers,Pittsburgh Pirates,-303,232,1.33,3.32,2025-04-27 01:10:00+00:00,0.0,/baseball-odds/usa-mlb/la-dodgers-pittsburgh-2025-04-27/1148450
778164,2025-04-26,St. Louis Cardinals,Milwaukee Brewers,-152,119,1.66,2.19,2025-04-26 18:15:00+00:00,0.0,/baseball-odds/usa-mlb/st-louis-milwaukee-2025-04-26/1148442
778165,2025-04-26,Athletics,Chicago White Sox,-244,175,1.41,2.75,2025-04-26 20:05:00+00:00,0.0,/baseball-odds/usa-mlb/athletics-white-sox-2025-04-26/1149952
778166,2025-04-26,Minnesota Twins,Los Angeles Angels,-135,106,1.74,2.06,2025-04-26 18:10:00+00:00,0.0,/baseball-odds/usa-mlb/minnesota-la-angels-2025-04-26/1148441
778167,2025-04-26,Kansas City Royals,Houston Astros,107,-141,2.07,1.71,2025-04-26 23:10:00+00:00,0.0,/baseball-odds/usa-mlb/kansas-city-houston-2025-04-27/1148447
778168,2025-04-26,Detroit Tigers,Baltimore Orioles,-147,117,1.68,2.17,2025-04-26 17:10:00+00:00,0.0,/baseball-odds/usa-mlb/detroit-baltimore-2025-04-26/1148440
778169,2025-04-26,Cleveland Guardians,Boston Red Sox,-105,-127,1.95,1.79,2025-04-26 22:10:00+00:00,0.0,/baseball-odds/usa-mlb/cleveland-boston-2025-04-27/1150097
778174,2025-04-26,Chicago Cubs,Philadelphia Phillies,-105,-120,1.95,1.83,2025-04-26 20:05:00+00:00,0.0,/baseball-odds/usa-mlb/cubs-philadelphia-2025-04-26/1148446
778179,2025-04-26,Cleveland Guardians,Boston Red Sox,-108,-118,1.93,1.85,2025-04-26 17:10:00+00:00,0.0,/baseball-odds/usa-mlb/cleveland-boston-2025-04-26/1151847
778180,2025-04-26,Detroit Tigers,Baltimore Orioles,-110,-110,1.91,1.91,2025-04-26 22:10:00+00:00,0.0,/baseball-odds/usa-mlb/detroit-baltimore-2025-04-27/1151848
778136,2025-04-27,Seattle Mariners,Miami Marlins,-152,121,1.66,2.21,2025-04-27 20:10:00+00:00,0.0,/baseball-odds/usa-mlb/seattle-miami-2025-04-27/1148464
778144,2025-04-27,Minnesota Twins,Los Angeles Angels,-185,144,1.54,2.44,2025-04-27 17:40:00+00:00,0.0,/baseball-odds/usa-mlb/minnesota-la-angels-2025-04-27/1151835
778145,2025-04-27,Los Angeles Dodgers,Pittsburgh Pirates,-323,263,1.31,3.63,2025-04-27 20:10:00+00:00,0.0,/baseball-odds/usa-mlb/la-dodgers-pittsburgh-2025-04-27/1148461
778146,2025-04-27,San Diego Padres,Tampa Bay Rays,-106,-116,1.94,1.86,2025-04-27 20:10:00+00:00,0.0,/baseball-odds/usa-mlb/san-diego-tampa-bay-2025-04-27/1148463
778147,2025-04-27,Arizona Diamondbacks,Atlanta Braves,-101,-130,1.99,1.77,2025-04-27 20:10:00+00:00,0.0,/baseball-odds/usa-mlb/arizona-atlanta-2025-04-27/1148462
778148,2025-04-27,Colorado Rockies,Cincinnati Reds,123,-159,2.23,1.63,2025-04-27 19:10:00+00:00,0.0,/baseball-odds/usa-mlb/colorado-cincinnati-2025-04-27/1148459
778149,2025-04-27,Athletics,Chicago White Sox,-204,166,1.49,2.66,2025-04-27 20:05:00+00:00,0.0,/baseball-odds/usa-mlb/athletics-white-sox-2025-04-27/1149953
778150,2025-04-27,St. Louis Cardinals,Milwaukee Brewers,-115,-112,1.87,1.89,2025-04-27 18:15:00+00:00,0.0,/baseball-odds/usa-mlb/st-louis-milwaukee-2025-04-27/1148458
778151,2025-04-27,San Francisco Giants,Texas Rangers,-145,109,1.69,2.09,2025-04-27 20:05:00+00:00,0.0,/baseball-odds/usa-mlb/san-francisco-texas-2025-04-27/1148460
778152,2025-04-27,Kansas City Royals,Houston Astros,118,-141,2.18,1.71,2025-04-27 18:10:00+00:00,0.0,/baseball-odds/usa-mlb/kansas-city-houston-2025-04-27/1148456
778153,2025-04-27,Washington Nationals,New York Mets,128,-159,2.28,1.63,2025-04-27 17:35:00+00:00,0.0,/baseball-odds/usa-mlb/washington-ny-mets-2025-04-27/1148453
778155,2025-04-27,Detroit Tigers,Baltimore Orioles,-256,192,1.39,2.92,2025-04-27 17:40:00+00:00,0.0,/baseball-odds/usa-mlb/detroit-baltimore-2025-04-27/1148455
778156,2025-04-27,New York Yankees,Toronto Blue Jays,-208,133,1.48,2.33,2025-04-27 17:35:00+00:00,0.0,/baseball-odds/usa-mlb/ny-yankees-toronto-2025-04-27/1148454
778157,2025-04-27,Cleveland Guardians,Boston Red Sox,-104,-116,1.96,1.86,2025-04-27 17:40:00+00:00,0.0,/baseball-odds/usa-mlb/cleveland-boston-2025-04-27/1150098
778158,2025-04-27,Chicago Cubs,Philadelphia Phillies,-135,105,1.74,2.05,2025-04-27 23:10:00+00:00,0.0,/baseball-odds/usa-mlb/cubs-philadelphia-2025-04-28/1148465
778170,2025-04-27,New York Yankees,Toronto Blue Jays,-208,133,1.48,2.33,2025-04-27 17:35:00+00:00,0.08333333333333333,/baseball-odds/usa-mlb/ny-yankees-toronto-2025-04-27/1148454
778132,2025-04-28,Los Angeles Dodgers,Miami Marlins,-294,212,1.34,3.12,2025-04-29 02:10:00+00:00,0.0,/baseball-odds/usa-mlb/la-dodgers-miami-2025-04-29/1148472
778137,2025-04-28,Colorado Rockies,Atlanta Braves,140,-175,2.4,1.57,2025-04-29 00:40:00+00:00,0.0,/baseball-odds/usa-mlb/colorado-atlanta-2025-04-29/1148471
778138,2025-04-28,Washington Nationals,New York Mets,140,-182,2.4,1.55,2025-04-28 20:05:00+00:00,0.0,/baseball-odds/usa-mlb/washington-ny-mets-2025-04-28/1148468
778139,2025-04-28,Cleveland Guardians,Minnesota Twins,-137,113,1.73,2.13,2025-04-28 22:10:00+00:00,0.0,/baseball-odds/usa-mlb/cleveland-minnesota-2025-04-29/1150099
778140,2025-04-28,Baltimore Orioles,New York Yankees,108,-135,2.08,1.74,2025-04-28 22:35:00+00:00,0.0,/baseball-odds/usa-mlb/baltimore-ny-yankees-2025-04-29/1148469
778141,2025-04-28,Cincinnati Reds,St. Louis Cardinals,-122,101,1.82,2.01,2025-04-28 22:40:00+00:00,0.0,/baseball-odds/usa-mlb/cincinnati-st-louis-2025-04-29/1148470
778142,2025-04-28,Houston Astros,Detroit Tigers,-125,-102,1.8,1.98,2025-04-29 00:10:00+00:00,0.0,/baseball-odds/usa-mlb/houston-detroit-2025-04-29/1150100
778143,2025-04-28,Texas Rangers,Athletics,-110,-112,1.91,1.89,2025-04-29 00:05:00+00:00,0.0,/baseball-odds/usa-mlb/texas-athletics-2025-04-29/1149954
778120,2025-04-29,Colorado Rockies,Atlanta Braves,163,-227,2.63,1.44,2025-04-30 00:40:00+00:00,0.0,/baseball-odds/usa-mlb/colorado-atlanta-2025-04-30/1148483
778121,2025-04-29,Seattle Mariners,Los Angeles Angels,-222,175,1.45,2.75,2025-04-30 01:40:00+00:00,0.0,/baseball-odds/usa-mlb/seattle-la-angels-2025-04-30/1148484
778122,2025-04-29,Texas Rangers,Athletics,-222,161,1.45,2.61,2025-04-30 00:05:00+00:00,0.0,/baseball-odds/usa-mlb/texas-athletics-2025-04-30/1149955
778123,2025-04-29,Los Angeles Dodgers,Miami Marlins,-217,172,1.46,2.72,2025-04-30 02:10:00+00:00,0.0,/baseball-odds/usa-mlb/la-dodgers-miami-2025-04-30/1148486
778124,2025-04-29,Houston Astros,Detroit Tigers,-119,-109,1.84,1.92,2025-04-30 00:10:00+00:00,0.0,/baseball-odds/usa-mlb/houston-detroit-2025-04-30/1150104
778125,2025-04-29,Chicago White Sox,Milwaukee Brewers,210,-263,3.1,1.38,2025-04-29 23:40:00+00:00,0.0,/baseball-odds/usa-mlb/white-sox-milwaukee-2025-04-30/1150103
778126,2025-04-29,San Diego Padres,San Francisco Giants,-106,-122,1.94,1.82,2025-04-30 01:40:00+00:00,0.0,/baseball-odds/usa-mlb/san-diego-san-francisco-2025-04-30/1148485
778127,2025-04-29,Toronto Blue Jays,Boston Red Sox,113,-145,2.13,1.69,2025-04-29 23:07:00+00:00,0.0,/baseball-odds/usa-mlb/toronto-boston-2025-04-30/1148481
778128,2025-04-29,Tampa Bay Rays,Kansas City Royals,-164,128,1.61,2.28,2025-04-29 23:05:00+00:00,0.0,/baseball-odds/usa-mlb/tampa-bay-kansas-city-2025-04-30/1150102
778129,2025-04-29,Cleveland Guardians,Minnesota Twins,-141,116,1.71,2.16,2025-04-29 22:10:00+00:00,0.0,/baseball-odds/usa-mlb/cleveland-minnesota-2025-04-30/1150101
778130,2025-04-29,New York Mets,Arizona Diamondbacks,-139,106,1.72,2.06,2025-04-29 23:10:00+00:00,0.0,/baseball-odds/usa-mlb/ny-mets-arizona-2025-04-30/1148482
778131,2025-04-29,Philadelphia Phillies,Washington Nationals,-204,149,1.49,2.49,2025-04-29 22:45:00+00:00,0.0,/baseball-odds/usa-mlb/philadelphia-washington-2025-04-30/1148480
778133,2025-04-29,Baltimore Orioles,New York Yankees,142,-179,2.42,1.56,2025-04-29 22:35:00+00:00,0.0,/baseball-odds/usa-mlb/baltimore-ny-yankees-2025-04-30/1148477
778135,2025-04-29,Pittsburgh Pirates,Chicago Cubs,125,-161,2.25,1.62,2025-04-29 22:40:00+00:00,0.0,/baseball-odds/usa-mlb/pittsburgh-cubs-2025-04-30/1148478
778102,2025-04-30,Colorado Rockies,Atlanta Braves,196,-286,2.96,1.35,2025-04-30 19:10:00+00:00,0.0,/baseball-odds/usa-mlb/colorado-atlanta-2025-04-30/1148491
778104,2025-04-30,Seattle Mariners,Los Angeles Angels,-141,111,1.71,2.11,2025-04-30 20:10:00+00:00,0.0,/baseball-odds/usa-mlb/seattle-la-angels-2025-04-30/1148494
778105,2025-04-30,San Diego Padres,San Francisco Giants,-143,129,1.7,2.29,2025-04-30 20:10:00+00:00,0.0,/baseball-odds/usa-mlb/san-diego-san-francisco-2025-04-30/1148493
778106,2025-04-30,Texas Rangers,Athletics,-167,131,1.6,2.31,2025-05-01 00:05:00+00:00,0.0,/baseball-odds/usa-mlb/texas-athletics-2025-05-01/1149956
778109,2025-04-30,Los Angeles Dodgers,Miami Marlins,-323,243,1.31,3.43,2025-04-30 19:10:00+00:00,0.0,/baseball-odds/usa-mlb/la-dodgers-miami-2025-04-30/1148492
778110,2025-04-30,Houston Astros,Detroit Tigers,-132,-103,1.76,1.97,2025-04-30 18:10:00+00:00,0.0,/baseball-odds/usa-mlb/houston-detroit-2025-04-30/1150105
778111,2025-04-30,Chicago White Sox,Milwaukee Brewers,123,-159,2.23,1.63,2025-04-30 23:40:00+00:00,0.0,/baseball-odds/usa-mlb/white-sox-milwaukee-2025-05-01/1150108
778112,2025-04-30,Pittsburgh Pirates,Chicago Cubs,135,-172,2.35,1.58,2025-04-30 22:40:00+00:00,0.0,/baseball-odds/usa-mlb/pittsburgh-cubs-2025-05-01/1148496
778113,2025-04-30,Tampa Bay Rays,Kansas City Royals,-172,149,1.58,2.49,2025-04-30 23:05:00+00:00,0.0,/baseball-odds/usa-mlb/tampa-bay-kansas-city-2025-05-01/1150107
778114,2025-04-30,Toronto Blue Jays,Boston Red Sox,-118,-110,1.85,1.91,2025-04-30 23:07:00+00:00,0.0,/baseball-odds/usa-mlb/toronto-boston-2025-05-01/1148499
778115,2025-04-30,Baltimore Orioles,New York Yankees,-127,-101,1.79,1.99,2025-04-30 22:35:00+00:00,0.0,/baseball-odds/usa-mlb/baltimore-ny-yankees-2025-05-01/1148495
778116,2025-04-30,Cleveland Guardians,Minnesota Twins,-116,-115,1.86,1.87,2025-04-30 22:10:00+00:00,0.0,/baseball-odds/usa-mlb/cleveland-minnesota-2025-05-01/1150106
778117,2025-04-30,New York Mets,Arizona Diamondbacks,-114,-111,1.88,1.9,2025-04-30 23:10:00+00:00,0.0,/baseball-odds/usa-mlb/ny-mets-arizona-2025-05-01/1148500
778118,2025-04-30,Philadelphia Phillies,Washington Nationals,-278,200,1.36,3.0,2025-04-30 22:45:00+00:00,0.0,/baseball-odds/usa-mlb/philadelphia-washington-2025-05-01/1148498
778119,2025-04-30,Cincinnati Reds,St. Louis Cardinals,-125,-111,1.8,1.9,2025-04-30 22:40:00+00:00,0.0,/baseball-odds/usa-mlb/cincinnati-st-louis-2025-05-01/1148497
778134,2025-04-30,Cincinnati Reds,St. Louis Cardinals,-149,106,1.67,2.06,2025-04-30 16:40:00+00:00,0.0,/baseball-odds/usa-mlb/cincinnati-st-louis-2025-04-30/1151857
778094,2025-05-01,Chicago White Sox,Milwaukee Brewers,128,-169,2.28,1.59,2025-05-01 18:10:00+00:00,0.0,/baseball-odds/usa-mlb/white-sox-milwaukee-2025-05-01/1150111
778095,2025-05-01,Toronto Blue Jays,Boston Red Sox,-106,-119,1.94,1.84,2025-05-01 23:07:00+00:00,0.0,/baseball-odds/usa-mlb/toronto-boston-2025-05-02/1148508
778096,2025-05-01,Texas Rangers,Athletics,-143,118,1.7,2.18,2025-05-01 18:35:00+00:00,0.0,/baseball-odds/usa-mlb/texas-athletics-2025-05-01/1149957
778097,2025-05-01,Tampa Bay Rays,Kansas City Royals,-169,135,1.59,2.35,2025-05-01 17:10:00+00:00,0.0,/baseball-odds/usa-mlb/tampa-bay-kansas-city-2025-05-01/1150110
778098,2025-05-01,San Francisco Giants,Colorado Rockies,-286,222,1.35,3.22,2025-05-02 01:45:00+00:00,0.0,/baseball-odds/usa-mlb/san-francisco-colorado-2025-05-02/1148510
778099,2025-05-01,Philadelphia Phillies,Washington Nationals,-179,138,1.56,2.38,2025-05-01 22:45:00+00:00,0.0,/baseball-odds/usa-mlb/philadelphia-washington-2025-05-02/1148507
778100,2025-05-01,Pittsburgh Pirates,Chicago Cubs,-137,106,1.73,2.06,2025-05-01 16:35:00+00:00,0.0,/baseball-odds/usa-mlb/pittsburgh-cubs-2025-05-01/1148504
778101,2025-05-01,Los Angeles Angels,Detroit Tigers,120,-152,2.2,1.66,2025-05-02 01:38:00+00:00,0.0,/baseball-odds/usa-mlb/la-angels-detroit-2025-05-02/1148509
778103,2025-05-01,New York Mets,Arizona Diamondbacks,-167,129,1.6,2.29,2025-05-01 17:10:00+00:00,0.0,/baseball-odds/usa-mlb/ny-mets-arizona-2025-05-01/1148506
778107,2025-05-01,Cincinnati Reds,St. Louis Cardinals,-102,-122,1.98,1.82,2025-05-01 16:40:00+00:00,0.0,/baseball-odds/usa-mlb/cincinnati-st-louis-2025-05-01/1148505
778108,2025-05-01,Cleveland Guardians,Minnesota Twins,102,-115,2.02,1.87,2025-05-01 17:10:00+00:00,0.0,/baseball-odds/usa-mlb/cleveland-minnesota-2025-05-01/1150109
778079,2025-05-02,Chicago White Sox,Houston Astros,200,-227,3.0,1.44,2025-05-02 23:40:00+00:00,0.0,/baseball-odds/usa-mlb/white-sox-houston-2025-05-03/1150112
778080,2025-05-02,Milwaukee Brewers,Chicago Cubs,104,-127,2.04,1.79,2025-05-03 00:10:00+00:00,0.0,/baseball-odds/usa-mlb/milwaukee-cubs-2025-05-03/1148521
778081,2025-05-02,Toronto Blue Jays,Cleveland Guardians,-169,139,1.59,2.39,2025-05-02 23:07:00+00:00,0.0,/baseball-odds/usa-mlb/toronto-cleveland-2025-05-03/1148517
778082,2025-05-02,San Francisco Giants,Colorado Rockies,-303,208,1.33,3.08,2025-05-03 02:15:00+00:00,0.0,/baseball-odds/usa-mlb/san-francisco-colorado-2025-05-03/1148524
778083,2025-05-02,Texas Rangers,Seattle Mariners,107,-132,2.07,1.76,2025-05-03 00:05:00+00:00,0.0,/baseball-odds/usa-mlb/texas-seattle-2025-05-03/1148520
778084,2025-05-02,St. Louis Cardinals,New York Mets,-106,-119,1.94,1.84,2025-05-03 00:15:00+00:00,0.0,/baseball-odds/usa-mlb/st-louis-ny-mets-2025-05-03/1148522
778085,2025-05-02,Los Angeles Angels,Detroit Tigers,149,-189,2.49,1.53,2025-05-03 01:38:00+00:00,0.0,/baseball-odds/usa-mlb/la-angels-detroit-2025-05-03/1148523
778086,2025-05-02,Philadelphia Phillies,Arizona Diamondbacks,-172,129,1.58,2.29,2025-05-02 22:45:00+00:00,0.0,/baseball-odds/usa-mlb/philadelphia-arizona-2025-05-03/1148514
778087,2025-05-02,Cincinnati Reds,Washington Nationals,-213,156,1.47,2.56,2025-05-02 22:10:00+00:00,0.0,/baseball-odds/usa-mlb/cincinnati-washington-2025-05-03/1148512
778088,2025-05-02,New York Yankees,Tampa Bay Rays,-250,178,1.4,2.78,2025-05-02 23:05:00+00:00,0.0,/baseball-odds/usa-mlb/ny-yankees-tampa-bay-2025-05-03/1148516
778089,2025-05-02,Boston Red Sox,Minnesota Twins,-122,-102,1.82,1.98,2025-05-02 23:10:00+00:00,0.0,/baseball-odds/usa-mlb/boston-minnesota-2025-05-03/1148518
778090,2025-05-02,Pittsburgh Pirates,San Diego Padres,107,-137,2.07,1.73,2025-05-02 22:40:00+00:00,0.0,/baseball-odds/usa-mlb/pittsburgh-san-diego-2025-05-03/1148513
778091,2025-05-02,Miami Marlins,Athletics,110,-133,2.1,1.75,2025-05-02 23:10:00+00:00,0.0,/baseball-odds/usa-mlb/miami-athletics-2025-05-03/1149958
778092,2025-05-02,Atlanta Braves,Los Angeles Dodgers,147,-185,2.47,1.54,2025-05-02 23:15:00+00:00,0.0,/baseball-odds/usa-mlb/atlanta-la-dodgers-2025-05-03/1148519
778093,2025-05-02,Baltimore Orioles,Kansas City Royals,-149,125,1.67,2.25,2025-05-02 23:05:00+00:00,0.0,/baseball-odds/usa-mlb/baltimore-kansas-city-2025-05-03/1148515
778064,2025-05-03,Toronto Blue Jays,Cleveland Guardians,-164,135,1.61,2.35,2025-05-03 19:07:00+00:00,0.0,/baseball-odds/usa-mlb/toronto-cleveland-2025-05-03/1148528
778065,2025-05-03,Pittsburgh Pirates,San Diego Padres,-127,-102,1.79,1.98,2025-05-03 20:05:00+00:00,0.0,/baseball-odds/usa-mlb/pittsburgh-san-diego-2025-05-03/1148529
778066,2025-05-03,Chicago White Sox,Houston Astros,172,-217,2.72,1.46,2025-05-03 18:10:00+00:00,0.0,/baseball-odds/usa-mlb/white-sox-houston-2025-05-03/1150113
778067,2025-05-03,Los Angeles Angels,Detroit Tigers,153,-217,2.53,1.46,2025-05-04 01:38:00+00:00,0.0,/baseball-odds/usa-mlb/la-angels-detroit-2025-05-04/1148538
778069,2025-05-03,San Francisco Giants,Colorado Rockies,-323,238,1.31,3.38,2025-05-03 20:05:00+00:00,0.0,/baseball-odds/usa-mlb/san-francisco-colorado-2025-05-03/1148530
778070,2025-05-03,Texas Rangers,Seattle Mariners,106,-132,2.06,1.76,2025-05-03 23:05:00+00:00,0.0,/baseball-odds/usa-mlb/texas-seattle-2025-05-04/1148534
778071,2025-05-03,Milwaukee Brewers,Chicago Cubs,-104,-122,1.96,1.82,2025-05-03 23:10:00+00:00,0.0,/baseball-odds/usa-mlb/milwaukee-cubs-2025-05-04/1148535
778072,2025-05-03,Baltimore Orioles,Kansas City Royals,-119,-104,1.84,1.96,2025-05-03 23:15:00+00:00,0.0,/baseball-odds/usa-mlb/baltimore-kansas-city-2025-05-04/1148537
778073,2025-05-03,Boston Red Sox,Minnesota Twins,-122,100,1.82,2.0,2025-05-03 20:10:00+00:00,0.0,/baseball-odds/usa-mlb/boston-minnesota-2025-05-03/1148531
778074,2025-05-03,New York Yankees,Tampa Bay Rays,-227,178,1.44,2.78,2025-05-03 17:05:00+00:00,0.0,/baseball-odds/usa-mlb/ny-yankees-tampa-bay-2025-05-03/1148526
778075,2025-05-03,Miami Marlins,Athletics,-128,106,1.78,2.06,2025-05-03 20:10:00+00:00,0.0,/baseball-odds/usa-mlb/miami-athletics-2025-05-03/1149959
778076,2025-05-03,Atlanta Braves,Los Angeles Dodgers,-139,106,1.72,2.06,2025-05-03 23:15:00+00:00,0.0,/baseball-odds/usa-mlb/atlanta-la-dodgers-2025-05-04/1148536
778077,2025-05-03,Cincinnati Reds,Washington Nationals,-204,166,1.49,2.66,2025-05-03 22:40:00+00:00,0.0,/baseball-odds/usa-mlb/cincinnati-washington-2025-05-04/1148533
778078,2025-05-03,Philadelphia Phillies,Arizona Diamondbacks,-120,-103,1.83,1.97,2025-05-03 22:05:00+00:00,0.0,/baseball-odds/usa-mlb/philadelphia-arizona-2025-05-04/1148532
778048,2025-05-04,San Francisco Giants,Colorado Rockies,-400,303,1.25,4.03,2025-05-04 20:05:00+00:00,0.0,/baseball-odds/usa-mlb/san-francisco-colorado-2025-05-04/1148549
778050,2025-05-04,Los Angeles Angels,Detroit Tigers,142,-185,2.42,1.54,2025-05-04 20:07:00+00:00,0.0,/baseball-odds/usa-mlb/la-angels-detroit-2025-05-04/1148550
778051,2025-05-04,Pittsburgh Pirates,San Diego Padres,-112,-109,1.89,1.92,2025-05-04 17:35:00+00:00,0.0,/baseball-odds/usa-mlb/pittsburgh-san-diego-2025-05-04/1148540
778052,2025-05-04,Texas Rangers,Seattle Mariners,-196,144,1.51,2.44,2025-05-04 18:35:00+00:00,0.0,/baseball-odds/usa-mlb/texas-seattle-2025-05-04/1148548
778053,2025-05-04,St. Louis Cardinals,New York Mets,-102,-125,1.98,1.8,2025-05-04 17:15:00+00:00,0.0,/baseball-odds/usa-mlb/st-louis-ny-mets-2025-05-04/1151861
778054,2025-05-04,Milwaukee Brewers,Chicago Cubs,-111,-116,1.9,1.86,2025-05-04 18:10:00+00:00,0.0,/baseball-odds/usa-mlb/milwaukee-cubs-2025-05-04/1148546
778055,2025-05-04,Chicago White Sox,Houston Astros,135,-182,2.35,1.55,2025-05-04 18:10:00+00:00,0.0,/baseball-odds/usa-mlb/white-sox-houston-2025-05-04/1150114
778056,2025-05-04,Toronto Blue Jays,Cleveland Guardians,-105,-115,1.95,1.87,2025-05-04 17:37:00+00:00,0.0,/baseball-odds/usa-mlb/toronto-cleveland-2025-05-04/1148544
778057,2025-05-04,New York Yankees,Tampa Bay Rays,-179,128,1.56,2.28,2025-05-04 17:35:00+00:00,0.0,/baseball-odds/usa-mlb/ny-yankees-tampa-bay-2025-05-04/1148542
778058,2025-05-04,Cincinnati Reds,Washington Nationals,-112,-103,1.89,1.97,2025-05-04 20:10:00+00:00,0.0,/baseball-odds/usa-mlb/cincinnati-washington-2025-05-04/1148551
778059,2025-05-04,Philadelphia Phillies,Arizona Diamondbacks,-159,133,1.63,2.33,2025-05-04 18:05:00+00:00,0.0,/baseball-odds/usa-mlb/philadelphia-arizona-2025-05-04/1148545
778060,2025-05-04,Atlanta Braves,Los Angeles Dodgers,107,-137,2.07,1.73,2025-05-04 23:10:00+00:00,0.0,/baseball-odds/usa-mlb/atlanta-la-dodgers-2025-05-05/1148552
778061,2025-05-04,Miami Marlins,Athletics,-102,-114,1.98,1.88,2025-05-04 17:40:00+00:00,0.0,/baseball-odds/usa-mlb/miami-athletics-2025-05-04/1149960
778062,2025-05-04,Baltimore Orioles,Kansas City Royals,-141,119,1.71,2.19,2025-05-04 17:35:00+00:00,0.0,/baseball-odds/usa-mlb/baltimore-kansas-city-2025-05-04/1148543
778063,2025-05-04,Boston Red Sox,Minnesota Twins,-227,153,1.44,2.53,2025-05-04 17:35:00+00:00,0.0,/baseball-odds/usa-mlb/boston-minnesota-2025-05-04/1148541
778068,2025-05-04,St. Louis Cardinals,New York Mets,127,-154,2.27,1.65,2025-05-04 22:15:00+00:00,0.0,/baseball-odds/usa-mlb/st-louis-ny-mets-2025-05-05/1151862
778036,2025-05-05,St. Louis Cardinals,Pittsburgh Pirates,-132,106,1.76,2.06,2025-05-05 23:45:00+00:00,0.0,/baseball-odds/usa-mlb/st-louis-pittsburgh-2025-05-06/1148560
778038,2025-05-05,Athletics,Seattle Mariners,-101,-119,1.99,1.84,2025-05-06 02:05:00+00:00,0.0,/baseball-odds/usa-mlb/athletics-seattle-2025-05-06/1149961
778039,2025-05-05,Arizona Diamondbacks,New York Mets,-127,100,1.79,2.0,2025-05-06 01:40:00+00:00,0.0,/baseball-odds/usa-mlb/arizona-ny-mets-2025-05-06/1148561
778042,2025-05-05,Milwaukee Brewers,Houston Astros,-110,-111,1.91,1.9,2025-05-05 23:40:00+00:00,0.0,/baseball-odds/usa-mlb/milwaukee-houston-2025-05-06/1148557
778043,2025-05-05,Kansas City Royals,Chicago White Sox,-233,175,1.43,2.75,2025-05-05 23:40:00+00:00,0.0,/baseball-odds/usa-mlb/kansas-city-white-sox-2025-05-06/1148558
778044,2025-05-05,Chicago Cubs,San Francisco Giants,-175,147,1.57,2.47,2025-05-05 23:40:00+00:00,0.0,/baseball-odds/usa-mlb/cubs-san-francisco-2025-05-06/1148559
778045,2025-05-05,New York Yankees,San Diego Padres,-175,131,1.57,2.31,2025-05-05 23:05:00+00:00,0.0,/baseball-odds/usa-mlb/ny-yankees-san-diego-2025-05-06/1148555
778047,2025-05-05,Miami Marlins,Los Angeles Dodgers,178,-227,2.78,1.44,2025-05-05 22:40:00+00:00,0.0,/baseball-odds/usa-mlb/miami-la-dodgers-2025-05-06/1148553
778049,2025-05-05,Atlanta Braves,Cincinnati Reds,-130,105,1.77,2.05,2025-05-05 23:15:00+00:00,0.0,/baseball-odds/usa-mlb/atlanta-cincinnati-2025-05-06/1148556
778024,2025-05-06,Athletics,Seattle Mariners,-120,100,1.83,2.0,2025-05-07 02:05:00+00:00,0.0,/baseball-odds/usa-mlb/athletics-seattle-2025-05-07/1149962
778025,2025-05-06,Los Angeles Angels,Toronto Blue Jays,-104,-119,1.96,1.84,2025-05-07 01:38:00+00:00,0.0,/baseball-odds/usa-mlb/la-angels-toronto-2025-05-07/1148574
778026,2025-05-06,Washington Nationals,Cleveland Guardians,103,-135,2.03,1.74,2025-05-06 19:35:00+00:00,0.0,/baseball-odds/usa-mlb/washington-cleveland-2025-05-06/1151866
778027,2025-05-06,Chicago Cubs,San Francisco Giants,-156,121,1.64,2.21,2025-05-06 23:40:00+00:00,0.0,/baseball-odds/usa-mlb/cubs-san-francisco-2025-05-07/1148571
778028,2025-05-06,Minnesota Twins,Baltimore Orioles,-164,128,1.61,2.28,2025-05-06 23:40:00+00:00,0.0,/baseball-odds/usa-mlb/minnesota-baltimore-2025-05-07/1148570
778030,2025-05-06,St. Louis Cardinals,Pittsburgh Pirates,-108,-120,1.93,1.83,2025-05-06 23:45:00+00:00,0.0,/baseball-odds/usa-mlb/st-louis-pittsburgh-2025-05-07/1148572
778031,2025-05-06,Milwaukee Brewers,Houston Astros,-127,102,1.79,2.02,2025-05-06 23:40:00+00:00,0.0,/baseball-odds/usa-mlb/milwaukee-houston-2025-05-07/1148568
778032,2025-05-06,Arizona Diamondbacks,New York Mets,-114,-109,1.88,1.92,2025-05-07 01:40:00+00:00,0.0,/baseball-odds/usa-mlb/arizona-ny-mets-2025-05-07/1148575
778033,2025-05-06,Kansas City Royals,Chicago White Sox,-244,175,1.41,2.75,2025-05-06 23:40:00+00:00,0.0,/baseball-odds/usa-mlb/kansas-city-white-sox-2025-05-07/1148569
778034,2025-05-06,Atlanta Braves,Cincinnati Reds,-217,163,1.46,2.63,2025-05-06 23:15:00+00:00,0.0,/baseball-odds/usa-mlb/atlanta-cincinnati-2025-05-07/1148567
778035,2025-05-06,Miami Marlins,Los Angeles Dodgers,200,-286,3.0,1.35,2025-05-06 22:40:00+00:00,0.0,/baseball-odds/usa-mlb/miami-la-dodgers-2025-05-07/1148563
778037,2025-05-06,Boston Red Sox,Texas Rangers,-103,-123,1.97,1.81,2025-05-06 22:45:00+00:00,0.0,/baseball-odds/usa-mlb/boston-texas-2025-05-07/1148565
778040,2025-05-06,Tampa Bay Rays,Philadelphia Phillies,108,-143,2.08,1.7,2025-05-06 23:05:00+00:00,0.0,/baseball-odds/usa-mlb/tampa-bay-philadelphia-2025-05-07/1150115
778041,2025-05-06,New York Yankees,San Diego Padres,-112,-112,1.89,1.89,2025-05-06 23:05:00+00:00,0.0,/baseball-odds/usa-mlb/ny-yankees-san-diego-2025-05-07/1148566
778046,2025-05-06,Washington Nationals,Cleveland Guardians,103,-135,2.03,1.74,2025-05-06 19:35:00+00:00,0.08333333333333333,/baseball-odds/usa-mlb/washington-cleveland-2025-05-06/1151866
778009,2025-05-07,Los Angeles Angels,Toronto Blue Jays,-103,-123,1.97,1.81,2025-05-08 01:38:00+00:00,0.0,/baseball-odds/usa-mlb/la-angels-toronto-2025-05-08/1148589
778010,2025-05-07,Athletics,Seattle Mariners,117,-145,2.17,1.69,2025-05-07 19:35:00+00:00,0.0,/baseball-odds/usa-mlb/athletics-seattle-2025-05-07/1149963
778011,2025-05-07,Minnesota Twins,Baltimore Orioles,-152,114,1.66,2.14,2025-05-07 23:40:00+00:00,0.0,/baseball-odds/usa-mlb/minnesota-baltimore-2025-05-08/1148587
778012,2025-05-07,Kansas City Royals,Chicago White Sox,-238,172,1.42,2.72,2025-05-07 23:40:00+00:00,0.0,/baseball-odds/usa-mlb/kansas-city-white-sox-2025-05-08/1148586
778013,2025-05-07,Colorado Rockies,Detroit Tigers,135,-169,2.35,1.59,2025-05-08 00:40:00+00:00,0.0,/baseball-odds/usa-mlb/colorado-detroit-2025-05-08/1148588
778014,2025-05-07,Arizona Diamondbacks,New York Mets,-111,-116,1.9,1.86,2025-05-07 19:40:00+00:00,0.0,/baseball-odds/usa-mlb/arizona-ny-mets-2025-05-07/1148581
778015,2025-05-07,Milwaukee Brewers,Houston Astros,106,-139,2.06,1.72,2025-05-07 17:10:00+00:00,0.0,/baseball-odds/usa-mlb/milwaukee-houston-2025-05-07/1148578
778016,2025-05-07,St. Louis Cardinals,Pittsburgh Pirates,-192,147,1.52,2.47,2025-05-07 17:15:00+00:00,0.0,/baseball-odds/usa-mlb/st-louis-pittsburgh-2025-05-07/1148579
778017,2025-05-07,Miami Marlins,Los Angeles Dodgers,172,-227,2.72,1.44,2025-05-07 20:40:00+00:00,0.0,/baseball-odds/usa-mlb/miami-la-dodgers-2025-05-07/1148582
778018,2025-05-07,Boston Red Sox,Texas Rangers,-147,112,1.68,2.12,2025-05-07 22:45:00+00:00,0.0,/baseball-odds/usa-mlb/boston-texas-2025-05-08/1148583
778019,2025-05-07,New York Yankees,San Diego Padres,-175,140,1.57,2.4,2025-05-07 23:05:00+00:00,0.0,/baseball-odds/usa-mlb/ny-yankees-san-diego-2025-05-08/1148584
778020,2025-05-07,Chicago Cubs,San Francisco Giants,-175,131,1.57,2.31,2025-05-07 18:20:00+00:00,0.0,/baseball-odds/usa-mlb/cubs-san-francisco-2025-05-07/1148580
778021,2025-05-07,Tampa Bay Rays,Philadelphia Phillies,135,-182,2.35,1.55,2025-05-07 23:05:00+00:00,0.0,/baseball-odds/usa-mlb/tampa-bay-philadelphia-2025-05-08/1150116
778022,2025-05-07,Washington Nationals,Cleveland Guardians,-109,-120,1.92,1.83,2025-05-07 16:05:00+00:00,0.0,/baseball-odds/usa-mlb/washington-cleveland-2025-05-07/1148577
778023,2025-05-07,Atlanta Braves,Cincinnati Reds,-127,-105,1.79,1.95,2025-05-07 23:15:00+00:00,0.0,/baseball-odds/usa-mlb/atlanta-cincinnati-2025-05-08/1148585
777999,2025-05-08,Arizona Diamondbacks,Los Angeles Dodgers,129,-156,2.29,1.64,2025-05-09 01:40:00+00:00,0.0,/baseball-odds/usa-mlb/arizona-la-dodgers-2025-05-09/1148597
778000,2025-05-08,Los Angeles Angels,Toronto Blue Jays,105,-137,2.05,1.73,2025-05-09 01:38:00+00:00,0.0,/baseball-odds/usa-mlb/la-angels-toronto-2025-05-09/1148596
778003,2025-05-08,Atlanta Braves,Cincinnati Reds,-217,172,1.46,2.72,2025-05-08 23:15:00+00:00,0.0,/baseball-odds/usa-mlb/atlanta-cincinnati-2025-05-09/1148595
778004,2025-05-08,Colorado Rockies,Detroit Tigers,133,-172,2.33,1.58,2025-05-08 19:10:00+00:00,0.0,/baseball-odds/usa-mlb/colorado-detroit-2025-05-08/1148594
778005,2025-05-08,Tampa Bay Rays,Philadelphia Phillies,120,-159,2.2,1.63,2025-05-08 23:05:00+00:00,0.0,/baseball-odds/usa-mlb/tampa-bay-philadelphia-2025-05-09/1150117
778006,2025-05-08,Boston Red Sox,Texas Rangers,-164,128,1.61,2.28,2025-05-08 17:35:00+00:00,0.0,/baseball-odds/usa-mlb/boston-texas-2025-05-08/1148592
778007,2025-05-08,Minnesota Twins,Baltimore Orioles,-172,129,1.58,2.29,2025-05-08 17:10:00+00:00,0.0,/baseball-odds/usa-mlb/minnesota-baltimore-2025-05-08/1148591
778008,2025-05-08,Kansas City Royals,Chicago White Sox,-256,200,1.39,3.0,2025-05-08 18:10:00+00:00,0.0,/baseball-odds/usa-mlb/kansas-city-white-sox-2025-05-08/1148593
778029,2025-05-08,Colorado Rockies,Detroit Tigers,133,-172,2.33,1.58,2025-05-08 19:10:00+00:00,0.08333333333333333,/baseball-odds/usa-mlb/colorado-detroit-2025-05-08/1148594
777984,2025-05-09,Seattle Mariners,Toronto Blue Jays,-154,116,1.65,2.16,2025-05-10 01:40:00+00:00,0.0,/baseball-odds/usa-mlb/seattle-toronto-2025-05-10/1148611
777986,2025-05-09,Los Angeles Angels,Baltimore Orioles,116,-141,2.16,1.71,2025-05-10 01:38:00+00:00,0.0,/baseball-odds/usa-mlb/la-angels-baltimore-2025-05-10/1148609
777988,2025-05-09,Arizona Diamondbacks,Los Angeles Dodgers,-122,-106,1.82,1.94,2025-05-10 01:40:00+00:00,0.0,/baseball-odds/usa-mlb/arizona-la-dodgers-2025-05-10/1148610
777989,2025-05-09,Houston Astros,Cincinnati Reds,-196,149,1.51,2.49,2025-05-10 00:10:00+00:00,0.0,/baseball-odds/usa-mlb/houston-cincinnati-2025-05-10/1150121
777990,2025-05-09,Kansas City Royals,Boston Red Sox,-115,-112,1.87,1.89,2025-05-09 23:40:00+00:00,0.0,/baseball-odds/usa-mlb/kansas-city-boston-2025-05-10/1148606
777991,2025-05-09,Chicago White Sox,Miami Marlins,113,-145,2.13,1.69,2025-05-09 23:40:00+00:00,0.0,/baseball-odds/usa-mlb/white-sox-miami-2025-05-10/1150120
777992,2025-05-09,Minnesota Twins,San Francisco Giants,-104,-122,1.96,1.82,2025-05-10 00:10:00+00:00,0.0,/baseball-odds/usa-mlb/minnesota-san-francisco-2025-05-10/1148607
777993,2025-05-09,Colorado Rockies,San Diego Padres,144,-196,2.44,1.51,2025-05-10 00:40:00+00:00,0.0,/baseball-odds/usa-mlb/colorado-san-diego-2025-05-10/1148608
777994,2025-05-09,Athletics,New York Yankees,128,-159,2.28,1.63,2025-05-10 02:05:00+00:00,0.0,/baseball-odds/usa-mlb/athletics-ny-yankees-2025-05-10/1149964
777995,2025-05-09,Washington Nationals,St. Louis Cardinals,-109,-119,1.92,1.84,2025-05-09 22:45:00+00:00,0.0,/baseball-odds/usa-mlb/washington-st-louis-2025-05-10/1148604
777996,2025-05-09,Detroit Tigers,Texas Rangers,-323,275,1.31,3.75,2025-05-09 22:40:00+00:00,0.0,/baseball-odds/usa-mlb/detroit-texas-2025-05-10/1148602
777997,2025-05-09,Cleveland Guardians,Philadelphia Phillies,-108,-119,1.93,1.84,2025-05-09 23:10:00+00:00,0.0,/baseball-odds/usa-mlb/cleveland-philadelphia-2025-05-10/1150119
777998,2025-05-09,Pittsburgh Pirates,Atlanta Braves,120,-154,2.2,1.65,2025-05-09 22:40:00+00:00,0.0,/baseball-odds/usa-mlb/pittsburgh-atlanta-2025-05-10/1148603
778001,2025-05-09,New York Mets,Chicago Cubs,-141,113,1.71,2.13,2025-05-09 23:10:00+00:00,0.0,/baseball-odds/usa-mlb/ny-mets-cubs-2025-05-10/1148605
778002,2025-05-09,Tampa Bay Rays,Milwaukee Brewers,100,-127,2.0,1.79,2025-05-09 23:05:00+00:00,0.0,/baseball-odds/usa-mlb/tampa-bay-milwaukee-2025-05-10/1150118
777970,2025-05-10,Seattle Mariners,Toronto Blue Jays,-147,112,1.68,2.12,2025-05-11 01:40:00+00:00,0.0,/baseball-odds/usa-mlb/seattle-toronto-2025-05-11/1148625
777972,2025-05-10,Athletics,New York Yankees,129,-161,2.29,1.62,2025-05-10 20:05:00+00:00,0.0,/baseball-odds/usa-mlb/athletics-ny-yankees-2025-05-10/1149965
777973,2025-05-10,Los Angeles Angels,Baltimore Orioles,117,-149,2.17,1.67,2025-05-11 01:38:00+00:00,0.0,/baseball-odds/usa-mlb/la-angels-baltimore-2025-05-11/1148624
777974,2025-05-10,Minnesota Twins,San Francisco Giants,-106,-122,1.94,1.82,2025-05-10 23:15:00+00:00,0.0,/baseball-odds/usa-mlb/minnesota-san-francisco-2025-05-11/1148621
777975,2025-05-10,Arizona Diamondbacks,Los Angeles Dodgers,-128,-102,1.78,1.98,2025-05-11 00:10:00+00:00,0.0,/baseball-odds/usa-mlb/arizona-la-dodgers-2025-05-11/1148622
777976,2025-05-10,Colorado Rockies,San Diego Padres,188,-244,2.88,1.41,2025-05-11 00:10:00+00:00,0.0,/baseball-odds/usa-mlb/colorado-san-diego-2025-05-11/1148623
777977,2025-05-10,Kansas City Royals,Boston Red Sox,-120,-105,1.83,1.95,2025-05-10 23:10:00+00:00,0.0,/baseball-odds/usa-mlb/kansas-city-boston-2025-05-11/1148619
777978,2025-05-10,Chicago White Sox,Miami Marlins,-112,-110,1.89,1.91,2025-05-10 23:10:00+00:00,0.0,/baseball-odds/usa-mlb/white-sox-miami-2025-05-11/1150124
777979,2025-05-10,Houston Astros,Cincinnati Reds,-132,101,1.76,2.01,2025-05-10 23:10:00+00:00,0.0,/baseball-odds/usa-mlb/houston-cincinnati-2025-05-11/1150125
777980,2025-05-10,Washington Nationals,St. Louis Cardinals,-106,-119,1.94,1.84,2025-05-10 20:05:00+00:00,0.0,/baseball-odds/usa-mlb/washington-st-louis-2025-05-10/1148616
777981,2025-05-10,Tampa Bay Rays,Milwaukee Brewers,-120,-108,1.83,1.93,2025-05-10 20:10:00+00:00,0.0,/baseball-odds/usa-mlb/tampa-bay-milwaukee-2025-05-10/1150122
777982,2025-05-10,New York Mets,Chicago Cubs,-182,135,1.55,2.35,2025-05-10 23:15:00+00:00,0.0,/baseball-odds/usa-mlb/ny-mets-cubs-2025-05-11/1148620
777983,2025-05-10,Cleveland Guardians,Philadelphia Phillies,110,-133,2.1,1.75,2025-05-10 22:10:00+00:00,0.0,/baseball-odds/usa-mlb/cleveland-philadelphia-2025-05-11/1150123
777985,2025-05-10,Pittsburgh Pirates,Atlanta Braves,120,-159,2.2,1.63,2025-05-10 20:05:00+00:00,0.0,/baseball-odds/usa-mlb/pittsburgh-atlanta-2025-05-10/1148617
777987,2025-05-10,Detroit Tigers,Texas Rangers,106,-132,2.06,1.76,2025-05-10 22:10:00+00:00,0.0,/baseball-odds/usa-mlb/detroit-texas-2025-05-11/1148618
777954,2025-05-11,Arizona Diamondbacks,Los Angeles Dodgers,-103,-123,1.97,1.81,2025-05-11 20:10:00+00:00,0.0,/baseball-odds/usa-mlb/arizona-la-dodgers-2025-05-11/1148637
777955,2025-05-11,Colorado Rockies,San Diego Padres,238,-345,3.38,1.29,2025-05-11 19:10:00+00:00,0.0,/baseball-odds/usa-mlb/colorado-san-diego-2025-05-11/1148635
777956,2025-05-11,Minnesota Twins,San Francisco Giants,-172,131,1.58,2.31,2025-05-11 18:10:00+00:00,0.0,/baseball-odds/usa-mlb/minnesota-san-francisco-2025-05-11/1148634
777957,2025-05-11,Athletics,New York Yankees,123,-154,2.23,1.65,2025-05-11 20:05:00+00:00,0.0,/baseball-odds/usa-mlb/athletics-ny-yankees-2025-05-11/1149966
777958,2025-05-11,Seattle Mariners,Toronto Blue Jays,-179,138,1.56,2.38,2025-05-11 20:10:00+00:00,0.0,/baseball-odds/usa-mlb/seattle-toronto-2025-05-11/1148638
777961,2025-05-11,Los Angeles Angels,Baltimore Orioles,119,-156,2.19,1.64,2025-05-11 20:07:00+00:00,0.0,/baseball-odds/usa-mlb/la-angels-baltimore-2025-05-11/1148636
777962,2025-05-11,Washington Nationals,St. Louis Cardinals,-143,114,1.7,2.14,2025-05-11 17:35:00+00:00,0.0,/baseball-odds/usa-mlb/washington-st-louis-2025-05-11/1148629
777963,2025-05-11,Houston Astros,Cincinnati Reds,-154,120,1.65,2.2,2025-05-11 18:10:00+00:00,0.0,/baseball-odds/usa-mlb/houston-cincinnati-2025-05-11/1150128
777964,2025-05-11,Tampa Bay Rays,Milwaukee Brewers,-154,113,1.65,2.13,2025-05-11 17:40:00+00:00,0.0,/baseball-odds/usa-mlb/tampa-bay-milwaukee-2025-05-11/1150126
777965,2025-05-11,Kansas City Royals,Boston Red Sox,-135,108,1.74,2.08,2025-05-11 18:10:00+00:00,0.0,/baseball-odds/usa-mlb/kansas-city-boston-2025-05-11/1148633
777966,2025-05-11,Chicago White Sox,Miami Marlins,105,-137,2.05,1.73,2025-05-11 18:10:00+00:00,0.0,/baseball-odds/usa-mlb/white-sox-miami-2025-05-11/1150127
777967,2025-05-11,Pittsburgh Pirates,Atlanta Braves,172,-238,2.72,1.42,2025-05-11 17:35:00+00:00,0.0,/baseball-odds/usa-mlb/pittsburgh-atlanta-2025-05-11/1148630
777968,2025-05-11,New York Mets,Chicago Cubs,-135,103,1.74,2.03,2025-05-11 16:05:00+00:00,0.0,/baseball-odds/usa-mlb/ny-mets-cubs-2025-05-11/1151839
777969,2025-05-11,Detroit Tigers,Texas Rangers,-116,-109,1.86,1.92,2025-05-11 17:40:00+00:00,0.0,/baseball-odds/usa-mlb/detroit-texas-2025-05-11/1148632
777971,2025-05-11,Cleveland Guardians,Philadelphia Phillies,135,-182,2.35,1.55,2025-05-11 23:10:00+00:00,0.0,/baseball-odds/usa-mlb/cleveland-philadelphia-2025-05-12/1148639
777939,2025-05-12,San Francisco Giants,Arizona Diamondbacks,101,-132,2.01,1.76,2025-05-13 01:45:00+00:00,0.0,/baseball-odds/usa-mlb/san-francisco-arizona-2025-05-13/1148650
777941,2025-05-12,Seattle Mariners,New York Yankees,120,-159,2.2,1.63,2025-05-13 01:40:00+00:00,0.0,/baseball-odds/usa-mlb/seattle-ny-yankees-2025-05-13/1148649
777947,2025-05-12,San Diego Padres,Los Angeles Angels,-270,178,1.37,2.78,2025-05-13 01:40:00+00:00,0.0,/baseball-odds/usa-mlb/san-diego-la-angels-2025-05-13/1148648
777948,2025-05-12,Houston Astros,Kansas City Royals,-130,102,1.77,2.02,2025-05-13 00:10:00+00:00,0.0,/baseball-odds/usa-mlb/houston-kansas-city-2025-05-13/1150130
777949,2025-05-12,Texas Rangers,Colorado Rockies,-278,204,1.36,3.04,2025-05-13 00:05:00+00:00,0.0,/baseball-odds/usa-mlb/texas-colorado-2025-05-13/1148647
777950,2025-05-12,New York Mets,Pittsburgh Pirates,-172,133,1.58,2.33,2025-05-12 23:10:00+00:00,0.0,/baseball-odds/usa-mlb/ny-mets-pittsburgh-2025-05-13/1148644
777951,2025-05-12,Detroit Tigers,Boston Red Sox,-102,-120,1.98,1.83,2025-05-12 22:40:00+00:00,0.0,/baseball-odds/usa-mlb/detroit-boston-2025-05-13/1148642
777952,2025-05-12,Chicago Cubs,Miami Marlins,-263,204,1.38,3.04,2025-05-12 23:40:00+00:00,0.0,/baseball-odds/usa-mlb/cubs-miami-2025-05-13/1148646
777953,2025-05-12,Philadelphia Phillies,St. Louis Cardinals,-189,140,1.53,2.4,2025-05-12 22:45:00+00:00,0.0,/baseball-odds/usa-mlb/philadelphia-st-louis-2025-05-13/1148643
777959,2025-05-12,Atlanta Braves,Washington Nationals,-189,147,1.53,2.47,2025-05-12 23:15:00+00:00,0.0,/baseball-odds/usa-mlb/atlanta-washington-2025-05-13/1148645
777960,2025-05-12,Cleveland Guardians,Milwaukee Brewers,-108,-125,1.93,1.8,2025-05-12 22:10:00+00:00,0.0,/baseball-odds/usa-mlb/cleveland-milwaukee-2025-05-13/1150129
777926,2025-05-13,Seattle Mariners,New York Yankees,121,-152,2.21,1.66,2025-05-14 01:40:00+00:00,0.0,/baseball-odds/usa-mlb/seattle-ny-yankees-2025-05-14/1148662
777930,2025-05-13,San Francisco Giants,Arizona Diamondbacks,-109,-119,1.92,1.84,2025-05-14 01:45:00+00:00,0.0,/baseball-odds/usa-mlb/san-francisco-arizona-2025-05-14/1148664
777931,2025-05-13,Houston Astros,Kansas City Royals,-145,111,1.69,2.11,2025-05-14 00:10:00+00:00,0.0,/baseball-odds/usa-mlb/houston-kansas-city-2025-05-14/1150132
777932,2025-05-13,San Diego Padres,Los Angeles Angels,-222,166,1.45,2.66,2025-05-14 01:40:00+00:00,0.0,/baseball-odds/usa-mlb/san-diego-la-angels-2025-05-14/1148663
777934,2025-05-13,Texas Rangers,Colorado Rockies,-227,178,1.44,2.78,2025-05-14 00:05:00+00:00,0.0,/baseball-odds/usa-mlb/texas-colorado-2025-05-14/1148661
777935,2025-05-13,Toronto Blue Jays,Tampa Bay Rays,-152,117,1.66,2.17,2025-05-13 23:07:00+00:00,0.0,/baseball-odds/usa-mlb/toronto-tampa-bay-2025-05-14/1148657
777936,2025-05-13,Chicago Cubs,Miami Marlins,-286,208,1.35,3.08,2025-05-13 23:40:00+00:00,0.0,/baseball-odds/usa-mlb/cubs-miami-2025-05-14/1148660
777937,2025-05-13,Los Angeles Dodgers,Athletics,-200,161,1.5,2.61,2025-05-14 02:10:00+00:00,0.0,/baseball-odds/usa-mlb/la-dodgers-athletics-2025-05-14/1149967
777940,2025-05-13,Detroit Tigers,Boston Red Sox,-115,100,1.87,2.0,2025-05-13 22:40:00+00:00,0.0,/baseball-odds/usa-mlb/detroit-boston-2025-05-14/1148654
777942,2025-05-13,Atlanta Braves,Washington Nationals,-222,175,1.45,2.75,2025-05-13 23:15:00+00:00,0.0,/baseball-odds/usa-mlb/atlanta-washington-2025-05-14/1148659
777943,2025-05-13,New York Mets,Pittsburgh Pirates,-250,196,1.4,2.96,2025-05-13 23:10:00+00:00,0.0,/baseball-odds/usa-mlb/ny-mets-pittsburgh-2025-05-14/1148658
777944,2025-05-13,Cleveland Guardians,Milwaukee Brewers,-141,116,1.71,2.16,2025-05-13 22:10:00+00:00,0.0,/baseball-odds/usa-mlb/cleveland-milwaukee-2025-05-14/1150131
777945,2025-05-13,Cincinnati Reds,Chicago White Sox,-217,163,1.46,2.63,2025-05-13 22:40:00+00:00,0.0,/baseball-odds/usa-mlb/cincinnati-white-sox-2025-05-14/1148655
777914,2025-05-14,San Diego Padres,Los Angeles Angels,-204,149,1.49,2.49,2025-05-15 01:40:00+00:00,0.0,/baseball-odds/usa-mlb/san-diego-la-angels-2025-05-15/1148678
777915,2025-05-14,Seattle Mariners,New York Yankees,-105,-118,1.95,1.85,2025-05-14 20:10:00+00:00,0.0,/baseball-odds/usa-mlb/seattle-ny-yankees-2025-05-14/1148669
777916,2025-05-14,San Francisco Giants,Arizona Diamondbacks,-102,-122,1.98,1.82,2025-05-14 19:45:00+00:00,0.0,/baseball-odds/usa-mlb/san-francisco-arizona-2025-05-14/1148668
777917,2025-05-14,Los Angeles Dodgers,Athletics,-303,232,1.33,3.32,2025-05-15 02:10:00+00:00,0.0,/baseball-odds/usa-mlb/la-dodgers-athletics-2025-05-15/1149968
777918,2025-05-14,Texas Rangers,Colorado Rockies,-250,178,1.4,2.78,2025-05-15 00:05:00+00:00,0.0,/baseball-odds/usa-mlb/texas-colorado-2025-05-15/1148677
777919,2025-05-14,New York Mets,Pittsburgh Pirates,-270,200,1.37,3.0,2025-05-14 23:10:00+00:00,0.0,/baseball-odds/usa-mlb/ny-mets-pittsburgh-2025-05-15/1148673
777920,2025-05-14,Houston Astros,Kansas City Royals,-127,100,1.79,2.0,2025-05-15 00:10:00+00:00,0.0,/baseball-odds/usa-mlb/houston-kansas-city-2025-05-15/1150134
777921,2025-05-14,Chicago Cubs,Miami Marlins,-233,175,1.43,2.75,2025-05-14 23:40:00+00:00,0.0,/baseball-odds/usa-mlb/cubs-miami-2025-05-15/1148676
777922,2025-05-14,Philadelphia Phillies,St. Louis Cardinals,-196,149,1.51,2.49,2025-05-14 17:05:00+00:00,0.0,/baseball-odds/usa-mlb/philadelphia-st-louis-2025-05-14/1148667
777923,2025-05-14,Toronto Blue Jays,Tampa Bay Rays,-169,131,1.59,2.31,2025-05-14 23:07:00+00:00,0.0,/baseball-odds/usa-mlb/toronto-tampa-bay-2025-05-15/1148672
777924,2025-05-14,Baltimore Orioles,Minnesota Twins,-133,110,1.75,2.1,2025-05-14 16:05:00+00:00,0.0,/baseball-odds/usa-mlb/baltimore-minnesota-2025-05-14/1151883
777925,2025-05-14,Cleveland Guardians,Milwaukee Brewers,-133,102,1.75,2.02,2025-05-14 17:10:00+00:00,0.0,/baseball-odds/usa-mlb/cleveland-milwaukee-2025-05-14/1150133
777927,2025-05-14,Detroit Tigers,Boston Red Sox,-250,185,1.4,2.85,2025-05-14 22:40:00+00:00,0.0,/baseball-odds/usa-mlb/detroit-boston-2025-05-15/1148671
777928,2025-05-14,Cincinnati Reds,Chicago White Sox,-213,172,1.47,2.72,2025-05-14 23:14:00+00:00,0.0,/baseball-odds/usa-mlb/cincinnati-white-sox-2025-05-15/1148674
777929,2025-05-14,Atlanta Braves,Washington Nationals,-189,149,1.53,2.49,2025-05-14 23:15:00+00:00,0.0,/baseball-odds/usa-mlb/atlanta-washington-2025-05-15/1148675
777933,2025-05-14,Philadelphia Phillies,St. Louis Cardinals,-130,-101,1.77,1.99,2025-05-14 22:15:00+00:00,0.0,/baseball-odds/usa-mlb/philadelphia-st-louis-2025-05-15/1151885
777938,2025-05-14,Baltimore Orioles,Minnesota Twins,-133,110,1.75,2.1,2025-05-14 16:05:00+00:00,0.08333333333333333,/baseball-odds/usa-mlb/baltimore-minnesota-2025-05-14/1151883
777909,2025-05-15,Atlanta Braves,Washington Nationals,-208,163,1.48,2.63,2025-05-15 16:15:00+00:00,0.0,/baseball-odds/usa-mlb/atlanta-washington-2025-05-15/1148679
777910,2025-05-15,Texas Rangers,Houston Astros,-145,114,1.69,2.14,2025-05-16 00:05:00+00:00,0.0,/baseball-odds/usa-mlb/texas-houston-2025-05-16/1148683
777911,2025-05-15,Baltimore Orioles,Minnesota Twins,-137,105,1.73,2.05,2025-05-15 16:35:00+00:00,0.0,/baseball-odds/usa-mlb/baltimore-minnesota-2025-05-15/1148680
777912,2025-05-15,Cincinnati Reds,Chicago White Sox,-250,196,1.4,2.96,2025-05-15 16:40:00+00:00,0.0,/baseball-odds/usa-mlb/cincinnati-white-sox-2025-05-15/1148681
777913,2025-05-15,Toronto Blue Jays,Tampa Bay Rays,-175,131,1.57,2.31,2025-05-15 19:07:00+00:00,0.0,/baseball-odds/usa-mlb/toronto-tampa-bay-2025-05-15/1148682
777946,2025-05-15,Los Angeles Dodgers,Athletics,-256,204,1.39,3.04,2025-05-16 02:10:00+00:00,0.0,/baseball-odds/usa-mlb/la-dodgers-athletics-2025-05-16/1149969
777891,2025-05-16,San Francisco Giants,Athletics,-208,163,1.48,2.63,2025-05-17 02:15:00+00:00,0.0,/baseball-odds/usa-mlb/san-francisco-athletics-2025-05-17/1149970
777895,2025-05-16,Texas Rangers,Houston Astros,-200,161,1.5,2.61,2025-05-17 00:05:00+00:00,0.0,/baseball-odds/usa-mlb/texas-houston-2025-05-17/1148693
777896,2025-05-16,San Diego Padres,Seattle Mariners,-172,140,1.58,2.4,2025-05-17 01:40:00+00:00,0.0,/baseball-odds/usa-mlb/san-diego-seattle-2025-05-17/1148696
777897,2025-05-16,Arizona Diamondbacks,Colorado Rockies,-370,263,1.27,3.63,2025-05-17 01:40:00+00:00,0.0,/baseball-odds/usa-mlb/arizona-colorado-2025-05-17/1148695
777898,2025-05-16,Milwaukee Brewers,Minnesota Twins,-108,-118,1.93,1.85,2025-05-17 00:10:00+00:00,0.0,/baseball-odds/usa-mlb/milwaukee-minnesota-2025-05-17/1148694
777899,2025-05-16,Los Angeles Dodgers,Los Angeles Angels,-333,243,1.3,3.43,2025-05-17 02:10:00+00:00,0.0,/baseball-odds/usa-mlb/la-dodgers-la-angels-2025-05-17/1148697
777900,2025-05-16,Chicago Cubs,Chicago White Sox,-233,166,1.43,2.66,2025-05-16 18:20:00+00:00,0.0,/baseball-odds/usa-mlb/cubs-white-sox-2025-05-16/1148684
777901,2025-05-16,Kansas City Royals,St. Louis Cardinals,-159,120,1.63,2.2,2025-05-16 23:40:00+00:00,0.0,/baseball-odds/usa-mlb/kansas-city-st-louis-2025-05-17/1148692
777903,2025-05-16,Miami Marlins,Tampa Bay Rays,104,-128,2.04,1.78,2025-05-16 23:10:00+00:00,0.0,/baseball-odds/usa-mlb/miami-tampa-bay-2025-05-17/1148691
777904,2025-05-16,New York Yankees,New York Mets,-159,120,1.63,2.2,2025-05-16 23:05:00+00:00,0.0,/baseball-odds/usa-mlb/ny-yankees-ny-mets-2025-05-17/1148688
777905,2025-05-16,Philadelphia Phillies,Pittsburgh Pirates,-244,188,1.41,2.88,2025-05-16 22:45:00+00:00,0.0,/baseball-odds/usa-mlb/philadelphia-pittsburgh-2025-05-17/1148686
777906,2025-05-16,Toronto Blue Jays,Detroit Tigers,-105,-120,1.95,1.83,2025-05-16 23:07:00+00:00,0.0,/baseball-odds/usa-mlb/toronto-detroit-2025-05-17/1148689
777907,2025-05-16,Baltimore Orioles,Washington Nationals,-122,104,1.82,2.04,2025-05-16 23:05:00+00:00,0.0,/baseball-odds/usa-mlb/baltimore-washington-2025-05-17/1148687
777908,2025-05-16,Boston Red Sox,Atlanta Braves,-116,-109,1.86,1.92,2025-05-16 23:10:00+00:00,0.0,/baseball-odds/usa-mlb/boston-atlanta-2025-05-17/1148690
777875,2025-05-17,San Diego Padres,Seattle Mariners,-196,149,1.51,2.49,2025-05-18 00:40:00+00:00,0.0,/baseball-odds/usa-mlb/san-diego-seattle-2025-05-18/1148710
777879,2025-05-17,San Francisco Giants,Athletics,-164,131,1.61,2.31,2025-05-18 01:05:00+00:00,0.0,/baseball-odds/usa-mlb/san-francisco-athletics-2025-05-18/1149971
777881,2025-05-17,Chicago Cubs,Chicago White Sox,-333,238,1.3,3.38,2025-05-17 18:20:00+00:00,0.0,/baseball-odds/usa-mlb/cubs-white-sox-2025-05-17/1148699
777882,2025-05-17,Texas Rangers,Houston Astros,-122,-104,1.82,1.96,2025-05-17 23:05:00+00:00,0.0,/baseball-odds/usa-mlb/texas-houston-2025-05-18/1148705
777883,2025-05-17,Milwaukee Brewers,Minnesota Twins,-102,-122,1.98,1.82,2025-05-17 23:15:00+00:00,0.0,/baseball-odds/usa-mlb/milwaukee-minnesota-2025-05-18/1148707
777884,2025-05-17,Los Angeles Dodgers,Los Angeles Angels,-238,178,1.42,2.78,2025-05-18 01:10:00+00:00,0.0,/baseball-odds/usa-mlb/la-dodgers-la-angels-2025-05-18/1148711
777885,2025-05-17,Kansas City Royals,St. Louis Cardinals,-123,100,1.81,2.0,2025-05-17 23:10:00+00:00,0.0,/baseball-odds/usa-mlb/kansas-city-st-louis-2025-05-18/1148706
777886,2025-05-17,Toronto Blue Jays,Detroit Tigers,108,-128,2.08,1.78,2025-05-17 19:07:00+00:00,0.0,/baseball-odds/usa-mlb/toronto-detroit-2025-05-17/1148700
777887,2025-05-17,Arizona Diamondbacks,Colorado Rockies,-400,263,1.25,3.63,2025-05-18 00:10:00+00:00,0.0,/baseball-odds/usa-mlb/arizona-colorado-2025-05-18/1148709
777888,2025-05-17,New York Yankees,New York Mets,-139,108,1.72,2.08,2025-05-17 17:05:00+00:00,0.0,/baseball-odds/usa-mlb/ny-yankees-ny-mets-2025-05-17/1148698
777889,2025-05-17,Miami Marlins,Tampa Bay Rays,120,-154,2.2,1.65,2025-05-17 20:10:00+00:00,0.0,/baseball-odds/usa-mlb/miami-tampa-bay-2025-05-17/1148702
777890,2025-05-17,Baltimore Orioles,Washington Nationals,-156,121,1.64,2.21,2025-05-17 20:05:00+00:00,0.0,/baseball-odds/usa-mlb/baltimore-washington-2025-05-17/1148701
777892,2025-05-17,Cincinnati Reds,Cleveland Guardians,-105,-120,1.95,1.83,2025-05-17 22:40:00+00:00,0.0,/baseball-odds/usa-mlb/cincinnati-cleveland-2025-05-18/1148704
777893,2025-05-17,Boston Red Sox,Atlanta Braves,-127,-102,1.79,1.98,2025-05-17 23:15:00+00:00,0.0,/baseball-odds/usa-mlb/boston-atlanta-2025-05-18/1148708
777894,2025-05-17,Philadelphia Phillies,Pittsburgh Pirates,-357,238,1.28,3.38,2025-05-17 22:05:00+00:00,0.0,/baseball-odds/usa-mlb/philadelphia-pittsburgh-2025-05-18/1148703
777864,2025-05-18,Kansas City Royals,St. Louis Cardinals,-103,-120,1.97,1.83,2025-05-18 18:10:00+00:00,0.0,/baseball-odds/usa-mlb/kansas-city-st-louis-2025-05-18/1148719
777865,2025-05-18,Milwaukee Brewers,Minnesota Twins,-147,112,1.68,2.12,2025-05-18 18:10:00+00:00,0.0,/baseball-odds/usa-mlb/milwaukee-minnesota-2025-05-18/1148720
777866,2025-05-18,Los Angeles Dodgers,Los Angeles Angels,-244,175,1.41,2.75,2025-05-18 20:10:00+00:00,0.0,/baseball-odds/usa-mlb/la-dodgers-la-angels-2025-05-18/1148723
777867,2025-05-18,San Francisco Giants,Athletics,-154,125,1.65,2.25,2025-05-18 20:05:00+00:00,0.0,/baseball-odds/usa-mlb/san-francisco-athletics-2025-05-18/1149972
777868,2025-05-18,San Diego Padres,Seattle Mariners,-149,113,1.67,2.13,2025-05-18 20:10:00+00:00,0.0,/baseball-odds/usa-mlb/san-diego-seattle-2025-05-18/1148724
777869,2025-05-18,Texas Rangers,Houston Astros,-111,-110,1.9,1.91,2025-05-18 17:05:00+00:00,0.0,/baseball-odds/usa-mlb/texas-houston-2025-05-18/1148712
777870,2025-05-18,Arizona Diamondbacks,Colorado Rockies,-333,232,1.3,3.32,2025-05-18 20:10:00+00:00,0.0,/baseball-odds/usa-mlb/arizona-colorado-2025-05-18/1148722
777871,2025-05-18,Toronto Blue Jays,Detroit Tigers,-130,105,1.77,2.05,2025-05-18 17:37:00+00:00,0.0,/baseball-odds/usa-mlb/toronto-detroit-2025-05-18/1148716
777872,2025-05-18,Chicago Cubs,Chicago White Sox,-270,208,1.37,3.08,2025-05-18 18:20:00+00:00,0.0,/baseball-odds/usa-mlb/cubs-white-sox-2025-05-18/1148721
777873,2025-05-18,Baltimore Orioles,Washington Nationals,-200,147,1.5,2.47,2025-05-18 17:35:00+00:00,0.0,/baseball-odds/usa-mlb/baltimore-washington-2025-05-18/1148715
777874,2025-05-18,Cincinnati Reds,Cleveland Guardians,-135,112,1.74,2.12,2025-05-18 17:40:00+00:00,0.0,/baseball-odds/usa-mlb/cincinnati-cleveland-2025-05-18/1148717
777876,2025-05-18,Boston Red Sox,Atlanta Braves,101,-128,2.01,1.78,2025-05-18 17:35:00+00:00,0.0,/baseball-odds/usa-mlb/boston-atlanta-2025-05-18/1148714
777877,2025-05-18,Miami Marlins,Tampa Bay Rays,128,-161,2.28,1.62,2025-05-18 17:40:00+00:00,0.0,/baseball-odds/usa-mlb/miami-tampa-bay-2025-05-18/1148718
777878,2025-05-18,New York Yankees,New York Mets,-164,131,1.61,2.31,2025-05-18 23:10:00+00:00,0.0,/baseball-odds/usa-mlb/ny-yankees-ny-mets-2025-05-19/1148725
777880,2025-05-18,Philadelphia Phillies,Pittsburgh Pirates,-110,-106,1.91,1.94,2025-05-18 17:35:00+00:00,0.0,/baseball-odds/usa-mlb/philadelphia-pittsburgh-2025-05-18/1148713
777852,2025-05-19,Colorado Rockies,Philadelphia Phillies,178,-250,2.78,1.4,2025-05-20 00:40:00+00:00,0.0,/baseball-odds/usa-mlb/colorado-philadelphia-2025-05-20/1148734
777853,2025-05-19,Athletics,Los Angeles Angels,-143,112,1.7,2.12,2025-05-20 02:05:00+00:00,0.0,/baseball-odds/usa-mlb/athletics-la-angels-2025-05-20/1149973
777854,2025-05-19,Los Angeles Dodgers,Arizona Diamondbacks,-167,128,1.6,2.28,2025-05-20 02:10:00+00:00,0.0,/baseball-odds/usa-mlb/la-dodgers-arizona-2025-05-20/1148736
777855,2025-05-19,San Francisco Giants,Kansas City Royals,-143,112,1.7,2.12,2025-05-20 01:45:00+00:00,0.0,/baseball-odds/usa-mlb/san-francisco-kansas-city-2025-05-20/1148735
777856,2025-05-19,Boston Red Sox,New York Mets,100,-125,2.0,1.8,2025-05-19 22:45:00+00:00,0.0,/baseball-odds/usa-mlb/boston-ny-mets-2025-05-20/1148730
777857,2025-05-19,Chicago White Sox,Seattle Mariners,144,-200,2.44,1.5,2025-05-19 23:40:00+00:00,0.0,/baseball-odds/usa-mlb/white-sox-seattle-2025-05-20/1150136
777858,2025-05-19,Tampa Bay Rays,Houston Astros,-143,114,1.7,2.14,2025-05-19 23:05:00+00:00,0.0,/baseball-odds/usa-mlb/tampa-bay-houston-2025-05-20/1150135
777859,2025-05-19,Pittsburgh Pirates,Cincinnati Reds,-104,-119,1.96,1.84,2025-05-19 22:40:00+00:00,0.0,/baseball-odds/usa-mlb/pittsburgh-cincinnati-2025-05-20/1148729
777860,2025-05-19,Milwaukee Brewers,Baltimore Orioles,-122,-104,1.82,1.96,2025-05-19 23:40:00+00:00,0.0,/baseball-odds/usa-mlb/milwaukee-baltimore-2025-05-20/1148731
777861,2025-05-19,Minnesota Twins,Cleveland Guardians,-154,121,1.65,2.21,2025-05-19 23:40:00+00:00,0.0,/baseball-odds/usa-mlb/minnesota-cleveland-2025-05-20/1148732
777862,2025-05-19,St. Louis Cardinals,Detroit Tigers,-172,136,1.58,2.36,2025-05-19 23:45:00+00:00,0.0,/baseball-odds/usa-mlb/st-louis-detroit-2025-05-20/1148733
777863,2025-05-19,Miami Marlins,Chicago Cubs,133,-167,2.33,1.6,2025-05-19 22:40:00+00:00,0.0,/baseball-odds/usa-mlb/miami-cubs-2025-05-20/1148728
777836,2025-05-20,San Francisco Giants,Kansas City Royals,-141,116,1.71,2.16,2025-05-21 01:45:00+00:00,0.0,/baseball-odds/usa-mlb/san-francisco-kansas-city-2025-05-21/1148749
777838,2025-05-20,Los Angeles Dodgers,Arizona Diamondbacks,-233,181,1.43,2.81,2025-05-21 02:10:00+00:00,0.0,/baseball-odds/usa-mlb/la-dodgers-arizona-2025-05-21/1148750
777840,2025-05-20,St. Louis Cardinals,Detroit Tigers,138,-185,2.38,1.54,2025-05-20 23:45:00+00:00,0.0,/baseball-odds/usa-mlb/st-louis-detroit-2025-05-21/1148747
777841,2025-05-20,Washington Nationals,Atlanta Braves,129,-172,2.29,1.58,2025-05-20 22:45:00+00:00,0.0,/baseball-odds/usa-mlb/washington-atlanta-2025-05-21/1148742
777842,2025-05-20,Colorado Rockies,Philadelphia Phillies,220,-278,3.2,1.36,2025-05-21 00:40:00+00:00,0.0,/baseball-odds/usa-mlb/colorado-philadelphia-2025-05-21/1148748
777843,2025-05-20,Athletics,Los Angeles Angels,-182,133,1.55,2.33,2025-05-21 02:05:00+00:00,0.0,/baseball-odds/usa-mlb/athletics-la-angels-2025-05-21/1149974
777844,2025-05-20,Milwaukee Brewers,Baltimore Orioles,-125,101,1.8,2.01,2025-05-20 23:40:00+00:00,0.0,/baseball-odds/usa-mlb/milwaukee-baltimore-2025-05-21/1148745
777845,2025-05-20,Toronto Blue Jays,San Diego Padres,-114,-111,1.88,1.9,2025-05-20 23:07:00+00:00,0.0,/baseball-odds/usa-mlb/toronto-san-diego-2025-05-21/1148744
777846,2025-05-20,Chicago White Sox,Seattle Mariners,140,-175,2.4,1.57,2025-05-20 23:40:00+00:00,0.0,/baseball-odds/usa-mlb/white-sox-seattle-2025-05-21/1150138
777847,2025-05-20,Pittsburgh Pirates,Cincinnati Reds,114,-152,2.14,1.66,2025-05-20 22:40:00+00:00,0.0,/baseball-odds/usa-mlb/pittsburgh-cincinnati-2025-05-21/1148740
777848,2025-05-20,Tampa Bay Rays,Houston Astros,-141,113,1.71,2.13,2025-05-20 23:05:00+00:00,0.0,/baseball-odds/usa-mlb/tampa-bay-houston-2025-05-21/1150137
777849,2025-05-20,New York Yankees,Texas Rangers,-227,172,1.44,2.72,2025-05-20 23:05:00+00:00,0.0,/baseball-odds/usa-mlb/ny-yankees-texas-2025-05-21/1148743
777850,2025-05-20,Miami Marlins,Chicago Cubs,121,-156,2.21,1.64,2025-05-20 22:40:00+00:00,0.0,/baseball-odds/usa-mlb/miami-cubs-2025-05-21/1148739
777851,2025-05-20,Boston Red Sox,New York Mets,106,-139,2.06,1.72,2025-05-20 22:45:00+00:00,0.0,/baseball-odds/usa-mlb/boston-ny-mets-2025-05-21/1148741
777819,2025-05-21,San Francisco Giants,Kansas City Royals,-227,178,1.44,2.78,2025-05-21 19:45:00+00:00,0.0,/baseball-odds/usa-mlb/san-francisco-kansas-city-2025-05-21/1148758
777823,2025-05-21,Colorado Rockies,Philadelphia Phillies,153,-200,2.53,1.5,2025-05-22 00:40:00+00:00,0.0,/baseball-odds/usa-mlb/colorado-philadelphia-2025-05-22/1148763
777824,2025-05-21,Los Angeles Dodgers,Arizona Diamondbacks,-161,121,1.62,2.21,2025-05-22 02:10:00+00:00,0.0,/baseball-odds/usa-mlb/la-dodgers-arizona-2025-05-22/1148764
777826,2025-05-21,Milwaukee Brewers,Baltimore Orioles,-111,-114,1.9,1.88,2025-05-21 17:10:00+00:00,0.0,/baseball-odds/usa-mlb/milwaukee-baltimore-2025-05-21/1148756
777827,2025-05-21,St. Louis Cardinals,Detroit Tigers,-122,-101,1.82,1.99,2025-05-21 17:15:00+00:00,0.0,/baseball-odds/usa-mlb/st-louis-detroit-2025-05-21/1148757
777828,2025-05-21,Athletics,Los Angeles Angels,-152,125,1.66,2.25,2025-05-22 02:05:00+00:00,0.0,/baseball-odds/usa-mlb/athletics-la-angels-2025-05-22/1149975
777830,2025-05-21,Chicago White Sox,Seattle Mariners,117,-152,2.17,1.66,2025-05-21 18:10:00+00:00,0.0,/baseball-odds/usa-mlb/white-sox-seattle-2025-05-21/1150140
777831,2025-05-21,Boston Red Sox,New York Mets,-147,123,1.68,2.23,2025-05-21 22:45:00+00:00,0.0,/baseball-odds/usa-mlb/boston-ny-mets-2025-05-22/1148760
777832,2025-05-21,Tampa Bay Rays,Houston Astros,135,-169,2.35,1.59,2025-05-21 17:10:00+00:00,0.0,/baseball-odds/usa-mlb/tampa-bay-houston-2025-05-21/1150139
777833,2025-05-21,Miami Marlins,Chicago Cubs,116,-147,2.16,1.68,2025-05-21 17:10:00+00:00,0.0,/baseball-odds/usa-mlb/miami-cubs-2025-05-21/1148754
777834,2025-05-21,Pittsburgh Pirates,Cincinnati Reds,102,-130,2.02,1.77,2025-05-21 16:35:00+00:00,0.0,/baseball-odds/usa-mlb/pittsburgh-cincinnati-2025-05-21/1148753
777835,2025-05-21,New York Yankees,Texas Rangers,-120,-108,1.83,1.93,2025-05-21 23:05:00+00:00,0.0,/baseball-odds/usa-mlb/ny-yankees-texas-2025-05-22/1148761
777837,2025-05-21,Toronto Blue Jays,San Diego Padres,-179,139,1.56,2.39,2025-05-21 23:07:00+00:00,0.0,/baseball-odds/usa-mlb/toronto-san-diego-2025-05-22/1148762
777812,2025-05-22,Athletics,Los Angeles Angels,-141,116,1.71,2.16,2025-05-22 19:35:00+00:00,0.0,/baseball-odds/usa-mlb/athletics-la-angels-2025-05-22/1149976
777814,2025-05-22,Pittsburgh Pirates,Milwaukee Brewers,-105,-118,1.95,1.85,2025-05-22 22:40:00+00:00,0.0,/baseball-odds/usa-mlb/pittsburgh-milwaukee-2025-05-23/1148770
777816,2025-05-22,Toronto Blue Jays,San Diego Padres,-102,-119,1.98,1.84,2025-05-22 17:07:00+00:00,0.0,/baseball-odds/usa-mlb/toronto-san-diego-2025-05-22/1148767
777817,2025-05-22,Colorado Rockies,Philadelphia Phillies,208,-303,3.08,1.33,2025-05-22 19:10:00+00:00,0.0,/baseball-odds/usa-mlb/colorado-philadelphia-2025-05-22/1148768
777818,2025-05-22,New York Yankees,Texas Rangers,-161,129,1.62,2.29,2025-05-22 16:35:00+00:00,0.0,/baseball-odds/usa-mlb/ny-yankees-texas-2025-05-22/1148766
777820,2025-05-22,Washington Nationals,Atlanta Braves,126,-161,2.26,1.62,2025-05-22 22:45:00+00:00,0.0,/baseball-odds/usa-mlb/washington-atlanta-2025-05-23/1148772
777821,2025-05-22,Detroit Tigers,Cleveland Guardians,-130,-101,1.77,1.99,2025-05-22 22:40:00+00:00,0.0,/baseball-odds/usa-mlb/detroit-cleveland-2025-05-23/1148769
777822,2025-05-22,Houston Astros,Seattle Mariners,107,-133,2.07,1.75,2025-05-23 00:10:00+00:00,0.0,/baseball-odds/usa-mlb/houston-seattle-2025-05-23/1150141
777797,2025-05-23,St. Louis Cardinals,Arizona Diamondbacks,-105,-118,1.95,1.85,2025-05-24 00:15:00+00:00,0.0,/baseball-odds/usa-mlb/st-louis-arizona-2025-05-24/1148784
777798,2025-05-23,Los Angeles Angels,Miami Marlins,-169,133,1.59,2.33,2025-05-24 01:38:00+00:00,0.0,/baseball-odds/usa-mlb/la-angels-miami-2025-05-24/1148786
777799,2025-05-23,Minnesota Twins,Kansas City Royals,-192,153,1.52,2.53,2025-05-24 00:10:00+00:00,0.0,/baseball-odds/usa-mlb/minnesota-kansas-city-2025-05-24/1148783
777800,2025-05-23,Houston Astros,Seattle Mariners,-127,-102,1.79,1.98,2025-05-24 00:10:00+00:00,0.0,/baseball-odds/usa-mlb/houston-seattle-2025-05-24/1150144
777801,2025-05-23,Washington Nationals,San Francisco Giants,-119,-104,1.84,1.96,2025-05-23 22:45:00+00:00,0.0,/baseball-odds/usa-mlb/washington-san-francisco-2025-05-24/1148778
777802,2025-05-23,Colorado Rockies,New York Yankees,245,-294,3.45,1.34,2025-05-24 00:40:00+00:00,0.0,/baseball-odds/usa-mlb/colorado-ny-yankees-2025-05-24/1148785
777804,2025-05-23,Athletics,Philadelphia Phillies,172,-217,2.72,1.46,2025-05-24 02:05:00+00:00,0.0,/baseball-odds/usa-mlb/athletics-philadelphia-2025-05-24/1149977
777805,2025-05-23,Chicago White Sox,Texas Rangers,144,-200,2.44,1.5,2025-05-23 23:40:00+00:00,0.0,/baseball-odds/usa-mlb/white-sox-texas-2025-05-24/1150143
777806,2025-05-23,Pittsburgh Pirates,Milwaukee Brewers,-127,-101,1.79,1.99,2025-05-23 22:40:00+00:00,0.0,/baseball-odds/usa-mlb/pittsburgh-milwaukee-2025-05-24/1148776
777807,2025-05-23,Detroit Tigers,Cleveland Guardians,-112,-115,1.89,1.87,2025-05-23 23:10:00+00:00,0.0,/baseball-odds/usa-mlb/detroit-cleveland-2025-05-24/1148780
777808,2025-05-23,New York Mets,Los Angeles Dodgers,-125,-102,1.8,1.98,2025-05-23 23:10:00+00:00,0.0,/baseball-odds/usa-mlb/ny-mets-la-dodgers-2025-05-24/1148781
777810,2025-05-23,Tampa Bay Rays,Toronto Blue Jays,-139,108,1.72,2.08,2025-05-23 23:05:00+00:00,0.0,/baseball-odds/usa-mlb/tampa-bay-toronto-2025-05-24/1150142
777811,2025-05-23,Cincinnati Reds,Chicago Cubs,-105,-118,1.95,1.85,2025-05-23 22:40:00+00:00,0.0,/baseball-odds/usa-mlb/cincinnati-cubs-2025-05-24/1148777
777813,2025-05-23,Atlanta Braves,San Diego Padres,-189,144,1.53,2.44,2025-05-23 23:15:00+00:00,0.0,/baseball-odds/usa-mlb/atlanta-san-diego-2025-05-24/1148782
777815,2025-05-23,Boston Red Sox,Baltimore Orioles,-120,-108,1.83,1.93,2025-05-23 17:35:00+00:00,0.0,/baseball-odds/usa-mlb/boston-baltimore-2025-05-23/1151901
777781,2025-05-24,Los Angeles Angels,Miami Marlins,-227,178,1.44,2.78,2025-05-25 02:07:00+00:00,0.0,/baseball-odds/usa-mlb/la-angels-miami-2025-05-25/1148800
777782,2025-05-24,Colorado Rockies,New York Yankees,243,-323,3.43,1.31,2025-05-24 20:10:00+00:00,0.0,/baseball-odds/usa-mlb/colorado-ny-yankees-2025-05-24/1148796
777784,2025-05-24,Athletics,Philadelphia Phillies,135,-159,2.35,1.63,2025-05-25 02:05:00+00:00,0.0,/baseball-odds/usa-mlb/athletics-philadelphia-2025-05-25/1149978
777786,2025-05-24,St. Louis Cardinals,Arizona Diamondbacks,-128,101,1.78,2.01,2025-05-24 18:15:00+00:00,0.0,/baseball-odds/usa-mlb/st-louis-arizona-2025-05-24/1148791
777787,2025-05-24,Houston Astros,Seattle Mariners,-110,-112,1.91,1.89,2025-05-24 20:10:00+00:00,0.0,/baseball-odds/usa-mlb/houston-seattle-2025-05-24/1150146
777788,2025-05-24,Minnesota Twins,Kansas City Royals,-127,-101,1.79,1.99,2025-05-24 18:10:00+00:00,0.0,/baseball-odds/usa-mlb/minnesota-kansas-city-2025-05-24/1148790
777789,2025-05-24,New York Mets,Los Angeles Dodgers,-118,-110,1.85,1.91,2025-05-24 23:15:00+00:00,0.0,/baseball-odds/usa-mlb/ny-mets-la-dodgers-2025-05-25/1148799
777790,2025-05-24,Boston Red Sox,Baltimore Orioles,-127,105,1.79,2.05,2025-05-24 22:35:00+00:00,0.0,/baseball-odds/usa-mlb/boston-baltimore-2025-05-25/1151909
777791,2025-05-24,Cincinnati Reds,Chicago Cubs,-106,-116,1.94,1.86,2025-05-24 20:10:00+00:00,0.0,/baseball-odds/usa-mlb/cincinnati-cubs-2025-05-24/1148795
777792,2025-05-24,Chicago White Sox,Texas Rangers,133,-167,2.33,1.6,2025-05-24 20:10:00+00:00,0.0,/baseball-odds/usa-mlb/white-sox-texas-2025-05-24/1150145
777793,2025-05-24,Washington Nationals,San Francisco Giants,133,-172,2.33,1.58,2025-05-24 20:05:00+00:00,0.0,/baseball-odds/usa-mlb/washington-san-francisco-2025-05-24/1148792
777794,2025-05-24,Pittsburgh Pirates,Milwaukee Brewers,-109,-111,1.92,1.9,2025-05-24 20:05:00+00:00,0.0,/baseball-odds/usa-mlb/pittsburgh-milwaukee-2025-05-24/1148793
777795,2025-05-24,Tampa Bay Rays,Toronto Blue Jays,-112,-110,1.89,1.91,2025-05-24 23:05:00+00:00,0.0,/baseball-odds/usa-mlb/tampa-bay-toronto-2025-05-25/1150147
777796,2025-05-24,Detroit Tigers,Cleveland Guardians,-145,119,1.69,2.19,2025-05-24 23:15:00+00:00,0.0,/baseball-odds/usa-mlb/detroit-cleveland-2025-05-25/1148798
777803,2025-05-24,Atlanta Braves,San Diego Padres,-161,129,1.62,2.29,2025-05-24 20:10:00+00:00,0.0,/baseball-odds/usa-mlb/atlanta-san-diego-2025-05-24/1148797
777809,2025-05-24,Boston Red Sox,Baltimore Orioles,-112,-112,1.89,1.89,2025-05-24 17:05:00+00:00,0.0,/baseball-odds/usa-mlb/boston-baltimore-2025-05-24/1151908
777765,2025-05-25,Athletics,Philadelphia Phillies,161,-204,2.61,1.49,2025-05-25 20:05:00+00:00,0.0,/baseball-odds/usa-mlb/athletics-philadelphia-2025-05-25/1149979
777766,2025-05-25,St. Louis Cardinals,Arizona Diamondbacks,-133,109,1.75,2.09,2025-05-25 18:15:00+00:00,0.0,/baseball-odds/usa-mlb/st-louis-arizona-2025-05-25/1148810
777767,2025-05-25,Los Angeles Angels,Miami Marlins,-115,-112,1.87,1.89,2025-05-25 20:07:00+00:00,0.0,/baseball-odds/usa-mlb/la-angels-miami-2025-05-25/1148812
777768,2025-05-25,Colorado Rockies,New York Yankees,208,-303,3.08,1.33,2025-05-25 19:10:00+00:00,0.0,/baseball-odds/usa-mlb/colorado-ny-yankees-2025-05-25/1148811
777772,2025-05-25,Minnesota Twins,Kansas City Royals,-120,-104,1.83,1.96,2025-05-25 18:10:00+00:00,0.0,/baseball-odds/usa-mlb/minnesota-kansas-city-2025-05-25/1148809
777773,2025-05-25,New York Mets,Los Angeles Dodgers,-118,-110,1.85,1.91,2025-05-25 23:10:00+00:00,0.0,/baseball-odds/usa-mlb/ny-mets-la-dodgers-2025-05-26/1148814
777774,2025-05-25,Houston Astros,Seattle Mariners,117,-145,2.17,1.69,2025-05-25 18:10:00+00:00,0.0,/baseball-odds/usa-mlb/houston-seattle-2025-05-25/1150149
777775,2025-05-25,Tampa Bay Rays,Toronto Blue Jays,-116,-111,1.86,1.9,2025-05-25 17:40:00+00:00,0.0,/baseball-odds/usa-mlb/tampa-bay-toronto-2025-05-25/1150148
777776,2025-05-25,Pittsburgh Pirates,Milwaukee Brewers,133,-167,2.33,1.6,2025-05-25 17:35:00+00:00,0.0,/baseball-odds/usa-mlb/pittsburgh-milwaukee-2025-05-25/1148806
777777,2025-05-25,Chicago White Sox,Texas Rangers,-104,-122,1.96,1.82,2025-05-25 18:10:00+00:00,0.0,/baseball-odds/usa-mlb/white-sox-texas-2025-05-25/1150150
777778,2025-05-25,Washington Nationals,San Francisco Giants,113,-154,2.13,1.65,2025-05-25 17:35:00+00:00,0.0,/baseball-odds/usa-mlb/washington-san-francisco-2025-05-25/1148805
777779,2025-05-25,Cincinnati Reds,Chicago Cubs,107,-137,2.07,1.73,2025-05-25 17:40:00+00:00,0.0,/baseball-odds/usa-mlb/cincinnati-cubs-2025-05-25/1148808
777780,2025-05-25,Detroit Tigers,Cleveland Guardians,-323,227,1.31,3.27,2025-05-25 15:35:00+00:00,0.0,/baseball-odds/usa-mlb/detroit-cleveland-2025-05-25/1148804
777783,2025-05-25,Atlanta Braves,San Diego Padres,-161,121,1.62,2.21,2025-05-25 20:10:00+00:00,0.0,/baseball-odds/usa-mlb/atlanta-san-diego-2025-05-25/1148813
777785,2025-05-25,Boston Red Sox,Baltimore Orioles,-133,105,1.75,2.05,2025-05-25 17:35:00+00:00,0.0,/baseball-odds/usa-mlb/boston-baltimore-2025-05-25/1148807
777756,2025-05-26,San Diego Padres,Miami Marlins,-164,128,1.61,2.28,2025-05-27 00:40:00+00:00,0.0,/baseball-odds/usa-mlb/san-diego-miami-2025-05-27/1148825
777757,2025-05-26,Chicago Cubs,Colorado Rockies,-345,232,1.29,3.32,2025-05-26 18:20:00+00:00,0.0,/baseball-odds/usa-mlb/cubs-colorado-2025-05-26/1148818
777758,2025-05-26,New York Mets,Chicago White Sox,-286,208,1.35,3.08,2025-05-26 20:10:00+00:00,0.0,/baseball-odds/usa-mlb/ny-mets-white-sox-2025-05-26/1148821
777759,2025-05-26,Texas Rangers,Toronto Blue Jays,-135,108,1.74,2.08,2025-05-26 20:05:00+00:00,0.0,/baseball-odds/usa-mlb/texas-toronto-2025-05-26/1148820
777760,2025-05-26,Kansas City Royals,Cincinnati Reds,-119,-109,1.84,1.92,2025-05-26 20:10:00+00:00,0.0,/baseball-odds/usa-mlb/kansas-city-cincinnati-2025-05-26/1148822
777761,2025-05-26,Arizona Diamondbacks,Pittsburgh Pirates,-196,153,1.51,2.53,2025-05-27 00:10:00+00:00,0.0,/baseball-odds/usa-mlb/arizona-pittsburgh-2025-05-27/1148824
777762,2025-05-26,Tampa Bay Rays,Minnesota Twins,-119,-104,1.84,1.96,2025-05-26 23:05:00+00:00,0.0,/baseball-odds/usa-mlb/tampa-bay-minnesota-2025-05-27/1148823
777763,2025-05-26,Los Angeles Angels,New York Yankees,163,-200,2.63,1.5,2025-05-27 01:38:00+00:00,0.0,/baseball-odds/usa-mlb/la-angels-ny-yankees-2025-05-27/1148826
777764,2025-05-26,Milwaukee Brewers,Boston Red Sox,133,-161,2.33,1.62,2025-05-26 18:10:00+00:00,0.0,/baseball-odds/usa-mlb/milwaukee-boston-2025-05-26/1148817
777769,2025-05-26,Cleveland Guardians,Los Angeles Dodgers,151,-192,2.51,1.52,2025-05-26 22:10:00+00:00,0.0,/baseball-odds/usa-mlb/cleveland-la-dodgers-2025-05-27/1150151
777770,2025-05-26,Detroit Tigers,San Francisco Giants,-115,-108,1.87,1.93,2025-05-26 17:10:00+00:00,0.0,/baseball-odds/usa-mlb/detroit-san-francisco-2025-05-26/1148816
777771,2025-05-26,Baltimore Orioles,St. Louis Cardinals,-102,-118,1.98,1.85,2025-05-26 19:05:00+00:00,0.0,/baseball-odds/usa-mlb/baltimore-st-louis-2025-05-26/1148819
777741,2025-05-27,Texas Rangers,Toronto Blue Jays,-145,116,1.69,2.16,2025-05-28 00:05:00+00:00,0.0,/baseball-odds/usa-mlb/texas-toronto-2025-05-28/1148835
777742,2025-05-27,San Diego Padres,Miami Marlins,-169,135,1.59,2.35,2025-05-28 01:40:00+00:00,0.0,/baseball-odds/usa-mlb/san-diego-miami-2025-05-28/1148838
777743,2025-05-27,Seattle Mariners,Washington Nationals,-182,135,1.55,2.35,2025-05-28 01:40:00+00:00,0.0,/baseball-odds/usa-mlb/seattle-washington-2025-05-28/1148839
777744,2025-05-27,Arizona Diamondbacks,Pittsburgh Pirates,-294,204,1.34,3.04,2025-05-28 01:40:00+00:00,0.0,/baseball-odds/usa-mlb/arizona-pittsburgh-2025-05-28/1148840
777745,2025-05-27,Los Angeles Angels,New York Yankees,172,-217,2.72,1.46,2025-05-28 01:38:00+00:00,0.0,/baseball-odds/usa-mlb/la-angels-ny-yankees-2025-05-28/1148837
777746,2025-05-27,Tampa Bay Rays,Minnesota Twins,100,-127,2.0,1.79,2025-05-27 23:05:00+00:00,0.0,/baseball-odds/usa-mlb/tampa-bay-minnesota-2025-05-28/1148831
777747,2025-05-27,Milwaukee Brewers,Boston Red Sox,-112,-110,1.89,1.91,2025-05-27 23:40:00+00:00,0.0,/baseball-odds/usa-mlb/milwaukee-boston-2025-05-28/1148833
777748,2025-05-27,Philadelphia Phillies,Atlanta Braves,-111,-111,1.9,1.9,2025-05-27 22:45:00+00:00,0.0,/baseball-odds/usa-mlb/philadelphia-atlanta-2025-05-28/1148830
777749,2025-05-27,New York Mets,Chicago White Sox,-312,245,1.32,3.45,2025-05-27 23:10:00+00:00,0.0,/baseball-odds/usa-mlb/ny-mets-white-sox-2025-05-28/1148832
777750,2025-05-27,Kansas City Royals,Cincinnati Reds,-132,101,1.76,2.01,2025-05-27 23:40:00+00:00,0.0,/baseball-odds/usa-mlb/kansas-city-cincinnati-2025-05-28/1148834
777751,2025-05-27,Chicago Cubs,Colorado Rockies,-345,243,1.29,3.43,2025-05-28 00:05:00+00:00,0.0,/baseball-odds/usa-mlb/cubs-colorado-2025-05-28/1148836
777752,2025-05-27,Houston Astros,Athletics,-233,188,1.43,2.88,2025-05-28 00:10:00+00:00,0.0,/baseball-odds/usa-mlb/houston-athletics-2025-05-28/1150153
777753,2025-05-27,Cleveland Guardians,Los Angeles Dodgers,105,-137,2.05,1.73,2025-05-27 22:10:00+00:00,0.0,/baseball-odds/usa-mlb/cleveland-la-dodgers-2025-05-28/1150152
777754,2025-05-27,Baltimore Orioles,St. Louis Cardinals,102,-127,2.02,1.79,2025-05-27 22:35:00+00:00,0.0,/baseball-odds/usa-mlb/baltimore-st-louis-2025-05-28/1148828
777755,2025-05-27,Detroit Tigers,San Francisco Giants,-103,-123,1.97,1.81,2025-05-27 22:40:00+00:00,0.0,/baseball-odds/usa-mlb/detroit-san-francisco-2025-05-28/1148829
777724,2025-05-28,Texas Rangers,Toronto Blue Jays,-139,106,1.72,2.06,2025-05-29 00:05:00+00:00,0.0,/baseball-odds/usa-mlb/texas-toronto-2025-05-29/1148851
777726,2025-05-28,San Diego Padres,Miami Marlins,-164,123,1.61,2.23,2025-05-28 20:10:00+00:00,0.0,/baseball-odds/usa-mlb/san-diego-miami-2025-05-28/1148846
777728,2025-05-28,Los Angeles Angels,New York Yankees,131,-175,2.31,1.57,2025-05-29 01:38:00+00:00,0.0,/baseball-odds/usa-mlb/la-angels-ny-yankees-2025-05-29/1148853
777729,2025-05-28,Arizona Diamondbacks,Pittsburgh Pirates,-143,112,1.7,2.12,2025-05-28 19:40:00+00:00,0.0,/baseball-odds/usa-mlb/arizona-pittsburgh-2025-05-28/1148845
777730,2025-05-28,Seattle Mariners,Washington Nationals,-250,188,1.4,2.88,2025-05-29 01:40:00+00:00,0.0,/baseball-odds/usa-mlb/seattle-washington-2025-05-29/1148854
777731,2025-05-28,Chicago Cubs,Colorado Rockies,-370,277,1.27,3.77,2025-05-29 00:05:00+00:00,0.0,/baseball-odds/usa-mlb/cubs-colorado-2025-05-29/1148852
777732,2025-05-28,Tampa Bay Rays,Minnesota Twins,-133,102,1.75,2.02,2025-05-28 17:10:00+00:00,0.0,/baseball-odds/usa-mlb/tampa-bay-minnesota-2025-05-28/1148844
777733,2025-05-28,Kansas City Royals,Cincinnati Reds,-103,-120,1.97,1.83,2025-05-28 23:40:00+00:00,0.0,/baseball-odds/usa-mlb/kansas-city-cincinnati-2025-05-29/1148850
777734,2025-05-28,Houston Astros,Athletics,-145,117,1.69,2.17,2025-05-28 18:10:00+00:00,0.0,/baseball-odds/usa-mlb/houston-athletics-2025-05-28/1150155
777736,2025-05-28,Milwaukee Brewers,Boston Red Sox,-154,120,1.65,2.2,2025-05-28 17:10:00+00:00,0.0,/baseball-odds/usa-mlb/milwaukee-boston-2025-05-28/1148842
777737,2025-05-28,New York Mets,Chicago White Sox,-312,245,1.32,3.45,2025-05-27 23:10:00+00:00,18.0,/baseball-odds/usa-mlb/ny-mets-white-sox-2025-05-28/1148832
777738,2025-05-28,Detroit Tigers,San Francisco Giants,-116,-110,1.86,1.91,2025-05-28 17:10:00+00:00,0.0,/baseball-odds/usa-mlb/detroit-san-francisco-2025-05-28/1148843
777739,2025-05-28,Cleveland Guardians,Los Angeles Dodgers,144,-175,2.44,1.57,2025-05-28 17:10:00+00:00,0.0,/baseball-odds/usa-mlb/cleveland-la-dodgers-2025-05-28/1150154
777740,2025-05-28,Baltimore Orioles,St. Louis Cardinals,-119,-109,1.84,1.92,2025-05-28 22:35:00+00:00,0.0,/baseball-odds/usa-mlb/baltimore-st-louis-2025-05-29/1148847
777722,2025-05-29,Seattle Mariners,Washington Nationals,-122,-102,1.82,1.98,2025-05-30 01:40:00+00:00,0.0,/baseball-odds/usa-mlb/seattle-washington-2025-05-30/1148857
777723,2025-05-29,Philadelphia Phillies,Atlanta Braves,-102,-135,1.98,1.74,2025-05-29 22:45:00+00:00,0.0,/baseball-odds/usa-mlb/philadelphia-atlanta-2025-05-30/1148856
777725,2025-05-29,Houston Astros,Tampa Bay Rays,-116,-106,1.86,1.94,2025-05-30 00:10:00+00:00,0.0,/baseball-odds/usa-mlb/houston-tampa-bay-2025-05-30/1150156
777727,2025-05-29,Toronto Blue Jays,Athletics,-167,138,1.6,2.38,2025-05-29 23:07:00+00:00,0.0,/baseball-odds/usa-mlb/toronto-athletics-2025-05-30/1149982
777735,2025-05-29,Philadelphia Phillies,Atlanta Braves,-175,131,1.57,2.31,2025-05-29 17:05:00+00:00,0.0,/baseball-odds/usa-mlb/philadelphia-atlanta-2025-05-29/1151910
777707,2025-05-30,San Diego Padres,Pittsburgh Pirates,-200,153,1.5,2.53,2025-05-31 01:40:00+00:00,0.0,/baseball-odds/usa-mlb/san-diego-pittsburgh-2025-05-31/1148869
777708,2025-05-30,Los Angeles Dodgers,New York Yankees,112,-143,2.12,1.7,2025-05-31 02:10:00+00:00,0.0,/baseball-odds/usa-mlb/la-dodgers-ny-yankees-2025-05-31/1148871
777709,2025-05-30,Texas Rangers,St. Louis Cardinals,109,-133,2.09,1.75,2025-05-31 00:05:00+00:00,0.0,/baseball-odds/usa-mlb/texas-st-louis-2025-05-31/1148866
777710,2025-05-30,Arizona Diamondbacks,Washington Nationals,-233,181,1.43,2.81,2025-05-31 01:40:00+00:00,0.0,/baseball-odds/usa-mlb/arizona-washington-2025-05-31/1148868
777711,2025-05-30,Kansas City Royals,Detroit Tigers,101,-128,2.01,1.78,2025-05-31 00:10:00+00:00,0.0,/baseball-odds/usa-mlb/kansas-city-detroit-2025-05-31/1148867
777712,2025-05-30,Chicago Cubs,Cincinnati Reds,-169,131,1.59,2.31,2025-05-30 18:20:00+00:00,0.0,/baseball-odds/usa-mlb/cubs-cincinnati-2025-05-30/1148860
777713,2025-05-30,Seattle Mariners,Minnesota Twins,-161,121,1.62,2.21,2025-05-31 02:10:00+00:00,0.0,/baseball-odds/usa-mlb/seattle-minnesota-2025-05-31/1148870
777714,2025-05-30,Houston Astros,Tampa Bay Rays,-161,121,1.62,2.21,2025-05-31 00:10:00+00:00,0.0,/baseball-odds/usa-mlb/houston-tampa-bay-2025-05-31/1150158
777715,2025-05-30,Philadelphia Phillies,Milwaukee Brewers,-123,-102,1.81,1.98,2025-05-30 22:45:00+00:00,0.0,/baseball-odds/usa-mlb/philadelphia-milwaukee-2025-05-31/1148861
777716,2025-05-30,Toronto Blue Jays,Athletics,-189,154,1.53,2.54,2025-05-30 23:07:00+00:00,0.0,/baseball-odds/usa-mlb/toronto-athletics-2025-05-31/1149983
777717,2025-05-30,Miami Marlins,San Francisco Giants,135,-167,2.35,1.6,2025-05-30 23:10:00+00:00,0.0,/baseball-odds/usa-mlb/miami-san-francisco-2025-05-31/1148863
777718,2025-05-30,New York Mets,Colorado Rockies,-312,238,1.32,3.38,2025-05-30 23:10:00+00:00,0.0,/baseball-odds/usa-mlb/ny-mets-colorado-2025-05-31/1148864
777719,2025-05-30,Atlanta Braves,Boston Red Sox,-189,141,1.53,2.41,2025-05-30 23:15:00+00:00,0.0,/baseball-odds/usa-mlb/atlanta-boston-2025-05-31/1148865
777721,2025-05-30,Cleveland Guardians,Los Angeles Angels,-145,120,1.69,2.2,2025-05-30 23:10:00+00:00,0.0,/baseball-odds/usa-mlb/cleveland-la-angels-2025-05-31/1150157
777691,2025-05-31,San Diego Padres,Pittsburgh Pirates,-222,175,1.45,2.75,2025-06-01 01:40:00+00:00,0.0,/baseball-odds/usa-mlb/san-diego-pittsburgh-2025-06-01/1148884
777693,2025-05-31,Houston Astros,Tampa Bay Rays,-139,108,1.72,2.08,2025-05-31 20:10:00+00:00,0.0,/baseball-odds/usa-mlb/houston-tampa-bay-2025-05-31/1150159
777694,2025-05-31,Kansas City Royals,Detroit Tigers,144,-196,2.44,1.51,2025-05-31 20:10:00+00:00,0.0,/baseball-odds/usa-mlb/kansas-city-detroit-2025-05-31/1148879
777695,2025-05-31,Seattle Mariners,Minnesota Twins,-110,-112,1.91,1.89,2025-05-31 23:15:00+00:00,0.0,/baseball-odds/usa-mlb/seattle-minnesota-2025-06-01/1148882
777696,2025-05-31,Arizona Diamondbacks,Washington Nationals,-200,147,1.5,2.47,2025-06-01 02:10:00+00:00,0.0,/baseball-odds/usa-mlb/arizona-washington-2025-06-01/1148885
777697,2025-05-31,Texas Rangers,St. Louis Cardinals,121,-156,2.21,1.64,2025-05-31 20:05:00+00:00,0.0,/baseball-odds/usa-mlb/texas-st-louis-2025-05-31/1148875
777698,2025-05-31,Los Angeles Dodgers,New York Yankees,101,-125,2.01,1.8,2025-05-31 23:15:00+00:00,0.0,/baseball-odds/usa-mlb/la-dodgers-ny-yankees-2025-06-01/1148883
777699,2025-05-31,Baltimore Orioles,Chicago White Sox,-179,136,1.56,2.36,2025-05-31 20:05:00+00:00,0.0,/baseball-odds/usa-mlb/baltimore-white-sox-2025-05-31/1148877
777700,2025-05-31,New York Mets,Colorado Rockies,-370,263,1.27,3.63,2025-05-31 20:10:00+00:00,0.0,/baseball-odds/usa-mlb/ny-mets-colorado-2025-05-31/1148881
777701,2025-05-31,Toronto Blue Jays,Athletics,-149,135,1.67,2.35,2025-05-31 19:07:00+00:00,0.0,/baseball-odds/usa-mlb/toronto-athletics-2025-05-31/1149984
777702,2025-05-31,Philadelphia Phillies,Milwaukee Brewers,-189,140,1.53,2.4,2025-05-31 20:05:00+00:00,0.0,/baseball-odds/usa-mlb/philadelphia-milwaukee-2025-05-31/1148876
777703,2025-05-31,Cleveland Guardians,Los Angeles Angels,-179,146,1.56,2.46,2025-05-31 20:10:00+00:00,0.0,/baseball-odds/usa-mlb/cleveland-la-angels-2025-05-31/1150160
777704,2025-05-31,Chicago Cubs,Cincinnati Reds,-179,146,1.56,2.46,2025-05-31 18:20:00+00:00,0.0,/baseball-odds/usa-mlb/cubs-cincinnati-2025-05-31/1148874
777705,2025-05-31,Miami Marlins,San Francisco Giants,117,-152,2.17,1.66,2025-05-31 20:10:00+00:00,0.0,/baseball-odds/usa-mlb/miami-san-francisco-2025-05-31/1148878
777706,2025-05-31,Atlanta Braves,Boston Red Sox,-189,149,1.53,2.49,2025-05-31 20:10:00+00:00,0.0,/baseball-odds/usa-mlb/atlanta-boston-2025-05-31/1148880
777677,2025-06-01,Kansas City Royals,Detroit Tigers,-167,131,1.6,2.31,2025-06-01 18:10:00+00:00,0.0,/baseball-odds/usa-mlb/kansas-city-detroit-2025-06-01/1148894
777678,2025-06-01,Texas Rangers,St. Louis Cardinals,-179,133,1.56,2.33,2025-06-01 17:05:00+00:00,0.0,/baseball-odds/usa-mlb/texas-st-louis-2025-06-01/1148888
777679,2025-06-01,Arizona Diamondbacks,Washington Nationals,-244,188,1.41,2.88,2025-06-01 20:10:00+00:00,0.0,/baseball-odds/usa-mlb/arizona-washington-2025-06-01/1148896
777680,2025-06-01,Seattle Mariners,Minnesota Twins,-132,106,1.76,2.06,2025-06-01 20:10:00+00:00,0.0,/baseball-odds/usa-mlb/seattle-minnesota-2025-06-01/1148897
777681,2025-06-01,San Diego Padres,Pittsburgh Pirates,-147,119,1.68,2.19,2025-06-01 21:10:00+00:00,0.0,/baseball-odds/usa-mlb/san-diego-pittsburgh-2025-06-01/1148898
777682,2025-06-01,Los Angeles Dodgers,New York Yankees,-182,140,1.55,2.4,2025-06-01 23:10:00+00:00,0.0,/baseball-odds/usa-mlb/la-dodgers-ny-yankees-2025-06-02/1148899
777683,2025-06-01,Cleveland Guardians,Los Angeles Angels,-222,176,1.45,2.76,2025-06-01 17:40:00+00:00,0.0,/baseball-odds/usa-mlb/cleveland-la-angels-2025-06-01/1150161
777684,2025-06-01,Baltimore Orioles,Chicago White Sox,-145,117,1.69,2.17,2025-06-01 17:35:00+00:00,0.0,/baseball-odds/usa-mlb/baltimore-white-sox-2025-06-01/1148889
777685,2025-06-01,Toronto Blue Jays,Athletics,-270,208,1.37,3.08,2025-06-01 17:37:00+00:00,0.0,/baseball-odds/usa-mlb/toronto-athletics-2025-06-01/1149985
777686,2025-06-01,New York Mets,Colorado Rockies,-455,312,1.22,4.12,2025-06-01 17:40:00+00:00,0.0,/baseball-odds/usa-mlb/ny-mets-colorado-2025-06-01/1148893
777687,2025-06-01,Chicago Cubs,Cincinnati Reds,-161,129,1.62,2.29,2025-06-01 18:20:00+00:00,0.0,/baseball-odds/usa-mlb/cubs-cincinnati-2025-06-01/1148895
777688,2025-06-01,Philadelphia Phillies,Milwaukee Brewers,-172,128,1.58,2.28,2025-06-01 17:35:00+00:00,0.0,/baseball-odds/usa-mlb/philadelphia-milwaukee-2025-06-01/1148890
777689,2025-06-01,Miami Marlins,San Francisco Giants,-110,-118,1.91,1.85,2025-06-01 17:40:00+00:00,0.0,/baseball-odds/usa-mlb/miami-san-francisco-2025-06-01/1148892
777690,2025-06-01,Houston Astros,Tampa Bay Rays,-167,133,1.6,2.33,2025-06-01 18:10:00+00:00,0.0,/baseball-odds/usa-mlb/houston-tampa-bay-2025-06-01/1150162
777692,2025-06-01,Atlanta Braves,Boston Red Sox,-104,-122,1.96,1.82,2025-06-01 17:35:00+00:00,0.0,/baseball-odds/usa-mlb/atlanta-boston-2025-06-01/1148891
777669,2025-06-02,Athletics,Minnesota Twins,128,-159,2.28,1.63,2025-06-03 02:05:00+00:00,0.0,/baseball-odds/usa-mlb/athletics-minnesota-2025-06-03/1149986
777670,2025-06-02,Boston Red Sox,Los Angeles Angels,-147,112,1.68,2.12,2025-06-02 23:10:00+00:00,0.0,/baseball-odds/usa-mlb/boston-la-angels-2025-06-03/1148903
777671,2025-06-02,Cincinnati Reds,Milwaukee Brewers,-115,-109,1.87,1.92,2025-06-02 23:10:00+00:00,0.0,/baseball-odds/usa-mlb/cincinnati-milwaukee-2025-06-03/1148902
777673,2025-06-02,Miami Marlins,Colorado Rockies,-200,175,1.5,2.75,2025-06-02 22:40:00+00:00,0.0,/baseball-odds/usa-mlb/miami-colorado-2025-06-03/1148901
777674,2025-06-02,Chicago White Sox,Detroit Tigers,192,-270,2.92,1.37,2025-06-02 23:40:00+00:00,0.0,/baseball-odds/usa-mlb/white-sox-detroit-2025-06-03/1150163
777675,2025-06-02,Los Angeles Dodgers,New York Mets,-161,135,1.62,2.35,2025-06-03 02:10:00+00:00,0.0,/baseball-odds/usa-mlb/la-dodgers-ny-mets-2025-06-03/1148905
777676,2025-06-02,San Francisco Giants,San Diego Padres,-182,138,1.55,2.38,2025-06-03 01:45:00+00:00,0.0,/baseball-odds/usa-mlb/san-francisco-san-diego-2025-06-03/1148904
777655,2025-06-03,Seattle Mariners,Baltimore Orioles,-149,119,1.67,2.19,2025-06-04 01:40:00+00:00,0.0,/baseball-odds/usa-mlb/seattle-baltimore-2025-06-04/1148917
777656,2025-06-03,San Francisco Giants,San Diego Padres,-169,128,1.59,2.28,2025-06-04 01:45:00+00:00,0.0,/baseball-odds/usa-mlb/san-francisco-san-diego-2025-06-04/1148918
777657,2025-06-03,Los Angeles Dodgers,New York Mets,-154,123,1.65,2.23,2025-06-04 02:10:00+00:00,0.0,/baseball-odds/usa-mlb/la-dodgers-ny-mets-2025-06-04/1148919
777658,2025-06-03,Athletics,Minnesota Twins,169,-213,2.69,1.47,2025-06-04 02:05:00+00:00,0.0,/baseball-odds/usa-mlb/athletics-minnesota-2025-06-04/1149987
777659,2025-06-03,Washington Nationals,Chicago Cubs,117,-147,2.17,1.68,2025-06-03 22:45:00+00:00,0.0,/baseball-odds/usa-mlb/washington-cubs-2025-06-04/1148910
777660,2025-06-03,St. Louis Cardinals,Kansas City Royals,-154,123,1.65,2.23,2025-06-03 23:45:00+00:00,0.0,/baseball-odds/usa-mlb/st-louis-kansas-city-2025-06-04/1148916
777661,2025-06-03,Chicago White Sox,Detroit Tigers,135,-159,2.35,1.63,2025-06-03 23:40:00+00:00,0.0,/baseball-odds/usa-mlb/white-sox-detroit-2025-06-04/1150165
777662,2025-06-03,Tampa Bay Rays,Texas Rangers,-159,124,1.63,2.24,2025-06-03 23:35:00+00:00,0.0,/baseball-odds/usa-mlb/tampa-bay-texas-2025-06-04/1150164
777663,2025-06-03,Pittsburgh Pirates,Houston Astros,-172,133,1.58,2.33,2025-06-03 22:40:00+00:00,0.0,/baseball-odds/usa-mlb/pittsburgh-houston-2025-06-04/1148909
777664,2025-06-03,New York Yankees,Cleveland Guardians,-213,163,1.47,2.63,2025-06-03 23:05:00+00:00,0.0,/baseball-odds/usa-mlb/ny-yankees-cleveland-2025-06-04/1148911
777665,2025-06-03,Toronto Blue Jays,Philadelphia Phillies,108,-139,2.08,1.72,2025-06-03 23:07:00+00:00,0.0,/baseball-odds/usa-mlb/toronto-philadelphia-2025-06-04/1148912
777666,2025-06-03,Miami Marlins,Colorado Rockies,-175,135,1.57,2.35,2025-06-03 22:40:00+00:00,0.0,/baseball-odds/usa-mlb/miami-colorado-2025-06-04/1148908
777667,2025-06-03,Boston Red Sox,Los Angeles Angels,-161,125,1.62,2.25,2025-06-03 23:10:00+00:00,0.0,/baseball-odds/usa-mlb/boston-la-angels-2025-06-04/1148913
777668,2025-06-03,Cincinnati Reds,Milwaukee Brewers,-133,107,1.75,2.07,2025-06-03 23:10:00+00:00,0.0,/baseball-odds/usa-mlb/cincinnati-milwaukee-2025-06-04/1148914
777672,2025-06-03,Atlanta Braves,Arizona Diamondbacks,-169,131,1.59,2.31,2025-06-03 23:15:00+00:00,0.0,/baseball-odds/usa-mlb/atlanta-arizona-2025-06-04/1148915
777638,2025-06-04,Los Angeles Dodgers,New York Mets,-161,121,1.62,2.21,2025-06-05 02:10:00+00:00,0.0,/baseball-odds/usa-mlb/la-dodgers-ny-mets-2025-06-05/1148933
777639,2025-06-04,Chicago White Sox,Detroit Tigers,161,-213,2.61,1.47,2025-06-04 23:40:00+00:00,0.0,/baseball-odds/usa-mlb/white-sox-detroit-2025-06-05/1150167
777641,2025-06-04,San Francisco Giants,San Diego Padres,-108,-116,1.93,1.86,2025-06-05 01:45:00+00:00,0.0,/baseball-odds/usa-mlb/san-francisco-san-diego-2025-06-05/1148932
777643,2025-06-04,Athletics,Minnesota Twins,146,-179,2.46,1.56,2025-06-05 02:05:00+00:00,0.0,/baseball-odds/usa-mlb/athletics-minnesota-2025-06-05/1149988
777645,2025-06-04,Seattle Mariners,Baltimore Orioles,-111,-109,1.9,1.92,2025-06-05 01:40:00+00:00,0.0,/baseball-odds/usa-mlb/seattle-baltimore-2025-06-05/1148931
777646,2025-06-04,Tampa Bay Rays,Texas Rangers,-132,106,1.76,2.06,2025-06-04 23:35:00+00:00,0.0,/baseball-odds/usa-mlb/tampa-bay-texas-2025-06-05/1150166
777647,2025-06-04,Cincinnati Reds,Milwaukee Brewers,-137,107,1.73,2.07,2025-06-04 16:40:00+00:00,0.0,/baseball-odds/usa-mlb/cincinnati-milwaukee-2025-06-04/1148923
777648,2025-06-04,Pittsburgh Pirates,Houston Astros,103,-128,2.03,1.78,2025-06-04 22:40:00+00:00,0.0,/baseball-odds/usa-mlb/pittsburgh-houston-2025-06-05/1148925
777649,2025-06-04,Boston Red Sox,Los Angeles Angels,-137,109,1.73,2.09,2025-06-04 17:35:00+00:00,0.0,/baseball-odds/usa-mlb/boston-la-angels-2025-06-04/1148924
777650,2025-06-04,Washington Nationals,Chicago Cubs,112,-143,2.12,1.7,2025-06-04 22:45:00+00:00,0.0,/baseball-odds/usa-mlb/washington-cubs-2025-06-05/1148926
777651,2025-06-04,Toronto Blue Jays,Philadelphia Phillies,-115,-108,1.87,1.93,2025-06-04 23:07:00+00:00,0.0,/baseball-odds/usa-mlb/toronto-philadelphia-2025-06-05/1148928
777652,2025-06-04,Miami Marlins,Colorado Rockies,-164,123,1.61,2.23,2025-06-04 16:10:00+00:00,0.0,/baseball-odds/usa-mlb/miami-colorado-2025-06-04/1148922
777653,2025-06-04,New York Yankees,Cleveland Guardians,-175,147,1.57,2.47,2025-06-04 23:05:00+00:00,0.0,/baseball-odds/usa-mlb/ny-yankees-cleveland-2025-06-05/1148927
777654,2025-06-04,Atlanta Braves,Arizona Diamondbacks,-179,142,1.56,2.42,2025-06-04 23:15:00+00:00,0.0,/baseball-odds/usa-mlb/atlanta-arizona-2025-06-05/1148929
777628,2025-06-05,Seattle Mariners,Baltimore Orioles,-156,125,1.64,2.25,2025-06-05 19:40:00+00:00,0.0,/baseball-odds/usa-mlb/seattle-baltimore-2025-06-05/1148938
777629,2025-06-05,Tampa Bay Rays,Texas Rangers,-141,108,1.71,2.08,2025-06-05 23:35:00+00:00,0.0,/baseball-odds/usa-mlb/tampa-bay-texas-2025-06-06/1150169
777630,2025-06-05,Pittsburgh Pirates,Houston Astros,120,-143,2.2,1.7,2025-06-05 22:40:00+00:00,0.0,/baseball-odds/usa-mlb/pittsburgh-houston-2025-06-06/1148941
777631,2025-06-05,Los Angeles Dodgers,New York Mets,-139,108,1.72,2.08,2025-06-05 20:10:00+00:00,0.0,/baseball-odds/usa-mlb/la-dodgers-ny-mets-2025-06-05/1148940
777632,2025-06-05,Washington Nationals,Chicago Cubs,121,-152,2.21,1.66,2025-06-05 22:45:00+00:00,0.0,/baseball-odds/usa-mlb/washington-cubs-2025-06-06/1148942
777633,2025-06-05,San Francisco Giants,San Diego Padres,-115,-108,1.87,1.93,2025-06-05 19:45:00+00:00,0.0,/baseball-odds/usa-mlb/san-francisco-san-diego-2025-06-05/1148939
777634,2025-06-05,Chicago White Sox,Detroit Tigers,158,-217,2.58,1.46,2025-06-05 18:10:00+00:00,0.0,/baseball-odds/usa-mlb/white-sox-detroit-2025-06-05/1150168
777635,2025-06-05,St. Louis Cardinals,Kansas City Royals,-120,-114,1.83,1.88,2025-06-05 23:45:00+00:00,0.0,/baseball-odds/usa-mlb/st-louis-kansas-city-2025-06-06/1148944
777636,2025-06-05,Athletics,Minnesota Twins,160,-196,2.6,1.51,2025-06-05 19:35:00+00:00,0.0,/baseball-odds/usa-mlb/athletics-minnesota-2025-06-05/1149989
777637,2025-06-05,Toronto Blue Jays,Philadelphia Phillies,-105,-118,1.95,1.85,2025-06-05 19:07:00+00:00,0.0,/baseball-odds/usa-mlb/toronto-philadelphia-2025-06-05/1148937
777640,2025-06-05,Atlanta Braves,Arizona Diamondbacks,-156,121,1.64,2.21,2025-06-05 16:15:00+00:00,0.0,/baseball-odds/usa-mlb/atlanta-arizona-2025-06-05/1148936
777642,2025-06-05,St. Louis Cardinals,Kansas City Royals,-133,104,1.75,2.04,2025-06-05 17:45:00+00:00,0.0,/baseball-odds/usa-mlb/st-louis-kansas-city-2025-06-05/1151924
777644,2025-06-05,New York Yankees,Cleveland Guardians,-286,226,1.35,3.26,2025-06-05 23:05:00+00:00,0.0,/baseball-odds/usa-mlb/ny-yankees-cleveland-2025-06-06/1148943
777613,2025-06-06,Athletics,Baltimore Orioles,102,-123,2.02,1.81,2025-06-07 02:05:00+00:00,0.0,/baseball-odds/usa-mlb/athletics-baltimore-2025-06-07/1149990
777614,2025-06-06,Los Angeles Angels,Seattle Mariners,-102,-130,1.98,1.77,2025-06-07 01:38:00+00:00,0.0,/baseball-odds/usa-mlb/la-angels-seattle-2025-06-07/1148957
777615,2025-06-06,Minnesota Twins,Toronto Blue Jays,-128,104,1.78,2.04,2025-06-07 00:10:00+00:00,0.0,/baseball-odds/usa-mlb/minnesota-toronto-2025-06-07/1148954
777616,2025-06-06,Colorado Rockies,New York Mets,204,-278,3.04,1.36,2025-06-07 00:40:00+00:00,0.0,/baseball-odds/usa-mlb/colorado-ny-mets-2025-06-07/1148956
777617,2025-06-06,Milwaukee Brewers,San Diego Padres,-159,120,1.63,2.2,2025-06-07 00:10:00+00:00,0.0,/baseball-odds/usa-mlb/milwaukee-san-diego-2025-06-07/1148953
777618,2025-06-06,Chicago White Sox,Kansas City Royals,116,-137,2.16,1.73,2025-06-06 23:40:00+00:00,0.0,/baseball-odds/usa-mlb/white-sox-kansas-city-2025-06-07/1150172
777619,2025-06-06,San Francisco Giants,Atlanta Braves,113,-149,2.13,1.67,2025-06-07 02:15:00+00:00,0.0,/baseball-odds/usa-mlb/san-francisco-atlanta-2025-06-07/1148958
777620,2025-06-06,St. Louis Cardinals,Los Angeles Dodgers,-118,-105,1.85,1.95,2025-06-07 00:15:00+00:00,0.0,/baseball-odds/usa-mlb/st-louis-la-dodgers-2025-06-07/1148955
777621,2025-06-06,Pittsburgh Pirates,Philadelphia Phillies,107,-137,2.07,1.73,2025-06-06 22:40:00+00:00,0.0,/baseball-odds/usa-mlb/pittsburgh-philadelphia-2025-06-07/1148948
777622,2025-06-06,Cleveland Guardians,Houston Astros,105,-132,2.05,1.76,2025-06-06 23:10:00+00:00,0.0,/baseball-odds/usa-mlb/cleveland-houston-2025-06-07/1150171
777623,2025-06-06,Cincinnati Reds,Arizona Diamondbacks,-109,-119,1.92,1.84,2025-06-06 23:10:00+00:00,0.0,/baseball-odds/usa-mlb/cincinnati-arizona-2025-06-07/1148952
777624,2025-06-06,Washington Nationals,Texas Rangers,101,-115,2.01,1.87,2025-06-06 22:45:00+00:00,0.0,/baseball-odds/usa-mlb/washington-texas-2025-06-07/1148949
777625,2025-06-06,Tampa Bay Rays,Miami Marlins,-139,121,1.72,2.21,2025-06-06 17:10:00+00:00,0.0,/baseball-odds/usa-mlb/tampa-bay-miami-2025-06-06/1150170
777626,2025-06-06,Detroit Tigers,Chicago Cubs,-192,153,1.52,2.53,2025-06-06 23:10:00+00:00,0.0,/baseball-odds/usa-mlb/detroit-cubs-2025-06-07/1148951
777627,2025-06-06,New York Yankees,Boston Red Sox,-200,161,1.5,2.61,2025-06-06 23:05:00+00:00,0.0,/baseball-odds/usa-mlb/ny-yankees-boston-2025-06-07/1148950
777597,2025-06-07,Milwaukee Brewers,San Diego Padres,-143,121,1.7,2.21,2025-06-07 23:35:00+00:00,0.0,/baseball-odds/usa-mlb/milwaukee-san-diego-2025-06-08/1148970
777598,2025-06-07,San Francisco Giants,Atlanta Braves,-145,113,1.69,2.13,2025-06-07 20:05:00+00:00,0.0,/baseball-odds/usa-mlb/san-francisco-atlanta-2025-06-07/1148967
777599,2025-06-07,Athletics,Baltimore Orioles,105,-128,2.05,1.78,2025-06-08 02:05:00+00:00,0.0,/baseball-odds/usa-mlb/athletics-baltimore-2025-06-08/1149991
777600,2025-06-07,Minnesota Twins,Toronto Blue Jays,-118,-108,1.85,1.93,2025-06-07 18:10:00+00:00,0.0,/baseball-odds/usa-mlb/minnesota-toronto-2025-06-07/1148963
777601,2025-06-07,St. Louis Cardinals,Los Angeles Dodgers,149,-204,2.49,1.49,2025-06-07 18:15:00+00:00,0.0,/baseball-odds/usa-mlb/st-louis-la-dodgers-2025-06-07/1148964
777603,2025-06-07,Los Angeles Angels,Seattle Mariners,135,-169,2.35,1.59,2025-06-08 01:38:00+00:00,0.0,/baseball-odds/usa-mlb/la-angels-seattle-2025-06-08/1148971
777604,2025-06-07,Colorado Rockies,New York Mets,222,-286,3.22,1.35,2025-06-08 01:40:00+00:00,0.0,/baseball-odds/usa-mlb/colorado-ny-mets-2025-06-08/1148972
777605,2025-06-07,New York Yankees,Boston Red Sox,-115,-111,1.87,1.9,2025-06-07 23:35:00+00:00,0.0,/baseball-odds/usa-mlb/ny-yankees-boston-2025-06-08/1148969
777606,2025-06-07,Chicago White Sox,Kansas City Royals,112,-139,2.12,1.72,2025-06-07 20:10:00+00:00,0.0,/baseball-odds/usa-mlb/white-sox-kansas-city-2025-06-07/1150173
777607,2025-06-07,Pittsburgh Pirates,Philadelphia Phillies,111,-145,2.11,1.69,2025-06-07 20:05:00+00:00,0.0,/baseball-odds/usa-mlb/pittsburgh-philadelphia-2025-06-07/1148965
777608,2025-06-07,Cleveland Guardians,Houston Astros,-108,-120,1.93,1.83,2025-06-07 20:10:00+00:00,0.0,/baseball-odds/usa-mlb/cleveland-houston-2025-06-07/1150175
777609,2025-06-07,Detroit Tigers,Chicago Cubs,-102,-125,1.98,1.8,2025-06-07 17:10:00+00:00,0.0,/baseball-odds/usa-mlb/detroit-cubs-2025-06-07/1148962
777610,2025-06-07,Washington Nationals,Texas Rangers,135,-175,2.35,1.57,2025-06-07 20:05:00+00:00,0.0,/baseball-odds/usa-mlb/washington-texas-2025-06-07/1148966
777611,2025-06-07,Tampa Bay Rays,Miami Marlins,-167,133,1.6,2.33,2025-06-07 20:10:00+00:00,0.0,/baseball-odds/usa-mlb/tampa-bay-miami-2025-06-07/1150174
777612,2025-06-07,Cincinnati Reds,Arizona Diamondbacks,-104,-112,1.96,1.89,2025-06-07 20:10:00+00:00,0.0,/baseball-odds/usa-mlb/cincinnati-arizona-2025-06-07/1148968
777582,2025-06-08,St. Louis Cardinals,Los Angeles Dodgers,106,-135,2.06,1.74,2025-06-08 18:15:00+00:00,0.0,/baseball-odds/usa-mlb/st-louis-la-dodgers-2025-06-08/1148983
777583,2025-06-08,Colorado Rockies,New York Mets,200,-286,3.0,1.35,2025-06-08 19:10:00+00:00,0.0,/baseball-odds/usa-mlb/colorado-ny-mets-2025-06-08/1148984
777585,2025-06-08,Minnesota Twins,Toronto Blue Jays,-200,157,1.5,2.57,2025-06-08 18:10:00+00:00,0.0,/baseball-odds/usa-mlb/minnesota-toronto-2025-06-08/1148982
777586,2025-06-08,Milwaukee Brewers,San Diego Padres,-179,144,1.56,2.44,2025-06-08 17:05:00+00:00,0.0,/baseball-odds/usa-mlb/milwaukee-san-diego-2025-06-08/1148976
777587,2025-06-08,San Francisco Giants,Atlanta Braves,112,-139,2.12,1.72,2025-06-08 20:05:00+00:00,0.0,/baseball-odds/usa-mlb/san-francisco-atlanta-2025-06-08/1148985
777588,2025-06-08,Athletics,Baltimore Orioles,-103,-137,1.97,1.73,2025-06-08 20:05:00+00:00,0.0,/baseball-odds/usa-mlb/athletics-baltimore-2025-06-08/1149992
777589,2025-06-08,Los Angeles Angels,Seattle Mariners,104,-132,2.04,1.76,2025-06-08 20:07:00+00:00,0.0,/baseball-odds/usa-mlb/la-angels-seattle-2025-06-08/1148986
777590,2025-06-08,Chicago White Sox,Kansas City Royals,-105,-123,1.95,1.81,2025-06-08 18:10:00+00:00,0.0,/baseball-odds/usa-mlb/white-sox-kansas-city-2025-06-08/1150178
777591,2025-06-08,Cleveland Guardians,Houston Astros,-152,112,1.66,2.12,2025-06-08 17:40:00+00:00,0.0,/baseball-odds/usa-mlb/cleveland-houston-2025-06-08/1150177
777592,2025-06-08,Tampa Bay Rays,Miami Marlins,-227,172,1.44,2.72,2025-06-08 16:10:00+00:00,0.0,/baseball-odds/usa-mlb/tampa-bay-miami-2025-06-08/1150176
777593,2025-06-08,New York Yankees,Boston Red Sox,-244,181,1.41,2.81,2025-06-08 23:10:00+00:00,0.0,/baseball-odds/usa-mlb/ny-yankees-boston-2025-06-09/1151922
777594,2025-06-08,Detroit Tigers,Chicago Cubs,-128,102,1.78,2.02,2025-06-08 17:40:00+00:00,0.0,/baseball-odds/usa-mlb/detroit-cubs-2025-06-08/1148980
777596,2025-06-08,Washington Nationals,Texas Rangers,105,-137,2.05,1.73,2025-06-08 17:35:00+00:00,0.0,/baseball-odds/usa-mlb/washington-texas-2025-06-08/1148978
777602,2025-06-08,Cincinnati Reds,Arizona Diamondbacks,101,-128,2.01,1.78,2025-06-08 17:40:00+00:00,0.0,/baseball-odds/usa-mlb/cincinnati-arizona-2025-06-08/1148981
777574,2025-06-09,Pittsburgh Pirates,Miami Marlins,-119,105,1.84,2.05,2025-06-09 22:40:00+00:00,0.0,/baseball-odds/usa-mlb/pittsburgh-miami-2025-06-10/1148988
777575,2025-06-09,Milwaukee Brewers,Atlanta Braves,133,-179,2.33,1.56,2025-06-09 23:40:00+00:00,0.0,/baseball-odds/usa-mlb/milwaukee-atlanta-2025-06-10/1148991
777576,2025-06-09,Los Angeles Angels,Athletics,-143,118,1.7,2.18,2025-06-10 01:38:00+00:00,0.0,/baseball-odds/usa-mlb/la-angels-athletics-2025-06-10/1149993
777577,2025-06-09,Arizona Diamondbacks,Seattle Mariners,-172,136,1.58,2.36,2025-06-10 01:40:00+00:00,0.0,/baseball-odds/usa-mlb/arizona-seattle-2025-06-10/1148994
777578,2025-06-09,Philadelphia Phillies,Chicago Cubs,-125,101,1.8,2.01,2025-06-09 22:45:00+00:00,0.0,/baseball-odds/usa-mlb/philadelphia-cubs-2025-06-10/1148989
777579,2025-06-09,San Diego Padres,Los Angeles Dodgers,101,-128,2.01,1.78,2025-06-10 01:40:00+00:00,0.0,/baseball-odds/usa-mlb/san-diego-la-dodgers-2025-06-10/1148993
777580,2025-06-09,Cleveland Guardians,Cincinnati Reds,-175,121,1.57,2.21,2025-06-09 22:40:00+00:00,0.0,/baseball-odds/usa-mlb/cleveland-cincinnati-2025-06-10/1150179
777581,2025-06-09,St. Louis Cardinals,Toronto Blue Jays,-125,101,1.8,2.01,2025-06-09 23:45:00+00:00,0.0,/baseball-odds/usa-mlb/st-louis-toronto-2025-06-10/1148992
777584,2025-06-09,Boston Red Sox,Tampa Bay Rays,-110,-118,1.91,1.85,2025-06-09 23:10:00+00:00,0.0,/baseball-odds/usa-mlb/boston-tampa-bay-2025-06-10/1148990
777557,2025-06-10,Minnesota Twins,Texas Rangers,-128,104,1.78,2.04,2025-06-10 23:40:00+00:00,0.0,/baseball-odds/usa-mlb/minnesota-texas-2025-06-11/1149002
777558,2025-06-10,St. Louis Cardinals,Toronto Blue Jays,-125,-104,1.8,1.96,2025-06-10 23:45:00+00:00,0.0,/baseball-odds/usa-mlb/st-louis-toronto-2025-06-11/1149005
777559,2025-06-10,Arizona Diamondbacks,Seattle Mariners,-147,114,1.68,2.14,2025-06-11 01:40:00+00:00,0.0,/baseball-odds/usa-mlb/arizona-seattle-2025-06-11/1149007
777560,2025-06-10,San Diego Padres,Los Angeles Dodgers,-115,-112,1.87,1.89,2025-06-11 01:40:00+00:00,0.0,/baseball-odds/usa-mlb/san-diego-la-dodgers-2025-06-11/1149008
777563,2025-06-10,Colorado Rockies,San Francisco Giants,158,-213,2.58,1.47,2025-06-11 00:40:00+00:00,0.0,/baseball-odds/usa-mlb/colorado-san-francisco-2025-06-11/1149006
777564,2025-06-10,Los Angeles Angels,Athletics,-169,134,1.59,2.34,2025-06-11 01:38:00+00:00,0.0,/baseball-odds/usa-mlb/la-angels-athletics-2025-06-11/1149994
777565,2025-06-10,Boston Red Sox,Tampa Bay Rays,-116,-109,1.86,1.92,2025-06-10 23:10:00+00:00,0.0,/baseball-odds/usa-mlb/boston-tampa-bay-2025-06-11/1149000
777566,2025-06-10,Pittsburgh Pirates,Miami Marlins,-156,123,1.64,2.23,2025-06-10 22:40:00+00:00,0.0,/baseball-odds/usa-mlb/pittsburgh-miami-2025-06-11/1148998
777567,2025-06-10,Houston Astros,Chicago White Sox,-175,135,1.57,2.35,2025-06-11 00:10:00+00:00,0.0,/baseball-odds/usa-mlb/houston-white-sox-2025-06-11/1150181
777568,2025-06-10,Milwaukee Brewers,Atlanta Braves,106,-135,2.06,1.74,2025-06-10 23:40:00+00:00,0.0,/baseball-odds/usa-mlb/milwaukee-atlanta-2025-06-11/1149004
777569,2025-06-10,Cleveland Guardians,Cincinnati Reds,-106,-114,1.94,1.88,2025-06-10 22:40:00+00:00,0.0,/baseball-odds/usa-mlb/cleveland-cincinnati-2025-06-11/1150180
777570,2025-06-10,New York Mets,Washington Nationals,-156,119,1.64,2.19,2025-06-10 23:10:00+00:00,0.0,/baseball-odds/usa-mlb/ny-mets-washington-2025-06-11/1149001
777571,2025-06-10,Philadelphia Phillies,Chicago Cubs,-106,-122,1.94,1.82,2025-06-10 22:45:00+00:00,0.0,/baseball-odds/usa-mlb/philadelphia-cubs-2025-06-11/1148999
777572,2025-06-10,Kansas City Royals,New York Yankees,153,-204,2.53,1.49,2025-06-10 23:40:00+00:00,0.0,/baseball-odds/usa-mlb/kansas-city-ny-yankees-2025-06-11/1149003
777573,2025-06-10,Baltimore Orioles,Detroit Tigers,-143,108,1.7,2.08,2025-06-10 22:35:00+00:00,0.0,/baseball-odds/usa-mlb/baltimore-detroit-2025-06-11/1148997
777542,2025-06-11,Los Angeles Angels,Athletics,-154,133,1.65,2.33,2025-06-11 20:07:00+00:00,0.0,/baseball-odds/usa-mlb/la-angels-athletics-2025-06-11/1149995
777543,2025-06-11,San Diego Padres,Los Angeles Dodgers,121,-161,2.21,1.62,2025-06-11 20:10:00+00:00,0.0,/baseball-odds/usa-mlb/san-diego-la-dodgers-2025-06-11/1149016
777545,2025-06-11,St. Louis Cardinals,Toronto Blue Jays,-143,125,1.7,2.25,2025-06-11 18:15:00+00:00,0.0,/baseball-odds/usa-mlb/st-louis-toronto-2025-06-11/1149014
777547,2025-06-11,Colorado Rockies,San Francisco Giants,153,-192,2.53,1.52,2025-06-12 00:40:00+00:00,0.0,/baseball-odds/usa-mlb/colorado-san-francisco-2025-06-12/1149022
777548,2025-06-11,Arizona Diamondbacks,Seattle Mariners,-120,-104,1.83,1.96,2025-06-11 19:40:00+00:00,0.0,/baseball-odds/usa-mlb/arizona-seattle-2025-06-11/1149015
777549,2025-06-11,Cleveland Guardians,Cincinnati Reds,-102,-118,1.98,1.85,2025-06-11 17:10:00+00:00,0.0,/baseball-odds/usa-mlb/cleveland-cincinnati-2025-06-11/1150182
777550,2025-06-11,Houston Astros,Chicago White Sox,-179,138,1.56,2.38,2025-06-12 00:10:00+00:00,0.0,/baseball-odds/usa-mlb/houston-white-sox-2025-06-12/1150183
777551,2025-06-11,Kansas City Royals,New York Yankees,103,-135,2.03,1.74,2025-06-11 23:40:00+00:00,0.0,/baseball-odds/usa-mlb/kansas-city-ny-yankees-2025-06-12/1149020
777552,2025-06-11,Pittsburgh Pirates,Miami Marlins,-172,129,1.58,2.29,2025-06-11 16:35:00+00:00,0.0,/baseball-odds/usa-mlb/pittsburgh-miami-2025-06-11/1149011
777553,2025-06-11,Philadelphia Phillies,Chicago Cubs,-114,-111,1.88,1.9,2025-06-11 17:05:00+00:00,0.0,/baseball-odds/usa-mlb/philadelphia-cubs-2025-06-11/1149012
777554,2025-06-11,Milwaukee Brewers,Atlanta Braves,153,-192,2.53,1.52,2025-06-11 18:10:00+00:00,0.0,/baseball-odds/usa-mlb/milwaukee-atlanta-2025-06-11/1149013
777555,2025-06-11,New York Mets,Washington Nationals,-263,222,1.38,3.22,2025-06-11 23:10:00+00:00,0.0,/baseball-odds/usa-mlb/ny-mets-washington-2025-06-12/1149018
777556,2025-06-11,Minnesota Twins,Texas Rangers,-152,119,1.66,2.19,2025-06-11 23:40:00+00:00,0.0,/baseball-odds/usa-mlb/minnesota-texas-2025-06-12/1149021
777561,2025-06-11,Boston Red Sox,Tampa Bay Rays,-128,104,1.78,2.04,2025-06-11 23:10:00+00:00,0.0,/baseball-odds/usa-mlb/boston-tampa-bay-2025-06-12/1149019
777562,2025-06-11,Baltimore Orioles,Detroit Tigers,-152,116,1.66,2.16,2025-06-11 22:35:00+00:00,0.0,/baseball-odds/usa-mlb/baltimore-detroit-2025-06-12/1149017
777532,2025-06-12,Milwaukee Brewers,St. Louis Cardinals,103,-135,2.03,1.74,2025-06-12 23:40:00+00:00,0.0,/baseball-odds/usa-mlb/milwaukee-st-louis-2025-06-13/1149029
777533,2025-06-12,Minnesota Twins,Texas Rangers,-159,120,1.63,2.2,2025-06-12 17:10:00+00:00,0.0,/baseball-odds/usa-mlb/minnesota-texas-2025-06-12/1149024
777534,2025-06-12,Colorado Rockies,San Francisco Giants,161,-208,2.61,1.48,2025-06-12 19:10:00+00:00,0.0,/baseball-odds/usa-mlb/colorado-san-francisco-2025-06-12/1149026
777536,2025-06-12,Kansas City Royals,New York Yankees,107,-132,2.07,1.76,2025-06-12 23:40:00+00:00,0.0,/baseball-odds/usa-mlb/kansas-city-ny-yankees-2025-06-13/1149028
777540,2025-06-12,Baltimore Orioles,Detroit Tigers,163,-208,2.63,1.48,2025-06-12 22:35:00+00:00,0.0,/baseball-odds/usa-mlb/baltimore-detroit-2025-06-13/1149027
777541,2025-06-12,Chicago Cubs,Pittsburgh Pirates,-217,163,1.46,2.63,2025-06-13 00:05:00+00:00,0.0,/baseball-odds/usa-mlb/cubs-pittsburgh-2025-06-13/1149030
777544,2025-06-12,New York Mets,Washington Nationals,-204,156,1.49,2.56,2025-06-12 17:10:00+00:00,0.0,/baseball-odds/usa-mlb/ny-mets-washington-2025-06-12/1149025
777546,2025-06-12,Houston Astros,Chicago White Sox,-286,222,1.35,3.22,2025-06-13 00:10:00+00:00,0.0,/baseball-odds/usa-mlb/houston-white-sox-2025-06-13/1150184
777520,2025-06-13,Seattle Mariners,Cleveland Guardians,-114,-111,1.88,1.9,2025-06-14 02:10:00+00:00,0.0,/baseball-odds/usa-mlb/seattle-cleveland-2025-06-14/1149043
777521,2025-06-13,Arizona Diamondbacks,San Diego Padres,-141,113,1.71,2.13,2025-06-14 01:40:00+00:00,0.0,/baseball-odds/usa-mlb/arizona-san-diego-2025-06-14/1149042
777522,2025-06-13,Los Angeles Dodgers,San Francisco Giants,-196,153,1.51,2.53,2025-06-14 02:10:00+00:00,0.0,/baseball-odds/usa-mlb/la-dodgers-san-francisco-2025-06-14/1149044
777524,2025-06-13,Texas Rangers,Chicago White Sox,-179,133,1.56,2.33,2025-06-14 00:05:00+00:00,0.0,/baseball-odds/usa-mlb/texas-white-sox-2025-06-14/1149040
777525,2025-06-13,Milwaukee Brewers,St. Louis Cardinals,-179,136,1.56,2.36,2025-06-14 00:10:00+00:00,0.0,/baseball-odds/usa-mlb/milwaukee-st-louis-2025-06-14/1149041
777526,2025-06-13,Chicago Cubs,Pittsburgh Pirates,-118,-105,1.85,1.95,2025-06-13 18:20:00+00:00,0.0,/baseball-odds/usa-mlb/cubs-pittsburgh-2025-06-13/1149032
777527,2025-06-13,Houston Astros,Minnesota Twins,-105,-120,1.95,1.83,2025-06-14 00:10:00+00:00,0.0,/baseball-odds/usa-mlb/houston-minnesota-2025-06-14/1150185
777528,2025-06-13,New York Mets,Tampa Bay Rays,-175,131,1.57,2.31,2025-06-13 23:10:00+00:00,0.0,/baseball-odds/usa-mlb/ny-mets-tampa-bay-2025-06-14/1149037
777529,2025-06-13,Kansas City Royals,Athletics,-167,138,1.6,2.38,2025-06-14 00:10:00+00:00,0.0,/baseball-odds/usa-mlb/kansas-city-athletics-2025-06-14/1149996
777530,2025-06-13,Washington Nationals,Miami Marlins,-110,-112,1.91,1.89,2025-06-13 22:45:00+00:00,0.0,/baseball-odds/usa-mlb/washington-miami-2025-06-14/1149033
777531,2025-06-13,Philadelphia Phillies,Toronto Blue Jays,-108,-115,1.93,1.87,2025-06-13 22:45:00+00:00,0.0,/baseball-odds/usa-mlb/philadelphia-toronto-2025-06-14/1149034
777535,2025-06-13,Atlanta Braves,Colorado Rockies,-417,268,1.24,3.68,2025-06-13 23:15:00+00:00,0.0,/baseball-odds/usa-mlb/atlanta-colorado-2025-06-14/1149039
777537,2025-06-13,Boston Red Sox,New York Yankees,-139,112,1.72,2.12,2025-06-13 23:10:00+00:00,0.0,/baseball-odds/usa-mlb/boston-ny-yankees-2025-06-14/1149036
777538,2025-06-13,Detroit Tigers,Cincinnati Reds,-132,113,1.76,2.13,2025-06-13 23:10:00+00:00,0.0,/baseball-odds/usa-mlb/detroit-cincinnati-2025-06-14/1149038
777539,2025-06-13,Baltimore Orioles,Los Angeles Angels,-192,147,1.52,2.47,2025-06-13 23:05:00+00:00,0.05,/baseball-odds/usa-mlb/baltimore-la-angels-2025-06-14/1149035
777506,2025-06-14,Los Angeles Dodgers,San Francisco Giants,-192,142,1.52,2.42,2025-06-15 02:10:00+00:00,0.0,/baseball-odds/usa-mlb/la-dodgers-san-francisco-2025-06-15/1149058
777507,2025-06-14,Seattle Mariners,Cleveland Guardians,-139,115,1.72,2.15,2025-06-15 01:40:00+00:00,0.0,/baseball-odds/usa-mlb/seattle-cleveland-2025-06-15/1149057
777508,2025-06-14,Texas Rangers,Chicago White Sox,-312,238,1.32,3.38,2025-06-14 20:05:00+00:00,0.0,/baseball-odds/usa-mlb/texas-white-sox-2025-06-14/1149049
777509,2025-06-14,Philadelphia Phillies,Toronto Blue Jays,-169,128,1.59,2.28,2025-06-14 20:05:00+00:00,0.0,/baseball-odds/usa-mlb/philadelphia-toronto-2025-06-14/1149050
777510,2025-06-14,Houston Astros,Minnesota Twins,-111,-103,1.9,1.97,2025-06-14 20:10:00+00:00,0.0,/baseball-odds/usa-mlb/houston-minnesota-2025-06-14/1150186
777511,2025-06-14,Kansas City Royals,Athletics,-159,131,1.63,2.31,2025-06-14 20:10:00+00:00,0.0,/baseball-odds/usa-mlb/kansas-city-athletics-2025-06-14/1149997
777512,2025-06-14,Milwaukee Brewers,St. Louis Cardinals,-133,107,1.75,2.07,2025-06-14 20:10:00+00:00,0.0,/baseball-odds/usa-mlb/milwaukee-st-louis-2025-06-14/1149053
777513,2025-06-14,Chicago Cubs,Pittsburgh Pirates,-233,181,1.43,2.81,2025-06-14 18:20:00+00:00,0.0,/baseball-odds/usa-mlb/cubs-pittsburgh-2025-06-14/1149047
777514,2025-06-14,Washington Nationals,Miami Marlins,-132,103,1.76,2.03,2025-06-14 17:05:00+00:00,0.0,/baseball-odds/usa-mlb/washington-miami-2025-06-14/1151903
777515,2025-06-14,Arizona Diamondbacks,San Diego Padres,-167,129,1.6,2.29,2025-06-14 23:15:00+00:00,0.0,/baseball-odds/usa-mlb/arizona-san-diego-2025-06-15/1149056
777516,2025-06-14,Boston Red Sox,New York Yankees,133,-169,2.33,1.59,2025-06-14 23:15:00+00:00,0.0,/baseball-odds/usa-mlb/boston-ny-yankees-2025-06-15/1149055
777517,2025-06-14,Detroit Tigers,Cincinnati Reds,-192,153,1.52,2.53,2025-06-14 17:10:00+00:00,0.0,/baseball-odds/usa-mlb/detroit-cincinnati-2025-06-14/1149046
777518,2025-06-14,New York Mets,Tampa Bay Rays,-149,117,1.67,2.17,2025-06-14 20:10:00+00:00,0.0,/baseball-odds/usa-mlb/ny-mets-tampa-bay-2025-06-14/1149054
777519,2025-06-14,Baltimore Orioles,Los Angeles Angels,-159,129,1.63,2.29,2025-06-14 20:05:00+00:00,0.0,/baseball-odds/usa-mlb/baltimore-la-angels-2025-06-14/1149051
777523,2025-06-14,Atlanta Braves,Colorado Rockies,-345,277,1.29,3.77,2025-06-14 20:10:00+00:00,0.0,/baseball-odds/usa-mlb/atlanta-colorado-2025-06-14/1149052
777491,2025-06-15,Arizona Diamondbacks,San Diego Padres,-141,107,1.71,2.07,2025-06-15 20:10:00+00:00,0.0,/baseball-odds/usa-mlb/arizona-san-diego-2025-06-15/1149071
777492,2025-06-15,Milwaukee Brewers,St. Louis Cardinals,-147,112,1.68,2.12,2025-06-15 18:10:00+00:00,0.0,/baseball-odds/usa-mlb/milwaukee-st-louis-2025-06-15/1149067
777493,2025-06-15,Texas Rangers,Chicago White Sox,-159,120,1.63,2.2,2025-06-15 18:35:00+00:00,0.0,/baseball-odds/usa-mlb/texas-white-sox-2025-06-15/1149069
777494,2025-06-15,Houston Astros,Minnesota Twins,-120,-104,1.83,1.96,2025-06-15 18:10:00+00:00,0.0,/baseball-odds/usa-mlb/houston-minnesota-2025-06-15/1150187
777495,2025-06-15,Seattle Mariners,Cleveland Guardians,-128,106,1.78,2.06,2025-06-15 20:10:00+00:00,0.0,/baseball-odds/usa-mlb/seattle-cleveland-2025-06-15/1149072
777496,2025-06-15,Kansas City Royals,Athletics,-154,129,1.65,2.29,2025-06-15 18:10:00+00:00,0.0,/baseball-odds/usa-mlb/kansas-city-athletics-2025-06-15/1149998
777497,2025-06-15,Chicago Cubs,Pittsburgh Pirates,-152,119,1.66,2.19,2025-06-15 18:20:00+00:00,0.0,/baseball-odds/usa-mlb/cubs-pittsburgh-2025-06-15/1149068
777498,2025-06-15,Los Angeles Dodgers,San Francisco Giants,-189,144,1.53,2.44,2025-06-15 23:10:00+00:00,0.0,/baseball-odds/usa-mlb/la-dodgers-san-francisco-2025-06-16/1151904
777499,2025-06-15,Philadelphia Phillies,Toronto Blue Jays,-182,141,1.55,2.41,2025-06-15 17:35:00+00:00,0.0,/baseball-odds/usa-mlb/philadelphia-toronto-2025-06-15/1149065
777500,2025-06-15,Boston Red Sox,New York Yankees,147,-185,2.47,1.54,2025-06-15 17:35:00+00:00,0.0,/baseball-odds/usa-mlb/boston-ny-yankees-2025-06-15/1149064
777501,2025-06-15,Baltimore Orioles,Los Angeles Angels,-115,-108,1.87,1.93,2025-06-15 17:35:00+00:00,0.0,/baseball-odds/usa-mlb/baltimore-la-angels-2025-06-15/1149063
777502,2025-06-15,New York Mets,Tampa Bay Rays,-159,128,1.63,2.28,2025-06-15 17:40:00+00:00,0.0,/baseball-odds/usa-mlb/ny-mets-tampa-bay-2025-06-15/1149066
777503,2025-06-15,Washington Nationals,Miami Marlins,-159,120,1.63,2.2,2025-06-15 17:35:00+00:00,0.0,/baseball-odds/usa-mlb/washington-miami-2025-06-15/1149061
777504,2025-06-15,Atlanta Braves,Colorado Rockies,-345,243,1.29,3.43,2025-06-15 17:35:00+00:00,0.0,/baseball-odds/usa-mlb/atlanta-colorado-2025-06-15/1149062
777505,2025-06-15,Detroit Tigers,Cincinnati Reds,-192,147,1.52,2.47,2025-06-15 16:05:00+00:00,0.0,/baseball-odds/usa-mlb/detroit-cincinnati-2025-06-15/1149060
777483,2025-06-16,Miami Marlins,Philadelphia Phillies,-111,-110,1.9,1.91,2025-06-16 22:40:00+00:00,0.0,/baseball-odds/usa-mlb/miami-philadelphia-2025-06-17/1151929
777484,2025-06-16,Tampa Bay Rays,Baltimore Orioles,-116,-109,1.86,1.92,2025-06-16 23:35:00+00:00,0.0,/baseball-odds/usa-mlb/tampa-bay-baltimore-2025-06-17/1150188
777485,2025-06-16,Athletics,Houston Astros,-108,-115,1.93,1.87,2025-06-17 02:05:00+00:00,0.0,/baseball-odds/usa-mlb/athletics-houston-2025-06-17/1149999
777486,2025-06-16,Seattle Mariners,Boston Red Sox,-175,140,1.57,2.4,2025-06-17 01:40:00+00:00,0.0,/baseball-odds/usa-mlb/seattle-boston-2025-06-17/1149077
777487,2025-06-16,New York Yankees,Los Angeles Angels,-208,160,1.48,2.6,2025-06-16 23:05:00+00:00,0.0,/baseball-odds/usa-mlb/ny-yankees-la-angels-2025-06-17/1149076
777488,2025-06-16,Washington Nationals,Colorado Rockies,-167,126,1.6,2.26,2025-06-16 22:45:00+00:00,0.0,/baseball-odds/usa-mlb/washington-colorado-2025-06-17/1149075
777490,2025-06-16,Los Angeles Dodgers,San Diego Padres,-182,143,1.55,2.43,2025-06-17 02:10:00+00:00,0.0,/baseball-odds/usa-mlb/la-dodgers-san-diego-2025-06-17/1149078
777467,2025-06-17,Chicago White Sox,St. Louis Cardinals,101,-128,2.01,1.78,2025-06-17 23:40:00+00:00,0.0,/baseball-odds/usa-mlb/white-sox-st-louis-2025-06-18/1150190
777468,2025-06-17,Texas Rangers,Kansas City Royals,-132,106,1.76,2.06,2025-06-18 00:05:00+00:00,0.0,/baseball-odds/usa-mlb/texas-kansas-city-2025-06-18/1149089
777469,2025-06-17,Athletics,Houston Astros,104,-128,2.04,1.78,2025-06-18 02:05:00+00:00,0.0,/baseball-odds/usa-mlb/athletics-houston-2025-06-18/1150000
777471,2025-06-17,Los Angeles Dodgers,San Diego Padres,-222,175,1.45,2.75,2025-06-18 02:10:00+00:00,0.0,/baseball-odds/usa-mlb/la-dodgers-san-diego-2025-06-18/1149092
777472,2025-06-17,San Francisco Giants,Cleveland Guardians,-152,114,1.66,2.14,2025-06-18 01:45:00+00:00,0.0,/baseball-odds/usa-mlb/san-francisco-cleveland-2025-06-18/1149091
777473,2025-06-17,Seattle Mariners,Boston Red Sox,-154,120,1.65,2.2,2025-06-18 01:40:00+00:00,0.0,/baseball-odds/usa-mlb/seattle-boston-2025-06-18/1149090
777475,2025-06-17,Detroit Tigers,Pittsburgh Pirates,-217,172,1.46,2.72,2025-06-17 22:40:00+00:00,0.0,/baseball-odds/usa-mlb/detroit-pittsburgh-2025-06-18/1149082
777476,2025-06-17,New York Yankees,Los Angeles Angels,-244,188,1.41,2.88,2025-06-17 23:05:00+00:00,0.0,/baseball-odds/usa-mlb/ny-yankees-la-angels-2025-06-18/1149084
777477,2025-06-17,Tampa Bay Rays,Baltimore Orioles,-116,-111,1.86,1.9,2025-06-17 23:35:00+00:00,0.0,/baseball-odds/usa-mlb/tampa-bay-baltimore-2025-06-18/1150189
777478,2025-06-17,Cincinnati Reds,Minnesota Twins,-130,-101,1.77,1.99,2025-06-17 23:10:00+00:00,0.0,/baseball-odds/usa-mlb/cincinnati-minnesota-2025-06-18/1149086
777479,2025-06-17,Toronto Blue Jays,Arizona Diamondbacks,-128,107,1.78,2.07,2025-06-17 23:07:00+00:00,0.0,/baseball-odds/usa-mlb/toronto-arizona-2025-06-18/1149085
777480,2025-06-17,Washington Nationals,Colorado Rockies,-196,149,1.51,2.49,2025-06-17 22:45:00+00:00,0.0,/baseball-odds/usa-mlb/washington-colorado-2025-06-18/1149083
777481,2025-06-17,Miami Marlins,Philadelphia Phillies,146,-175,2.46,1.57,2025-06-17 22:10:00+00:00,0.0,/baseball-odds/usa-mlb/miami-philadelphia-2025-06-18/1151930
777482,2025-06-17,Chicago Cubs,Milwaukee Brewers,-164,123,1.61,2.23,2025-06-18 00:05:00+00:00,0.0,/baseball-odds/usa-mlb/cubs-milwaukee-2025-06-18/1149088
777489,2025-06-17,Atlanta Braves,New York Mets,-147,112,1.68,2.12,2025-06-17 23:15:00+00:00,0.0,/baseball-odds/usa-mlb/atlanta-ny-mets-2025-06-18/1149087
777453,2025-06-18,Seattle Mariners,Boston Red Sox,-102,-128,1.98,1.78,2025-06-18 20:10:00+00:00,0.0,/baseball-odds/usa-mlb/seattle-boston-2025-06-18/1149095
777454,2025-06-18,San Francisco Giants,Cleveland Guardians,-137,126,1.73,2.26,2025-06-19 01:45:00+00:00,0.0,/baseball-odds/usa-mlb/san-francisco-cleveland-2025-06-19/1149105
777456,2025-06-18,Athletics,Houston Astros,133,-182,2.33,1.55,2025-06-19 02:05:00+00:00,0.0,/baseball-odds/usa-mlb/athletics-houston-2025-06-19/1150001
777457,2025-06-18,Los Angeles Dodgers,San Diego Padres,-200,153,1.5,2.53,2025-06-19 02:10:00+00:00,0.0,/baseball-odds/usa-mlb/la-dodgers-san-diego-2025-06-19/1149106
777460,2025-06-18,Texas Rangers,Kansas City Royals,112,-139,2.12,1.72,2025-06-19 00:05:00+00:00,0.0,/baseball-odds/usa-mlb/texas-kansas-city-2025-06-19/1149104
777461,2025-06-18,Washington Nationals,Colorado Rockies,-156,125,1.64,2.25,2025-06-18 22:45:00+00:00,0.0,/baseball-odds/usa-mlb/washington-colorado-2025-06-19/1149098
777462,2025-06-18,Toronto Blue Jays,Arizona Diamondbacks,-112,-112,1.89,1.89,2025-06-18 23:07:00+00:00,0.0,/baseball-odds/usa-mlb/toronto-arizona-2025-06-19/1149100
777463,2025-06-18,Tampa Bay Rays,Baltimore Orioles,-127,-101,1.79,1.99,2025-06-18 23:35:00+00:00,0.0,/baseball-odds/usa-mlb/tampa-bay-baltimore-2025-06-19/1150191
777465,2025-06-18,Miami Marlins,Philadelphia Phillies,149,-196,2.49,1.51,2025-06-18 22:40:00+00:00,0.0,/baseball-odds/usa-mlb/miami-philadelphia-2025-06-19/1149096
777466,2025-06-18,New York Yankees,Los Angeles Angels,-263,196,1.38,2.96,2025-06-18 23:05:00+00:00,0.0,/baseball-odds/usa-mlb/ny-yankees-la-angels-2025-06-19/1149099
777470,2025-06-18,Atlanta Braves,New York Mets,-222,163,1.45,2.63,2025-06-18 23:15:00+00:00,0.0,/baseball-odds/usa-mlb/atlanta-ny-mets-2025-06-19/1149102
777474,2025-06-18,Cincinnati Reds,Minnesota Twins,-127,108,1.79,2.08,2025-06-18 23:10:00+00:00,0.0,/baseball-odds/usa-mlb/cincinnati-minnesota-2025-06-19/1149101
777440,2025-06-19,San Francisco Giants,Cleveland Guardians,-179,147,1.56,2.47,2025-06-19 20:05:00+00:00,0.0,/baseball-odds/usa-mlb/san-francisco-cleveland-2025-06-19/1149116
777441,2025-06-19,Athletics,Houston Astros,110,-149,2.1,1.67,2025-06-20 02:05:00+00:00,0.0,/baseball-odds/usa-mlb/athletics-houston-2025-06-20/1150002
777442,2025-06-19,Los Angeles Dodgers,San Diego Padres,-278,215,1.36,3.15,2025-06-20 02:10:00+00:00,0.0,/baseball-odds/usa-mlb/la-dodgers-san-diego-2025-06-20/1149119
777443,2025-06-19,Texas Rangers,Kansas City Royals,-128,-102,1.78,1.98,2025-06-19 18:35:00+00:00,0.0,/baseball-odds/usa-mlb/texas-kansas-city-2025-06-19/1149114
777444,2025-06-19,Miami Marlins,Philadelphia Phillies,117,-145,2.17,1.69,2025-06-19 22:40:00+00:00,0.0,/baseball-odds/usa-mlb/miami-philadelphia-2025-06-20/1149117
777445,2025-06-19,Washington Nationals,Colorado Rockies,-179,133,1.56,2.33,2025-06-19 17:05:00+00:00,0.0,/baseball-odds/usa-mlb/washington-colorado-2025-06-19/1149110
777446,2025-06-19,Tampa Bay Rays,Baltimore Orioles,-137,107,1.73,2.07,2025-06-19 23:35:00+00:00,0.0,/baseball-odds/usa-mlb/tampa-bay-baltimore-2025-06-20/1150194
777447,2025-06-19,Chicago White Sox,St. Louis Cardinals,108,-135,2.08,1.74,2025-06-19 18:10:00+00:00,0.0,/baseball-odds/usa-mlb/white-sox-st-louis-2025-06-19/1150193
777448,2025-06-19,Toronto Blue Jays,Arizona Diamondbacks,-179,133,1.56,2.33,2025-06-19 19:07:00+00:00,0.0,/baseball-odds/usa-mlb/toronto-arizona-2025-06-19/1149115
777449,2025-06-19,New York Yankees,Los Angeles Angels,-323,215,1.31,3.15,2025-06-19 17:05:00+00:00,0.0,/baseball-odds/usa-mlb/ny-yankees-la-angels-2025-06-19/1149111
777450,2025-06-19,Chicago Cubs,Milwaukee Brewers,-128,106,1.78,2.06,2025-06-19 18:20:00+00:00,0.0,/baseball-odds/usa-mlb/cubs-milwaukee-2025-06-19/1149113
777451,2025-06-19,Detroit Tigers,Pittsburgh Pirates,-370,277,1.27,3.77,2025-06-19 17:10:00+00:00,0.0,/baseball-odds/usa-mlb/detroit-pittsburgh-2025-06-19/1149112
777452,2025-06-19,Cincinnati Reds,Minnesota Twins,-118,-105,1.85,1.95,2025-06-19 16:40:00+00:00,0.0,/baseball-odds/usa-mlb/cincinnati-minnesota-2025-06-19/1149109
777455,2025-06-19,Atlanta Braves,New York Mets,-137,107,1.73,2.07,2025-06-19 23:15:00+00:00,0.0,/baseball-odds/usa-mlb/atlanta-ny-mets-2025-06-20/1149118
777458,2025-06-19,Chicago White Sox,St. Louis Cardinals,108,-135,2.08,1.74,2025-06-19 18:10:00+00:00,0.08333333333333333,/baseball-odds/usa-mlb/white-sox-st-louis-2025-06-19/1150193
777464,2025-06-19,Detroit Tigers,Pittsburgh Pirates,-370,277,1.27,3.77,2025-06-19 17:10:00+00:00,5.0,/baseball-odds/usa-mlb/detroit-pittsburgh-2025-06-19/1149112
777425,2025-06-20,San Francisco Giants,Boston Red Sox,-135,108,1.74,2.08,2025-06-21 02:15:00+00:00,0.0,/baseball-odds/usa-mlb/san-francisco-boston-2025-06-21/1149133
777426,2025-06-20,San Diego Padres,Kansas City Royals,-175,135,1.57,2.35,2025-06-21 01:40:00+00:00,0.0,/baseball-odds/usa-mlb/san-diego-kansas-city-2025-06-21/1149131
777427,2025-06-20,Los Angeles Dodgers,Washington Nationals,-185,147,1.54,2.47,2025-06-21 02:10:00+00:00,0.0,/baseball-odds/usa-mlb/la-dodgers-washington-2025-06-21/1149132
777428,2025-06-20,Los Angeles Angels,Houston Astros,135,-169,2.35,1.59,2025-06-21 01:38:00+00:00,0.0,/baseball-odds/usa-mlb/la-angels-houston-2025-06-21/1149130
777429,2025-06-20,Athletics,Cleveland Guardians,102,-123,2.02,1.81,2025-06-21 02:05:00+00:00,0.0,/baseball-odds/usa-mlb/athletics-cleveland-2025-06-21/1150003
777430,2025-06-20,Colorado Rockies,Arizona Diamondbacks,126,-161,2.26,1.62,2025-06-21 00:40:00+00:00,0.0,/baseball-odds/usa-mlb/colorado-arizona-2025-06-21/1149129
777431,2025-06-20,Tampa Bay Rays,Detroit Tigers,-109,-114,1.92,1.88,2025-06-20 23:05:00+00:00,0.0,/baseball-odds/usa-mlb/tampa-bay-detroit-2025-06-21/1150195
777432,2025-06-20,Pittsburgh Pirates,Texas Rangers,147,-192,2.47,1.52,2025-06-20 22:40:00+00:00,0.0,/baseball-odds/usa-mlb/pittsburgh-texas-2025-06-21/1149122
777433,2025-06-20,St. Louis Cardinals,Cincinnati Reds,-147,117,1.68,2.17,2025-06-20 23:15:00+00:00,0.0,/baseball-odds/usa-mlb/st-louis-cincinnati-2025-06-21/1149127
777434,2025-06-20,Minnesota Twins,Milwaukee Brewers,-154,125,1.65,2.25,2025-06-21 00:10:00+00:00,0.0,/baseball-odds/usa-mlb/minnesota-milwaukee-2025-06-21/1149128
777435,2025-06-20,Toronto Blue Jays,Chicago White Sox,-204,153,1.49,2.53,2025-06-20 23:07:00+00:00,0.0,/baseball-odds/usa-mlb/toronto-white-sox-2025-06-21/1149125
777436,2025-06-20,Chicago Cubs,Seattle Mariners,-147,112,1.68,2.12,2025-06-20 18:20:00+00:00,0.0,/baseball-odds/usa-mlb/cubs-seattle-2025-06-20/1149121
777437,2025-06-20,Philadelphia Phillies,New York Mets,-208,161,1.48,2.61,2025-06-20 23:15:00+00:00,0.0,/baseball-odds/usa-mlb/philadelphia-ny-mets-2025-06-21/1151935
777438,2025-06-20,New York Yankees,Baltimore Orioles,-312,263,1.32,3.63,2025-06-20 23:05:00+00:00,0.0,/baseball-odds/usa-mlb/ny-yankees-baltimore-2025-06-21/1149124
777439,2025-06-20,Miami Marlins,Atlanta Braves,128,-169,2.28,1.59,2025-06-20 23:10:00+00:00,0.0,/baseball-odds/usa-mlb/miami-atlanta-2025-06-21/1149126
777410,2025-06-21,Colorado Rockies,Arizona Diamondbacks,161,-204,2.61,1.49,2025-06-22 01:10:00+00:00,0.0,/baseball-odds/usa-mlb/colorado-arizona-2025-06-22/1149145
777411,2025-06-21,Athletics,Cleveland Guardians,115,-139,2.15,1.72,2025-06-22 02:05:00+00:00,0.0,/baseball-odds/usa-mlb/athletics-cleveland-2025-06-22/1150004
777412,2025-06-21,Minnesota Twins,Milwaukee Brewers,-137,107,1.73,2.07,2025-06-21 18:10:00+00:00,0.0,/baseball-odds/usa-mlb/minnesota-milwaukee-2025-06-21/1149136
777413,2025-06-21,San Diego Padres,Kansas City Royals,-159,129,1.63,2.29,2025-06-21 23:15:00+00:00,0.0,/baseball-odds/usa-mlb/san-diego-kansas-city-2025-06-22/1149143
777414,2025-06-21,Los Angeles Angels,Houston Astros,-123,100,1.81,2.0,2025-06-22 01:38:00+00:00,0.0,/baseball-odds/usa-mlb/la-angels-houston-2025-06-22/1149146
777415,2025-06-21,St. Louis Cardinals,Cincinnati Reds,-196,149,1.51,2.49,2025-06-21 18:15:00+00:00,0.0,/baseball-odds/usa-mlb/st-louis-cincinnati-2025-06-21/1149137
777416,2025-06-21,Los Angeles Dodgers,Washington Nationals,-286,208,1.35,3.08,2025-06-22 02:10:00+00:00,0.0,/baseball-odds/usa-mlb/la-dodgers-washington-2025-06-22/1149147
777417,2025-06-21,San Francisco Giants,Boston Red Sox,-123,-102,1.81,1.98,2025-06-21 20:05:00+00:00,0.0,/baseball-odds/usa-mlb/san-francisco-boston-2025-06-21/1149140
777418,2025-06-21,Toronto Blue Jays,Chicago White Sox,-213,169,1.47,2.69,2025-06-21 19:07:00+00:00,0.0,/baseball-odds/usa-mlb/toronto-white-sox-2025-06-21/1149139
777419,2025-06-21,Chicago Cubs,Seattle Mariners,-179,133,1.56,2.33,2025-06-21 18:20:00+00:00,0.0,/baseball-odds/usa-mlb/cubs-seattle-2025-06-21/1149138
777420,2025-06-21,Tampa Bay Rays,Detroit Tigers,-147,112,1.68,2.12,2025-06-21 16:10:00+00:00,0.0,/baseball-odds/usa-mlb/tampa-bay-detroit-2025-06-21/1150196
777421,2025-06-21,Pittsburgh Pirates,Texas Rangers,-111,-104,1.9,1.96,2025-06-21 20:05:00+00:00,0.0,/baseball-odds/usa-mlb/pittsburgh-texas-2025-06-21/1149141
777422,2025-06-21,New York Yankees,Baltimore Orioles,-175,135,1.57,2.35,2025-06-21 17:05:00+00:00,0.0,/baseball-odds/usa-mlb/ny-yankees-baltimore-2025-06-21/1149135
777423,2025-06-21,Philadelphia Phillies,New York Mets,101,-125,2.01,1.8,2025-06-21 23:15:00+00:00,0.0,/baseball-odds/usa-mlb/philadelphia-ny-mets-2025-06-22/1149144
777424,2025-06-21,Miami Marlins,Atlanta Braves,126,-161,2.26,1.62,2025-06-21 20:10:00+00:00,0.0,/baseball-odds/usa-mlb/miami-atlanta-2025-06-21/1149142
777395,2025-06-22,San Francisco Giants,Boston Red Sox,-175,135,1.57,2.35,2025-06-22 20:05:00+00:00,0.0,/baseball-odds/usa-mlb/san-francisco-boston-2025-06-22/1149157
777396,2025-06-22,San Diego Padres,Kansas City Royals,-122,102,1.82,2.02,2025-06-22 20:10:00+00:00,0.0,/baseball-odds/usa-mlb/san-diego-kansas-city-2025-06-22/1149160
777397,2025-06-22,Los Angeles Angels,Houston Astros,-108,-114,1.93,1.88,2025-06-22 20:07:00+00:00,0.0,/baseball-odds/usa-mlb/la-angels-houston-2025-06-22/1149158
777398,2025-06-22,Los Angeles Dodgers,Washington Nationals,-270,192,1.37,2.92,2025-06-22 20:10:00+00:00,0.0,/baseball-odds/usa-mlb/la-dodgers-washington-2025-06-22/1149159
777399,2025-06-22,Colorado Rockies,Arizona Diamondbacks,135,-175,2.35,1.57,2025-06-22 19:10:00+00:00,0.0,/baseball-odds/usa-mlb/colorado-arizona-2025-06-22/1149156
777400,2025-06-22,Athletics,Cleveland Guardians,-104,-116,1.96,1.86,2025-06-22 20:05:00+00:00,0.0,/baseball-odds/usa-mlb/athletics-cleveland-2025-06-22/1150005
777401,2025-06-22,Minnesota Twins,Milwaukee Brewers,-145,111,1.69,2.11,2025-06-22 18:10:00+00:00,0.0,/baseball-odds/usa-mlb/minnesota-milwaukee-2025-06-22/1149153
777402,2025-06-22,Miami Marlins,Atlanta Braves,129,-161,2.29,1.62,2025-06-22 17:40:00+00:00,0.0,/baseball-odds/usa-mlb/miami-atlanta-2025-06-22/1149152
777403,2025-06-22,Chicago Cubs,Seattle Mariners,102,-130,2.02,1.77,2025-06-22 18:20:00+00:00,0.0,/baseball-odds/usa-mlb/cubs-seattle-2025-06-22/1149155
777404,2025-06-22,Pittsburgh Pirates,Texas Rangers,-120,-108,1.83,1.93,2025-06-22 17:35:00+00:00,0.0,/baseball-odds/usa-mlb/pittsburgh-texas-2025-06-22/1149150
777405,2025-06-22,Philadelphia Phillies,New York Mets,-125,-102,1.8,1.98,2025-06-22 23:10:00+00:00,0.0,/baseball-odds/usa-mlb/philadelphia-ny-mets-2025-06-23/1149161
777406,2025-06-22,New York Yankees,Baltimore Orioles,-227,163,1.44,2.63,2025-06-22 15:35:00+00:00,0.0,/baseball-odds/usa-mlb/ny-yankees-baltimore-2025-06-22/1149149
777407,2025-06-22,St. Louis Cardinals,Cincinnati Reds,-111,-112,1.9,1.89,2025-06-22 18:15:00+00:00,0.0,/baseball-odds/usa-mlb/st-louis-cincinnati-2025-06-22/1149154
777408,2025-06-22,Toronto Blue Jays,Chicago White Sox,-213,156,1.47,2.56,2025-06-22 17:37:00+00:00,0.0,/baseball-odds/usa-mlb/toronto-white-sox-2025-06-22/1149151
777409,2025-06-22,Tampa Bay Rays,Detroit Tigers,-115,-110,1.87,1.91,2025-06-22 16:10:00+00:00,0.0,/baseball-odds/usa-mlb/tampa-bay-detroit-2025-06-22/1150197
777381,2025-06-23,Los Angeles Angels,Boston Red Sox,-105,-123,1.95,1.81,2025-06-24 01:38:00+00:00,0.0,/baseball-odds/usa-mlb/la-angels-boston-2025-06-24/1149169
777382,2025-06-23,San Diego Padres,Washington Nationals,-185,142,1.54,2.42,2025-06-24 01:40:00+00:00,0.0,/baseball-odds/usa-mlb/san-diego-washington-2025-06-24/1149170
777388,2025-06-23,Minnesota Twins,Seattle Mariners,105,-133,2.05,1.75,2025-06-23 23:40:00+00:00,0.0,/baseball-odds/usa-mlb/minnesota-seattle-2025-06-24/1149166
777389,2025-06-23,New York Mets,Atlanta Braves,114,-152,2.14,1.66,2025-06-23 23:10:00+00:00,0.0,/baseball-odds/usa-mlb/ny-mets-atlanta-2025-06-24/1149164
777390,2025-06-23,Cincinnati Reds,New York Yankees,-101,-130,1.99,1.77,2025-06-23 23:10:00+00:00,0.0,/baseball-odds/usa-mlb/cincinnati-ny-yankees-2025-06-24/1149165
777391,2025-06-23,Milwaukee Brewers,Pittsburgh Pirates,-172,151,1.58,2.51,2025-06-23 23:40:00+00:00,0.0,/baseball-odds/usa-mlb/milwaukee-pittsburgh-2025-06-24/1149167
777392,2025-06-23,St. Louis Cardinals,Chicago Cubs,100,-123,2.0,1.81,2025-06-23 23:45:00+00:00,0.0,/baseball-odds/usa-mlb/st-louis-cubs-2025-06-24/1149168
777393,2025-06-23,Chicago White Sox,Arizona Diamondbacks,112,-147,2.12,1.68,2025-06-23 23:40:00+00:00,0.0,/baseball-odds/usa-mlb/white-sox-arizona-2025-06-24/1150198
777394,2025-06-23,Baltimore Orioles,Texas Rangers,-135,106,1.74,2.06,2025-06-23 22:35:00+00:00,0.0,/baseball-odds/usa-mlb/baltimore-texas-2025-06-24/1149163
777364,2025-06-24,San Francisco Giants,Miami Marlins,-179,142,1.56,2.42,2025-06-25 01:45:00+00:00,0.0,/baseball-odds/usa-mlb/san-francisco-miami-2025-06-25/1149184
777372,2025-06-24,San Diego Padres,Washington Nationals,-182,135,1.55,2.35,2025-06-25 01:40:00+00:00,0.0,/baseball-odds/usa-mlb/san-diego-washington-2025-06-25/1149183
777373,2025-06-24,St. Louis Cardinals,Chicago Cubs,-108,-115,1.93,1.87,2025-06-24 23:45:00+00:00,0.0,/baseball-odds/usa-mlb/st-louis-cubs-2025-06-25/1149180
777374,2025-06-24,Milwaukee Brewers,Pittsburgh Pirates,-213,169,1.47,2.69,2025-06-24 23:40:00+00:00,0.0,/baseball-odds/usa-mlb/milwaukee-pittsburgh-2025-06-25/1149179
777375,2025-06-24,Minnesota Twins,Seattle Mariners,-110,-112,1.91,1.89,2025-06-24 23:40:00+00:00,0.0,/baseball-odds/usa-mlb/minnesota-seattle-2025-06-25/1149177
777376,2025-06-24,Los Angeles Angels,Boston Red Sox,135,-167,2.35,1.6,2025-06-25 01:38:00+00:00,0.0,/baseball-odds/usa-mlb/la-angels-boston-2025-06-25/1149182
777377,2025-06-24,Houston Astros,Philadelphia Phillies,-154,120,1.65,2.2,2025-06-25 00:10:00+00:00,0.0,/baseball-odds/usa-mlb/houston-philadelphia-2025-06-25/1150201
777378,2025-06-24,Kansas City Royals,Tampa Bay Rays,-152,119,1.66,2.19,2025-06-24 23:40:00+00:00,0.0,/baseball-odds/usa-mlb/kansas-city-tampa-bay-2025-06-25/1149178
777379,2025-06-24,Colorado Rockies,Los Angeles Dodgers,185,-263,2.85,1.38,2025-06-25 00:40:00+00:00,0.0,/baseball-odds/usa-mlb/colorado-la-dodgers-2025-06-25/1149181
777380,2025-06-24,Baltimore Orioles,Texas Rangers,-123,100,1.81,2.0,2025-06-24 22:35:00+00:00,0.0,/baseball-odds/usa-mlb/baltimore-texas-2025-06-25/1149174
777383,2025-06-24,Chicago White Sox,Arizona Diamondbacks,-102,-123,1.98,1.81,2025-06-24 23:40:00+00:00,0.0,/baseball-odds/usa-mlb/white-sox-arizona-2025-06-25/1150200
777384,2025-06-24,Cleveland Guardians,Toronto Blue Jays,109,-132,2.09,1.76,2025-06-24 22:40:00+00:00,0.0,/baseball-odds/usa-mlb/cleveland-toronto-2025-06-25/1150199
777385,2025-06-24,Cincinnati Reds,New York Yankees,131,-169,2.31,1.59,2025-06-24 23:10:00+00:00,0.0,/baseball-odds/usa-mlb/cincinnati-ny-yankees-2025-06-25/1149175
777386,2025-06-24,Detroit Tigers,Athletics,-333,252,1.3,3.52,2025-06-24 22:40:00+00:00,0.0,/baseball-odds/usa-mlb/detroit-athletics-2025-06-25/1150006
777387,2025-06-24,New York Mets,Atlanta Braves,108,-139,2.08,1.72,2025-06-24 23:10:00+00:00,0.0,/baseball-odds/usa-mlb/ny-mets-atlanta-2025-06-25/1149176
777355,2025-06-25,San Francisco Giants,Miami Marlins,-233,175,1.43,2.75,2025-06-26 01:45:00+00:00,0.0,/baseball-odds/usa-mlb/san-francisco-miami-2025-06-26/1149198
777357,2025-06-25,St. Louis Cardinals,Chicago Cubs,123,-159,2.23,1.63,2025-06-25 23:45:00+00:00,0.0,/baseball-odds/usa-mlb/st-louis-cubs-2025-06-26/1149196
777358,2025-06-25,Colorado Rockies,Los Angeles Dodgers,260,-312,3.6,1.32,2025-06-26 00:40:00+00:00,0.0,/baseball-odds/usa-mlb/colorado-la-dodgers-2025-06-26/1149197
777359,2025-06-25,Kansas City Royals,Tampa Bay Rays,105,-137,2.05,1.73,2025-06-25 23:40:00+00:00,0.0,/baseball-odds/usa-mlb/kansas-city-tampa-bay-2025-06-26/1149194
777360,2025-06-25,San Diego Padres,Washington Nationals,-143,112,1.7,2.12,2025-06-25 20:10:00+00:00,0.0,/baseball-odds/usa-mlb/san-diego-washington-2025-06-25/1149190
777361,2025-06-25,Milwaukee Brewers,Pittsburgh Pirates,-111,-114,1.9,1.88,2025-06-25 18:10:00+00:00,0.0,/baseball-odds/usa-mlb/milwaukee-pittsburgh-2025-06-25/1149188
777362,2025-06-25,Los Angeles Angels,Boston Red Sox,-127,102,1.79,2.02,2025-06-25 20:07:00+00:00,0.0,/baseball-odds/usa-mlb/la-angels-boston-2025-06-25/1149189
777363,2025-06-25,Minnesota Twins,Seattle Mariners,-125,-104,1.8,1.96,2025-06-25 23:40:00+00:00,0.0,/baseball-odds/usa-mlb/minnesota-seattle-2025-06-26/1149195
777365,2025-06-25,Baltimore Orioles,Texas Rangers,125,-156,2.25,1.64,2025-06-25 22:35:00+00:00,0.0,/baseball-odds/usa-mlb/baltimore-texas-2025-06-26/1149191
777366,2025-06-25,Houston Astros,Philadelphia Phillies,123,-164,2.23,1.61,2025-06-26 00:10:00+00:00,0.0,/baseball-odds/usa-mlb/houston-philadelphia-2025-06-26/1150204
777367,2025-06-25,Cincinnati Reds,New York Yankees,163,-208,2.63,1.48,2025-06-25 23:10:00+00:00,0.0,/baseball-odds/usa-mlb/cincinnati-ny-yankees-2025-06-26/1149192
777368,2025-06-25,Cleveland Guardians,Toronto Blue Jays,-125,-104,1.8,1.96,2025-06-25 22:40:00+00:00,0.0,/baseball-odds/usa-mlb/cleveland-toronto-2025-06-26/1151941
777369,2025-06-25,New York Mets,Atlanta Braves,-143,114,1.7,2.14,2025-06-25 23:10:00+00:00,0.0,/baseball-odds/usa-mlb/ny-mets-atlanta-2025-06-26/1149193
777370,2025-06-25,Chicago White Sox,Arizona Diamondbacks,123,-154,2.23,1.65,2025-06-25 18:10:00+00:00,0.0,/baseball-odds/usa-mlb/white-sox-arizona-2025-06-25/1150202
777371,2025-06-25,Detroit Tigers,Athletics,-185,149,1.54,2.49,2025-06-25 22:40:00+00:00,0.0,/baseball-odds/usa-mlb/detroit-athletics-2025-06-26/1150007
777344,2025-06-26,Colorado Rockies,Los Angeles Dodgers,222,-303,3.22,1.33,2025-06-26 19:10:00+00:00,0.0,/baseball-odds/usa-mlb/colorado-la-dodgers-2025-06-26/1149204
777347,2025-06-26,San Francisco Giants,Miami Marlins,-192,149,1.52,2.49,2025-06-26 19:45:00+00:00,0.0,/baseball-odds/usa-mlb/san-francisco-miami-2025-06-26/1149205
777348,2025-06-26,St. Louis Cardinals,Chicago Cubs,106,-139,2.06,1.72,2025-06-26 18:15:00+00:00,0.0,/baseball-odds/usa-mlb/st-louis-cubs-2025-06-26/1149203
777350,2025-06-26,Houston Astros,Philadelphia Phillies,-147,121,1.68,2.21,2025-06-26 18:10:00+00:00,0.0,/baseball-odds/usa-mlb/houston-philadelphia-2025-06-26/1150206
777351,2025-06-26,Detroit Tigers,Athletics,-159,128,1.63,2.28,2025-06-26 17:10:00+00:00,0.0,/baseball-odds/usa-mlb/detroit-athletics-2025-06-26/1150008
777352,2025-06-26,New York Mets,Atlanta Braves,-128,-102,1.78,1.98,2025-06-26 23:10:00+00:00,0.0,/baseball-odds/usa-mlb/ny-mets-atlanta-2025-06-27/1149206
777353,2025-06-26,Kansas City Royals,Tampa Bay Rays,-101,-127,1.99,1.79,2025-06-26 18:10:00+00:00,0.0,/baseball-odds/usa-mlb/kansas-city-tampa-bay-2025-06-26/1149202
777354,2025-06-26,Cleveland Guardians,Toronto Blue Jays,-147,115,1.68,2.15,2025-06-26 17:10:00+00:00,0.0,/baseball-odds/usa-mlb/cleveland-toronto-2025-06-26/1150205
777356,2025-06-26,Minnesota Twins,Seattle Mariners,-139,105,1.72,2.05,2025-06-26 17:10:00+00:00,0.0,/baseball-odds/usa-mlb/minnesota-seattle-2025-06-26/1149201
777331,2025-06-27,Los Angeles Angels,Washington Nationals,-179,133,1.56,2.33,2025-06-28 01:38:00+00:00,0.0,/baseball-odds/usa-mlb/la-angels-washington-2025-06-28/1149219
777332,2025-06-27,Arizona Diamondbacks,Miami Marlins,-182,135,1.55,2.35,2025-06-28 01:40:00+00:00,0.0,/baseball-odds/usa-mlb/arizona-miami-2025-06-28/1149220
777334,2025-06-27,Detroit Tigers,Minnesota Twins,-141,111,1.71,2.11,2025-06-27 23:10:00+00:00,0.0,/baseball-odds/usa-mlb/detroit-minnesota-2025-06-28/1149214
777335,2025-06-27,Kansas City Royals,Los Angeles Dodgers,129,-161,2.29,1.62,2025-06-28 00:10:00+00:00,0.0,/baseball-odds/usa-mlb/kansas-city-la-dodgers-2025-06-28/1149218
777336,2025-06-27,Houston Astros,Chicago Cubs,-123,-102,1.81,1.98,2025-06-28 00:10:00+00:00,0.0,/baseball-odds/usa-mlb/houston-cubs-2025-06-28/1150299
777337,2025-06-27,New York Yankees,Athletics,-263,210,1.38,3.1,2025-06-27 23:05:00+00:00,0.0,/baseball-odds/usa-mlb/ny-yankees-athletics-2025-06-28/1150009
777338,2025-06-27,Chicago White Sox,San Francisco Giants,123,-159,2.23,1.63,2025-06-27 23:40:00+00:00,0.0,/baseball-odds/usa-mlb/white-sox-san-francisco-2025-06-28/1150208
777339,2025-06-27,Milwaukee Brewers,Colorado Rockies,-222,179,1.45,2.79,2025-06-28 00:10:00+00:00,0.0,/baseball-odds/usa-mlb/milwaukee-colorado-2025-06-28/1149217
777340,2025-06-27,Texas Rangers,Seattle Mariners,-105,-119,1.95,1.84,2025-06-28 00:05:00+00:00,0.0,/baseball-odds/usa-mlb/texas-seattle-2025-06-28/1149216
777341,2025-06-27,Pittsburgh Pirates,New York Mets,113,-145,2.13,1.69,2025-06-27 22:40:00+00:00,0.0,/baseball-odds/usa-mlb/pittsburgh-ny-mets-2025-06-28/1149210
777342,2025-06-27,Atlanta Braves,Philadelphia Phillies,-185,142,1.54,2.42,2025-06-27 23:15:00+00:00,0.0,/baseball-odds/usa-mlb/atlanta-philadelphia-2025-06-28/1149215
777343,2025-06-27,Baltimore Orioles,Tampa Bay Rays,107,-122,2.07,1.82,2025-06-27 23:05:00+00:00,0.0,/baseball-odds/usa-mlb/baltimore-tampa-bay-2025-06-28/1149211
777345,2025-06-27,Boston Red Sox,Toronto Blue Jays,-128,101,1.78,2.01,2025-06-27 23:10:00+00:00,0.0,/baseball-odds/usa-mlb/boston-toronto-2025-06-28/1149213
777346,2025-06-27,Cincinnati Reds,San Diego Padres,106,-139,2.06,1.72,2025-06-27 23:10:00+00:00,0.0,/baseball-odds/usa-mlb/cincinnati-san-diego-2025-06-28/1149212
777349,2025-06-27,Cleveland Guardians,St. Louis Cardinals,105,-130,2.05,1.77,2025-06-27 23:10:00+00:00,0.0,/baseball-odds/usa-mlb/cleveland-st-louis-2025-06-28/1150207
777315,2025-06-28,Los Angeles Angels,Washington Nationals,-123,-106,1.81,1.94,2025-06-29 01:38:00+00:00,0.0,/baseball-odds/usa-mlb/la-angels-washington-2025-06-29/1149234
777318,2025-06-28,Arizona Diamondbacks,Miami Marlins,-164,128,1.61,2.28,2025-06-28 20:10:00+00:00,0.0,/baseball-odds/usa-mlb/arizona-miami-2025-06-28/1149229
777319,2025-06-28,Kansas City Royals,Los Angeles Dodgers,126,-167,2.26,1.6,2025-06-28 20:10:00+00:00,0.0,/baseball-odds/usa-mlb/kansas-city-la-dodgers-2025-06-28/1149231
777320,2025-06-28,Houston Astros,Chicago Cubs,-118,-108,1.85,1.93,2025-06-28 23:15:00+00:00,0.0,/baseball-odds/usa-mlb/houston-cubs-2025-06-29/1150286
777321,2025-06-28,Milwaukee Brewers,Colorado Rockies,-312,238,1.32,3.38,2025-06-28 20:10:00+00:00,0.0,/baseball-odds/usa-mlb/milwaukee-colorado-2025-06-28/1149230
777322,2025-06-28,Texas Rangers,Seattle Mariners,105,-130,2.05,1.77,2025-06-28 20:05:00+00:00,0.0,/baseball-odds/usa-mlb/texas-seattle-2025-06-28/1149225
777323,2025-06-28,Boston Red Sox,Toronto Blue Jays,-102,-122,1.98,1.82,2025-06-28 20:10:00+00:00,0.0,/baseball-odds/usa-mlb/boston-toronto-2025-06-28/1149228
777324,2025-06-28,Detroit Tigers,Minnesota Twins,-164,123,1.61,2.23,2025-06-28 17:10:00+00:00,0.0,/baseball-odds/usa-mlb/detroit-minnesota-2025-06-28/1149224
777325,2025-06-28,Pittsburgh Pirates,New York Mets,113,-141,2.13,1.71,2025-06-28 20:05:00+00:00,0.0,/baseball-odds/usa-mlb/pittsburgh-ny-mets-2025-06-28/1149226
777326,2025-06-28,New York Yankees,Athletics,-303,236,1.33,3.36,2025-06-28 17:05:00+00:00,0.0,/baseball-odds/usa-mlb/ny-yankees-athletics-2025-06-28/1150010
777327,2025-06-28,Chicago White Sox,San Francisco Giants,129,-167,2.29,1.6,2025-06-28 20:10:00+00:00,0.0,/baseball-odds/usa-mlb/white-sox-san-francisco-2025-06-28/1150284
777328,2025-06-28,Cincinnati Reds,San Diego Padres,-149,117,1.67,2.17,2025-06-28 20:10:00+00:00,0.0,/baseball-odds/usa-mlb/cincinnati-san-diego-2025-06-28/1149232
777329,2025-06-28,Cleveland Guardians,St. Louis Cardinals,-130,-101,1.77,1.99,2025-06-28 20:10:00+00:00,0.0,/baseball-odds/usa-mlb/cleveland-st-louis-2025-06-28/1150285
777330,2025-06-28,Baltimore Orioles,Tampa Bay Rays,-120,-105,1.83,1.95,2025-06-28 20:05:00+00:00,0.0,/baseball-odds/usa-mlb/baltimore-tampa-bay-2025-06-28/1149227
777333,2025-06-28,Atlanta Braves,Philadelphia Phillies,-189,140,1.53,2.4,2025-06-28 23:15:00+00:00,0.0,/baseball-odds/usa-mlb/atlanta-philadelphia-2025-06-29/1149233
777301,2025-06-29,Milwaukee Brewers,Colorado Rockies,-256,192,1.39,2.92,2025-06-29 18:10:00+00:00,0.0,/baseball-odds/usa-mlb/milwaukee-colorado-2025-06-29/1149244
777302,2025-06-29,Texas Rangers,Seattle Mariners,-102,-125,1.98,1.8,2025-06-29 18:35:00+00:00,0.0,/baseball-odds/usa-mlb/texas-seattle-2025-06-29/1149246
777303,2025-06-29,Arizona Diamondbacks,Miami Marlins,-200,147,1.5,2.47,2025-06-29 20:10:00+00:00,0.0,/baseball-odds/usa-mlb/arizona-miami-2025-06-29/1149248
777304,2025-06-29,Kansas City Royals,Los Angeles Dodgers,108,-139,2.08,1.72,2025-06-29 18:10:00+00:00,0.0,/baseball-odds/usa-mlb/kansas-city-la-dodgers-2025-06-29/1149245
777305,2025-06-29,Los Angeles Angels,Washington Nationals,-130,105,1.77,2.05,2025-06-29 20:07:00+00:00,0.0,/baseball-odds/usa-mlb/la-angels-washington-2025-06-29/1149247
777307,2025-06-29,New York Yankees,Athletics,-217,172,1.46,2.72,2025-06-29 17:35:00+00:00,0.0,/baseball-odds/usa-mlb/ny-yankees-athletics-2025-06-29/1150011
777308,2025-06-29,Houston Astros,Chicago Cubs,-135,108,1.74,2.08,2025-06-29 18:10:00+00:00,0.0,/baseball-odds/usa-mlb/houston-cubs-2025-06-29/1150288
777309,2025-06-29,Cleveland Guardians,St. Louis Cardinals,-112,-115,1.89,1.87,2025-06-29 16:05:00+00:00,0.0,/baseball-odds/usa-mlb/cleveland-st-louis-2025-06-29/1149237
777310,2025-06-29,Boston Red Sox,Toronto Blue Jays,-109,-111,1.92,1.9,2025-06-29 17:35:00+00:00,0.0,/baseball-odds/usa-mlb/boston-toronto-2025-06-29/1149241
777311,2025-06-29,Chicago White Sox,San Francisco Giants,131,-159,2.31,1.63,2025-06-29 18:10:00+00:00,0.0,/baseball-odds/usa-mlb/white-sox-san-francisco-2025-06-29/1150287
777312,2025-06-29,Cincinnati Reds,San Diego Padres,-137,109,1.73,2.09,2025-06-29 17:40:00+00:00,0.0,/baseball-odds/usa-mlb/cincinnati-san-diego-2025-06-29/1149242
777313,2025-06-29,Pittsburgh Pirates,New York Mets,114,-152,2.14,1.66,2025-06-29 17:35:00+00:00,0.0,/baseball-odds/usa-mlb/pittsburgh-ny-mets-2025-06-29/1149239
777314,2025-06-29,Detroit Tigers,Minnesota Twins,-323,227,1.31,3.27,2025-06-29 23:10:00+00:00,0.0,/baseball-odds/usa-mlb/detroit-minnesota-2025-06-30/1151927
777316,2025-06-29,Atlanta Braves,Philadelphia Phillies,-169,131,1.59,2.31,2025-06-29 17:35:00+00:00,0.0,/baseball-odds/usa-mlb/atlanta-philadelphia-2025-06-29/1149238
777317,2025-06-29,Baltimore Orioles,Tampa Bay Rays,-123,-105,1.81,1.95,2025-06-29 17:35:00+00:00,0.0,/baseball-odds/usa-mlb/baltimore-tampa-bay-2025-06-29/1149240
777291,2025-06-30,Arizona Diamondbacks,San Francisco Giants,121,-154,2.21,1.65,2025-07-01 01:40:00+00:00,0.0,/baseball-odds/usa-mlb/arizona-san-francisco-2025-07-01/1149255
777292,2025-06-30,Texas Rangers,Baltimore Orioles,-114,-109,1.88,1.92,2025-07-01 00:05:00+00:00,0.0,/baseball-odds/usa-mlb/texas-baltimore-2025-07-01/1149253
777295,2025-06-30,Toronto Blue Jays,New York Yankees,111,-143,2.11,1.7,2025-06-30 23:07:00+00:00,0.0,/baseball-odds/usa-mlb/toronto-ny-yankees-2025-07-01/1149251
777296,2025-06-30,Tampa Bay Rays,Athletics,-179,142,1.56,2.42,2025-06-30 23:35:00+00:00,0.0,/baseball-odds/usa-mlb/tampa-bay-athletics-2025-07-01/1150289
777297,2025-06-30,Seattle Mariners,Kansas City Royals,-167,131,1.6,2.31,2025-07-01 01:40:00+00:00,0.0,/baseball-odds/usa-mlb/seattle-kansas-city-2025-07-01/1149254
777300,2025-06-30,Boston Red Sox,Cincinnati Reds,-175,135,1.57,2.35,2025-06-30 23:10:00+00:00,0.0,/baseball-odds/usa-mlb/boston-cincinnati-2025-07-01/1149252
777306,2025-06-30,Philadelphia Phillies,San Diego Padres,-263,204,1.38,3.04,2025-06-30 22:35:00+00:00,0.0,/baseball-odds/usa-mlb/philadelphia-san-diego-2025-07-01/1151939
777278,2025-07-01,Arizona Diamondbacks,San Francisco Giants,-132,106,1.76,2.06,2025-07-02 01:40:00+00:00,0.0,/baseball-odds/usa-mlb/arizona-san-francisco-2025-07-02/1149268
777280,2025-07-01,Los Angeles Dodgers,Chicago White Sox,-357,270,1.28,3.7,2025-07-02 02:10:00+00:00,0.0,/baseball-odds/usa-mlb/la-dodgers-white-sox-2025-07-02/1149269
777281,2025-07-01,Seattle Mariners,Kansas City Royals,-137,109,1.73,2.09,2025-07-02 01:40:00+00:00,0.0,/baseball-odds/usa-mlb/seattle-kansas-city-2025-07-02/1149267
777282,2025-07-01,Texas Rangers,Baltimore Orioles,-189,149,1.53,2.49,2025-07-02 00:05:00+00:00,0.0,/baseball-odds/usa-mlb/texas-baltimore-2025-07-02/1149264
777283,2025-07-01,Toronto Blue Jays,New York Yankees,135,-169,2.35,1.59,2025-07-01 19:07:00+00:00,0.0,/baseball-odds/usa-mlb/toronto-ny-yankees-2025-07-01/1149256
777285,2025-07-01,Colorado Rockies,Houston Astros,114,-152,2.14,1.66,2025-07-02 00:40:00+00:00,0.0,/baseball-odds/usa-mlb/colorado-houston-2025-07-02/1149266
777286,2025-07-01,Tampa Bay Rays,Athletics,-179,146,1.56,2.46,2025-07-01 23:05:00+00:00,0.0,/baseball-odds/usa-mlb/tampa-bay-athletics-2025-07-02/1150209
777287,2025-07-01,Chicago Cubs,Cleveland Guardians,-200,163,1.5,2.63,2025-07-02 00:05:00+00:00,0.0,/baseball-odds/usa-mlb/cubs-cleveland-2025-07-02/1149265
777288,2025-07-01,Pittsburgh Pirates,St. Louis Cardinals,-164,129,1.61,2.29,2025-07-01 22:40:00+00:00,0.0,/baseball-odds/usa-mlb/pittsburgh-st-louis-2025-07-02/1149258
777293,2025-07-01,Miami Marlins,Minnesota Twins,113,-145,2.13,1.69,2025-07-01 22:40:00+00:00,0.0,/baseball-odds/usa-mlb/miami-minnesota-2025-07-02/1149259
777294,2025-07-01,Boston Red Sox,Cincinnati Reds,-130,-101,1.77,1.99,2025-07-01 23:10:00+00:00,0.0,/baseball-odds/usa-mlb/boston-cincinnati-2025-07-02/1149262
777298,2025-07-01,Atlanta Braves,Los Angeles Angels,-204,161,1.49,2.61,2025-07-01 23:15:00+00:00,0.0,/baseball-odds/usa-mlb/atlanta-la-angels-2025-07-02/1149263
777262,2025-07-02,Seattle Mariners,Kansas City Royals,-175,131,1.57,2.31,2025-07-03 01:40:00+00:00,0.0,/baseball-odds/usa-mlb/seattle-kansas-city-2025-07-03/1149282
777265,2025-07-02,Washington Nationals,Detroit Tigers,-116,-103,1.86,1.97,2025-07-02 22:45:00+00:00,0.0,/baseball-odds/usa-mlb/washington-detroit-2025-07-03/1149273
777266,2025-07-02,Chicago Cubs,Cleveland Guardians,-172,129,1.58,2.29,2025-07-03 00:05:00+00:00,0.0,/baseball-odds/usa-mlb/cubs-cleveland-2025-07-03/1151946
777267,2025-07-02,Los Angeles Dodgers,Chicago White Sox,-333,238,1.3,3.38,2025-07-03 02:10:00+00:00,0.0,/baseball-odds/usa-mlb/la-dodgers-white-sox-2025-07-03/1149283
777268,2025-07-02,Texas Rangers,Baltimore Orioles,-161,126,1.62,2.26,2025-07-03 00:05:00+00:00,0.0,/baseball-odds/usa-mlb/texas-baltimore-2025-07-03/1149279
777269,2025-07-02,Colorado Rockies,Houston Astros,220,-278,3.2,1.36,2025-07-03 00:40:00+00:00,0.0,/baseball-odds/usa-mlb/colorado-houston-2025-07-03/1149280
777270,2025-07-02,Arizona Diamondbacks,San Francisco Giants,-154,116,1.65,2.16,2025-07-03 01:40:00+00:00,0.0,/baseball-odds/usa-mlb/arizona-san-francisco-2025-07-03/1149281
777271,2025-07-02,Tampa Bay Rays,Athletics,-227,183,1.44,2.83,2025-07-02 16:10:00+00:00,0.0,/baseball-odds/usa-mlb/tampa-bay-athletics-2025-07-02/1150210
777272,2025-07-02,Pittsburgh Pirates,St. Louis Cardinals,106,-132,2.06,1.76,2025-07-02 16:35:00+00:00,0.0,/baseball-odds/usa-mlb/pittsburgh-st-louis-2025-07-02/1149270
777273,2025-07-02,Philadelphia Phillies,San Diego Padres,-108,-118,1.93,1.85,2025-07-02 17:05:00+00:00,0.0,/baseball-odds/usa-mlb/philadelphia-san-diego-2025-07-02/1149271
777274,2025-07-02,Toronto Blue Jays,New York Yankees,105,-139,2.05,1.72,2025-07-02 23:07:00+00:00,0.0,/baseball-odds/usa-mlb/toronto-ny-yankees-2025-07-03/1149274
777275,2025-07-02,Miami Marlins,Minnesota Twins,-104,-114,1.96,1.88,2025-07-02 22:40:00+00:00,0.0,/baseball-odds/usa-mlb/miami-minnesota-2025-07-03/1149272
777276,2025-07-02,New York Mets,Milwaukee Brewers,-102,-120,1.98,1.83,2025-07-02 23:10:00+00:00,0.0,/baseball-odds/usa-mlb/ny-mets-milwaukee-2025-07-03/1149275
777277,2025-07-02,Boston Red Sox,Cincinnati Reds,-128,112,1.78,2.12,2025-07-02 23:10:00+00:00,0.0,/baseball-odds/usa-mlb/boston-cincinnati-2025-07-03/1149276
777279,2025-07-02,Atlanta Braves,Los Angeles Angels,-152,114,1.66,2.14,2025-07-02 23:15:00+00:00,0.0,/baseball-odds/usa-mlb/atlanta-la-angels-2025-07-03/1149277
777284,2025-07-02,Washington Nationals,Detroit Tigers,121,-161,2.21,1.62,2025-07-02 17:05:00+00:00,0.0,/baseball-odds/usa-mlb/washington-detroit-2025-07-02/1151944
777289,2025-07-02,New York Mets,Milwaukee Brewers,-130,102,1.77,2.02,2025-07-02 17:10:00+00:00,0.0,/baseball-odds/usa-mlb/ny-mets-milwaukee-2025-07-02/1151945
777290,2025-07-02,Philadelphia Phillies,San Diego Padres,-159,120,1.63,2.2,2025-07-02 22:15:00+00:00,0.0,/baseball-odds/usa-mlb/philadelphia-san-diego-2025-07-03/1151943
777251,2025-07-03,Seattle Mariners,Kansas City Royals,-133,105,1.75,2.05,2025-07-04 02:10:00+00:00,0.0,/baseball-odds/usa-mlb/seattle-kansas-city-2025-07-04/1149292
777253,2025-07-03,Los Angeles Dodgers,Chicago White Sox,-286,200,1.35,3.0,2025-07-04 02:10:00+00:00,0.0,/baseball-odds/usa-mlb/la-dodgers-white-sox-2025-07-04/1149293
777256,2025-07-03,Arizona Diamondbacks,San Francisco Giants,-105,-120,1.95,1.83,2025-07-04 01:40:00+00:00,0.0,/baseball-odds/usa-mlb/arizona-san-francisco-2025-07-04/1149291
777257,2025-07-03,New York Mets,Milwaukee Brewers,-169,128,1.59,2.28,2025-07-03 23:10:00+00:00,0.0,/baseball-odds/usa-mlb/ny-mets-milwaukee-2025-07-04/1149288
777258,2025-07-03,Washington Nationals,Detroit Tigers,111,-143,2.11,1.7,2025-07-03 22:45:00+00:00,0.0,/baseball-odds/usa-mlb/washington-detroit-2025-07-04/1149286
777259,2025-07-03,Chicago Cubs,Cleveland Guardians,-135,112,1.74,2.12,2025-07-04 00:05:00+00:00,0.0,/baseball-odds/usa-mlb/cubs-cleveland-2025-07-04/1149290
777260,2025-07-03,Toronto Blue Jays,New York Yankees,106,-139,2.06,1.72,2025-07-03 23:07:00+00:00,0.0,/baseball-odds/usa-mlb/toronto-ny-yankees-2025-07-04/1149287
777261,2025-07-03,Atlanta Braves,Los Angeles Angels,-161,125,1.62,2.25,2025-07-03 23:15:00+00:00,0.0,/baseball-odds/usa-mlb/atlanta-la-angels-2025-07-04/1149289
777263,2025-07-03,Miami Marlins,Minnesota Twins,-109,-114,1.92,1.88,2025-07-03 16:10:00+00:00,0.0,/baseball-odds/usa-mlb/miami-minnesota-2025-07-03/1149284
777264,2025-07-03,Colorado Rockies,Houston Astros,153,-196,2.53,1.51,2025-07-03 19:10:00+00:00,0.0,/baseball-odds/usa-mlb/colorado-houston-2025-07-03/1149285
777235,2025-07-04,Los Angeles Dodgers,Houston Astros,-185,147,1.54,2.47,2025-07-05 01:10:00+00:00,0.0,/baseball-odds/usa-mlb/la-dodgers-houston-2025-07-05/1149306
777236,2025-07-04,Seattle Mariners,Pittsburgh Pirates,-182,144,1.55,2.44,2025-07-04 20:10:00+00:00,0.0,/baseball-odds/usa-mlb/seattle-pittsburgh-2025-07-04/1149299
777239,2025-07-04,San Diego Padres,Texas Rangers,-115,-110,1.87,1.91,2025-07-04 22:40:00+00:00,0.0,/baseball-odds/usa-mlb/san-diego-texas-2025-07-05/1149301
777242,2025-07-04,Toronto Blue Jays,Los Angeles Angels,-149,121,1.67,2.21,2025-07-04 23:07:00+00:00,0.0,/baseball-odds/usa-mlb/toronto-la-angels-2025-07-05/1149302
777243,2025-07-04,Colorado Rockies,Chicago White Sox,-102,-128,1.98,1.78,2025-07-05 00:10:00+00:00,0.0,/baseball-odds/usa-mlb/colorado-white-sox-2025-07-05/1149305
777244,2025-07-04,Athletics,San Francisco Giants,-110,-110,1.91,1.91,2025-07-05 02:05:00+00:00,0.0,/baseball-odds/usa-mlb/athletics-san-francisco-2025-07-05/1150015
777245,2025-07-04,Washington Nationals,Boston Red Sox,-110,-118,1.91,1.85,2025-07-04 15:05:00+00:00,0.0,/baseball-odds/usa-mlb/washington-boston-2025-07-04/1149295
777246,2025-07-04,Chicago Cubs,St. Louis Cardinals,-147,120,1.68,2.2,2025-07-04 18:20:00+00:00,0.0,/baseball-odds/usa-mlb/cubs-st-louis-2025-07-04/1149297
777247,2025-07-04,Minnesota Twins,Tampa Bay Rays,-120,-103,1.83,1.97,2025-07-04 20:10:00+00:00,0.0,/baseball-odds/usa-mlb/minnesota-tampa-bay-2025-07-04/1149300
777248,2025-07-04,Arizona Diamondbacks,Kansas City Royals,-118,-105,1.85,1.95,2025-07-05 01:40:00+00:00,0.0,/baseball-odds/usa-mlb/arizona-kansas-city-2025-07-05/1149307
777249,2025-07-04,Cleveland Guardians,Detroit Tigers,-102,-127,1.98,1.79,2025-07-04 23:10:00+00:00,0.0,/baseball-odds/usa-mlb/cleveland-detroit-2025-07-05/1150211
777250,2025-07-04,New York Mets,New York Yankees,-132,-103,1.76,1.97,2025-07-04 19:10:00+00:00,0.0,/baseball-odds/usa-mlb/ny-mets-ny-yankees-2025-07-04/1149298
777252,2025-07-04,Atlanta Braves,Baltimore Orioles,-185,147,1.54,2.47,2025-07-04 23:15:00+00:00,0.0,/baseball-odds/usa-mlb/atlanta-baltimore-2025-07-05/1149304
777254,2025-07-04,Miami Marlins,Milwaukee Brewers,113,-145,2.13,1.69,2025-07-04 23:10:00+00:00,0.0,/baseball-odds/usa-mlb/miami-milwaukee-2025-07-05/1149303
777255,2025-07-04,Philadelphia Phillies,Cincinnati Reds,-167,123,1.6,2.23,2025-07-04 17:05:00+00:00,0.0,/baseball-odds/usa-mlb/philadelphia-cincinnati-2025-07-04/1149296
777221,2025-07-05,Los Angeles Dodgers,Houston Astros,-164,131,1.61,2.31,2025-07-05 23:15:00+00:00,0.0,/baseball-odds/usa-mlb/la-dodgers-houston-2025-07-06/1149318
777223,2025-07-05,San Diego Padres,Texas Rangers,-128,-102,1.78,1.98,2025-07-06 01:40:00+00:00,0.0,/baseball-odds/usa-mlb/san-diego-texas-2025-07-06/1149320
777225,2025-07-05,Seattle Mariners,Pittsburgh Pirates,-182,135,1.55,2.35,2025-07-06 02:10:00+00:00,0.0,/baseball-odds/usa-mlb/seattle-pittsburgh-2025-07-06/1149321
777227,2025-07-05,Athletics,San Francisco Giants,141,-182,2.41,1.55,2025-07-06 02:05:00+00:00,0.0,/baseball-odds/usa-mlb/athletics-san-francisco-2025-07-06/1150016
777228,2025-07-05,Washington Nationals,Boston Red Sox,-108,-127,1.93,1.79,2025-07-05 20:05:00+00:00,0.0,/baseball-odds/usa-mlb/washington-boston-2025-07-05/1149312
777229,2025-07-05,Chicago Cubs,St. Louis Cardinals,-169,128,1.59,2.28,2025-07-05 18:20:00+00:00,0.0,/baseball-odds/usa-mlb/cubs-st-louis-2025-07-05/1149310
777230,2025-07-05,Minnesota Twins,Tampa Bay Rays,-127,-102,1.79,1.98,2025-07-05 18:10:00+00:00,0.0,/baseball-odds/usa-mlb/minnesota-tampa-bay-2025-07-05/1149309
777231,2025-07-05,Toronto Blue Jays,Los Angeles Angels,-204,156,1.49,2.56,2025-07-05 19:07:00+00:00,0.0,/baseball-odds/usa-mlb/toronto-la-angels-2025-07-05/1149311
777232,2025-07-05,Colorado Rockies,Chicago White Sox,-154,113,1.65,2.13,2025-07-06 01:10:00+00:00,0.0,/baseball-odds/usa-mlb/colorado-white-sox-2025-07-06/1149319
777233,2025-07-05,Philadelphia Phillies,Cincinnati Reds,-179,153,1.56,2.53,2025-07-05 20:05:00+00:00,0.0,/baseball-odds/usa-mlb/philadelphia-cincinnati-2025-07-05/1149313
777234,2025-07-05,Arizona Diamondbacks,Kansas City Royals,-141,107,1.71,2.07,2025-07-05 20:10:00+00:00,0.0,/baseball-odds/usa-mlb/arizona-kansas-city-2025-07-05/1149316
777237,2025-07-05,Atlanta Braves,Baltimore Orioles,-154,123,1.65,2.23,2025-07-05 20:10:00+00:00,0.0,/baseball-odds/usa-mlb/atlanta-baltimore-2025-07-05/1149315
777238,2025-07-05,Miami Marlins,Milwaukee Brewers,113,-143,2.13,1.7,2025-07-05 20:10:00+00:00,0.0,/baseball-odds/usa-mlb/miami-milwaukee-2025-07-05/1149317
777240,2025-07-05,Cleveland Guardians,Detroit Tigers,110,-145,2.1,1.69,2025-07-05 23:15:00+00:00,0.0,/baseball-odds/usa-mlb/cleveland-detroit-2025-07-06/1150212
777241,2025-07-05,New York Mets,New York Yankees,117,-149,2.17,1.67,2025-07-05 20:10:00+00:00,0.0,/baseball-odds/usa-mlb/ny-mets-ny-yankees-2025-07-05/1149314
777205,2025-07-06,Seattle Mariners,Pittsburgh Pirates,-119,-103,1.84,1.97,2025-07-06 20:10:00+00:00,0.0,/baseball-odds/usa-mlb/seattle-pittsburgh-2025-07-06/1149333
777206,2025-07-06,Los Angeles Dodgers,Houston Astros,-204,149,1.49,2.49,2025-07-06 20:10:00+00:00,0.0,/baseball-odds/usa-mlb/la-dodgers-houston-2025-07-06/1149332
777207,2025-07-06,San Diego Padres,Texas Rangers,-139,108,1.72,2.08,2025-07-07 01:10:00+00:00,0.0,/baseball-odds/usa-mlb/san-diego-texas-2025-07-07/1149335
777210,2025-07-06,Athletics,San Francisco Giants,-122,101,1.82,2.01,2025-07-07 02:05:00+00:00,0.0,/baseball-odds/usa-mlb/athletics-san-francisco-2025-07-07/1150017
777213,2025-07-06,Washington Nationals,Boston Red Sox,185,-263,2.85,1.38,2025-07-06 17:35:00+00:00,0.0,/baseball-odds/usa-mlb/washington-boston-2025-07-06/1149325
777214,2025-07-06,Toronto Blue Jays,Los Angeles Angels,-200,147,1.5,2.47,2025-07-06 17:37:00+00:00,0.0,/baseball-odds/usa-mlb/toronto-la-angels-2025-07-06/1149326
777215,2025-07-06,Colorado Rockies,Chicago White Sox,-102,-122,1.98,1.82,2025-07-06 19:10:00+00:00,0.0,/baseball-odds/usa-mlb/colorado-white-sox-2025-07-06/1149331
777216,2025-07-06,New York Mets,New York Yankees,144,-196,2.44,1.51,2025-07-06 17:40:00+00:00,0.0,/baseball-odds/usa-mlb/ny-mets-ny-yankees-2025-07-06/1149327
777217,2025-07-06,Philadelphia Phillies,Cincinnati Reds,-233,181,1.43,2.81,2025-07-06 17:35:00+00:00,0.0,/baseball-odds/usa-mlb/philadelphia-cincinnati-2025-07-06/1149324
777218,2025-07-06,Arizona Diamondbacks,Kansas City Royals,-164,127,1.61,2.27,2025-07-06 20:10:00+00:00,0.0,/baseball-odds/usa-mlb/arizona-kansas-city-2025-07-06/1149334
777219,2025-07-06,Chicago Cubs,St. Louis Cardinals,-227,178,1.44,2.78,2025-07-06 22:10:00+00:00,0.0,/baseball-odds/usa-mlb/cubs-st-louis-2025-07-07/1151937
777220,2025-07-06,Minnesota Twins,Tampa Bay Rays,-133,107,1.75,2.07,2025-07-06 18:10:00+00:00,0.0,/baseball-odds/usa-mlb/minnesota-tampa-bay-2025-07-06/1149329
777222,2025-07-06,Atlanta Braves,Baltimore Orioles,-161,129,1.62,2.29,2025-07-06 15:35:00+00:00,0.0,/baseball-odds/usa-mlb/atlanta-baltimore-2025-07-06/1149323
777224,2025-07-06,Miami Marlins,Milwaukee Brewers,-115,-104,1.87,1.96,2025-07-06 17:40:00+00:00,0.0,/baseball-odds/usa-mlb/miami-milwaukee-2025-07-06/1149328
777226,2025-07-06,Cleveland Guardians,Detroit Tigers,169,-238,2.69,1.42,2025-07-06 17:40:00+00:00,0.0,/baseball-odds/usa-mlb/cleveland-detroit-2025-07-06/1150213
777199,2025-07-07,San Francisco Giants,Philadelphia Phillies,114,-139,2.14,1.72,2025-07-08 01:45:00+00:00,0.0,/baseball-odds/usa-mlb/san-francisco-philadelphia-2025-07-08/1149345
777200,2025-07-07,Los Angeles Angels,Texas Rangers,107,-141,2.07,1.71,2025-07-08 01:38:00+00:00,0.0,/baseball-odds/usa-mlb/la-angels-texas-2025-07-08/1149343
777201,2025-07-07,Milwaukee Brewers,Los Angeles Dodgers,108,-139,2.08,1.72,2025-07-07 23:40:00+00:00,0.0,/baseball-odds/usa-mlb/milwaukee-la-dodgers-2025-07-08/1149341
777202,2025-07-07,Houston Astros,Cleveland Guardians,-135,103,1.74,2.03,2025-07-08 00:10:00+00:00,0.0,/baseball-odds/usa-mlb/houston-cleveland-2025-07-08/1150215
777203,2025-07-07,San Diego Padres,Arizona Diamondbacks,-127,102,1.79,2.02,2025-07-08 01:40:00+00:00,0.0,/baseball-odds/usa-mlb/san-diego-arizona-2025-07-08/1149344
777204,2025-07-07,Kansas City Royals,Pittsburgh Pirates,-154,123,1.65,2.23,2025-07-07 23:40:00+00:00,0.0,/baseball-odds/usa-mlb/kansas-city-pittsburgh-2025-07-08/1149342
777208,2025-07-07,Cincinnati Reds,Miami Marlins,-145,113,1.69,2.13,2025-07-07 23:10:00+00:00,0.0,/baseball-odds/usa-mlb/cincinnati-miami-2025-07-08/1149339
777209,2025-07-07,Boston Red Sox,Colorado Rockies,-250,185,1.4,2.85,2025-07-07 23:10:00+00:00,0.0,/baseball-odds/usa-mlb/boston-colorado-2025-07-08/1149340
777211,2025-07-07,Detroit Tigers,Tampa Bay Rays,-108,-115,1.93,1.87,2025-07-07 22:40:00+00:00,0.0,/baseball-odds/usa-mlb/detroit-tampa-bay-2025-07-08/1149338
777212,2025-07-07,Chicago White Sox,Toronto Blue Jays,129,-164,2.29,1.61,2025-07-07 23:40:00+00:00,0.0,/baseball-odds/usa-mlb/white-sox-toronto-2025-07-08/1150214
777180,2025-07-08,Los Angeles Angels,Texas Rangers,-119,-106,1.84,1.94,2025-07-09 01:38:00+00:00,0.0,/baseball-odds/usa-mlb/la-angels-texas-2025-07-09/1149357
777185,2025-07-08,San Diego Padres,Arizona Diamondbacks,-149,113,1.67,2.13,2025-07-09 01:40:00+00:00,0.0,/baseball-odds/usa-mlb/san-diego-arizona-2025-07-09/1149358
777186,2025-07-08,San Francisco Giants,Philadelphia Phillies,-167,129,1.6,2.29,2025-07-09 01:45:00+00:00,0.0,/baseball-odds/usa-mlb/san-francisco-philadelphia-2025-07-09/1149359
777187,2025-07-08,New York Yankees,Seattle Mariners,-128,107,1.78,2.07,2025-07-08 23:05:00+00:00,0.0,/baseball-odds/usa-mlb/ny-yankees-seattle-2025-07-09/1149350
777188,2025-07-08,Chicago White Sox,Toronto Blue Jays,161,-204,2.61,1.49,2025-07-08 23:40:00+00:00,0.0,/baseball-odds/usa-mlb/white-sox-toronto-2025-07-09/1150216
777189,2025-07-08,Athletics,Atlanta Braves,-104,-116,1.96,1.86,2025-07-09 02:05:00+00:00,0.0,/baseball-odds/usa-mlb/athletics-atlanta-2025-07-09/1150018
777190,2025-07-08,Minnesota Twins,Chicago Cubs,112,-139,2.12,1.72,2025-07-08 23:40:00+00:00,0.0,/baseball-odds/usa-mlb/minnesota-cubs-2025-07-09/1149355
777191,2025-07-08,St. Louis Cardinals,Washington Nationals,-250,178,1.4,2.78,2025-07-08 23:45:00+00:00,0.0,/baseball-odds/usa-mlb/st-louis-washington-2025-07-09/1149356
777192,2025-07-08,Houston Astros,Cleveland Guardians,-208,169,1.48,2.69,2025-07-09 00:10:00+00:00,0.0,/baseball-odds/usa-mlb/houston-cleveland-2025-07-09/1150217
777193,2025-07-08,Milwaukee Brewers,Los Angeles Dodgers,-115,-112,1.87,1.89,2025-07-08 23:40:00+00:00,0.0,/baseball-odds/usa-mlb/milwaukee-la-dodgers-2025-07-09/1149353
777194,2025-07-08,Kansas City Royals,Pittsburgh Pirates,-141,108,1.71,2.08,2025-07-08 23:40:00+00:00,0.0,/baseball-odds/usa-mlb/kansas-city-pittsburgh-2025-07-09/1149354
777195,2025-07-08,Detroit Tigers,Tampa Bay Rays,-132,103,1.76,2.03,2025-07-08 22:40:00+00:00,0.0,/baseball-odds/usa-mlb/detroit-tampa-bay-2025-07-09/1149349
777196,2025-07-08,Boston Red Sox,Colorado Rockies,-303,208,1.33,3.08,2025-07-08 23:10:00+00:00,0.0,/baseball-odds/usa-mlb/boston-colorado-2025-07-09/1149351
777197,2025-07-08,Cincinnati Reds,Miami Marlins,-127,101,1.79,2.01,2025-07-08 23:10:00+00:00,0.0,/baseball-odds/usa-mlb/cincinnati-miami-2025-07-09/1149352
777198,2025-07-08,Baltimore Orioles,New York Mets,104,-130,2.04,1.77,2025-07-08 22:35:00+00:00,0.0,/baseball-odds/usa-mlb/baltimore-ny-mets-2025-07-09/1149348
777162,2025-07-09,San Diego Padres,Arizona Diamondbacks,-172,133,1.58,2.33,2025-07-10 01:40:00+00:00,0.0,/baseball-odds/usa-mlb/san-diego-arizona-2025-07-10/1149373
777163,2025-07-09,San Francisco Giants,Philadelphia Phillies,107,-141,2.07,1.71,2025-07-09 19:45:00+00:00,0.0,/baseball-odds/usa-mlb/san-francisco-philadelphia-2025-07-09/1149364
777171,2025-07-09,Los Angeles Angels,Texas Rangers,-105,-118,1.95,1.85,2025-07-10 01:38:00+00:00,0.0,/baseball-odds/usa-mlb/la-angels-texas-2025-07-10/1149372
777172,2025-07-09,Chicago White Sox,Toronto Blue Jays,114,-147,2.14,1.68,2025-07-09 18:10:00+00:00,0.0,/baseball-odds/usa-mlb/white-sox-toronto-2025-07-09/1150218
777173,2025-07-09,Minnesota Twins,Chicago Cubs,-115,-110,1.87,1.91,2025-07-09 23:40:00+00:00,0.0,/baseball-odds/usa-mlb/minnesota-cubs-2025-07-10/1149370
777174,2025-07-09,Houston Astros,Cleveland Guardians,-156,129,1.64,2.29,2025-07-10 00:10:00+00:00,0.0,/baseball-odds/usa-mlb/houston-cleveland-2025-07-10/1150219
777175,2025-07-09,Milwaukee Brewers,Los Angeles Dodgers,123,-159,2.23,1.63,2025-07-09 18:10:00+00:00,0.0,/baseball-odds/usa-mlb/milwaukee-la-dodgers-2025-07-09/1149363
777176,2025-07-09,Athletics,Atlanta Braves,-101,-119,1.99,1.84,2025-07-10 02:05:00+00:00,0.0,/baseball-odds/usa-mlb/athletics-atlanta-2025-07-10/1150019
777177,2025-07-09,Kansas City Royals,Pittsburgh Pirates,-200,151,1.5,2.51,2025-07-09 23:40:00+00:00,0.0,/baseball-odds/usa-mlb/kansas-city-pittsburgh-2025-07-10/1149369
777178,2025-07-09,St. Louis Cardinals,Washington Nationals,-149,117,1.67,2.17,2025-07-09 23:45:00+00:00,0.0,/baseball-odds/usa-mlb/st-louis-washington-2025-07-10/1149371
777179,2025-07-09,Boston Red Sox,Colorado Rockies,-357,256,1.28,3.56,2025-07-09 23:10:00+00:00,0.0,/baseball-odds/usa-mlb/boston-colorado-2025-07-10/1149368
777182,2025-07-09,Detroit Tigers,Tampa Bay Rays,-147,117,1.68,2.17,2025-07-09 21:10:00+00:00,0.0,/baseball-odds/usa-mlb/detroit-tampa-bay-2025-07-09/1151948
777183,2025-07-09,Cincinnati Reds,Miami Marlins,-152,121,1.66,2.21,2025-07-09 23:10:00+00:00,0.0,/baseball-odds/usa-mlb/cincinnati-miami-2025-07-10/1149367
777184,2025-07-09,New York Yankees,Seattle Mariners,-164,128,1.61,2.28,2025-07-09 23:05:00+00:00,0.0,/baseball-odds/usa-mlb/ny-yankees-seattle-2025-07-10/1149365
777156,2025-07-10,Athletics,Atlanta Braves,163,-200,2.63,1.5,2025-07-11 01:05:00+00:00,0.0,/baseball-odds/usa-mlb/athletics-atlanta-2025-07-11/1150020
777158,2025-07-10,San Diego Padres,Arizona Diamondbacks,105,-130,2.05,1.77,2025-07-11 01:40:00+00:00,0.0,/baseball-odds/usa-mlb/san-diego-arizona-2025-07-11/1149382
777159,2025-07-10,Los Angeles Angels,Texas Rangers,-118,-110,1.85,1.91,2025-07-11 01:38:00+00:00,0.0,/baseball-odds/usa-mlb/la-angels-texas-2025-07-11/1149381
777165,2025-07-10,Baltimore Orioles,New York Mets,108,-135,2.08,1.74,2025-07-10 16:05:00+00:00,0.0,/baseball-odds/usa-mlb/baltimore-ny-mets-2025-07-10/1151949
777166,2025-07-10,Minnesota Twins,Chicago Cubs,-105,-120,1.95,1.83,2025-07-10 17:10:00+00:00,0.0,/baseball-odds/usa-mlb/minnesota-cubs-2025-07-10/1149376
777167,2025-07-10,St. Louis Cardinals,Washington Nationals,-147,113,1.68,2.13,2025-07-10 23:45:00+00:00,0.0,/baseball-odds/usa-mlb/st-louis-washington-2025-07-11/1149380
777168,2025-07-10,Cincinnati Reds,Miami Marlins,-169,131,1.59,2.31,2025-07-10 21:10:00+00:00,0.0,/baseball-odds/usa-mlb/cincinnati-miami-2025-07-10/1149377
777169,2025-07-10,New York Yankees,Seattle Mariners,-105,-123,1.95,1.81,2025-07-10 23:05:00+00:00,0.0,/baseball-odds/usa-mlb/ny-yankees-seattle-2025-07-11/1149378
777170,2025-07-10,Boston Red Sox,Tampa Bay Rays,-122,-102,1.82,1.98,2025-07-10 23:10:00+00:00,0.0,/baseball-odds/usa-mlb/boston-tampa-bay-2025-07-11/1149379
777181,2025-07-10,Baltimore Orioles,New York Mets,107,-130,2.07,1.77,2025-07-10 21:05:00+00:00,0.0,/baseball-odds/usa-mlb/baltimore-ny-mets-2025-07-10/1151950
777139,2025-07-11,San Diego Padres,Philadelphia Phillies,135,-169,2.35,1.59,2025-07-12 01:40:00+00:00,0.0,/baseball-odds/usa-mlb/san-diego-philadelphia-2025-07-12/1149395
777143,2025-07-11,San Francisco Giants,Los Angeles Dodgers,-141,109,1.71,2.09,2025-07-12 02:15:00+00:00,0.0,/baseball-odds/usa-mlb/san-francisco-la-dodgers-2025-07-12/1149396
777146,2025-07-11,Chicago White Sox,Cleveland Guardians,-101,-122,1.99,1.82,2025-07-12 00:10:00+00:00,0.0,/baseball-odds/usa-mlb/white-sox-cleveland-2025-07-12/1150222
777147,2025-07-11,St. Louis Cardinals,Atlanta Braves,-125,-104,1.8,1.96,2025-07-12 00:15:00+00:00,0.0,/baseball-odds/usa-mlb/st-louis-atlanta-2025-07-12/1149393
777148,2025-07-11,Minnesota Twins,Pittsburgh Pirates,-147,117,1.68,2.17,2025-07-12 00:10:00+00:00,0.0,/baseball-odds/usa-mlb/minnesota-pittsburgh-2025-07-12/1149391
777149,2025-07-11,Milwaukee Brewers,Washington Nationals,-213,163,1.47,2.63,2025-07-12 00:10:00+00:00,0.0,/baseball-odds/usa-mlb/milwaukee-washington-2025-07-12/1149392
777150,2025-07-11,Los Angeles Angels,Arizona Diamondbacks,-116,-110,1.86,1.91,2025-07-12 01:38:00+00:00,0.0,/baseball-odds/usa-mlb/la-angels-arizona-2025-07-12/1149394
777151,2025-07-11,Kansas City Royals,New York Mets,108,-135,2.08,1.74,2025-07-12 00:10:00+00:00,0.0,/baseball-odds/usa-mlb/kansas-city-ny-mets-2025-07-12/1149390
777152,2025-07-11,Athletics,Toronto Blue Jays,140,-172,2.4,1.58,2025-07-12 02:05:00+00:00,0.0,/baseball-odds/usa-mlb/athletics-toronto-2025-07-12/1150021
777153,2025-07-11,New York Yankees,Chicago Cubs,-179,140,1.56,2.4,2025-07-11 23:05:00+00:00,0.0,/baseball-odds/usa-mlb/ny-yankees-cubs-2025-07-12/1149386
777154,2025-07-11,Houston Astros,Texas Rangers,-128,101,1.78,2.01,2025-07-12 00:10:00+00:00,0.0,/baseball-odds/usa-mlb/houston-texas-2025-07-12/1150221
777155,2025-07-11,Boston Red Sox,Tampa Bay Rays,-120,-108,1.83,1.93,2025-07-11 23:10:00+00:00,0.0,/baseball-odds/usa-mlb/boston-tampa-bay-2025-07-12/1149387
777157,2025-07-11,Baltimore Orioles,Miami Marlins,-147,117,1.68,2.17,2025-07-11 23:05:00+00:00,0.0,/baseball-odds/usa-mlb/baltimore-miami-2025-07-12/1149385
777160,2025-07-11,Cincinnati Reds,Colorado Rockies,-270,205,1.37,3.05,2025-07-11 23:10:00+00:00,0.0,/baseball-odds/usa-mlb/cincinnati-colorado-2025-07-12/1149389
777161,2025-07-11,Detroit Tigers,Seattle Mariners,-323,217,1.31,3.17,2025-07-11 23:10:00+00:00,0.0,/baseball-odds/usa-mlb/detroit-seattle-2025-07-12/1149388
777164,2025-07-11,Chicago White Sox,Cleveland Guardians,-102,-118,1.98,1.85,2025-07-11 19:10:00+00:00,0.0,/baseball-odds/usa-mlb/white-sox-cleveland-2025-07-11/1151953
777126,2025-07-12,San Diego Padres,Philadelphia Phillies,133,-172,2.33,1.58,2025-07-12 23:35:00+00:00,0.0,/baseball-odds/usa-mlb/san-diego-philadelphia-2025-07-13/1149409
777127,2025-07-12,San Francisco Giants,Los Angeles Dodgers,125,-161,2.25,1.62,2025-07-12 20:05:00+00:00,0.0,/baseball-odds/usa-mlb/san-francisco-la-dodgers-2025-07-12/1149404
777131,2025-07-12,Los Angeles Angels,Arizona Diamondbacks,-130,105,1.77,2.05,2025-07-13 01:38:00+00:00,0.0,/baseball-odds/usa-mlb/la-angels-arizona-2025-07-13/1149410
777132,2025-07-12,Athletics,Toronto Blue Jays,114,-143,2.14,1.7,2025-07-13 02:05:00+00:00,0.0,/baseball-odds/usa-mlb/athletics-toronto-2025-07-13/1150022
777133,2025-07-12,St. Louis Cardinals,Atlanta Braves,-110,-115,1.91,1.87,2025-07-12 18:15:00+00:00,0.0,/baseball-odds/usa-mlb/st-louis-atlanta-2025-07-12/1149402
777134,2025-07-12,Minnesota Twins,Pittsburgh Pirates,-139,108,1.72,2.08,2025-07-12 18:10:00+00:00,0.0,/baseball-odds/usa-mlb/minnesota-pittsburgh-2025-07-12/1149401
777135,2025-07-12,Milwaukee Brewers,Washington Nationals,-303,208,1.33,3.08,2025-07-12 20:10:00+00:00,0.0,/baseball-odds/usa-mlb/milwaukee-washington-2025-07-12/1149408
777136,2025-07-12,Kansas City Royals,New York Mets,106,-135,2.06,1.74,2025-07-12 20:10:00+00:00,0.0,/baseball-odds/usa-mlb/kansas-city-ny-mets-2025-07-12/1149406
777137,2025-07-12,Houston Astros,Texas Rangers,-116,-101,1.86,1.99,2025-07-12 23:35:00+00:00,0.0,/baseball-odds/usa-mlb/houston-texas-2025-07-13/1151916
777138,2025-07-12,Chicago White Sox,Cleveland Guardians,108,-143,2.08,1.7,2025-07-12 20:10:00+00:00,0.0,/baseball-odds/usa-mlb/white-sox-cleveland-2025-07-12/1150223
777140,2025-07-12,Cincinnati Reds,Colorado Rockies,-286,227,1.35,3.27,2025-07-12 20:10:00+00:00,0.0,/baseball-odds/usa-mlb/cincinnati-colorado-2025-07-12/1149407
777141,2025-07-12,Baltimore Orioles,Miami Marlins,-175,131,1.57,2.31,2025-07-12 20:05:00+00:00,0.0,/baseball-odds/usa-mlb/baltimore-miami-2025-07-12/1149403
777142,2025-07-12,New York Yankees,Chicago Cubs,-154,123,1.65,2.23,2025-07-12 17:05:00+00:00,0.0,/baseball-odds/usa-mlb/ny-yankees-cubs-2025-07-12/1149399
777144,2025-07-12,Boston Red Sox,Tampa Bay Rays,-182,142,1.55,2.42,2025-07-12 20:10:00+00:00,0.0,/baseball-odds/usa-mlb/boston-tampa-bay-2025-07-12/1149405
777145,2025-07-12,Detroit Tigers,Seattle Mariners,-114,-111,1.88,1.9,2025-07-12 17:10:00+00:00,0.0,/baseball-odds/usa-mlb/detroit-seattle-2025-07-12/1149400
777113,2025-07-13,Minnesota Twins,Pittsburgh Pirates,-172,129,1.58,2.29,2025-07-13 18:10:00+00:00,0.0,/baseball-odds/usa-mlb/minnesota-pittsburgh-2025-07-13/1149420
777115,2025-07-13,Los Angeles Angels,Arizona Diamondbacks,-132,103,1.76,2.03,2025-07-13 20:07:00+00:00,0.0,/baseball-odds/usa-mlb/la-angels-arizona-2025-07-13/1149423
777116,2025-07-13,Athletics,Toronto Blue Jays,102,-132,2.02,1.76,2025-07-13 20:05:00+00:00,0.0,/baseball-odds/usa-mlb/athletics-toronto-2025-07-13/1150023
777117,2025-07-13,San Diego Padres,Philadelphia Phillies,108,-135,2.08,1.74,2025-07-13 20:10:00+00:00,0.0,/baseball-odds/usa-mlb/san-diego-philadelphia-2025-07-13/1149424
777118,2025-07-13,St. Louis Cardinals,Atlanta Braves,-169,135,1.59,2.35,2025-07-13 18:15:00+00:00,0.0,/baseball-odds/usa-mlb/st-louis-atlanta-2025-07-13/1149421
777119,2025-07-13,San Francisco Giants,Los Angeles Dodgers,111,-145,2.11,1.69,2025-07-13 20:05:00+00:00,0.0,/baseball-odds/usa-mlb/san-francisco-la-dodgers-2025-07-13/1149422
777120,2025-07-13,Chicago White Sox,Cleveland Guardians,112,-147,2.12,1.68,2025-07-13 18:10:00+00:00,0.0,/baseball-odds/usa-mlb/white-sox-cleveland-2025-07-13/1150225
777121,2025-07-13,Detroit Tigers,Seattle Mariners,-115,-108,1.87,1.93,2025-07-13 17:40:00+00:00,0.0,/baseball-odds/usa-mlb/detroit-seattle-2025-07-13/1149416
777122,2025-07-13,New York Yankees,Chicago Cubs,-133,102,1.75,2.02,2025-07-13 17:35:00+00:00,0.0,/baseball-odds/usa-mlb/ny-yankees-cubs-2025-07-13/1149413
777123,2025-07-13,Milwaukee Brewers,Washington Nationals,-278,222,1.36,3.22,2025-07-13 18:10:00+00:00,0.0,/baseball-odds/usa-mlb/milwaukee-washington-2025-07-13/1149419
777124,2025-07-13,Kansas City Royals,New York Mets,-116,-110,1.86,1.91,2025-07-13 18:10:00+00:00,0.0,/baseball-odds/usa-mlb/kansas-city-ny-mets-2025-07-13/1149418
777125,2025-07-13,Houston Astros,Texas Rangers,-135,108,1.74,2.08,2025-07-13 18:10:00+00:00,0.0,/baseball-odds/usa-mlb/houston-texas-2025-07-13/1150224
777128,2025-07-13,Cincinnati Reds,Colorado Rockies,-263,185,1.38,2.85,2025-07-13 17:40:00+00:00,0.0,/baseball-odds/usa-mlb/cincinnati-colorado-2025-07-13/1149417
777129,2025-07-13,Baltimore Orioles,Miami Marlins,-145,113,1.69,2.13,2025-07-13 17:35:00+00:00,0.0,/baseball-odds/usa-mlb/baltimore-miami-2025-07-13/1149414
777130,2025-07-13,Boston Red Sox,Tampa Bay Rays,-123,100,1.81,2.0,2025-07-13 17:35:00+00:00,0.0,/baseball-odds/usa-mlb/boston-tampa-bay-2025-07-13/1149415
777098,2025-07-18,Texas Rangers,Detroit Tigers,-119,-109,1.84,1.92,2025-07-19 00:05:00+00:00,0.0,/baseball-odds/usa-mlb/texas-detroit-2025-07-19/1149434
777099,2025-07-18,Seattle Mariners,Houston Astros,-145,120,1.69,2.2,2025-07-19 02:10:00+00:00,0.0,/baseball-odds/usa-mlb/seattle-houston-2025-07-19/1149437
777100,2025-07-18,Arizona Diamondbacks,St. Louis Cardinals,-109,-111,1.92,1.9,2025-07-19 01:40:00+00:00,0.0,/baseball-odds/usa-mlb/arizona-st-louis-2025-07-19/1149436
777101,2025-07-18,Chicago Cubs,Boston Red Sox,-145,111,1.69,2.11,2025-07-18 18:20:00+00:00,0.0,/baseball-odds/usa-mlb/cubs-boston-2025-07-18/1149426
777102,2025-07-18,Colorado Rockies,Minnesota Twins,138,-185,2.38,1.54,2025-07-19 00:40:00+00:00,0.0,/baseball-odds/usa-mlb/colorado-minnesota-2025-07-19/1149435
777103,2025-07-18,Los Angeles Dodgers,Milwaukee Brewers,-208,154,1.48,2.54,2025-07-19 02:10:00+00:00,0.0,/baseball-odds/usa-mlb/la-dodgers-milwaukee-2025-07-19/1149438
777105,2025-07-18,Cleveland Guardians,Athletics,-128,106,1.78,2.06,2025-07-18 23:10:00+00:00,0.0,/baseball-odds/usa-mlb/cleveland-athletics-2025-07-19/1150226
777106,2025-07-18,Philadelphia Phillies,Los Angeles Angels,-222,163,1.45,2.63,2025-07-18 22:45:00+00:00,0.0,/baseball-odds/usa-mlb/philadelphia-la-angels-2025-07-19/1149429
777107,2025-07-18,Pittsburgh Pirates,Chicago White Sox,-161,126,1.62,2.26,2025-07-18 22:40:00+00:00,0.0,/baseball-odds/usa-mlb/pittsburgh-white-sox-2025-07-19/1149427
777108,2025-07-18,Toronto Blue Jays,San Francisco Giants,-154,127,1.65,2.27,2025-07-18 23:07:00+00:00,0.0,/baseball-odds/usa-mlb/toronto-san-francisco-2025-07-19/1149430
777109,2025-07-18,Miami Marlins,Kansas City Royals,-109,-119,1.92,1.84,2025-07-18 23:10:00+00:00,0.0,/baseball-odds/usa-mlb/miami-kansas-city-2025-07-19/1149432
777110,2025-07-18,Tampa Bay Rays,Baltimore Orioles,-130,105,1.77,2.05,2025-07-18 23:35:00+00:00,0.0,/baseball-odds/usa-mlb/tampa-bay-baltimore-2025-07-19/1150227
777111,2025-07-18,New York Mets,Cincinnati Reds,-154,127,1.65,2.27,2025-07-18 23:10:00+00:00,0.0,/baseball-odds/usa-mlb/ny-mets-cincinnati-2025-07-19/1149431
777112,2025-07-18,Washington Nationals,San Diego Padres,127,-154,2.27,1.65,2025-07-18 22:45:00+00:00,0.0,/baseball-odds/usa-mlb/washington-san-diego-2025-07-19/1149428
777114,2025-07-18,Atlanta Braves,New York Yankees,-135,112,1.74,2.12,2025-07-18 23:15:00+00:00,0.0,/baseball-odds/usa-mlb/atlanta-ny-yankees-2025-07-19/1149433
777080,2025-07-19,Colorado Rockies,Minnesota Twins,163,-213,2.63,1.47,2025-07-20 00:10:00+00:00,0.0,/baseball-odds/usa-mlb/colorado-minnesota-2025-07-20/1149450
777081,2025-07-19,Arizona Diamondbacks,St. Louis Cardinals,105,-127,2.05,1.79,2025-07-19 23:15:00+00:00,0.0,/baseball-odds/usa-mlb/arizona-st-louis-2025-07-20/1149448
777085,2025-07-19,Los Angeles Dodgers,Milwaukee Brewers,-125,107,1.8,2.07,2025-07-20 01:10:00+00:00,0.0,/baseball-odds/usa-mlb/la-dodgers-milwaukee-2025-07-20/1149451
777086,2025-07-19,Seattle Mariners,Houston Astros,-135,112,1.74,2.12,2025-07-20 01:40:00+00:00,0.0,/baseball-odds/usa-mlb/seattle-houston-2025-07-20/1149452
777088,2025-07-19,Texas Rangers,Detroit Tigers,-123,-105,1.81,1.95,2025-07-19 23:05:00+00:00,0.0,/baseball-odds/usa-mlb/texas-detroit-2025-07-20/1149446
777089,2025-07-19,Philadelphia Phillies,Los Angeles Angels,-130,-101,1.77,1.99,2025-07-19 22:05:00+00:00,0.0,/baseball-odds/usa-mlb/philadelphia-la-angels-2025-07-20/1149443
777090,2025-07-19,Pittsburgh Pirates,Chicago White Sox,-139,107,1.72,2.07,2025-07-19 22:40:00+00:00,0.0,/baseball-odds/usa-mlb/pittsburgh-white-sox-2025-07-20/1149444
777091,2025-07-19,Washington Nationals,San Diego Padres,108,-145,2.08,1.69,2025-07-19 22:45:00+00:00,0.0,/baseball-odds/usa-mlb/washington-san-diego-2025-07-20/1149445
777092,2025-07-19,New York Mets,Cincinnati Reds,-185,146,1.54,2.46,2025-07-19 20:10:00+00:00,0.0,/baseball-odds/usa-mlb/ny-mets-cincinnati-2025-07-19/1149442
777093,2025-07-19,Miami Marlins,Kansas City Royals,-102,-118,1.98,1.85,2025-07-19 20:10:00+00:00,0.0,/baseball-odds/usa-mlb/miami-kansas-city-2025-07-19/1149441
777094,2025-07-19,Toronto Blue Jays,San Francisco Giants,106,-125,2.06,1.8,2025-07-19 19:07:00+00:00,0.0,/baseball-odds/usa-mlb/toronto-san-francisco-2025-07-19/1149440
777095,2025-07-19,Tampa Bay Rays,Baltimore Orioles,-132,106,1.76,2.06,2025-07-19 23:05:00+00:00,0.0,/baseball-odds/usa-mlb/tampa-bay-baltimore-2025-07-20/1150228
777096,2025-07-19,Chicago Cubs,Boston Red Sox,-161,121,1.62,2.21,2025-07-19 23:15:00+00:00,0.0,/baseball-odds/usa-mlb/cubs-boston-2025-07-20/1149447
777097,2025-07-19,Atlanta Braves,New York Yankees,106,-128,2.06,1.78,2025-07-19 23:15:00+00:00,0.0,/baseball-odds/usa-mlb/atlanta-ny-yankees-2025-07-20/1149449
777104,2025-07-19,Cleveland Guardians,Athletics,-141,116,1.71,2.16,2025-07-19 23:10:00+00:00,0.0,/baseball-odds/usa-mlb/cleveland-athletics-2025-07-20/1150229
777067,2025-07-20,Seattle Mariners,Houston Astros,-156,115,1.64,2.15,2025-07-20 20:10:00+00:00,0.0,/baseball-odds/usa-mlb/seattle-houston-2025-07-20/1149464
777070,2025-07-20,Los Angeles Dodgers,Milwaukee Brewers,-179,133,1.56,2.33,2025-07-20 20:10:00+00:00,0.0,/baseball-odds/usa-mlb/la-dodgers-milwaukee-2025-07-20/1149465
777071,2025-07-20,Arizona Diamondbacks,St. Louis Cardinals,-149,116,1.67,2.16,2025-07-20 20:10:00+00:00,0.0,/baseball-odds/usa-mlb/arizona-st-louis-2025-07-20/1149466
777072,2025-07-20,Colorado Rockies,Minnesota Twins,191,-238,2.91,1.42,2025-07-20 19:10:00+00:00,0.0,/baseball-odds/usa-mlb/colorado-minnesota-2025-07-20/1149463
777073,2025-07-20,Texas Rangers,Detroit Tigers,154,-189,2.54,1.53,2025-07-20 23:10:00+00:00,0.0,/baseball-odds/usa-mlb/texas-detroit-2025-07-21/1151947
777074,2025-07-20,Pittsburgh Pirates,Chicago White Sox,-143,118,1.7,2.18,2025-07-20 17:35:00+00:00,0.0,/baseball-odds/usa-mlb/pittsburgh-white-sox-2025-07-20/1149455
777075,2025-07-20,Chicago Cubs,Boston Red Sox,112,-143,2.12,1.7,2025-07-20 18:20:00+00:00,0.0,/baseball-odds/usa-mlb/cubs-boston-2025-07-20/1149461
777076,2025-07-20,Tampa Bay Rays,Baltimore Orioles,-130,-101,1.77,1.99,2025-07-20 16:10:00+00:00,0.0,/baseball-odds/usa-mlb/tampa-bay-baltimore-2025-07-20/1150230
777077,2025-07-20,Washington Nationals,San Diego Padres,-101,-127,1.99,1.79,2025-07-20 17:35:00+00:00,0.0,/baseball-odds/usa-mlb/washington-san-diego-2025-07-20/1149458
777078,2025-07-20,Philadelphia Phillies,Los Angeles Angels,-167,128,1.6,2.28,2025-07-20 17:35:00+00:00,0.0,/baseball-odds/usa-mlb/philadelphia-la-angels-2025-07-20/1149456
777079,2025-07-20,Toronto Blue Jays,San Francisco Giants,-116,-111,1.86,1.9,2025-07-20 16:05:00+00:00,0.0,/baseball-odds/usa-mlb/toronto-san-francisco-2025-07-20/1149454
777082,2025-07-20,Miami Marlins,Kansas City Royals,-101,-119,1.99,1.84,2025-07-20 17:40:00+00:00,0.0,/baseball-odds/usa-mlb/miami-kansas-city-2025-07-20/1149459
777083,2025-07-20,Atlanta Braves,New York Yankees,-137,110,1.73,2.1,2025-07-20 17:35:00+00:00,0.0,/baseball-odds/usa-mlb/atlanta-ny-yankees-2025-07-20/1149457
777084,2025-07-20,Cleveland Guardians,Athletics,-106,-114,1.94,1.88,2025-07-20 17:40:00+00:00,0.0,/baseball-odds/usa-mlb/cleveland-athletics-2025-07-20/1150231
777087,2025-07-20,New York Mets,Cincinnati Reds,-145,111,1.69,2.11,2025-07-20 17:40:00+00:00,0.0,/baseball-odds/usa-mlb/ny-mets-cincinnati-2025-07-20/1149460
777050,2025-07-21,Seattle Mariners,Milwaukee Brewers,-135,103,1.74,2.03,2025-07-22 01:40:00+00:00,0.0,/baseball-odds/usa-mlb/seattle-milwaukee-2025-07-22/1149478
777051,2025-07-21,Los Angeles Dodgers,Minnesota Twins,-204,149,1.49,2.49,2025-07-22 02:10:00+00:00,0.0,/baseball-odds/usa-mlb/la-dodgers-minnesota-2025-07-22/1149480
777053,2025-07-21,Colorado Rockies,St. Louis Cardinals,141,-172,2.41,1.58,2025-07-22 00:40:00+00:00,0.0,/baseball-odds/usa-mlb/colorado-st-louis-2025-07-22/1149477
777055,2025-07-21,Arizona Diamondbacks,Houston Astros,-154,120,1.65,2.2,2025-07-22 01:40:00+00:00,0.0,/baseball-odds/usa-mlb/arizona-houston-2025-07-22/1149479
777057,2025-07-21,Texas Rangers,Athletics,-120,100,1.83,2.0,2025-07-22 00:05:00+00:00,0.0,/baseball-odds/usa-mlb/texas-athletics-2025-07-22/1150027
777059,2025-07-21,Tampa Bay Rays,Chicago White Sox,-233,166,1.43,2.66,2025-07-21 23:35:00+00:00,0.0,/baseball-odds/usa-mlb/tampa-bay-white-sox-2025-07-22/1150233
777060,2025-07-21,Pittsburgh Pirates,Detroit Tigers,-130,107,1.77,2.07,2025-07-21 22:40:00+00:00,0.0,/baseball-odds/usa-mlb/pittsburgh-detroit-2025-07-22/1149469
777061,2025-07-21,New York Mets,Los Angeles Angels,-192,142,1.52,2.42,2025-07-21 23:10:00+00:00,0.0,/baseball-odds/usa-mlb/ny-mets-la-angels-2025-07-22/1149474
777062,2025-07-21,Miami Marlins,San Diego Padres,-141,116,1.71,2.16,2025-07-21 22:40:00+00:00,0.0,/baseball-odds/usa-mlb/miami-san-diego-2025-07-22/1149470
777063,2025-07-21,Philadelphia Phillies,Boston Red Sox,-233,188,1.43,2.88,2025-07-21 22:45:00+00:00,0.0,/baseball-odds/usa-mlb/philadelphia-boston-2025-07-22/1149472
777064,2025-07-21,Washington Nationals,Cincinnati Reds,102,-133,2.02,1.75,2025-07-21 22:45:00+00:00,0.0,/baseball-odds/usa-mlb/washington-cincinnati-2025-07-22/1149471
777065,2025-07-21,Chicago Cubs,Kansas City Royals,-152,125,1.66,2.25,2025-07-22 00:05:00+00:00,0.0,/baseball-odds/usa-mlb/cubs-kansas-city-2025-07-22/1149476
777066,2025-07-21,Toronto Blue Jays,New York Yankees,-105,-123,1.95,1.81,2025-07-21 23:07:00+00:00,0.0,/baseball-odds/usa-mlb/toronto-ny-yankees-2025-07-22/1149473
777068,2025-07-21,Cleveland Guardians,Baltimore Orioles,-149,113,1.67,2.13,2025-07-21 22:40:00+00:00,0.0,/baseball-odds/usa-mlb/cleveland-baltimore-2025-07-22/1150232
777069,2025-07-21,Atlanta Braves,San Francisco Giants,-139,115,1.72,2.15,2025-07-21 23:15:00+00:00,0.0,/baseball-odds/usa-mlb/atlanta-san-francisco-2025-07-22/1149475
777035,2025-07-22,Seattle Mariners,Milwaukee Brewers,-137,105,1.73,2.05,2025-07-23 01:40:00+00:00,0.0,/baseball-odds/usa-mlb/seattle-milwaukee-2025-07-23/1149493
777039,2025-07-22,Los Angeles Dodgers,Minnesota Twins,-200,147,1.5,2.47,2025-07-23 02:10:00+00:00,0.0,/baseball-odds/usa-mlb/la-dodgers-minnesota-2025-07-23/1149494
777040,2025-07-22,Arizona Diamondbacks,Houston Astros,-106,-122,1.94,1.82,2025-07-23 01:40:00+00:00,0.0,/baseball-odds/usa-mlb/arizona-houston-2025-07-23/1149492
777042,2025-07-22,Washington Nationals,Cincinnati Reds,118,-152,2.18,1.66,2025-07-22 22:45:00+00:00,0.0,/baseball-odds/usa-mlb/washington-cincinnati-2025-07-23/1149485
777043,2025-07-22,Texas Rangers,Athletics,-227,183,1.44,2.83,2025-07-23 00:05:00+00:00,0.0,/baseball-odds/usa-mlb/texas-athletics-2025-07-23/1150028
777044,2025-07-22,Pittsburgh Pirates,Detroit Tigers,112,-135,2.12,1.74,2025-07-22 22:40:00+00:00,0.0,/baseball-odds/usa-mlb/pittsburgh-detroit-2025-07-23/1149483
777045,2025-07-22,Philadelphia Phillies,Boston Red Sox,-200,163,1.5,2.63,2025-07-22 22:45:00+00:00,0.0,/baseball-odds/usa-mlb/philadelphia-boston-2025-07-23/1149486
777046,2025-07-22,Toronto Blue Jays,New York Yankees,-123,-109,1.81,1.92,2025-07-22 23:07:00+00:00,0.0,/baseball-odds/usa-mlb/toronto-ny-yankees-2025-07-23/1149487
777047,2025-07-22,Chicago Cubs,Kansas City Royals,-256,205,1.39,3.05,2025-07-23 00:05:00+00:00,0.0,/baseball-odds/usa-mlb/cubs-kansas-city-2025-07-23/1149490
777049,2025-07-22,Colorado Rockies,St. Louis Cardinals,135,-164,2.35,1.61,2025-07-23 00:40:00+00:00,0.0,/baseball-odds/usa-mlb/colorado-st-louis-2025-07-23/1149491
777052,2025-07-22,Miami Marlins,San Diego Padres,-133,114,1.75,2.14,2025-07-22 22:40:00+00:00,0.0,/baseball-odds/usa-mlb/miami-san-diego-2025-07-23/1149484
777054,2025-07-22,New York Mets,Los Angeles Angels,-182,131,1.55,2.31,2025-07-22 23:10:00+00:00,0.0,/baseball-odds/usa-mlb/ny-mets-la-angels-2025-07-23/1149488
777056,2025-07-22,Cleveland Guardians,Baltimore Orioles,-161,126,1.62,2.26,2025-07-22 22:40:00+00:00,0.0,/baseball-odds/usa-mlb/cleveland-baltimore-2025-07-23/1150234
777058,2025-07-22,Atlanta Braves,San Francisco Giants,-127,-102,1.79,1.98,2025-07-22 23:15:00+00:00,0.0,/baseball-odds/usa-mlb/atlanta-san-francisco-2025-07-23/1149489
777022,2025-07-23,Los Angeles Dodgers,Minnesota Twins,-217,176,1.46,2.76,2025-07-23 20:10:00+00:00,0.0,/baseball-odds/usa-mlb/la-dodgers-minnesota-2025-07-23/1149506
777024,2025-07-23,Seattle Mariners,Milwaukee Brewers,-122,-106,1.82,1.94,2025-07-23 19:40:00+00:00,0.0,/baseball-odds/usa-mlb/seattle-milwaukee-2025-07-23/1149504
777026,2025-07-23,Washington Nationals,Cincinnati Reds,104,-133,2.04,1.75,2025-07-23 16:05:00+00:00,0.0,/baseball-odds/usa-mlb/washington-cincinnati-2025-07-23/1149497
777027,2025-07-23,Toronto Blue Jays,New York Yankees,116,-149,2.16,1.67,2025-07-23 23:07:00+00:00,0.0,/baseball-odds/usa-mlb/toronto-ny-yankees-2025-07-24/1149508
777028,2025-07-23,Colorado Rockies,St. Louis Cardinals,149,-189,2.49,1.53,2025-07-23 19:10:00+00:00,0.0,/baseball-odds/usa-mlb/colorado-st-louis-2025-07-23/1149503
777029,2025-07-23,Pittsburgh Pirates,Detroit Tigers,108,-133,2.08,1.75,2025-07-23 16:35:00+00:00,0.0,/baseball-odds/usa-mlb/pittsburgh-detroit-2025-07-23/1149500
777030,2025-07-23,Tampa Bay Rays,Chicago White Sox,-217,166,1.46,2.66,2025-07-23 23:35:00+00:00,0.0,/baseball-odds/usa-mlb/tampa-bay-white-sox-2025-07-24/1150237
777031,2025-07-23,Chicago Cubs,Kansas City Royals,-172,141,1.58,2.41,2025-07-23 18:20:00+00:00,0.0,/baseball-odds/usa-mlb/cubs-kansas-city-2025-07-23/1149502
777032,2025-07-23,Arizona Diamondbacks,Houston Astros,-143,108,1.7,2.08,2025-07-23 19:40:00+00:00,0.0,/baseball-odds/usa-mlb/arizona-houston-2025-07-23/1149505
777033,2025-07-23,Texas Rangers,Athletics,-141,116,1.71,2.16,2025-07-24 00:05:00+00:00,0.0,/baseball-odds/usa-mlb/texas-athletics-2025-07-24/1150029
777034,2025-07-23,New York Mets,Los Angeles Angels,-179,133,1.56,2.33,2025-07-23 17:10:00+00:00,0.0,/baseball-odds/usa-mlb/ny-mets-la-angels-2025-07-23/1149501
777036,2025-07-23,Cleveland Guardians,Baltimore Orioles,-132,107,1.76,2.07,2025-07-23 22:40:00+00:00,0.0,/baseball-odds/usa-mlb/cleveland-baltimore-2025-07-24/1150236
777037,2025-07-23,Miami Marlins,San Diego Padres,113,-147,2.13,1.68,2025-07-23 16:10:00+00:00,0.0,/baseball-odds/usa-mlb/miami-san-diego-2025-07-23/1149498
777038,2025-07-23,Philadelphia Phillies,Boston Red Sox,-164,126,1.61,2.26,2025-07-23 23:10:00+00:00,0.0,/baseball-odds/usa-mlb/philadelphia-boston-2025-07-24/1151956
777041,2025-07-23,Atlanta Braves,San Francisco Giants,-161,123,1.62,2.23,2025-07-23 16:15:00+00:00,0.0,/baseball-odds/usa-mlb/atlanta-san-francisco-2025-07-23/1149499
777018,2025-07-24,Los Angeles Angels,Seattle Mariners,-152,120,1.66,2.2,2025-07-25 01:38:00+00:00,0.0,/baseball-odds/usa-mlb/la-angels-seattle-2025-07-25/1149512
777019,2025-07-24,Cleveland Guardians,Baltimore Orioles,-127,105,1.79,2.05,2025-07-24 17:10:00+00:00,0.0,/baseball-odds/usa-mlb/cleveland-baltimore-2025-07-24/1150238
777021,2025-07-24,Detroit Tigers,Toronto Blue Jays,-149,113,1.67,2.13,2025-07-24 22:40:00+00:00,0.0,/baseball-odds/usa-mlb/detroit-toronto-2025-07-25/1149510
777023,2025-07-24,St. Louis Cardinals,San Diego Padres,-161,121,1.62,2.21,2025-07-24 23:45:00+00:00,0.0,/baseball-odds/usa-mlb/st-louis-san-diego-2025-07-25/1149511
777025,2025-07-24,Houston Astros,Athletics,-149,124,1.67,2.24,2025-07-25 00:10:00+00:00,0.0,/baseball-odds/usa-mlb/houston-athletics-2025-07-25/1150239
777004,2025-07-25,San Francisco Giants,New York Mets,-152,114,1.66,2.14,2025-07-26 02:15:00+00:00,0.0,/baseball-odds/usa-mlb/san-francisco-ny-mets-2025-07-26/1149526
777005,2025-07-25,St. Louis Cardinals,San Diego Padres,101,-132,2.01,1.76,2025-07-25 23:15:00+00:00,0.0,/baseball-odds/usa-mlb/st-louis-san-diego-2025-07-26/1149521
777006,2025-07-25,Los Angeles Angels,Seattle Mariners,102,-133,2.02,1.75,2025-07-26 01:38:00+00:00,0.0,/baseball-odds/usa-mlb/la-angels-seattle-2025-07-26/1149525
777007,2025-07-25,Houston Astros,Athletics,-132,109,1.76,2.09,2025-07-26 00:10:00+00:00,0.0,/baseball-odds/usa-mlb/houston-athletics-2025-07-26/1150241
777008,2025-07-25,Milwaukee Brewers,Miami Marlins,-217,166,1.46,2.66,2025-07-25 20:10:00+00:00,0.0,/baseball-odds/usa-mlb/milwaukee-miami-2025-07-25/1149514
777009,2025-07-25,Texas Rangers,Atlanta Braves,-154,120,1.65,2.2,2025-07-26 00:05:00+00:00,0.0,/baseball-odds/usa-mlb/texas-atlanta-2025-07-26/1149522
777011,2025-07-25,Minnesota Twins,Washington Nationals,-167,138,1.6,2.38,2025-07-26 00:10:00+00:00,0.0,/baseball-odds/usa-mlb/minnesota-washington-2025-07-26/1149523
777012,2025-07-25,Boston Red Sox,Los Angeles Dodgers,-122,-106,1.82,1.94,2025-07-25 23:10:00+00:00,0.0,/baseball-odds/usa-mlb/boston-la-dodgers-2025-07-26/1149518
777013,2025-07-25,Cincinnati Reds,Tampa Bay Rays,-120,-108,1.83,1.93,2025-07-25 23:10:00+00:00,0.0,/baseball-odds/usa-mlb/cincinnati-tampa-bay-2025-07-26/1149519
777014,2025-07-25,Pittsburgh Pirates,Arizona Diamondbacks,-112,-115,1.89,1.87,2025-07-25 22:40:00+00:00,0.0,/baseball-odds/usa-mlb/pittsburgh-arizona-2025-07-26/1149515
777015,2025-07-25,New York Yankees,Philadelphia Phillies,-175,131,1.57,2.31,2025-07-25 23:05:00+00:00,0.0,/baseball-odds/usa-mlb/ny-yankees-philadelphia-2025-07-26/1149517
777016,2025-07-25,Detroit Tigers,Toronto Blue Jays,-118,-108,1.85,1.93,2025-07-25 23:10:00+00:00,0.0,/baseball-odds/usa-mlb/detroit-toronto-2025-07-26/1149520
777017,2025-07-25,Chicago White Sox,Chicago Cubs,149,-192,2.49,1.52,2025-07-25 23:40:00+00:00,0.0,/baseball-odds/usa-mlb/white-sox-cubs-2025-07-26/1150240
777020,2025-07-25,Baltimore Orioles,Colorado Rockies,-200,163,1.5,2.63,2025-07-25 23:05:00+00:00,0.0,/baseball-odds/usa-mlb/baltimore-colorado-2025-07-26/1149516
776985,2025-07-26,San Francisco Giants,New York Mets,-116,-111,1.86,1.9,2025-07-27 01:05:00+00:00,0.0,/baseball-odds/usa-mlb/san-francisco-ny-mets-2025-07-27/1149539
776990,2025-07-26,Kansas City Royals,Cleveland Guardians,-133,110,1.75,2.1,2025-07-26 23:15:00+00:00,0.0,/baseball-odds/usa-mlb/kansas-city-cleveland-2025-07-27/1149536
776991,2025-07-26,Houston Astros,Athletics,-196,160,1.51,2.6,2025-07-26 23:10:00+00:00,0.0,/baseball-odds/usa-mlb/houston-athletics-2025-07-27/1150243
776992,2025-07-26,St. Louis Cardinals,San Diego Padres,-147,112,1.68,2.12,2025-07-26 23:15:00+00:00,0.0,/baseball-odds/usa-mlb/st-louis-san-diego-2025-07-27/1149537
776993,2025-07-26,Texas Rangers,Atlanta Braves,-114,-116,1.88,1.86,2025-07-26 23:05:00+00:00,0.0,/baseball-odds/usa-mlb/texas-atlanta-2025-07-27/1149533
776994,2025-07-26,Chicago White Sox,Chicago Cubs,151,-185,2.51,1.54,2025-07-26 23:10:00+00:00,0.0,/baseball-odds/usa-mlb/white-sox-cubs-2025-07-27/1150242
776995,2025-07-26,Los Angeles Angels,Seattle Mariners,107,-141,2.07,1.71,2025-07-27 01:38:00+00:00,0.0,/baseball-odds/usa-mlb/la-angels-seattle-2025-07-27/1149540
776996,2025-07-26,Milwaukee Brewers,Miami Marlins,-156,129,1.64,2.29,2025-07-26 23:10:00+00:00,0.0,/baseball-odds/usa-mlb/milwaukee-miami-2025-07-27/1149534
776997,2025-07-26,Minnesota Twins,Washington Nationals,-270,200,1.37,3.0,2025-07-26 23:10:00+00:00,0.0,/baseball-odds/usa-mlb/minnesota-washington-2025-07-27/1149535
776998,2025-07-26,Boston Red Sox,Los Angeles Dodgers,-159,129,1.63,2.29,2025-07-26 23:15:00+00:00,0.0,/baseball-odds/usa-mlb/boston-la-dodgers-2025-07-27/1149538
776999,2025-07-26,Baltimore Orioles,Colorado Rockies,-270,215,1.37,3.15,2025-07-26 23:05:00+00:00,0.0,/baseball-odds/usa-mlb/baltimore-colorado-2025-07-27/1149532
777000,2025-07-26,Cincinnati Reds,Tampa Bay Rays,-127,-102,1.79,1.98,2025-07-26 22:40:00+00:00,0.0,/baseball-odds/usa-mlb/cincinnati-tampa-bay-2025-07-27/1149530
777001,2025-07-26,New York Yankees,Philadelphia Phillies,106,-132,2.06,1.76,2025-07-26 17:05:00+00:00,0.0,/baseball-odds/usa-mlb/ny-yankees-philadelphia-2025-07-26/1149528
777002,2025-07-26,Pittsburgh Pirates,Arizona Diamondbacks,114,-152,2.14,1.66,2025-07-26 22:40:00+00:00,0.0,/baseball-odds/usa-mlb/pittsburgh-arizona-2025-07-27/1149531
777003,2025-07-26,Detroit Tigers,Toronto Blue Jays,-175,135,1.57,2.35,2025-07-26 22:10:00+00:00,0.0,/baseball-odds/usa-mlb/detroit-toronto-2025-07-27/1149529
777010,2025-07-26,Kansas City Royals,Cleveland Guardians,-119,-109,1.84,1.92,2025-07-26 18:40:00+00:00,0.0,/baseball-odds/usa-mlb/kansas-city-cleveland-2025-07-26/1151959
776974,2025-07-27,San Francisco Giants,New York Mets,102,-133,2.02,1.75,2025-07-27 23:10:00+00:00,0.0,/baseball-odds/usa-mlb/san-francisco-ny-mets-2025-07-28/1151952
776975,2025-07-27,Kansas City Royals,Cleveland Guardians,-145,112,1.69,2.12,2025-07-27 18:10:00+00:00,0.0,/baseball-odds/usa-mlb/kansas-city-cleveland-2025-07-27/1149550
776976,2025-07-27,Houston Astros,Athletics,-143,118,1.7,2.18,2025-07-27 18:10:00+00:00,0.0,/baseball-odds/usa-mlb/houston-athletics-2025-07-27/1150245
776977,2025-07-27,Los Angeles Angels,Seattle Mariners,135,-182,2.35,1.55,2025-07-27 20:07:00+00:00,0.0,/baseball-odds/usa-mlb/la-angels-seattle-2025-07-27/1149554
776978,2025-07-27,Milwaukee Brewers,Miami Marlins,-156,129,1.64,2.29,2025-07-27 18:10:00+00:00,0.0,/baseball-odds/usa-mlb/milwaukee-miami-2025-07-27/1149549
776979,2025-07-27,Minnesota Twins,Washington Nationals,-179,139,1.56,2.39,2025-07-27 18:10:00+00:00,0.0,/baseball-odds/usa-mlb/minnesota-washington-2025-07-27/1149548
776980,2025-07-27,St. Louis Cardinals,San Diego Padres,-135,103,1.74,2.03,2025-07-27 18:15:00+00:00,0.0,/baseball-odds/usa-mlb/st-louis-san-diego-2025-07-27/1149551
776981,2025-07-27,Texas Rangers,Atlanta Braves,-127,105,1.79,2.05,2025-07-27 18:35:00+00:00,0.0,/baseball-odds/usa-mlb/texas-atlanta-2025-07-27/1149552
776982,2025-07-27,Cincinnati Reds,Tampa Bay Rays,-111,-111,1.9,1.9,2025-07-27 17:40:00+00:00,0.0,/baseball-odds/usa-mlb/cincinnati-tampa-bay-2025-07-27/1149547
776983,2025-07-27,Boston Red Sox,Los Angeles Dodgers,-108,-112,1.93,1.89,2025-07-27 17:35:00+00:00,0.0,/baseball-odds/usa-mlb/boston-la-dodgers-2025-07-27/1149543
776984,2025-07-27,Pittsburgh Pirates,Arizona Diamondbacks,-145,120,1.69,2.2,2025-07-27 17:35:00+00:00,0.0,/baseball-odds/usa-mlb/pittsburgh-arizona-2025-07-27/1149544
776986,2025-07-27,Baltimore Orioles,Colorado Rockies,-213,172,1.47,2.72,2025-07-27 17:35:00+00:00,0.0,/baseball-odds/usa-mlb/baltimore-colorado-2025-07-27/1149542
776987,2025-07-27,Detroit Tigers,Toronto Blue Jays,-116,-104,1.86,1.96,2025-07-27 17:40:00+00:00,0.0,/baseball-odds/usa-mlb/detroit-toronto-2025-07-27/1149546
776988,2025-07-27,New York Yankees,Philadelphia Phillies,111,-145,2.11,1.69,2025-07-27 17:35:00+00:00,0.0,/baseball-odds/usa-mlb/ny-yankees-philadelphia-2025-07-27/1149545
776989,2025-07-27,Chicago White Sox,Chicago Cubs,135,-164,2.35,1.61,2025-07-27 18:10:00+00:00,0.0,/baseball-odds/usa-mlb/white-sox-cubs-2025-07-27/1150244
776957,2025-07-28,Athletics,Seattle Mariners,-105,-115,1.95,1.87,2025-07-29 02:05:00+00:00,0.0,/baseball-odds/usa-mlb/athletics-seattle-2025-07-29/1150034
776958,2025-07-28,Los Angeles Angels,Texas Rangers,183,-227,2.83,1.44,2025-07-29 01:38:00+00:00,0.0,/baseball-odds/usa-mlb/la-angels-texas-2025-07-29/1149566
776959,2025-07-28,San Diego Padres,New York Mets,-130,103,1.77,2.03,2025-07-29 01:40:00+00:00,0.0,/baseball-odds/usa-mlb/san-diego-ny-mets-2025-07-29/1149567
776960,2025-07-28,St. Louis Cardinals,Miami Marlins,-120,100,1.83,2.0,2025-07-28 23:45:00+00:00,0.0,/baseball-odds/usa-mlb/st-louis-miami-2025-07-29/1149565
776961,2025-07-28,Minnesota Twins,Boston Red Sox,-114,-114,1.88,1.88,2025-07-28 23:40:00+00:00,0.0,/baseball-odds/usa-mlb/minnesota-boston-2025-07-29/1149563
776964,2025-07-28,San Francisco Giants,Pittsburgh Pirates,-137,105,1.73,2.05,2025-07-29 01:45:00+00:00,0.0,/baseball-odds/usa-mlb/san-francisco-pittsburgh-2025-07-29/1149568
776965,2025-07-28,Milwaukee Brewers,Chicago Cubs,-108,-115,1.93,1.87,2025-07-28 23:40:00+00:00,0.0,/baseball-odds/usa-mlb/milwaukee-cubs-2025-07-29/1149564
776966,2025-07-28,Baltimore Orioles,Toronto Blue Jays,-111,-108,1.9,1.93,2025-07-28 22:35:00+00:00,0.0,/baseball-odds/usa-mlb/baltimore-toronto-2025-07-29/1149558
776967,2025-07-28,Cincinnati Reds,Los Angeles Dodgers,116,-154,2.16,1.65,2025-07-28 23:10:00+00:00,0.0,/baseball-odds/usa-mlb/cincinnati-la-dodgers-2025-07-29/1149561
776968,2025-07-28,Cleveland Guardians,Colorado Rockies,-286,226,1.35,3.26,2025-07-28 22:40:00+00:00,0.0,/baseball-odds/usa-mlb/cleveland-colorado-2025-07-29/1150246
776969,2025-07-28,Houston Astros,Washington Nationals,-263,200,1.38,3.0,2025-07-29 00:10:00+00:00,0.0,/baseball-odds/usa-mlb/houston-washington-2025-07-29/1150248
776970,2025-07-28,New York Yankees,Tampa Bay Rays,-133,106,1.75,2.06,2025-07-28 23:05:00+00:00,0.0,/baseball-odds/usa-mlb/ny-yankees-tampa-bay-2025-07-29/1149560
776971,2025-07-28,Kansas City Royals,Atlanta Braves,135,-169,2.35,1.59,2025-07-28 23:40:00+00:00,0.0,/baseball-odds/usa-mlb/kansas-city-atlanta-2025-07-29/1149562
776972,2025-07-28,Chicago White Sox,Philadelphia Phillies,188,-233,2.88,1.43,2025-07-28 23:40:00+00:00,0.0,/baseball-odds/usa-mlb/white-sox-philadelphia-2025-07-29/1150247
776973,2025-07-28,Detroit Tigers,Arizona Diamondbacks,-137,113,1.73,2.13,2025-07-28 22:40:00+00:00,0.0,/baseball-odds/usa-mlb/detroit-arizona-2025-07-29/1149559
776943,2025-07-29,San Francisco Giants,Pittsburgh Pirates,-175,131,1.57,2.31,2025-07-30 01:45:00+00:00,0.0,/baseball-odds/usa-mlb/san-francisco-pittsburgh-2025-07-30/1149582
776944,2025-07-29,Athletics,Seattle Mariners,-109,-111,1.92,1.9,2025-07-30 02:05:00+00:00,0.0,/baseball-odds/usa-mlb/athletics-seattle-2025-07-30/1150035
776945,2025-07-29,Los Angeles Angels,Texas Rangers,-139,115,1.72,2.15,2025-07-30 01:38:00+00:00,0.0,/baseball-odds/usa-mlb/la-angels-texas-2025-07-30/1149580
776946,2025-07-29,St. Louis Cardinals,Miami Marlins,-152,125,1.66,2.25,2025-07-29 23:45:00+00:00,0.0,/baseball-odds/usa-mlb/st-louis-miami-2025-07-30/1149579
776947,2025-07-29,San Diego Padres,New York Mets,105,-133,2.05,1.75,2025-07-30 01:40:00+00:00,0.0,/baseball-odds/usa-mlb/san-diego-ny-mets-2025-07-30/1149581
776949,2025-07-29,New York Yankees,Tampa Bay Rays,-192,144,1.52,2.44,2025-07-29 23:05:00+00:00,0.0,/baseball-odds/usa-mlb/ny-yankees-tampa-bay-2025-07-30/1149574
776950,2025-07-29,Houston Astros,Washington Nationals,-120,-101,1.83,1.99,2025-07-30 00:10:00+00:00,0.0,/baseball-odds/usa-mlb/houston-washington-2025-07-30/1150251
776951,2025-07-29,Cleveland Guardians,Colorado Rockies,-196,154,1.51,2.54,2025-07-29 22:40:00+00:00,0.0,/baseball-odds/usa-mlb/cleveland-colorado-2025-07-30/1150249
776952,2025-07-29,Chicago White Sox,Philadelphia Phillies,142,-175,2.42,1.57,2025-07-29 23:40:00+00:00,0.0,/baseball-odds/usa-mlb/white-sox-philadelphia-2025-07-30/1150250
776953,2025-07-29,Detroit Tigers,Arizona Diamondbacks,-156,129,1.64,2.29,2025-07-29 22:40:00+00:00,0.0,/baseball-odds/usa-mlb/detroit-arizona-2025-07-30/1149573
776954,2025-07-29,Minnesota Twins,Boston Red Sox,-102,-128,1.98,1.78,2025-07-29 23:40:00+00:00,0.0,/baseball-odds/usa-mlb/minnesota-boston-2025-07-30/1149577
776955,2025-07-29,Kansas City Royals,Atlanta Braves,-128,-102,1.78,1.98,2025-07-29 23:40:00+00:00,0.0,/baseball-odds/usa-mlb/kansas-city-atlanta-2025-07-30/1149576
776956,2025-07-29,Milwaukee Brewers,Chicago Cubs,-135,107,1.74,2.07,2025-07-29 23:40:00+00:00,0.0,/baseball-odds/usa-mlb/milwaukee-cubs-2025-07-30/1149578
776962,2025-07-29,Baltimore Orioles,Toronto Blue Jays,-102,-128,1.98,1.78,2025-07-29 22:35:00+00:00,0.0,/baseball-odds/usa-mlb/baltimore-toronto-2025-07-30/1149572
776963,2025-07-29,Cincinnati Reds,Los Angeles Dodgers,127,-154,2.27,1.65,2025-07-29 23:10:00+00:00,0.0,/baseball-odds/usa-mlb/cincinnati-la-dodgers-2025-07-30/1149575
778372,2025-07-29,Baltimore Orioles,Toronto Blue Jays,-123,102,1.81,2.02,2025-07-29 16:35:00+00:00,0.0,/baseball-odds/usa-mlb/baltimore-toronto-2025-07-29/1151828
776929,2025-07-30,Milwaukee Brewers,Chicago Cubs,-130,-101,1.77,1.99,2025-07-30 18:10:00+00:00,0.0,/baseball-odds/usa-mlb/milwaukee-cubs-2025-07-30/1149589
776930,2025-07-30,Athletics,Seattle Mariners,121,-147,2.21,1.68,2025-07-31 02:05:00+00:00,0.0,/baseball-odds/usa-mlb/athletics-seattle-2025-07-31/1150036
776931,2025-07-30,San Diego Padres,New York Mets,-120,-101,1.83,1.99,2025-07-30 20:10:00+00:00,0.0,/baseball-odds/usa-mlb/san-diego-ny-mets-2025-07-30/1149592
776932,2025-07-30,Los Angeles Angels,Texas Rangers,102,-123,2.02,1.81,2025-07-31 01:38:00+00:00,0.0,/baseball-odds/usa-mlb/la-angels-texas-2025-07-31/1149596
776933,2025-07-30,San Francisco Giants,Pittsburgh Pirates,-222,163,1.45,2.63,2025-07-30 19:45:00+00:00,0.0,/baseball-odds/usa-mlb/san-francisco-pittsburgh-2025-07-30/1149591
776934,2025-07-30,St. Louis Cardinals,Miami Marlins,-145,120,1.69,2.2,2025-07-30 23:45:00+00:00,0.0,/baseball-odds/usa-mlb/st-louis-miami-2025-07-31/1149595
776935,2025-07-30,Minnesota Twins,Boston Red Sox,-119,-101,1.84,1.99,2025-07-30 17:10:00+00:00,0.0,/baseball-odds/usa-mlb/minnesota-boston-2025-07-30/1149587
776936,2025-07-30,Kansas City Royals,Atlanta Braves,-125,-104,1.8,1.96,2025-07-30 18:10:00+00:00,0.0,/baseball-odds/usa-mlb/kansas-city-atlanta-2025-07-30/1149590
776937,2025-07-30,Houston Astros,Washington Nationals,-116,-104,1.86,1.96,2025-07-30 18:10:00+00:00,0.0,/baseball-odds/usa-mlb/houston-washington-2025-07-30/1150252
776938,2025-07-30,New York Yankees,Tampa Bay Rays,-137,113,1.73,2.13,2025-07-30 23:05:00+00:00,0.0,/baseball-odds/usa-mlb/ny-yankees-tampa-bay-2025-07-31/1149593
776939,2025-07-30,Chicago White Sox,Philadelphia Phillies,112,-141,2.12,1.71,2025-07-30 18:10:00+00:00,0.0,/baseball-odds/usa-mlb/white-sox-philadelphia-2025-07-30/1150253
776940,2025-07-30,Detroit Tigers,Arizona Diamondbacks,-135,107,1.74,2.07,2025-07-30 17:10:00+00:00,0.0,/baseball-odds/usa-mlb/detroit-arizona-2025-07-30/1149588
776941,2025-07-30,Cincinnati Reds,Los Angeles Dodgers,138,-167,2.38,1.6,2025-07-30 23:10:00+00:00,0.0,/baseball-odds/usa-mlb/cincinnati-la-dodgers-2025-07-31/1149594
776942,2025-07-30,Cleveland Guardians,Colorado Rockies,-179,144,1.56,2.44,2025-07-30 22:40:00+00:00,0.0,/baseball-odds/usa-mlb/cleveland-colorado-2025-07-31/1150254
776948,2025-07-30,Baltimore Orioles,Toronto Blue Jays,-130,-101,1.77,1.99,2025-07-30 16:35:00+00:00,0.0,/baseball-odds/usa-mlb/baltimore-toronto-2025-07-30/1149586
776923,2025-07-31,Seattle Mariners,Texas Rangers,-175,135,1.57,2.35,2025-08-01 01:40:00+00:00,0.0,/baseball-odds/usa-mlb/seattle-texas-2025-08-01/1149599
776927,2025-07-31,New York Yankees,Tampa Bay Rays,-109,-111,1.92,1.9,2025-07-31 17:05:00+00:00,0.0,/baseball-odds/usa-mlb/ny-yankees-tampa-bay-2025-07-31/1149597
776928,2025-07-31,Cincinnati Reds,Atlanta Braves,-172,131,1.58,2.31,2025-07-31 23:10:00+00:00,0.0,/baseball-odds/usa-mlb/cincinnati-atlanta-2025-08-01/1149598
776906,2025-08-01,San Diego Padres,St. Louis Cardinals,-204,166,1.49,2.66,2025-08-02 01:40:00+00:00,0.0,/baseball-odds/usa-mlb/san-diego-st-louis-2025-08-02/1149612
776908,2025-08-01,Seattle Mariners,Texas Rangers,-189,154,1.53,2.54,2025-08-02 02:10:00+00:00,0.0,/baseball-odds/usa-mlb/seattle-texas-2025-08-02/1149613
776913,2025-08-01,Philadelphia Phillies,Detroit Tigers,-154,127,1.65,2.27,2025-08-01 22:45:00+00:00,0.0,/baseball-odds/usa-mlb/philadelphia-detroit-2025-08-02/1149605
776914,2025-08-01,Athletics,Arizona Diamondbacks,-130,107,1.77,2.07,2025-08-02 02:05:00+00:00,0.0,/baseball-odds/usa-mlb/athletics-arizona-2025-08-02/1150037
776915,2025-08-01,Chicago Cubs,Baltimore Orioles,-167,129,1.6,2.29,2025-08-01 18:20:00+00:00,0.0,/baseball-odds/usa-mlb/cubs-baltimore-2025-08-01/1149603
776916,2025-08-01,Los Angeles Angels,Chicago White Sox,-139,113,1.72,2.13,2025-08-02 01:38:00+00:00,0.0,/baseball-odds/usa-mlb/la-angels-white-sox-2025-08-02/1149611
776917,2025-08-01,Washington Nationals,Milwaukee Brewers,125,-152,2.25,1.66,2025-08-01 22:45:00+00:00,0.0,/baseball-odds/usa-mlb/washington-milwaukee-2025-08-02/1149604
776918,2025-08-01,Tampa Bay Rays,Los Angeles Dodgers,107,-119,2.07,1.84,2025-08-01 23:35:00+00:00,0.0,/baseball-odds/usa-mlb/tampa-bay-la-dodgers-2025-08-02/1150256
776919,2025-08-01,Colorado Rockies,Pittsburgh Pirates,112,-137,2.12,1.73,2025-08-02 00:10:00+00:00,0.0,/baseball-odds/usa-mlb/colorado-pittsburgh-2025-08-02/1149610
776920,2025-08-01,Toronto Blue Jays,Kansas City Royals,-159,131,1.63,2.31,2025-08-01 23:07:00+00:00,0.0,/baseball-odds/usa-mlb/toronto-kansas-city-2025-08-02/1149606
776921,2025-08-01,Cincinnati Reds,Atlanta Braves,-145,114,1.69,2.14,2025-08-01 16:40:00+00:00,0.0,/baseball-odds/usa-mlb/cincinnati-atlanta-2025-08-01/1149602
776922,2025-08-01,Boston Red Sox,Houston Astros,101,-132,2.01,1.76,2025-08-01 23:10:00+00:00,0.0,/baseball-odds/usa-mlb/boston-houston-2025-08-02/1149608
776924,2025-08-01,Cleveland Guardians,Minnesota Twins,-135,103,1.74,2.03,2025-08-01 23:10:00+00:00,0.0,/baseball-odds/usa-mlb/cleveland-minnesota-2025-08-02/1150255
776925,2025-08-01,Miami Marlins,New York Yankees,126,-167,2.26,1.6,2025-08-01 23:10:00+00:00,0.0,/baseball-odds/usa-mlb/miami-ny-yankees-2025-08-02/1149607
776926,2025-08-01,New York Mets,San Francisco Giants,-149,124,1.67,2.24,2025-08-01 23:10:00+00:00,0.0,/baseball-odds/usa-mlb/ny-mets-san-francisco-2025-08-02/1149609
776896,2025-08-02,San Diego Padres,St. Louis Cardinals,-164,135,1.61,2.35,2025-08-03 02:10:00+00:00,0.0,/baseball-odds/usa-mlb/san-diego-st-louis-2025-08-03/1149627
776897,2025-08-02,Seattle Mariners,Texas Rangers,-123,102,1.81,2.02,2025-08-02 20:10:00+00:00,0.0,/baseball-odds/usa-mlb/seattle-texas-2025-08-02/1149624
776898,2025-08-02,Los Angeles Angels,Chicago White Sox,-143,115,1.7,2.15,2025-08-03 02:07:00+00:00,0.0,/baseball-odds/usa-mlb/la-angels-white-sox-2025-08-03/1149626
776899,2025-08-02,Athletics,Arizona Diamondbacks,-128,106,1.78,2.06,2025-08-03 02:05:00+00:00,0.0,/baseball-odds/usa-mlb/athletics-arizona-2025-08-03/1150038
776900,2025-08-02,Toronto Blue Jays,Kansas City Royals,-154,127,1.65,2.27,2025-08-02 19:07:00+00:00,0.0,/baseball-odds/usa-mlb/toronto-kansas-city-2025-08-02/1149617
776901,2025-08-02,Tampa Bay Rays,Los Angeles Dodgers,101,-122,2.01,1.82,2025-08-02 17:10:00+00:00,0.0,/baseball-odds/usa-mlb/tampa-bay-la-dodgers-2025-08-02/1149615
776902,2025-08-02,Chicago Cubs,Baltimore Orioles,-250,176,1.4,2.76,2025-08-02 18:20:00+00:00,0.0,/baseball-odds/usa-mlb/cubs-baltimore-2025-08-02/1149616
776903,2025-08-02,Washington Nationals,Milwaukee Brewers,151,-185,2.51,1.54,2025-08-02 20:05:00+00:00,0.0,/baseball-odds/usa-mlb/washington-milwaukee-2025-08-02/1149619
776904,2025-08-02,Colorado Rockies,Pittsburgh Pirates,185,-263,2.85,1.38,2025-08-02 19:10:00+00:00,0.0,/baseball-odds/usa-mlb/colorado-pittsburgh-2025-08-02/1149618
776905,2025-08-02,Cleveland Guardians,Minnesota Twins,-167,126,1.6,2.26,2025-08-02 20:10:00+00:00,0.0,/baseball-odds/usa-mlb/cleveland-minnesota-2025-08-02/1150257
776907,2025-08-02,Cincinnati Reds,Atlanta Braves,-110,-118,1.91,1.85,2025-08-02 23:15:00+00:00,0.0,/baseball-odds/usa-mlb/cincinnati-atlanta-2025-08-03/1149625
776909,2025-08-02,Boston Red Sox,Houston Astros,-145,111,1.69,2.11,2025-08-02 20:10:00+00:00,0.0,/baseball-odds/usa-mlb/boston-houston-2025-08-02/1149622
776910,2025-08-02,Miami Marlins,New York Yankees,-106,-104,1.94,1.96,2025-08-02 20:10:00+00:00,0.0,/baseball-odds/usa-mlb/miami-ny-yankees-2025-08-02/1149621
776911,2025-08-02,New York Mets,San Francisco Giants,-200,163,1.5,2.63,2025-08-02 20:10:00+00:00,0.0,/baseball-odds/usa-mlb/ny-mets-san-francisco-2025-08-02/1149623
776912,2025-08-02,Philadelphia Phillies,Detroit Tigers,-125,-111,1.8,1.9,2025-08-02 20:05:00+00:00,0.0,/baseball-odds/usa-mlb/philadelphia-detroit-2025-08-02/1149620
776881,2025-08-03,Athletics,Arizona Diamondbacks,-123,102,1.81,2.02,2025-08-03 20:05:00+00:00,0.0,/baseball-odds/usa-mlb/athletics-arizona-2025-08-03/1150039
776883,2025-08-03,Seattle Mariners,Texas Rangers,118,-143,2.18,1.7,2025-08-03 20:10:00+00:00,0.0,/baseball-odds/usa-mlb/seattle-texas-2025-08-03/1149640
776884,2025-08-03,San Diego Padres,St. Louis Cardinals,-208,169,1.48,2.69,2025-08-03 20:10:00+00:00,0.0,/baseball-odds/usa-mlb/san-diego-st-louis-2025-08-03/1149639
776885,2025-08-03,Los Angeles Angels,Chicago White Sox,-141,107,1.71,2.07,2025-08-03 20:07:00+00:00,0.0,/baseball-odds/usa-mlb/la-angels-white-sox-2025-08-03/1149638
776886,2025-08-03,Colorado Rockies,Pittsburgh Pirates,123,-164,2.23,1.61,2025-08-03 19:10:00+00:00,0.0,/baseball-odds/usa-mlb/colorado-pittsburgh-2025-08-03/1149637
776887,2025-08-03,New York Mets,San Francisco Giants,-161,133,1.62,2.33,2025-08-03 17:40:00+00:00,0.0,/baseball-odds/usa-mlb/ny-mets-san-francisco-2025-08-03/1149635
776888,2025-08-03,Chicago Cubs,Baltimore Orioles,-200,147,1.5,2.47,2025-08-03 18:20:00+00:00,0.0,/baseball-odds/usa-mlb/cubs-baltimore-2025-08-03/1149636
776889,2025-08-03,Tampa Bay Rays,Los Angeles Dodgers,133,-161,2.33,1.62,2025-08-03 16:10:00+00:00,0.0,/baseball-odds/usa-mlb/tampa-bay-la-dodgers-2025-08-03/1150258
776890,2025-08-03,Philadelphia Phillies,Detroit Tigers,-192,142,1.52,2.42,2025-08-03 23:10:00+00:00,0.0,/baseball-odds/usa-mlb/philadelphia-detroit-2025-08-04/1151954
776891,2025-08-03,Miami Marlins,New York Yankees,-105,-120,1.95,1.83,2025-08-03 17:40:00+00:00,0.0,/baseball-odds/usa-mlb/miami-ny-yankees-2025-08-03/1149634
776892,2025-08-03,Cleveland Guardians,Minnesota Twins,-172,129,1.58,2.29,2025-08-03 17:40:00+00:00,0.0,/baseball-odds/usa-mlb/cleveland-minnesota-2025-08-03/1150259
776893,2025-08-03,Toronto Blue Jays,Kansas City Royals,-145,120,1.69,2.2,2025-08-03 17:37:00+00:00,0.0,/baseball-odds/usa-mlb/toronto-kansas-city-2025-08-03/1149633
776894,2025-08-03,Washington Nationals,Milwaukee Brewers,127,-154,2.27,1.65,2025-08-03 17:35:00+00:00,0.0,/baseball-odds/usa-mlb/washington-milwaukee-2025-08-03/1149632
776895,2025-08-03,Boston Red Sox,Houston Astros,106,-139,2.06,1.72,2025-08-03 15:35:00+00:00,0.0,/baseball-odds/usa-mlb/boston-houston-2025-08-03/1149630
776867,2025-08-04,Los Angeles Angels,Tampa Bay Rays,-125,-104,1.8,1.96,2025-08-05 01:38:00+00:00,0.0,/baseball-odds/usa-mlb/la-angels-tampa-bay-2025-08-05/1149651
776870,2025-08-04,Los Angeles Dodgers,St. Louis Cardinals,-169,139,1.59,2.39,2025-08-05 02:10:00+00:00,0.0,/baseball-odds/usa-mlb/la-dodgers-st-louis-2025-08-05/1149653
776871,2025-08-04,Texas Rangers,New York Yankees,116,-141,2.16,1.71,2025-08-05 00:05:00+00:00,0.0,/baseball-odds/usa-mlb/texas-ny-yankees-2025-08-05/1149648
776872,2025-08-04,Colorado Rockies,Toronto Blue Jays,172,-227,2.72,1.44,2025-08-05 00:40:00+00:00,0.0,/baseball-odds/usa-mlb/colorado-toronto-2025-08-05/1149650
776873,2025-08-04,Arizona Diamondbacks,San Diego Padres,109,-137,2.09,1.73,2025-08-05 01:40:00+00:00,0.0,/baseball-odds/usa-mlb/arizona-san-diego-2025-08-05/1149652
776874,2025-08-04,Detroit Tigers,Minnesota Twins,-200,147,1.5,2.47,2025-08-04 22:40:00+00:00,0.0,/baseball-odds/usa-mlb/detroit-minnesota-2025-08-05/1149642
776875,2025-08-04,Miami Marlins,Houston Astros,-128,106,1.78,2.06,2025-08-04 22:40:00+00:00,0.0,/baseball-odds/usa-mlb/miami-houston-2025-08-05/1149641
776876,2025-08-04,New York Mets,Cleveland Guardians,-213,160,1.47,2.6,2025-08-04 23:10:00+00:00,0.0,/baseball-odds/usa-mlb/ny-mets-cleveland-2025-08-05/1149646
776877,2025-08-04,Philadelphia Phillies,Baltimore Orioles,-213,156,1.47,2.56,2025-08-04 22:45:00+00:00,0.0,/baseball-odds/usa-mlb/philadelphia-baltimore-2025-08-05/1149644
776878,2025-08-04,Chicago Cubs,Cincinnati Reds,-139,106,1.72,2.06,2025-08-05 00:05:00+00:00,0.0,/baseball-odds/usa-mlb/cubs-cincinnati-2025-08-05/1149649
776879,2025-08-04,Pittsburgh Pirates,San Francisco Giants,104,-132,2.04,1.76,2025-08-04 22:40:00+00:00,0.0,/baseball-odds/usa-mlb/pittsburgh-san-francisco-2025-08-05/1149643
776880,2025-08-04,Boston Red Sox,Kansas City Royals,-164,128,1.61,2.28,2025-08-04 23:10:00+00:00,0.0,/baseball-odds/usa-mlb/boston-kansas-city-2025-08-05/1149645
776882,2025-08-04,Atlanta Braves,Milwaukee Brewers,110,-141,2.1,1.71,2025-08-04 23:15:00+00:00,0.0,/baseball-odds/usa-mlb/atlanta-milwaukee-2025-08-05/1149647
776848,2025-08-05,Los Angeles Angels,Tampa Bay Rays,-125,-101,1.8,1.99,2025-08-06 01:38:00+00:00,0.0,/baseball-odds/usa-mlb/la-angels-tampa-bay-2025-08-06/1149664
776852,2025-08-05,Arizona Diamondbacks,San Diego Padres,109,-132,2.09,1.76,2025-08-06 01:40:00+00:00,0.0,/baseball-odds/usa-mlb/arizona-san-diego-2025-08-06/1149665
776854,2025-08-05,Colorado Rockies,Toronto Blue Jays,188,-233,2.88,1.43,2025-08-06 00:40:00+00:00,0.0,/baseball-odds/usa-mlb/colorado-toronto-2025-08-06/1149663
776855,2025-08-05,Texas Rangers,New York Yankees,-130,107,1.77,2.07,2025-08-06 00:05:00+00:00,0.0,/baseball-odds/usa-mlb/texas-ny-yankees-2025-08-06/1149661
776857,2025-08-05,Seattle Mariners,Chicago White Sox,-270,200,1.37,3.0,2025-08-06 01:40:00+00:00,0.0,/baseball-odds/usa-mlb/seattle-white-sox-2025-08-06/1149666
776858,2025-08-05,Los Angeles Dodgers,St. Louis Cardinals,-182,149,1.55,2.49,2025-08-06 02:10:00+00:00,0.0,/baseball-odds/usa-mlb/la-dodgers-st-louis-2025-08-06/1149667
776860,2025-08-05,Chicago Cubs,Cincinnati Reds,-185,147,1.54,2.47,2025-08-06 00:05:00+00:00,0.0,/baseball-odds/usa-mlb/cubs-cincinnati-2025-08-06/1149662
776861,2025-08-05,Detroit Tigers,Minnesota Twins,-149,113,1.67,2.13,2025-08-05 22:40:00+00:00,0.0,/baseball-odds/usa-mlb/detroit-minnesota-2025-08-06/1149656
776862,2025-08-05,Miami Marlins,Houston Astros,-110,-110,1.91,1.91,2025-08-05 22:40:00+00:00,0.0,/baseball-odds/usa-mlb/miami-houston-2025-08-06/1149655
776863,2025-08-05,New York Mets,Cleveland Guardians,-172,129,1.58,2.29,2025-08-05 23:10:00+00:00,0.0,/baseball-odds/usa-mlb/ny-mets-cleveland-2025-08-06/1149658
776864,2025-08-05,Boston Red Sox,Kansas City Royals,-244,181,1.41,2.81,2025-08-05 23:10:00+00:00,0.0,/baseball-odds/usa-mlb/boston-kansas-city-2025-08-06/1149659
776865,2025-08-05,Washington Nationals,Athletics,-135,112,1.74,2.12,2025-08-05 22:45:00+00:00,0.0,/baseball-odds/usa-mlb/washington-athletics-2025-08-06/1150040
776866,2025-08-05,Pittsburgh Pirates,San Francisco Giants,113,-137,2.13,1.73,2025-08-05 22:40:00+00:00,0.0,/baseball-odds/usa-mlb/pittsburgh-san-francisco-2025-08-06/1149654
776868,2025-08-05,Philadelphia Phillies,Baltimore Orioles,-145,111,1.69,2.11,2025-08-05 22:45:00+00:00,0.0,/baseball-odds/usa-mlb/philadelphia-baltimore-2025-08-06/1149657
776869,2025-08-05,Atlanta Braves,Milwaukee Brewers,121,-147,2.21,1.68,2025-08-05 23:15:00+00:00,0.0,/baseball-odds/usa-mlb/atlanta-milwaukee-2025-08-06/1149660
776836,2025-08-06,Colorado Rockies,Toronto Blue Jays,205,-256,3.05,1.39,2025-08-06 19:10:00+00:00,0.0,/baseball-odds/usa-mlb/colorado-toronto-2025-08-06/1149674
776838,2025-08-06,Arizona Diamondbacks,San Diego Padres,104,-125,2.04,1.8,2025-08-07 01:40:00+00:00,0.0,/baseball-odds/usa-mlb/arizona-san-diego-2025-08-07/1149680
776839,2025-08-06,Los Angeles Dodgers,St. Louis Cardinals,-227,176,1.44,2.76,2025-08-06 20:10:00+00:00,0.0,/baseball-odds/usa-mlb/la-dodgers-st-louis-2025-08-06/1149676
776841,2025-08-06,Seattle Mariners,Chicago White Sox,-294,218,1.34,3.18,2025-08-07 01:40:00+00:00,0.0,/baseball-odds/usa-mlb/seattle-white-sox-2025-08-07/1149681
776843,2025-08-06,Los Angeles Angels,Tampa Bay Rays,-101,-120,1.99,1.83,2025-08-06 20:07:00+00:00,0.0,/baseball-odds/usa-mlb/la-angels-tampa-bay-2025-08-06/1149675
776844,2025-08-06,Pittsburgh Pirates,San Francisco Giants,125,-152,2.25,1.66,2025-08-06 16:35:00+00:00,0.0,/baseball-odds/usa-mlb/pittsburgh-san-francisco-2025-08-06/1149669
776845,2025-08-06,Texas Rangers,New York Yankees,103,-127,2.03,1.79,2025-08-06 18:35:00+00:00,0.0,/baseball-odds/usa-mlb/texas-ny-yankees-2025-08-06/1149673
776846,2025-08-06,New York Mets,Cleveland Guardians,-185,138,1.54,2.38,2025-08-06 17:10:00+00:00,0.0,/baseball-odds/usa-mlb/ny-mets-cleveland-2025-08-06/1149670
776847,2025-08-06,Chicago Cubs,Cincinnati Reds,-135,112,1.74,2.12,2025-08-06 18:20:00+00:00,0.0,/baseball-odds/usa-mlb/cubs-cincinnati-2025-08-06/1149672
776849,2025-08-06,Miami Marlins,Houston Astros,-118,-103,1.85,1.97,2025-08-06 20:40:00+00:00,0.0,/baseball-odds/usa-mlb/miami-houston-2025-08-06/1149677
776850,2025-08-06,Washington Nationals,Athletics,118,-143,2.18,1.7,2025-08-06 22:45:00+00:00,0.0,/baseball-odds/usa-mlb/washington-athletics-2025-08-07/1150041
776851,2025-08-06,Philadelphia Phillies,Baltimore Orioles,-172,140,1.58,2.4,2025-08-06 16:35:00+00:00,0.0,/baseball-odds/usa-mlb/philadelphia-baltimore-2025-08-06/1149668
776853,2025-08-06,Atlanta Braves,Milwaukee Brewers,-132,109,1.76,2.09,2025-08-06 23:15:00+00:00,0.0,/baseball-odds/usa-mlb/atlanta-milwaukee-2025-08-07/1149679
776856,2025-08-06,Boston Red Sox,Kansas City Royals,-143,118,1.7,2.18,2025-08-06 23:10:00+00:00,0.0,/baseball-odds/usa-mlb/boston-kansas-city-2025-08-07/1149678
776859,2025-08-06,Detroit Tigers,Minnesota Twins,-222,163,1.45,2.63,2025-08-06 17:10:00+00:00,0.0,/baseball-odds/usa-mlb/detroit-minnesota-2025-08-06/1149671
776830,2025-08-07,Seattle Mariners,Chicago White Sox,-312,212,1.32,3.12,2025-08-07 20:10:00+00:00,0.0,/baseball-odds/usa-mlb/seattle-white-sox-2025-08-07/1149682
776837,2025-08-07,Washington Nationals,Athletics,131,-159,2.31,1.63,2025-08-07 16:05:00+00:00,0.0,/baseball-odds/usa-mlb/washington-athletics-2025-08-07/1150042
776840,2025-08-07,Pittsburgh Pirates,Cincinnati Reds,-169,139,1.59,2.39,2025-08-07 22:40:00+00:00,0.0,/baseball-odds/usa-mlb/pittsburgh-cincinnati-2025-08-08/1149683
776842,2025-08-07,Atlanta Braves,Miami Marlins,116,-141,2.16,1.71,2025-08-07 23:15:00+00:00,0.0,/baseball-odds/usa-mlb/atlanta-miami-2025-08-08/1149684
776820,2025-08-08,San Diego Padres,Boston Red Sox,-182,135,1.55,2.35,2025-08-09 01:40:00+00:00,0.0,/baseball-odds/usa-mlb/san-diego-boston-2025-08-09/1149694
776821,2025-08-08,Texas Rangers,Philadelphia Phillies,102,-132,2.02,1.76,2025-08-09 00:05:00+00:00,0.0,/baseball-odds/usa-mlb/texas-philadelphia-2025-08-09/1149690
776822,2025-08-08,San Francisco Giants,Washington Nationals,-189,154,1.53,2.54,2025-08-09 02:15:00+00:00,0.0,/baseball-odds/usa-mlb/san-francisco-washington-2025-08-09/1149698
776823,2025-08-08,Los Angeles Dodgers,Toronto Blue Jays,-147,114,1.68,2.14,2025-08-09 02:10:00+00:00,0.0,/baseball-odds/usa-mlb/la-dodgers-toronto-2025-08-09/1149697
776824,2025-08-08,Seattle Mariners,Tampa Bay Rays,-137,105,1.73,2.05,2025-08-09 01:40:00+00:00,0.0,/baseball-odds/usa-mlb/seattle-tampa-bay-2025-08-09/1149695
776825,2025-08-08,Arizona Diamondbacks,Colorado Rockies,-227,163,1.44,2.63,2025-08-09 01:40:00+00:00,0.0,/baseball-odds/usa-mlb/arizona-colorado-2025-08-09/1149696
776826,2025-08-08,St. Louis Cardinals,Chicago Cubs,133,-167,2.33,1.6,2025-08-09 00:15:00+00:00,0.0,/baseball-odds/usa-mlb/st-louis-cubs-2025-08-09/1149693
776827,2025-08-08,Minnesota Twins,Kansas City Royals,-137,113,1.73,2.13,2025-08-09 00:10:00+00:00,0.0,/baseball-odds/usa-mlb/minnesota-kansas-city-2025-08-09/1149692
776828,2025-08-08,Milwaukee Brewers,New York Mets,-154,116,1.65,2.16,2025-08-09 00:10:00+00:00,0.0,/baseball-odds/usa-mlb/milwaukee-ny-mets-2025-08-09/1149691
776829,2025-08-08,Pittsburgh Pirates,Cincinnati Reds,101,-119,2.01,1.84,2025-08-08 22:40:00+00:00,0.0,/baseball-odds/usa-mlb/pittsburgh-cincinnati-2025-08-09/1149686
776831,2025-08-08,Baltimore Orioles,Athletics,-114,-106,1.88,1.94,2025-08-08 23:05:00+00:00,0.0,/baseball-odds/usa-mlb/baltimore-athletics-2025-08-09/1150043
776832,2025-08-08,Detroit Tigers,Los Angeles Angels,-278,220,1.36,3.2,2025-08-08 23:10:00+00:00,0.0,/baseball-odds/usa-mlb/detroit-la-angels-2025-08-09/1149688
776833,2025-08-08,Chicago White Sox,Cleveland Guardians,108,-143,2.08,1.7,2025-08-08 23:40:00+00:00,0.0,/baseball-odds/usa-mlb/white-sox-cleveland-2025-08-09/1150260
776834,2025-08-08,Atlanta Braves,Miami Marlins,-101,-125,1.99,1.8,2025-08-08 23:15:00+00:00,0.0,/baseball-odds/usa-mlb/atlanta-miami-2025-08-09/1149689
776835,2025-08-08,New York Yankees,Houston Astros,-114,-106,1.88,1.94,2025-08-08 23:05:00+00:00,0.0,/baseball-odds/usa-mlb/ny-yankees-houston-2025-08-09/1149687
776802,2025-08-09,San Francisco Giants,Washington Nationals,-167,138,1.6,2.38,2025-08-09 20:05:00+00:00,0.0,/baseball-odds/usa-mlb/san-francisco-washington-2025-08-09/1149701
776805,2025-08-09,Seattle Mariners,Tampa Bay Rays,-149,116,1.67,2.16,2025-08-10 01:40:00+00:00,0.0,/baseball-odds/usa-mlb/seattle-tampa-bay-2025-08-10/1149712
776807,2025-08-09,San Diego Padres,Boston Red Sox,-149,113,1.67,2.13,2025-08-10 00:40:00+00:00,0.0,/baseball-odds/usa-mlb/san-diego-boston-2025-08-10/1149710
776808,2025-08-09,Los Angeles Dodgers,Toronto Blue Jays,-169,128,1.59,2.28,2025-08-10 01:10:00+00:00,0.0,/baseball-odds/usa-mlb/la-dodgers-toronto-2025-08-10/1149711
776809,2025-08-09,Arizona Diamondbacks,Colorado Rockies,-244,175,1.41,2.75,2025-08-10 00:10:00+00:00,0.0,/baseball-odds/usa-mlb/arizona-colorado-2025-08-10/1149709
776810,2025-08-09,Texas Rangers,Philadelphia Phillies,-135,103,1.74,2.03,2025-08-09 23:15:00+00:00,0.0,/baseball-odds/usa-mlb/texas-philadelphia-2025-08-10/1149708
776811,2025-08-09,Baltimore Orioles,Athletics,-114,-106,1.88,1.94,2025-08-09 23:05:00+00:00,0.0,/baseball-odds/usa-mlb/baltimore-athletics-2025-08-10/1150044
776812,2025-08-09,Pittsburgh Pirates,Cincinnati Reds,-115,-112,1.87,1.89,2025-08-09 22:40:00+00:00,0.0,/baseball-odds/usa-mlb/pittsburgh-cincinnati-2025-08-10/1149703
776813,2025-08-09,Detroit Tigers,Los Angeles Angels,-143,112,1.7,2.12,2025-08-09 22:10:00+00:00,0.0,/baseball-odds/usa-mlb/detroit-la-angels-2025-08-10/1149702
776814,2025-08-09,Chicago White Sox,Cleveland Guardians,109,-143,2.09,1.7,2025-08-09 23:10:00+00:00,0.0,/baseball-odds/usa-mlb/white-sox-cleveland-2025-08-10/1150261
776815,2025-08-09,New York Yankees,Houston Astros,-116,-110,1.86,1.91,2025-08-09 18:05:00+00:00,0.0,/baseball-odds/usa-mlb/ny-yankees-houston-2025-08-09/1149700
776816,2025-08-09,Minnesota Twins,Kansas City Royals,-102,-118,1.98,1.85,2025-08-09 23:10:00+00:00,0.0,/baseball-odds/usa-mlb/minnesota-kansas-city-2025-08-10/1149704
776817,2025-08-09,Milwaukee Brewers,New York Mets,-128,-102,1.78,1.98,2025-08-09 23:10:00+00:00,0.0,/baseball-odds/usa-mlb/milwaukee-ny-mets-2025-08-10/1149705
776818,2025-08-09,St. Louis Cardinals,Chicago Cubs,-101,-130,1.99,1.77,2025-08-09 23:15:00+00:00,0.0,/baseball-odds/usa-mlb/st-louis-cubs-2025-08-10/1149707
776819,2025-08-09,Atlanta Braves,Miami Marlins,-112,-110,1.89,1.91,2025-08-09 23:15:00+00:00,0.0,/baseball-odds/usa-mlb/atlanta-miami-2025-08-10/1149706
778431,2025-08-09,Atlanta Braves,Miami Marlins,-127,-106,1.79,1.94,2025-08-09 17:15:00+00:00,0.0,/baseball-odds/usa-mlb/atlanta-miami-2025-08-09/1151824
776788,2025-08-10,Los Angeles Dodgers,Toronto Blue Jays,-196,144,1.51,2.44,2025-08-10 20:10:00+00:00,0.0,/baseball-odds/usa-mlb/la-dodgers-toronto-2025-08-10/1149723
776789,2025-08-10,San Diego Padres,Boston Red Sox,-149,119,1.67,2.19,2025-08-10 20:10:00+00:00,0.0,/baseball-odds/usa-mlb/san-diego-boston-2025-08-10/1149724
776791,2025-08-10,Seattle Mariners,Tampa Bay Rays,-200,163,1.5,2.63,2025-08-10 20:10:00+00:00,0.0,/baseball-odds/usa-mlb/seattle-tampa-bay-2025-08-10/1149726
776793,2025-08-10,San Francisco Giants,Washington Nationals,-169,134,1.59,2.34,2025-08-10 20:05:00+00:00,0.0,/baseball-odds/usa-mlb/san-francisco-washington-2025-08-10/1149722
776794,2025-08-10,Arizona Diamondbacks,Colorado Rockies,-303,208,1.33,3.08,2025-08-10 20:10:00+00:00,0.0,/baseball-odds/usa-mlb/arizona-colorado-2025-08-10/1149725
776795,2025-08-10,St. Louis Cardinals,Chicago Cubs,100,-137,2.0,1.73,2025-08-10 23:10:00+00:00,0.0,/baseball-odds/usa-mlb/st-louis-cubs-2025-08-11/1151957
776796,2025-08-10,Minnesota Twins,Kansas City Royals,-114,-106,1.88,1.94,2025-08-10 17:05:00+00:00,0.0,/baseball-odds/usa-mlb/minnesota-kansas-city-2025-08-10/1149714
776797,2025-08-10,New York Yankees,Houston Astros,-233,179,1.43,2.79,2025-08-10 17:35:00+00:00,0.0,/baseball-odds/usa-mlb/ny-yankees-houston-2025-08-10/1149717
776798,2025-08-10,Chicago White Sox,Cleveland Guardians,104,-135,2.04,1.74,2025-08-10 18:10:00+00:00,0.0,/baseball-odds/usa-mlb/white-sox-cleveland-2025-08-10/1150262
776799,2025-08-10,Milwaukee Brewers,New York Mets,-118,-109,1.85,1.92,2025-08-10 18:10:00+00:00,0.0,/baseball-odds/usa-mlb/milwaukee-ny-mets-2025-08-10/1149719
776800,2025-08-10,Texas Rangers,Philadelphia Phillies,134,-172,2.34,1.58,2025-08-10 18:35:00+00:00,0.0,/baseball-odds/usa-mlb/texas-philadelphia-2025-08-10/1149721
776801,2025-08-10,Pittsburgh Pirates,Cincinnati Reds,-115,-112,1.87,1.89,2025-08-10 17:35:00+00:00,0.0,/baseball-odds/usa-mlb/pittsburgh-cincinnati-2025-08-10/1149716
776803,2025-08-10,Atlanta Braves,Miami Marlins,-141,107,1.71,2.07,2025-08-10 17:35:00+00:00,0.0,/baseball-odds/usa-mlb/atlanta-miami-2025-08-10/1149715
776804,2025-08-10,Baltimore Orioles,Athletics,-122,101,1.82,2.01,2025-08-10 17:35:00+00:00,0.0,/baseball-odds/usa-mlb/baltimore-athletics-2025-08-10/1150045
776806,2025-08-10,Detroit Tigers,Los Angeles Angels,-196,151,1.51,2.51,2025-08-10 17:40:00+00:00,0.0,/baseball-odds/usa-mlb/detroit-la-angels-2025-08-10/1149718
776779,2025-08-11,Los Angeles Angels,Los Angeles Dodgers,146,-179,2.46,1.56,2025-08-12 01:38:00+00:00,0.0,/baseball-odds/usa-mlb/la-angels-la-dodgers-2025-08-12/1149735
776780,2025-08-11,San Francisco Giants,San Diego Padres,-135,103,1.74,2.03,2025-08-12 01:45:00+00:00,0.0,/baseball-odds/usa-mlb/san-francisco-san-diego-2025-08-12/1149736
776781,2025-08-11,Chicago White Sox,Detroit Tigers,124,-149,2.24,1.67,2025-08-11 23:40:00+00:00,0.0,/baseball-odds/usa-mlb/white-sox-detroit-2025-08-12/1150263
776782,2025-08-11,Houston Astros,Boston Red Sox,126,-167,2.26,1.6,2025-08-12 00:10:00+00:00,0.0,/baseball-odds/usa-mlb/houston-boston-2025-08-12/1150264
776783,2025-08-11,St. Louis Cardinals,Colorado Rockies,-217,158,1.46,2.58,2025-08-11 23:45:00+00:00,0.0,/baseball-odds/usa-mlb/st-louis-colorado-2025-08-12/1149733
776784,2025-08-11,Kansas City Royals,Washington Nationals,-149,120,1.67,2.2,2025-08-11 23:40:00+00:00,0.0,/baseball-odds/usa-mlb/kansas-city-washington-2025-08-12/1149731
776785,2025-08-11,Texas Rangers,Arizona Diamondbacks,-167,131,1.6,2.31,2025-08-12 00:05:00+00:00,0.0,/baseball-odds/usa-mlb/texas-arizona-2025-08-12/1149734
776786,2025-08-11,Milwaukee Brewers,Pittsburgh Pirates,-217,176,1.46,2.76,2025-08-11 23:40:00+00:00,0.0,/baseball-odds/usa-mlb/milwaukee-pittsburgh-2025-08-12/1149732
776787,2025-08-11,Athletics,Tampa Bay Rays,-110,-110,1.91,1.91,2025-08-12 02:05:00+00:00,0.0,/baseball-odds/usa-mlb/athletics-tampa-bay-2025-08-12/1150046
776790,2025-08-11,New York Yankees,Minnesota Twins,-189,140,1.53,2.4,2025-08-11 23:05:00+00:00,0.0,/baseball-odds/usa-mlb/ny-yankees-minnesota-2025-08-12/1149730
776792,2025-08-11,Cincinnati Reds,Philadelphia Phillies,-139,106,1.72,2.06,2025-08-11 22:10:00+00:00,0.0,/baseball-odds/usa-mlb/cincinnati-philadelphia-2025-08-12/1149729
776762,2025-08-12,Athletics,Tampa Bay Rays,-110,-110,1.91,1.91,2025-08-13 02:05:00+00:00,0.0,/baseball-odds/usa-mlb/athletics-tampa-bay-2025-08-13/1150047
776763,2025-08-12,Los Angeles Angels,Los Angeles Dodgers,144,-175,2.44,1.57,2025-08-13 01:38:00+00:00,0.0,/baseball-odds/usa-mlb/la-angels-la-dodgers-2025-08-13/1149749
776764,2025-08-12,Texas Rangers,Arizona Diamondbacks,-149,123,1.67,2.23,2025-08-13 00:05:00+00:00,0.0,/baseball-odds/usa-mlb/texas-arizona-2025-08-13/1149748
776767,2025-08-12,San Francisco Giants,San Diego Padres,-127,-102,1.79,1.98,2025-08-13 01:45:00+00:00,0.0,/baseball-odds/usa-mlb/san-francisco-san-diego-2025-08-13/1149750
776768,2025-08-12,Toronto Blue Jays,Chicago Cubs,-133,107,1.75,2.07,2025-08-12 23:07:00+00:00,0.0,/baseball-odds/usa-mlb/toronto-cubs-2025-08-13/1149743
776769,2025-08-12,Houston Astros,Boston Red Sox,-115,-110,1.87,1.91,2025-08-13 00:10:00+00:00,0.0,/baseball-odds/usa-mlb/houston-boston-2025-08-13/1150267
776770,2025-08-12,Kansas City Royals,Washington Nationals,-196,153,1.51,2.53,2025-08-12 23:40:00+00:00,0.0,/baseball-odds/usa-mlb/kansas-city-washington-2025-08-13/1149746
776771,2025-08-12,Milwaukee Brewers,Pittsburgh Pirates,-132,109,1.76,2.09,2025-08-12 23:40:00+00:00,0.0,/baseball-odds/usa-mlb/milwaukee-pittsburgh-2025-08-13/1149745
776772,2025-08-12,New York Mets,Atlanta Braves,-149,113,1.67,2.13,2025-08-12 23:10:00+00:00,0.0,/baseball-odds/usa-mlb/ny-mets-atlanta-2025-08-13/1149744
776773,2025-08-12,Chicago White Sox,Detroit Tigers,141,-172,2.41,1.58,2025-08-12 23:40:00+00:00,0.0,/baseball-odds/usa-mlb/white-sox-detroit-2025-08-13/1150266
776774,2025-08-12,New York Yankees,Minnesota Twins,-222,166,1.45,2.66,2025-08-12 23:05:00+00:00,0.0,/baseball-odds/usa-mlb/ny-yankees-minnesota-2025-08-13/1149742
776775,2025-08-12,St. Louis Cardinals,Colorado Rockies,-192,156,1.52,2.56,2025-08-12 23:45:00+00:00,0.0,/baseball-odds/usa-mlb/st-louis-colorado-2025-08-13/1149747
776776,2025-08-12,Baltimore Orioles,Seattle Mariners,129,-161,2.29,1.62,2025-08-12 22:35:00+00:00,0.0,/baseball-odds/usa-mlb/baltimore-seattle-2025-08-13/1149740
776777,2025-08-12,Cincinnati Reds,Philadelphia Phillies,127,-149,2.27,1.67,2025-08-12 22:40:00+00:00,0.0,/baseball-odds/usa-mlb/cincinnati-philadelphia-2025-08-13/1149741
776778,2025-08-12,Cleveland Guardians,Miami Marlins,-135,107,1.74,2.07,2025-08-12 22:40:00+00:00,0.0,/baseball-odds/usa-mlb/cleveland-miami-2025-08-13/1150265
776746,2025-08-13,Texas Rangers,Arizona Diamondbacks,-149,124,1.67,2.24,2025-08-13 18:35:00+00:00,0.0,/baseball-odds/usa-mlb/texas-arizona-2025-08-13/1149757
776749,2025-08-13,San Francisco Giants,San Diego Padres,119,-156,2.19,1.64,2025-08-13 19:45:00+00:00,0.0,/baseball-odds/usa-mlb/san-francisco-san-diego-2025-08-13/1149758
776751,2025-08-13,Athletics,Tampa Bay Rays,116,-141,2.16,1.71,2025-08-14 02:05:00+00:00,0.0,/baseball-odds/usa-mlb/athletics-tampa-bay-2025-08-14/1150048
776752,2025-08-13,Los Angeles Angels,Los Angeles Dodgers,153,-200,2.53,1.5,2025-08-14 01:38:00+00:00,0.0,/baseball-odds/usa-mlb/la-angels-la-dodgers-2025-08-14/1149764
776753,2025-08-13,Houston Astros,Boston Red Sox,-159,120,1.63,2.2,2025-08-13 23:10:00+00:00,0.0,/baseball-odds/usa-mlb/houston-boston-2025-08-14/1150270
776754,2025-08-13,Chicago White Sox,Detroit Tigers,116,-141,2.16,1.71,2025-08-13 18:10:00+00:00,0.0,/baseball-odds/usa-mlb/white-sox-detroit-2025-08-13/1150268
776755,2025-08-13,Milwaukee Brewers,Pittsburgh Pirates,-270,205,1.37,3.05,2025-08-13 18:10:00+00:00,0.0,/baseball-odds/usa-mlb/milwaukee-pittsburgh-2025-08-13/1149755
776756,2025-08-13,New York Mets,Atlanta Braves,-213,156,1.47,2.56,2025-08-13 23:10:00+00:00,0.0,/baseball-odds/usa-mlb/ny-mets-atlanta-2025-08-14/1149763
776757,2025-08-13,Toronto Blue Jays,Chicago Cubs,-139,106,1.72,2.06,2025-08-13 23:07:00+00:00,0.0,/baseball-odds/usa-mlb/toronto-cubs-2025-08-14/1149762
776758,2025-08-13,St. Louis Cardinals,Colorado Rockies,-238,175,1.42,2.75,2025-08-13 18:15:00+00:00,0.0,/baseball-odds/usa-mlb/st-louis-colorado-2025-08-13/1149756
776759,2025-08-13,Kansas City Royals,Washington Nationals,-167,138,1.6,2.38,2025-08-13 18:10:00+00:00,0.0,/baseball-odds/usa-mlb/kansas-city-washington-2025-08-13/1149754
776760,2025-08-13,New York Yankees,Minnesota Twins,-149,114,1.67,2.14,2025-08-13 23:05:00+00:00,0.0,/baseball-odds/usa-mlb/ny-yankees-minnesota-2025-08-14/1149761
776761,2025-08-13,Baltimore Orioles,Seattle Mariners,124,-149,2.24,1.67,2025-08-13 22:35:00+00:00,0.0,/baseball-odds/usa-mlb/baltimore-seattle-2025-08-14/1149760
776765,2025-08-13,Cincinnati Reds,Philadelphia Phillies,107,-135,2.07,1.74,2025-08-13 21:10:00+00:00,0.0,/baseball-odds/usa-mlb/cincinnati-philadelphia-2025-08-13/1149759
776766,2025-08-13,Cleveland Guardians,Miami Marlins,-135,112,1.74,2.12,2025-08-13 22:40:00+00:00,0.0,/baseball-odds/usa-mlb/cleveland-miami-2025-08-14/1150269
776742,2025-08-14,Colorado Rockies,Arizona Diamondbacks,141,-172,2.41,1.58,2025-08-15 00:40:00+00:00,0.0,/baseball-odds/usa-mlb/colorado-arizona-2025-08-15/1149771
776743,2025-08-14,Washington Nationals,Philadelphia Phillies,142,-192,2.42,1.52,2025-08-14 22:45:00+00:00,0.0,/baseball-odds/usa-mlb/washington-philadelphia-2025-08-15/1149768
776744,2025-08-14,Minnesota Twins,Detroit Tigers,156,-196,2.56,1.51,2025-08-14 23:40:00+00:00,0.0,/baseball-odds/usa-mlb/minnesota-detroit-2025-08-15/1149770
776745,2025-08-14,Cleveland Guardians,Miami Marlins,-123,102,1.81,2.02,2025-08-14 22:40:00+00:00,0.0,/baseball-odds/usa-mlb/cleveland-miami-2025-08-15/1150271
776747,2025-08-14,Toronto Blue Jays,Chicago Cubs,-108,-123,1.93,1.81,2025-08-14 19:07:00+00:00,0.0,/baseball-odds/usa-mlb/toronto-cubs-2025-08-14/1149767
776748,2025-08-14,New York Mets,Atlanta Braves,-192,142,1.52,2.42,2025-08-14 23:10:00+00:00,0.0,/baseball-odds/usa-mlb/ny-mets-atlanta-2025-08-15/1149769
776750,2025-08-14,Baltimore Orioles,Seattle Mariners,107,-130,2.07,1.77,2025-08-14 17:05:00+00:00,0.0,/baseball-odds/usa-mlb/baltimore-seattle-2025-08-14/1149766
776727,2025-08-15,Los Angeles Dodgers,San Diego Padres,-141,107,1.71,2.07,2025-08-16 02:10:00+00:00,0.0,/baseball-odds/usa-mlb/la-dodgers-san-diego-2025-08-16/1149784
776728,2025-08-15,Kansas City Royals,Chicago White Sox,-179,146,1.56,2.46,2025-08-16 00:10:00+00:00,0.0,/baseball-odds/usa-mlb/kansas-city-white-sox-2025-08-16/1149781
776729,2025-08-15,San Francisco Giants,Tampa Bay Rays,-115,-105,1.87,1.95,2025-08-16 02:15:00+00:00,0.0,/baseball-odds/usa-mlb/san-francisco-tampa-bay-2025-08-16/1149785
776730,2025-08-15,Colorado Rockies,Arizona Diamondbacks,153,-200,2.53,1.5,2025-08-16 00:40:00+00:00,0.0,/baseball-odds/usa-mlb/colorado-arizona-2025-08-16/1149783
776731,2025-08-15,St. Louis Cardinals,New York Yankees,121,-147,2.21,1.68,2025-08-16 00:15:00+00:00,0.0,/baseball-odds/usa-mlb/st-louis-ny-yankees-2025-08-16/1149782
776732,2025-08-15,Minnesota Twins,Detroit Tigers,106,-132,2.06,1.76,2025-08-16 00:10:00+00:00,0.0,/baseball-odds/usa-mlb/minnesota-detroit-2025-08-16/1149780
776733,2025-08-15,Houston Astros,Baltimore Orioles,-227,163,1.44,2.63,2025-08-16 00:10:00+00:00,0.0,/baseball-odds/usa-mlb/houston-baltimore-2025-08-16/1150273
776734,2025-08-15,Athletics,Los Angeles Angels,-109,-111,1.92,1.9,2025-08-16 02:05:00+00:00,0.0,/baseball-odds/usa-mlb/athletics-la-angels-2025-08-16/1150049
776735,2025-08-15,Toronto Blue Jays,Texas Rangers,-110,-114,1.91,1.88,2025-08-15 23:07:00+00:00,0.0,/baseball-odds/usa-mlb/toronto-texas-2025-08-16/1149777
776736,2025-08-15,New York Mets,Seattle Mariners,-137,106,1.73,2.06,2025-08-15 23:10:00+00:00,0.0,/baseball-odds/usa-mlb/ny-mets-seattle-2025-08-16/1149779
776737,2025-08-15,Chicago Cubs,Pittsburgh Pirates,-192,157,1.52,2.57,2025-08-15 18:20:00+00:00,0.0,/baseball-odds/usa-mlb/cubs-pittsburgh-2025-08-15/1149774
776738,2025-08-15,Cleveland Guardians,Atlanta Braves,-125,101,1.8,2.01,2025-08-15 23:10:00+00:00,0.0,/baseball-odds/usa-mlb/cleveland-atlanta-2025-08-16/1150272
776739,2025-08-15,Washington Nationals,Philadelphia Phillies,163,-222,2.63,1.45,2025-08-15 22:45:00+00:00,0.0,/baseball-odds/usa-mlb/washington-philadelphia-2025-08-16/1149776
776740,2025-08-15,Cincinnati Reds,Milwaukee Brewers,109,-132,2.09,1.76,2025-08-15 22:40:00+00:00,0.0,/baseball-odds/usa-mlb/cincinnati-milwaukee-2025-08-16/1149775
776741,2025-08-15,Boston Red Sox,Miami Marlins,-167,138,1.6,2.38,2025-08-15 23:10:00+00:00,0.0,/baseball-odds/usa-mlb/boston-miami-2025-08-16/1149778
776711,2025-08-16,San Francisco Giants,Tampa Bay Rays,-110,-108,1.91,1.93,2025-08-17 01:05:00+00:00,0.0,/baseball-odds/usa-mlb/san-francisco-tampa-bay-2025-08-17/1149798
776712,2025-08-16,Kansas City Royals,Chicago White Sox,-152,125,1.66,2.25,2025-08-16 23:10:00+00:00,0.0,/baseball-odds/usa-mlb/kansas-city-white-sox-2025-08-17/1149794
776713,2025-08-16,St. Louis Cardinals,New York Yankees,118,-143,2.18,1.7,2025-08-16 23:15:00+00:00,0.0,/baseball-odds/usa-mlb/st-louis-ny-yankees-2025-08-17/1149796
776715,2025-08-16,Colorado Rockies,Arizona Diamondbacks,135,-169,2.35,1.59,2025-08-17 00:10:00+00:00,0.0,/baseball-odds/usa-mlb/colorado-arizona-2025-08-17/1149797
776716,2025-08-16,Minnesota Twins,Detroit Tigers,-118,-110,1.85,1.91,2025-08-16 23:15:00+00:00,0.0,/baseball-odds/usa-mlb/minnesota-detroit-2025-08-17/1149795
776717,2025-08-16,Los Angeles Dodgers,San Diego Padres,-130,-101,1.77,1.99,2025-08-17 01:10:00+00:00,0.0,/baseball-odds/usa-mlb/la-dodgers-san-diego-2025-08-17/1149799
776718,2025-08-16,Athletics,Los Angeles Angels,-125,103,1.8,2.03,2025-08-17 02:05:00+00:00,0.0,/baseball-odds/usa-mlb/athletics-la-angels-2025-08-17/1150050
776719,2025-08-16,Chicago Cubs,Pittsburgh Pirates,-227,182,1.44,2.82,2025-08-16 18:20:00+00:00,0.0,/baseball-odds/usa-mlb/cubs-pittsburgh-2025-08-16/1149788
776720,2025-08-16,Cleveland Guardians,Atlanta Braves,-112,-105,1.89,1.95,2025-08-16 23:10:00+00:00,0.0,/baseball-odds/usa-mlb/cleveland-atlanta-2025-08-17/1150275
776721,2025-08-16,Cincinnati Reds,Milwaukee Brewers,104,-125,2.04,1.8,2025-08-16 22:40:00+00:00,0.0,/baseball-odds/usa-mlb/cincinnati-milwaukee-2025-08-17/1149793
776722,2025-08-16,Houston Astros,Baltimore Orioles,-143,108,1.7,2.08,2025-08-16 23:10:00+00:00,0.0,/baseball-odds/usa-mlb/houston-baltimore-2025-08-17/1150274
776723,2025-08-16,Toronto Blue Jays,Texas Rangers,-179,138,1.56,2.38,2025-08-16 19:07:00+00:00,0.0,/baseball-odds/usa-mlb/toronto-texas-2025-08-16/1149789
776724,2025-08-16,Boston Red Sox,Miami Marlins,-196,160,1.51,2.6,2025-08-16 20:10:00+00:00,0.0,/baseball-odds/usa-mlb/boston-miami-2025-08-16/1149791
776725,2025-08-16,Washington Nationals,Philadelphia Phillies,120,-159,2.2,1.63,2025-08-16 20:05:00+00:00,0.0,/baseball-odds/usa-mlb/washington-philadelphia-2025-08-16/1149790
776726,2025-08-16,New York Mets,Seattle Mariners,-109,-119,1.92,1.84,2025-08-16 20:10:00+00:00,0.0,/baseball-odds/usa-mlb/ny-mets-seattle-2025-08-16/1149792
776697,2025-08-17,Los Angeles Dodgers,San Diego Padres,-145,111,1.69,2.11,2025-08-17 20:10:00+00:00,0.0,/baseball-odds/usa-mlb/la-dodgers-san-diego-2025-08-17/1149812
776698,2025-08-17,St. Louis Cardinals,New York Yankees,131,-159,2.31,1.63,2025-08-17 18:15:00+00:00,0.0,/baseball-odds/usa-mlb/st-louis-ny-yankees-2025-08-17/1149808
776699,2025-08-17,Athletics,Los Angeles Angels,-110,-110,1.91,1.91,2025-08-17 20:05:00+00:00,0.0,/baseball-odds/usa-mlb/athletics-la-angels-2025-08-17/1150051
776700,2025-08-17,Minnesota Twins,Detroit Tigers,-101,-130,1.99,1.77,2025-08-17 18:10:00+00:00,0.0,/baseball-odds/usa-mlb/minnesota-detroit-2025-08-17/1149806
776701,2025-08-17,Colorado Rockies,Arizona Diamondbacks,116,-154,2.16,1.65,2025-08-17 19:10:00+00:00,0.0,/baseball-odds/usa-mlb/colorado-arizona-2025-08-17/1149810
776702,2025-08-17,Kansas City Royals,Chicago White Sox,-172,138,1.58,2.38,2025-08-17 18:10:00+00:00,0.0,/baseball-odds/usa-mlb/kansas-city-white-sox-2025-08-17/1149807
776703,2025-08-17,San Francisco Giants,Tampa Bay Rays,-145,109,1.69,2.09,2025-08-17 20:05:00+00:00,0.0,/baseball-odds/usa-mlb/san-francisco-tampa-bay-2025-08-17/1149811
776704,2025-08-17,Chicago Cubs,Pittsburgh Pirates,-204,157,1.49,2.57,2025-08-17 18:20:00+00:00,0.0,/baseball-odds/usa-mlb/cubs-pittsburgh-2025-08-17/1149809
776705,2025-08-17,Houston Astros,Baltimore Orioles,-130,-101,1.77,1.99,2025-08-17 18:10:00+00:00,0.0,/baseball-odds/usa-mlb/houston-baltimore-2025-08-17/1150277
776706,2025-08-17,Cleveland Guardians,Atlanta Braves,-120,-108,1.83,1.93,2025-08-17 17:40:00+00:00,0.0,/baseball-odds/usa-mlb/cleveland-atlanta-2025-08-17/1150276
776707,2025-08-17,New York Mets,Seattle Mariners,-102,-127,1.98,1.79,2025-08-17 23:10:00+00:00,0.0,/baseball-odds/usa-mlb/ny-mets-seattle-2025-08-18/1149813
776708,2025-08-17,Washington Nationals,Philadelphia Phillies,163,-222,2.63,1.45,2025-08-17 15:35:00+00:00,0.0,/baseball-odds/usa-mlb/washington-philadelphia-2025-08-17/1149802
776709,2025-08-17,Cincinnati Reds,Milwaukee Brewers,-128,102,1.78,2.02,2025-08-17 17:40:00+00:00,0.0,/baseball-odds/usa-mlb/cincinnati-milwaukee-2025-08-17/1149805
776710,2025-08-17,Toronto Blue Jays,Texas Rangers,-120,100,1.83,2.0,2025-08-17 17:37:00+00:00,0.0,/baseball-odds/usa-mlb/toronto-texas-2025-08-17/1149804
776714,2025-08-17,Boston Red Sox,Miami Marlins,-278,205,1.36,3.05,2025-08-17 17:35:00+00:00,0.0,/baseball-odds/usa-mlb/boston-miami-2025-08-17/1149803
776681,2025-08-18,Los Angeles Angels,Cincinnati Reds,-110,-110,1.91,1.91,2025-08-19 01:38:00+00:00,0.0,/baseball-odds/usa-mlb/la-angels-cincinnati-2025-08-19/1149823
776682,2025-08-18,Arizona Diamondbacks,Cleveland Guardians,-123,-102,1.81,1.98,2025-08-19 01:40:00+00:00,0.0,/baseball-odds/usa-mlb/arizona-cleveland-2025-08-19/1149825
776683,2025-08-18,San Diego Padres,San Francisco Giants,-152,113,1.66,2.13,2025-08-19 01:40:00+00:00,0.0,/baseball-odds/usa-mlb/san-diego-san-francisco-2025-08-19/1149824
776688,2025-08-18,Miami Marlins,St. Louis Cardinals,-149,121,1.67,2.21,2025-08-18 22:40:00+00:00,0.0,/baseball-odds/usa-mlb/miami-st-louis-2025-08-19/1149816
776689,2025-08-18,Philadelphia Phillies,Seattle Mariners,-114,-109,1.88,1.92,2025-08-18 22:45:00+00:00,0.0,/baseball-odds/usa-mlb/philadelphia-seattle-2025-08-19/1149817
776690,2025-08-18,Kansas City Royals,Texas Rangers,-135,103,1.74,2.03,2025-08-18 23:40:00+00:00,0.0,/baseball-odds/usa-mlb/kansas-city-texas-2025-08-19/1149820
776692,2025-08-18,Detroit Tigers,Houston Astros,-159,120,1.63,2.2,2025-08-18 22:40:00+00:00,0.0,/baseball-odds/usa-mlb/detroit-houston-2025-08-19/1149815
776693,2025-08-18,Colorado Rockies,Los Angeles Dodgers,212,-312,3.12,1.32,2025-08-19 00:40:00+00:00,0.0,/baseball-odds/usa-mlb/colorado-la-dodgers-2025-08-19/1149822
776694,2025-08-18,Pittsburgh Pirates,Toronto Blue Jays,-112,-111,1.89,1.9,2025-08-18 22:40:00+00:00,0.0,/baseball-odds/usa-mlb/pittsburgh-toronto-2025-08-19/1149814
776695,2025-08-18,Boston Red Sox,Baltimore Orioles,-128,-102,1.78,1.98,2025-08-18 23:10:00+00:00,0.0,/baseball-odds/usa-mlb/boston-baltimore-2025-08-19/1149818
776696,2025-08-18,Atlanta Braves,Chicago White Sox,-213,163,1.47,2.63,2025-08-18 23:15:00+00:00,0.0,/baseball-odds/usa-mlb/atlanta-white-sox-2025-08-19/1149819
777459,2025-08-18,Chicago Cubs,Milwaukee Brewers,-119,-104,1.84,1.96,2025-08-18 18:20:00+00:00,0.0,/baseball-odds/usa-mlb/cubs-milwaukee-2025-08-18/1151933
776667,2025-08-19,San Diego Padres,San Francisco Giants,-213,172,1.47,2.72,2025-08-20 01:40:00+00:00,0.0,/baseball-odds/usa-mlb/san-diego-san-francisco-2025-08-20/1149839
776668,2025-08-19,Los Angeles Angels,Cincinnati Reds,107,-141,2.07,1.71,2025-08-20 01:38:00+00:00,0.0,/baseball-odds/usa-mlb/la-angels-cincinnati-2025-08-20/1149837
776671,2025-08-19,Colorado Rockies,Los Angeles Dodgers,220,-270,3.2,1.37,2025-08-20 00:40:00+00:00,0.0,/baseball-odds/usa-mlb/colorado-la-dodgers-2025-08-20/1149836
776672,2025-08-19,Arizona Diamondbacks,Cleveland Guardians,-122,101,1.82,2.01,2025-08-20 01:40:00+00:00,0.0,/baseball-odds/usa-mlb/arizona-cleveland-2025-08-20/1149838
776674,2025-08-19,Minnesota Twins,Athletics,-139,115,1.72,2.15,2025-08-19 23:40:00+00:00,0.0,/baseball-odds/usa-mlb/minnesota-athletics-2025-08-20/1150052
776675,2025-08-19,Kansas City Royals,Texas Rangers,-110,-118,1.91,1.85,2025-08-19 23:40:00+00:00,0.0,/baseball-odds/usa-mlb/kansas-city-texas-2025-08-20/1149834
776676,2025-08-19,Chicago Cubs,Milwaukee Brewers,-102,-118,1.98,1.85,2025-08-20 00:05:00+00:00,0.0,/baseball-odds/usa-mlb/cubs-milwaukee-2025-08-20/1149835
776677,2025-08-19,Tampa Bay Rays,New York Yankees,105,-127,2.05,1.79,2025-08-19 23:35:00+00:00,0.0,/baseball-odds/usa-mlb/tampa-bay-ny-yankees-2025-08-20/1150278
776678,2025-08-19,Washington Nationals,New York Mets,153,-208,2.53,1.48,2025-08-19 22:45:00+00:00,0.0,/baseball-odds/usa-mlb/washington-ny-mets-2025-08-20/1149831
776679,2025-08-19,Pittsburgh Pirates,Toronto Blue Jays,125,-152,2.25,1.66,2025-08-19 22:40:00+00:00,0.0,/baseball-odds/usa-mlb/pittsburgh-toronto-2025-08-20/1149829
776680,2025-08-19,Philadelphia Phillies,Seattle Mariners,-204,166,1.49,2.66,2025-08-19 22:45:00+00:00,0.0,/baseball-odds/usa-mlb/philadelphia-seattle-2025-08-20/1149830
776684,2025-08-19,Boston Red Sox,Baltimore Orioles,-149,113,1.67,2.13,2025-08-19 23:10:00+00:00,0.0,/baseball-odds/usa-mlb/boston-baltimore-2025-08-20/1149832
776685,2025-08-19,Detroit Tigers,Houston Astros,-167,126,1.6,2.26,2025-08-19 22:40:00+00:00,0.0,/baseball-odds/usa-mlb/detroit-houston-2025-08-20/1149828
776686,2025-08-19,Miami Marlins,St. Louis Cardinals,-149,124,1.67,2.24,2025-08-19 22:40:00+00:00,0.0,/baseball-odds/usa-mlb/miami-st-louis-2025-08-20/1149827
776687,2025-08-19,Atlanta Braves,Chicago White Sox,-161,129,1.62,2.29,2025-08-19 23:15:00+00:00,0.0,/baseball-odds/usa-mlb/atlanta-white-sox-2025-08-20/1149833
776691,2025-08-19,Chicago Cubs,Milwaukee Brewers,-149,121,1.67,2.21,2025-08-19 18:20:00+00:00,0.0,/baseball-odds/usa-mlb/cubs-milwaukee-2025-08-19/1151972
776652,2025-08-20,Los Angeles Angels,Cincinnati Reds,-137,102,1.73,2.02,2025-08-21 01:38:00+00:00,0.0,/baseball-odds/usa-mlb/la-angels-cincinnati-2025-08-21/1149851
776656,2025-08-20,San Diego Padres,San Francisco Giants,-145,120,1.69,2.2,2025-08-21 01:40:00+00:00,0.0,/baseball-odds/usa-mlb/san-diego-san-francisco-2025-08-21/1149852
776658,2025-08-20,Arizona Diamondbacks,Cleveland Guardians,-119,-101,1.84,1.99,2025-08-20 19:40:00+00:00,0.0,/baseball-odds/usa-mlb/arizona-cleveland-2025-08-20/1149843
776659,2025-08-20,Washington Nationals,New York Mets,141,-182,2.41,1.55,2025-08-20 22:45:00+00:00,0.0,/baseball-odds/usa-mlb/washington-ny-mets-2025-08-21/1149846
776660,2025-08-20,Colorado Rockies,Los Angeles Dodgers,236,-303,3.36,1.33,2025-08-21 00:40:00+00:00,0.0,/baseball-odds/usa-mlb/colorado-la-dodgers-2025-08-21/1149850
776661,2025-08-20,Pittsburgh Pirates,Toronto Blue Jays,139,-169,2.39,1.59,2025-08-20 16:35:00+00:00,0.0,/baseball-odds/usa-mlb/pittsburgh-toronto-2025-08-20/1149841
776662,2025-08-20,Philadelphia Phillies,Seattle Mariners,-152,125,1.66,2.25,2025-08-20 17:05:00+00:00,0.0,/baseball-odds/usa-mlb/philadelphia-seattle-2025-08-20/1151958
776663,2025-08-20,Chicago Cubs,Milwaukee Brewers,-104,-125,1.96,1.8,2025-08-21 00:05:00+00:00,0.0,/baseball-odds/usa-mlb/cubs-milwaukee-2025-08-21/1149849
776664,2025-08-20,Tampa Bay Rays,New York Yankees,-119,100,1.84,2.0,2025-08-20 23:35:00+00:00,0.0,/baseball-odds/usa-mlb/tampa-bay-ny-yankees-2025-08-21/1150279
776665,2025-08-20,Minnesota Twins,Athletics,-127,105,1.79,2.05,2025-08-20 23:40:00+00:00,0.0,/baseball-odds/usa-mlb/minnesota-athletics-2025-08-21/1150053
776666,2025-08-20,Kansas City Royals,Texas Rangers,-127,114,1.79,2.14,2025-08-20 23:40:00+00:00,0.0,/baseball-odds/usa-mlb/kansas-city-texas-2025-08-21/1149848
776669,2025-08-20,Atlanta Braves,Chicago White Sox,-200,163,1.5,2.63,2025-08-20 23:15:00+00:00,0.0,/baseball-odds/usa-mlb/atlanta-white-sox-2025-08-21/1149847
776670,2025-08-20,Miami Marlins,St. Louis Cardinals,-119,-109,1.84,1.92,2025-08-20 22:40:00+00:00,0.0,/baseball-odds/usa-mlb/miami-st-louis-2025-08-21/1149845
776673,2025-08-20,Detroit Tigers,Houston Astros,-105,-120,1.95,1.83,2025-08-20 17:10:00+00:00,0.0,/baseball-odds/usa-mlb/detroit-houston-2025-08-20/1149842
776631,2025-08-21,Tampa Bay Rays,St. Louis Cardinals,-101,-123,1.99,1.81,2025-08-21 23:35:00+00:00,0.0,/baseball-odds/usa-mlb/tampa-bay-st-louis-2025-08-22/1151907
776642,2025-08-21,San Diego Padres,San Francisco Giants,-196,154,1.51,2.54,2025-08-21 20:10:00+00:00,0.0,/baseball-odds/usa-mlb/san-diego-san-francisco-2025-08-21/1149857
776644,2025-08-21,Colorado Rockies,Los Angeles Dodgers,182,-227,2.82,1.44,2025-08-21 19:10:00+00:00,0.0,/baseball-odds/usa-mlb/colorado-la-dodgers-2025-08-21/1149855
776650,2025-08-21,Washington Nationals,New York Mets,109,-141,2.09,1.71,2025-08-21 20:05:00+00:00,0.0,/baseball-odds/usa-mlb/washington-ny-mets-2025-08-21/1149856
776651,2025-08-21,Chicago Cubs,Milwaukee Brewers,-149,113,1.67,2.13,2025-08-21 18:20:00+00:00,0.0,/baseball-odds/usa-mlb/cubs-milwaukee-2025-08-21/1149854
776653,2025-08-21,Minnesota Twins,Athletics,-101,-119,1.99,1.84,2025-08-21 17:10:00+00:00,0.0,/baseball-odds/usa-mlb/minnesota-athletics-2025-08-21/1150054
776654,2025-08-21,New York Yankees,Boston Red Sox,-149,123,1.67,2.23,2025-08-21 23:15:00+00:00,0.0,/baseball-odds/usa-mlb/ny-yankees-boston-2025-08-22/1149858
776655,2025-08-21,Baltimore Orioles,Houston Astros,-119,-101,1.84,1.99,2025-08-21 23:15:00+00:00,0.0,/baseball-odds/usa-mlb/baltimore-houston-2025-08-22/1149859
776657,2025-08-21,Kansas City Royals,Texas Rangers,-123,-105,1.81,1.95,2025-08-21 18:10:00+00:00,0.0,/baseball-odds/usa-mlb/kansas-city-texas-2025-08-21/1149853
776633,2025-08-22,Tampa Bay Rays,St. Louis Cardinals,-145,118,1.69,2.18,2025-08-22 23:35:00+00:00,0.0,/baseball-odds/usa-mlb/tampa-bay-st-louis-2025-08-23/1150280
776634,2025-08-22,Milwaukee Brewers,San Francisco Giants,-192,149,1.52,2.49,2025-08-23 00:10:00+00:00,0.0,/baseball-odds/usa-mlb/milwaukee-san-francisco-2025-08-23/1149870
776635,2025-08-22,Arizona Diamondbacks,Cincinnati Reds,-132,109,1.76,2.09,2025-08-23 01:40:00+00:00,0.0,/baseball-odds/usa-mlb/arizona-cincinnati-2025-08-23/1149873
776636,2025-08-22,San Diego Padres,Los Angeles Dodgers,-102,-128,1.98,1.78,2025-08-23 01:40:00+00:00,0.0,/baseball-odds/usa-mlb/san-diego-la-dodgers-2025-08-23/1149872
776637,2025-08-22,Pittsburgh Pirates,Colorado Rockies,-217,176,1.46,2.76,2025-08-22 22:40:00+00:00,0.0,/baseball-odds/usa-mlb/pittsburgh-colorado-2025-08-23/1149862
776638,2025-08-22,Seattle Mariners,Athletics,-208,169,1.48,2.69,2025-08-23 02:10:00+00:00,0.0,/baseball-odds/usa-mlb/seattle-athletics-2025-08-23/1150055
776639,2025-08-22,Chicago White Sox,Minnesota Twins,105,-132,2.05,1.76,2025-08-22 23:40:00+00:00,0.0,/baseball-odds/usa-mlb/white-sox-minnesota-2025-08-23/1150281
776640,2025-08-22,Los Angeles Angels,Chicago Cubs,109,-135,2.09,1.74,2025-08-23 01:38:00+00:00,0.0,/baseball-odds/usa-mlb/la-angels-cubs-2025-08-23/1149871
776641,2025-08-22,Texas Rangers,Cleveland Guardians,-161,133,1.62,2.33,2025-08-23 00:05:00+00:00,0.0,/baseball-odds/usa-mlb/texas-cleveland-2025-08-23/1149869
776643,2025-08-22,Baltimore Orioles,Houston Astros,-110,-110,1.91,1.91,2025-08-22 23:05:00+00:00,0.0,/baseball-odds/usa-mlb/baltimore-houston-2025-08-23/1149864
776645,2025-08-22,Atlanta Braves,New York Mets,-114,-106,1.88,1.94,2025-08-22 23:15:00+00:00,0.0,/baseball-odds/usa-mlb/atlanta-ny-mets-2025-08-23/1149868
776646,2025-08-22,Miami Marlins,Toronto Blue Jays,135,-169,2.35,1.59,2025-08-22 23:10:00+00:00,0.0,/baseball-odds/usa-mlb/miami-toronto-2025-08-23/1149867
776647,2025-08-22,New York Yankees,Boston Red Sox,-189,154,1.53,2.54,2025-08-22 23:05:00+00:00,0.0,/baseball-odds/usa-mlb/ny-yankees-boston-2025-08-23/1149865
776648,2025-08-22,Philadelphia Phillies,Washington Nationals,-200,163,1.5,2.63,2025-08-22 22:45:00+00:00,0.0,/baseball-odds/usa-mlb/philadelphia-washington-2025-08-23/1149863
776649,2025-08-22,Detroit Tigers,Kansas City Royals,-161,133,1.62,2.33,2025-08-22 23:10:00+00:00,0.0,/baseball-odds/usa-mlb/detroit-kansas-city-2025-08-23/1149866
776617,2025-08-23,San Diego Padres,Los Angeles Dodgers,113,-149,2.13,1.67,2025-08-24 00:40:00+00:00,0.0,/baseball-odds/usa-mlb/san-diego-la-dodgers-2025-08-24/1149886
776618,2025-08-23,Los Angeles Angels,Chicago Cubs,124,-149,2.24,1.67,2025-08-24 01:38:00+00:00,0.0,/baseball-odds/usa-mlb/la-angels-cubs-2025-08-24/1149887
776619,2025-08-23,Chicago White Sox,Minnesota Twins,-110,-115,1.91,1.87,2025-08-23 23:10:00+00:00,0.0,/baseball-odds/usa-mlb/white-sox-minnesota-2025-08-24/1150291
776620,2025-08-23,Seattle Mariners,Athletics,-172,141,1.58,2.41,2025-08-24 01:40:00+00:00,0.0,/baseball-odds/usa-mlb/seattle-athletics-2025-08-24/1150056
776621,2025-08-23,Milwaukee Brewers,San Francisco Giants,-145,111,1.69,2.11,2025-08-23 23:10:00+00:00,0.0,/baseball-odds/usa-mlb/milwaukee-san-francisco-2025-08-24/1149883
776622,2025-08-23,Arizona Diamondbacks,Cincinnati Reds,-104,-120,1.96,1.83,2025-08-24 00:10:00+00:00,0.0,/baseball-odds/usa-mlb/arizona-cincinnati-2025-08-24/1149885
776623,2025-08-23,Texas Rangers,Cleveland Guardians,-139,106,1.72,2.06,2025-08-23 23:05:00+00:00,0.0,/baseball-odds/usa-mlb/texas-cleveland-2025-08-24/1149881
776625,2025-08-23,Detroit Tigers,Kansas City Royals,-125,103,1.8,2.03,2025-08-23 22:10:00+00:00,0.0,/baseball-odds/usa-mlb/detroit-kansas-city-2025-08-24/1149879
776626,2025-08-23,Atlanta Braves,New York Mets,-101,-120,1.99,1.83,2025-08-23 23:15:00+00:00,0.0,/baseball-odds/usa-mlb/atlanta-ny-mets-2025-08-24/1149884
776627,2025-08-23,New York Yankees,Boston Red Sox,-101,-119,1.99,1.84,2025-08-23 17:05:00+00:00,0.0,/baseball-odds/usa-mlb/ny-yankees-boston-2025-08-23/1149876
776628,2025-08-23,Philadelphia Phillies,Washington Nationals,-256,205,1.39,3.05,2025-08-23 22:05:00+00:00,0.0,/baseball-odds/usa-mlb/philadelphia-washington-2025-08-24/1149878
776629,2025-08-23,Baltimore Orioles,Houston Astros,-123,-101,1.81,1.99,2025-08-23 23:05:00+00:00,0.0,/baseball-odds/usa-mlb/baltimore-houston-2025-08-24/1149882
776630,2025-08-23,Miami Marlins,Toronto Blue Jays,118,-152,2.18,1.66,2025-08-23 20:10:00+00:00,0.0,/baseball-odds/usa-mlb/miami-toronto-2025-08-23/1149877
776632,2025-08-23,Pittsburgh Pirates,Colorado Rockies,-185,151,1.54,2.51,2025-08-23 22:40:00+00:00,0.0,/baseball-odds/usa-mlb/pittsburgh-colorado-2025-08-24/1149880
776602,2025-08-24,Seattle Mariners,Athletics,-172,141,1.58,2.41,2025-08-24 20:10:00+00:00,0.0,/baseball-odds/usa-mlb/seattle-athletics-2025-08-24/1150057
776603,2025-08-24,San Diego Padres,Los Angeles Dodgers,-111,-116,1.9,1.86,2025-08-24 20:10:00+00:00,0.0,/baseball-odds/usa-mlb/san-diego-la-dodgers-2025-08-24/1149901
776605,2025-08-24,Los Angeles Angels,Chicago Cubs,114,-137,2.14,1.73,2025-08-24 20:07:00+00:00,0.0,/baseball-odds/usa-mlb/la-angels-cubs-2025-08-24/1149899
776606,2025-08-24,Tampa Bay Rays,St. Louis Cardinals,-152,114,1.66,2.14,2025-08-24 16:10:00+00:00,0.0,/baseball-odds/usa-mlb/tampa-bay-st-louis-2025-08-24/1150292
776607,2025-08-24,Chicago White Sox,Minnesota Twins,-105,-115,1.95,1.87,2025-08-24 18:10:00+00:00,0.0,/baseball-odds/usa-mlb/white-sox-minnesota-2025-08-24/1150293
776608,2025-08-24,Milwaukee Brewers,San Francisco Giants,-143,108,1.7,2.08,2025-08-24 18:10:00+00:00,0.0,/baseball-odds/usa-mlb/milwaukee-san-francisco-2025-08-24/1149897
776609,2025-08-24,Arizona Diamondbacks,Cincinnati Reds,-133,102,1.75,2.02,2025-08-24 20:10:00+00:00,0.0,/baseball-odds/usa-mlb/arizona-cincinnati-2025-08-24/1149900
776610,2025-08-24,Pittsburgh Pirates,Colorado Rockies,-323,232,1.31,3.32,2025-08-24 16:05:00+00:00,0.0,/baseball-odds/usa-mlb/pittsburgh-colorado-2025-08-24/1149890
776611,2025-08-24,Texas Rangers,Cleveland Guardians,-135,105,1.74,2.05,2025-08-24 18:35:00+00:00,0.0,/baseball-odds/usa-mlb/texas-cleveland-2025-08-24/1149898
776612,2025-08-24,Baltimore Orioles,Houston Astros,-139,106,1.72,2.06,2025-08-24 17:35:00+00:00,0.0,/baseball-odds/usa-mlb/baltimore-houston-2025-08-24/1149893
776613,2025-08-24,Philadelphia Phillies,Washington Nationals,-278,210,1.36,3.1,2025-08-24 17:35:00+00:00,0.0,/baseball-odds/usa-mlb/philadelphia-washington-2025-08-24/1149892
776614,2025-08-24,Miami Marlins,Toronto Blue Jays,107,-130,2.07,1.77,2025-08-24 17:40:00+00:00,0.0,/baseball-odds/usa-mlb/miami-toronto-2025-08-24/1149896
776615,2025-08-24,Detroit Tigers,Kansas City Royals,-156,129,1.64,2.29,2025-08-24 17:40:00+00:00,0.0,/baseball-odds/usa-mlb/detroit-kansas-city-2025-08-24/1149895
776616,2025-08-24,New York Yankees,Boston Red Sox,-169,139,1.59,2.39,2025-08-24 23:10:00+00:00,0.0,/baseball-odds/usa-mlb/ny-yankees-boston-2025-08-25/1151967
776624,2025-08-24,Atlanta Braves,New York Mets,111,-135,2.11,1.74,2025-08-24 17:35:00+00:00,0.0,/baseball-odds/usa-mlb/atlanta-ny-mets-2025-08-24/1149894
776600,2025-08-25,Miami Marlins,Atlanta Braves,-105,-128,1.95,1.78,2025-08-25 22:40:00+00:00,0.0,/baseball-odds/usa-mlb/miami-atlanta-2025-08-26/1151965
776604,2025-08-25,Baltimore Orioles,Boston Red Sox,104,-125,2.04,1.8,2025-08-25 22:35:00+00:00,0.0,/baseball-odds/usa-mlb/baltimore-boston-2025-08-26/1151964
776557,2025-08-27,San Francisco Giants,Chicago Cubs,106,-130,2.06,1.77,2025-08-28 01:45:00+00:00,0.0,/baseball-odds/usa-mlb/san-francisco-cubs-2025-08-28/1152083
776559,2025-08-27,Athletics,Detroit Tigers,107,-130,2.07,1.77,2025-08-28 02:05:00+00:00,0.0,/baseball-odds/usa-mlb/athletics-detroit-2025-08-28/1152084
776562,2025-08-27,Los Angeles Dodgers,Cincinnati Reds,-192,142,1.52,2.42,2025-08-28 00:40:00+00:00,0.0,/baseball-odds/usa-mlb/la-dodgers-cincinnati-2025-08-28/1152082
776563,2025-08-27,Texas Rangers,Los Angeles Angels,-167,131,1.6,2.31,2025-08-28 00:05:00+00:00,0.0,/baseball-odds/usa-mlb/texas-la-angels-2025-08-28/1152080
776566,2025-08-27,New York Mets,Philadelphia Phillies,-167,126,1.6,2.26,2025-08-27 23:10:00+00:00,0.0,/baseball-odds/usa-mlb/ny-mets-philadelphia-2025-08-28/1152076
776567,2025-08-27,Toronto Blue Jays,Minnesota Twins,-196,144,1.51,2.44,2025-08-27 23:07:00+00:00,0.0,/baseball-odds/usa-mlb/toronto-minnesota-2025-08-28/1152075
776568,2025-08-27,St. Louis Cardinals,Pittsburgh Pirates,-175,144,1.57,2.44,2025-08-27 23:45:00+00:00,0.0,/baseball-odds/usa-mlb/st-louis-pittsburgh-2025-08-28/1152079
776569,2025-08-27,Chicago White Sox,Kansas City Royals,106,-120,2.06,1.83,2025-08-27 23:40:00+00:00,0.0,/baseball-odds/usa-mlb/white-sox-kansas-city-2025-08-28/1152078
776571,2025-08-27,Houston Astros,Colorado Rockies,-303,238,1.33,3.38,2025-08-28 00:10:00+00:00,0.0,/baseball-odds/usa-mlb/houston-colorado-2025-08-28/1152081
776572,2025-08-27,Milwaukee Brewers,Arizona Diamondbacks,-147,121,1.68,2.21,2025-08-27 23:40:00+00:00,0.0,/baseball-odds/usa-mlb/milwaukee-arizona-2025-08-28/1152077
776579,2025-08-27,Baltimore Orioles,Boston Red Sox,112,-141,2.12,1.71,2025-08-27 22:35:00+00:00,0.0,/baseball-odds/usa-mlb/baltimore-boston-2025-08-28/1152074
776550,2025-08-28,San Francisco Giants,Chicago Cubs,-118,-110,1.85,1.91,2025-08-28 19:45:00+00:00,0.0,/baseball-odds/usa-mlb/san-francisco-cubs-2025-08-28/1152089
776553,2025-08-28,Milwaukee Brewers,Arizona Diamondbacks,-164,138,1.61,2.38,2025-08-28 18:10:00+00:00,0.0,/baseball-odds/usa-mlb/milwaukee-arizona-2025-08-28/1152086
776554,2025-08-28,St. Louis Cardinals,Pittsburgh Pirates,-120,-101,1.83,1.99,2025-08-28 18:15:00+00:00,0.0,/baseball-odds/usa-mlb/st-louis-pittsburgh-2025-08-28/1152088
776555,2025-08-28,Houston Astros,Colorado Rockies,-250,200,1.4,3.0,2025-08-28 18:10:00+00:00,0.0,/baseball-odds/usa-mlb/houston-colorado-2025-08-28/1152087
776556,2025-08-28,Chicago White Sox,New York Yankees,142,-200,2.42,1.5,2025-08-28 23:40:00+00:00,0.0,/baseball-odds/usa-mlb/white-sox-ny-yankees-2025-08-29/1152092
776558,2025-08-28,New York Mets,Miami Marlins,-286,205,1.35,3.05,2025-08-28 23:10:00+00:00,0.0,/baseball-odds/usa-mlb/ny-mets-miami-2025-08-29/1152091
776560,2025-08-28,Philadelphia Phillies,Atlanta Braves,-189,154,1.53,2.54,2025-08-28 22:45:00+00:00,0.0,/baseball-odds/usa-mlb/philadelphia-atlanta-2025-08-29/1152090
776564,2025-08-28,Baltimore Orioles,Boston Red Sox,158,-204,2.58,1.49,2025-08-28 17:05:00+00:00,0.0,/baseball-odds/usa-mlb/baltimore-boston-2025-08-28/1152085
776533,2025-08-29,San Francisco Giants,Baltimore Orioles,-147,120,1.68,2.2,2025-08-30 02:15:00+00:00,0.0,/baseball-odds/usa-mlb/san-francisco-baltimore-2025-08-30/1152107
776534,2025-08-29,Los Angeles Dodgers,Arizona Diamondbacks,-244,175,1.41,2.75,2025-08-30 02:10:00+00:00,0.0,/baseball-odds/usa-mlb/la-dodgers-arizona-2025-08-30/1152106
776538,2025-08-29,Athletics,Texas Rangers,-147,121,1.68,2.21,2025-08-30 02:05:00+00:00,0.0,/baseball-odds/usa-mlb/athletics-texas-2025-08-30/1152105
776540,2025-08-29,Kansas City Royals,Detroit Tigers,-123,-105,1.81,1.95,2025-08-30 00:10:00+00:00,0.0,/baseball-odds/usa-mlb/kansas-city-detroit-2025-08-30/1152103
776541,2025-08-29,Minnesota Twins,San Diego Padres,106,-130,2.06,1.77,2025-08-30 00:10:00+00:00,0.0,/baseball-odds/usa-mlb/minnesota-san-diego-2025-08-30/1152102
776542,2025-08-29,Colorado Rockies,Chicago Cubs,172,-238,2.72,1.42,2025-08-30 00:40:00+00:00,0.0,/baseball-odds/usa-mlb/colorado-cubs-2025-08-30/1152104
776543,2025-08-29,Houston Astros,Los Angeles Angels,-169,138,1.59,2.38,2025-08-30 00:10:00+00:00,0.0,/baseball-odds/usa-mlb/houston-la-angels-2025-08-30/1152101
776544,2025-08-29,Chicago White Sox,New York Yankees,175,-244,2.75,1.41,2025-08-29 23:40:00+00:00,0.0,/baseball-odds/usa-mlb/white-sox-ny-yankees-2025-08-30/1152100
776545,2025-08-29,Washington Nationals,Tampa Bay Rays,116,-145,2.16,1.69,2025-08-29 22:45:00+00:00,0.0,/baseball-odds/usa-mlb/washington-tampa-bay-2025-08-30/1152095
776546,2025-08-29,Toronto Blue Jays,Milwaukee Brewers,-135,108,1.74,2.08,2025-08-29 23:07:00+00:00,0.0,/baseball-odds/usa-mlb/toronto-milwaukee-2025-08-30/1152096
776547,2025-08-29,Cleveland Guardians,Seattle Mariners,133,-161,2.33,1.62,2025-08-29 23:10:00+00:00,0.0,/baseball-odds/usa-mlb/cleveland-seattle-2025-08-30/1152099
776548,2025-08-29,New York Mets,Miami Marlins,-189,140,1.53,2.4,2025-08-29 23:10:00+00:00,0.0,/baseball-odds/usa-mlb/ny-mets-miami-2025-08-30/1152098
776549,2025-08-29,Boston Red Sox,Pittsburgh Pirates,-118,-103,1.85,1.97,2025-08-29 23:10:00+00:00,0.0,/baseball-odds/usa-mlb/boston-pittsburgh-2025-08-30/1152097
776551,2025-08-29,Cincinnati Reds,St. Louis Cardinals,-152,114,1.66,2.14,2025-08-29 22:40:00+00:00,0.0,/baseball-odds/usa-mlb/cincinnati-st-louis-2025-08-30/1152093
776552,2025-08-29,Philadelphia Phillies,Atlanta Braves,-192,157,1.52,2.57,2025-08-29 22:45:00+00:00,0.0,/baseball-odds/usa-mlb/philadelphia-atlanta-2025-08-30/1152094
776516,2025-08-30,San Francisco Giants,Baltimore Orioles,-101,-120,1.99,1.83,2025-08-30 23:15:00+00:00,0.0,/baseball-odds/usa-mlb/san-francisco-baltimore-2025-08-31/1152119
776523,2025-08-30,Los Angeles Dodgers,Arizona Diamondbacks,-227,166,1.44,2.66,2025-08-31 01:10:00+00:00,0.0,/baseball-odds/usa-mlb/la-dodgers-arizona-2025-08-31/1152121
776524,2025-08-30,Athletics,Texas Rangers,109,-132,2.09,1.76,2025-08-31 02:05:00+00:00,0.0,/baseball-odds/usa-mlb/athletics-texas-2025-08-31/1152122
776525,2025-08-30,Washington Nationals,Tampa Bay Rays,123,-159,2.23,1.63,2025-08-30 20:05:00+00:00,0.0,/baseball-odds/usa-mlb/washington-tampa-bay-2025-08-30/1152109
776526,2025-08-30,Colorado Rockies,Chicago Cubs,158,-217,2.58,1.46,2025-08-31 00:10:00+00:00,0.0,/baseball-odds/usa-mlb/colorado-cubs-2025-08-31/1152120
776527,2025-08-30,Toronto Blue Jays,Milwaukee Brewers,-141,111,1.71,2.11,2025-08-30 19:07:00+00:00,0.0,/baseball-odds/usa-mlb/toronto-milwaukee-2025-08-30/1152108
776528,2025-08-30,Kansas City Royals,Detroit Tigers,104,-128,2.04,1.78,2025-08-30 23:15:00+00:00,0.0,/baseball-odds/usa-mlb/kansas-city-detroit-2025-08-31/1152117
776529,2025-08-30,Chicago White Sox,New York Yankees,163,-222,2.63,1.45,2025-08-30 23:10:00+00:00,0.0,/baseball-odds/usa-mlb/white-sox-ny-yankees-2025-08-31/1152116
776530,2025-08-30,Minnesota Twins,San Diego Padres,129,-156,2.29,1.64,2025-08-30 23:10:00+00:00,0.0,/baseball-odds/usa-mlb/minnesota-san-diego-2025-08-31/1152115
776531,2025-08-30,Houston Astros,Los Angeles Angels,-172,134,1.58,2.34,2025-08-30 23:10:00+00:00,0.0,/baseball-odds/usa-mlb/houston-la-angels-2025-08-31/1152114
776532,2025-08-30,Philadelphia Phillies,Atlanta Braves,-152,120,1.66,2.2,2025-08-30 22:05:00+00:00,0.0,/baseball-odds/usa-mlb/philadelphia-atlanta-2025-08-31/1152112
776535,2025-08-30,New York Mets,Miami Marlins,-185,138,1.54,2.38,2025-08-30 20:10:00+00:00,0.0,/baseball-odds/usa-mlb/ny-mets-miami-2025-08-30/1152110
776536,2025-08-30,Cincinnati Reds,St. Louis Cardinals,-152,114,1.66,2.14,2025-08-30 22:40:00+00:00,0.0,/baseball-odds/usa-mlb/cincinnati-st-louis-2025-08-31/1152113
776537,2025-08-30,Cleveland Guardians,Seattle Mariners,120,-145,2.2,1.69,2025-08-30 23:15:00+00:00,0.0,/baseball-odds/usa-mlb/cleveland-seattle-2025-08-31/1152118
776539,2025-08-30,Boston Red Sox,Pittsburgh Pirates,-179,146,1.56,2.46,2025-08-30 20:10:00+00:00,0.0,/baseball-odds/usa-mlb/boston-pittsburgh-2025-08-30/1152111
776507,2025-08-31,San Francisco Giants,Baltimore Orioles,-152,125,1.66,2.25,2025-08-31 20:05:00+00:00,0.0,/baseball-odds/usa-mlb/san-francisco-baltimore-2025-08-31/1152135
776508,2025-08-31,Athletics,Texas Rangers,120,-145,2.2,1.69,2025-08-31 20:05:00+00:00,0.0,/baseball-odds/usa-mlb/athletics-texas-2025-08-31/1152134
776509,2025-08-31,Los Angeles Dodgers,Arizona Diamondbacks,-227,183,1.44,2.83,2025-08-31 20:10:00+00:00,0.0,/baseball-odds/usa-mlb/la-dodgers-arizona-2025-08-31/1152136
776510,2025-08-31,Houston Astros,Los Angeles Angels,-167,126,1.6,2.26,2025-08-31 18:10:00+00:00,0.0,/baseball-odds/usa-mlb/houston-la-angels-2025-08-31/1152131
776511,2025-08-31,Colorado Rockies,Chicago Cubs,196,-278,2.96,1.36,2025-08-31 19:10:00+00:00,0.0,/baseball-odds/usa-mlb/colorado-cubs-2025-08-31/1152133
776512,2025-08-31,Kansas City Royals,Detroit Tigers,139,-185,2.39,1.54,2025-08-31 18:10:00+00:00,0.0,/baseball-odds/usa-mlb/kansas-city-detroit-2025-08-31/1152132
776513,2025-08-31,Minnesota Twins,San Diego Padres,-123,102,1.81,2.02,2025-08-31 17:05:00+00:00,0.0,/baseball-odds/usa-mlb/minnesota-san-diego-2025-08-31/1152124
776514,2025-08-31,Chicago White Sox,New York Yankees,144,-185,2.44,1.54,2025-08-31 18:10:00+00:00,0.0,/baseball-odds/usa-mlb/white-sox-ny-yankees-2025-08-31/1152130
776515,2025-08-31,Toronto Blue Jays,Milwaukee Brewers,-110,-110,1.91,1.91,2025-08-31 17:37:00+00:00,0.0,/baseball-odds/usa-mlb/toronto-milwaukee-2025-08-31/1152127
776517,2025-08-31,Boston Red Sox,Pittsburgh Pirates,-185,146,1.54,2.46,2025-08-31 17:35:00+00:00,0.0,/baseball-odds/usa-mlb/boston-pittsburgh-2025-08-31/1152125
776518,2025-08-31,Cincinnati Reds,St. Louis Cardinals,-149,113,1.67,2.13,2025-08-31 16:10:00+00:00,0.0,/baseball-odds/usa-mlb/cincinnati-st-louis-2025-08-31/1152123
776519,2025-08-31,New York Mets,Miami Marlins,-179,153,1.56,2.53,2025-08-31 17:40:00+00:00,0.0,/baseball-odds/usa-mlb/ny-mets-miami-2025-08-31/1152128
776520,2025-08-31,Washington Nationals,Tampa Bay Rays,112,-147,2.12,1.68,2025-08-31 17:35:00+00:00,0.0,/baseball-odds/usa-mlb/washington-tampa-bay-2025-08-31/1152126
776521,2025-08-31,Cleveland Guardians,Seattle Mariners,-111,-112,1.9,1.89,2025-08-31 17:40:00+00:00,0.0,/baseball-odds/usa-mlb/cleveland-seattle-2025-08-31/1152129
776522,2025-08-31,Philadelphia Phillies,Atlanta Braves,-175,138,1.57,2.38,2025-08-31 23:10:00+00:00,0.0,/baseball-odds/usa-mlb/philadelphia-atlanta-2025-09-01/1152137
776492,2025-09-01,Colorado Rockies,San Francisco Giants,116,-152,2.16,1.66,2025-09-01 20:10:00+00:00,0.0,/baseball-odds/usa-mlb/colorado-san-francisco-2025-09-01/1152146
776494,2025-09-01,San Diego Padres,Baltimore Orioles,-172,129,1.58,2.29,2025-09-01 22:40:00+00:00,0.0,/baseball-odds/usa-mlb/san-diego-baltimore-2025-09-02/1152148
776495,2025-09-01,Arizona Diamondbacks,Texas Rangers,-145,111,1.69,2.11,2025-09-02 00:10:00+00:00,0.0,/baseball-odds/usa-mlb/arizona-texas-2025-09-02/1152150
776497,2025-09-01,St. Louis Cardinals,Athletics,-154,127,1.65,2.27,2025-09-01 18:15:00+00:00,0.0,/baseball-odds/usa-mlb/st-louis-athletics-2025-09-01/1152144
776498,2025-09-01,Washington Nationals,Miami Marlins,-119,-109,1.84,1.92,2025-09-01 17:05:00+00:00,0.0,/baseball-odds/usa-mlb/washington-miami-2025-09-01/1152138
776499,2025-09-01,Houston Astros,Los Angeles Angels,-161,128,1.62,2.28,2025-09-01 18:10:00+00:00,0.0,/baseball-odds/usa-mlb/houston-la-angels-2025-09-01/1152142
776500,2025-09-01,Milwaukee Brewers,Philadelphia Phillies,-164,125,1.61,2.25,2025-09-01 20:10:00+00:00,0.0,/baseball-odds/usa-mlb/milwaukee-philadelphia-2025-09-01/1152147
776501,2025-09-01,Detroit Tigers,New York Mets,-105,-123,1.95,1.81,2025-09-01 17:10:00+00:00,0.0,/baseball-odds/usa-mlb/detroit-ny-mets-2025-09-01/1152140
776502,2025-09-01,Minnesota Twins,Chicago White Sox,-189,154,1.53,2.54,2025-09-01 18:10:00+00:00,0.0,/baseball-odds/usa-mlb/minnesota-white-sox-2025-09-01/1152143
776503,2025-09-01,Cincinnati Reds,Toronto Blue Jays,-122,-102,1.82,1.98,2025-09-01 17:10:00+00:00,0.0,/baseball-odds/usa-mlb/cincinnati-toronto-2025-09-01/1152139
776504,2025-09-01,Tampa Bay Rays,Seattle Mariners,-111,-114,1.9,1.88,2025-09-01 23:35:00+00:00,0.0,/baseball-odds/usa-mlb/tampa-bay-seattle-2025-09-02/1152149
776505,2025-09-01,Boston Red Sox,Cleveland Guardians,-154,116,1.65,2.16,2025-09-01 17:35:00+00:00,0.0,/baseball-odds/usa-mlb/boston-cleveland-2025-09-01/1152141
776506,2025-09-01,Chicago Cubs,Atlanta Braves,-127,-102,1.79,1.98,2025-09-01 20:05:00+00:00,0.0,/baseball-odds/usa-mlb/cubs-atlanta-2025-09-01/1152145
776480,2025-09-02,San Diego Padres,Baltimore Orioles,-185,140,1.54,2.4,2025-09-03 01:40:00+00:00,0.0,/baseball-odds/usa-mlb/san-diego-baltimore-2025-09-03/1152163
776481,2025-09-02,Arizona Diamondbacks,Texas Rangers,-110,-114,1.91,1.88,2025-09-03 01:40:00+00:00,0.0,/baseball-odds/usa-mlb/arizona-texas-2025-09-03/1152164
776482,2025-09-02,Washington Nationals,Miami Marlins,-137,105,1.73,2.05,2025-09-02 22:45:00+00:00,0.0,/baseball-odds/usa-mlb/washington-miami-2025-09-03/1152154
776483,2025-09-02,St. Louis Cardinals,Athletics,-106,-114,1.94,1.88,2025-09-02 23:45:00+00:00,0.0,/baseball-odds/usa-mlb/st-louis-athletics-2025-09-03/1152160
776484,2025-09-02,Minnesota Twins,Chicago White Sox,-149,118,1.67,2.18,2025-09-02 23:40:00+00:00,0.0,/baseball-odds/usa-mlb/minnesota-white-sox-2025-09-03/1152157
776485,2025-09-02,Tampa Bay Rays,Seattle Mariners,-106,-114,1.94,1.88,2025-09-02 23:35:00+00:00,0.0,/baseball-odds/usa-mlb/tampa-bay-seattle-2025-09-03/1152156
776486,2025-09-02,Colorado Rockies,San Francisco Giants,183,-227,2.83,1.44,2025-09-03 00:40:00+00:00,0.0,/baseball-odds/usa-mlb/colorado-san-francisco-2025-09-03/1152162
776487,2025-09-02,Chicago Cubs,Atlanta Braves,-182,135,1.55,2.35,2025-09-02 23:40:00+00:00,0.0,/baseball-odds/usa-mlb/cubs-atlanta-2025-09-03/1152159
776488,2025-09-02,Kansas City Royals,Los Angeles Angels,-164,135,1.61,2.35,2025-09-02 23:40:00+00:00,0.0,/baseball-odds/usa-mlb/kansas-city-la-angels-2025-09-03/1152158
776489,2025-09-02,Houston Astros,New York Yankees,-104,-133,1.96,1.75,2025-09-03 00:10:00+00:00,0.0,/baseball-odds/usa-mlb/houston-ny-yankees-2025-09-03/1152161
776490,2025-09-02,Detroit Tigers,New York Mets,107,-135,2.07,1.74,2025-09-02 22:40:00+00:00,0.0,/baseball-odds/usa-mlb/detroit-ny-mets-2025-09-03/1152153
776491,2025-09-02,Cincinnati Reds,Toronto Blue Jays,107,-130,2.07,1.77,2025-09-02 22:40:00+00:00,0.0,/baseball-odds/usa-mlb/cincinnati-toronto-2025-09-03/1152152
776493,2025-09-02,Boston Red Sox,Cleveland Guardians,-270,192,1.37,2.92,2025-09-02 22:45:00+00:00,0.0,/baseball-odds/usa-mlb/boston-cleveland-2025-09-03/1152155
776496,2025-09-02,Pittsburgh Pirates,Los Angeles Dodgers,140,-189,2.4,1.53,2025-09-02 22:40:00+00:00,0.0,/baseball-odds/usa-mlb/pittsburgh-la-dodgers-2025-09-03/1152151
776465,2025-09-03,San Diego Padres,Baltimore Orioles,-175,144,1.57,2.44,2025-09-03 20:10:00+00:00,0.0,/baseball-odds/usa-mlb/san-diego-baltimore-2025-09-03/1152168
776466,2025-09-03,Kansas City Royals,Los Angeles Angels,-179,146,1.56,2.46,2025-09-03 23:40:00+00:00,0.0,/baseball-odds/usa-mlb/kansas-city-la-angels-2025-09-04/1152175
776467,2025-09-03,Colorado Rockies,San Francisco Giants,163,-200,2.63,1.5,2025-09-04 00:40:00+00:00,0.0,/baseball-odds/usa-mlb/colorado-san-francisco-2025-09-04/1152179
776468,2025-09-03,Arizona Diamondbacks,Texas Rangers,-128,103,1.78,2.03,2025-09-03 19:40:00+00:00,0.0,/baseball-odds/usa-mlb/arizona-texas-2025-09-03/1152167
776469,2025-09-03,Minnesota Twins,Chicago White Sox,-182,135,1.55,2.35,2025-09-03 23:40:00+00:00,0.0,/baseball-odds/usa-mlb/minnesota-white-sox-2025-09-04/1152176
776470,2025-09-03,St. Louis Cardinals,Athletics,-110,-110,1.91,1.91,2025-09-03 23:45:00+00:00,0.0,/baseball-odds/usa-mlb/st-louis-athletics-2025-09-04/1152177
776471,2025-09-03,Milwaukee Brewers,Philadelphia Phillies,-110,-118,1.91,1.85,2025-09-03 23:40:00+00:00,0.0,/baseball-odds/usa-mlb/milwaukee-philadelphia-2025-09-04/1152174
776472,2025-09-03,Houston Astros,New York Yankees,110,-133,2.1,1.75,2025-09-04 00:10:00+00:00,0.0,/baseball-odds/usa-mlb/houston-ny-yankees-2025-09-04/1152178
776473,2025-09-03,Chicago Cubs,Atlanta Braves,-152,114,1.66,2.14,2025-09-03 23:40:00+00:00,0.0,/baseball-odds/usa-mlb/cubs-atlanta-2025-09-04/1152173
776474,2025-09-03,Boston Red Sox,Cleveland Guardians,-154,120,1.65,2.2,2025-09-03 22:45:00+00:00,0.0,/baseball-odds/usa-mlb/boston-cleveland-2025-09-04/1152171
776475,2025-09-03,Cincinnati Reds,Toronto Blue Jays,129,-156,2.29,1.64,2025-09-03 22:40:00+00:00,0.0,/baseball-odds/usa-mlb/cincinnati-toronto-2025-09-04/1152170
776476,2025-09-03,Tampa Bay Rays,Seattle Mariners,107,-130,2.07,1.77,2025-09-03 23:35:00+00:00,0.0,/baseball-odds/usa-mlb/tampa-bay-seattle-2025-09-04/1152172
776477,2025-09-03,Washington Nationals,Miami Marlins,120,-159,2.2,1.63,2025-09-03 17:05:00+00:00,0.0,/baseball-odds/usa-mlb/washington-miami-2025-09-03/1152165
776478,2025-09-03,Detroit Tigers,New York Mets,-101,-120,1.99,1.83,2025-09-03 17:10:00+00:00,0.0,/baseball-odds/usa-mlb/detroit-ny-mets-2025-09-03/1152166
776479,2025-09-03,Pittsburgh Pirates,Los Angeles Dodgers,131,-175,2.31,1.57,2025-09-03 22:40:00+00:00,0.0,/baseball-odds/usa-mlb/pittsburgh-la-dodgers-2025-09-04/1152169
776458,2025-09-04,Tampa Bay Rays,Cleveland Guardians,-179,141,1.56,2.41,2025-09-04 23:35:00+00:00,0.0,/baseball-odds/usa-mlb/tampa-bay-cleveland-2025-09-05/1152182
776459,2025-09-04,Milwaukee Brewers,Philadelphia Phillies,-120,-108,1.83,1.93,2025-09-04 20:10:00+00:00,0.0,/baseball-odds/usa-mlb/milwaukee-philadelphia-2025-09-04/1152180
776461,2025-09-04,Pittsburgh Pirates,Los Angeles Dodgers,-108,-118,1.93,1.85,2025-09-04 22:40:00+00:00,0.0,/baseball-odds/usa-mlb/pittsburgh-la-dodgers-2025-09-05/1152181
776462,2025-09-04,Minnesota Twins,Chicago White Sox,-149,113,1.67,2.13,2025-09-04 23:40:00+00:00,0.0,/baseball-odds/usa-mlb/minnesota-white-sox-2025-09-05/1152185
776463,2025-09-04,Kansas City Royals,Los Angeles Angels,-159,127,1.63,2.27,2025-09-04 23:40:00+00:00,0.0,/baseball-odds/usa-mlb/kansas-city-la-angels-2025-09-05/1152183
776464,2025-09-04,Houston Astros,New York Yankees,118,-143,2.18,1.7,2025-09-04 23:40:00+00:00,0.0,/baseball-odds/usa-mlb/houston-ny-yankees-2025-09-05/1152184
776442,2025-09-05,Colorado Rockies,San Diego Padres,163,-227,2.63,1.44,2025-09-06 00:40:00+00:00,0.0,/baseball-odds/usa-mlb/colorado-san-diego-2025-09-06/1152198
776444,2025-09-05,Los Angeles Angels,Athletics,-154,127,1.65,2.27,2025-09-06 01:38:00+00:00,0.0,/baseball-odds/usa-mlb/la-angels-athletics-2025-09-06/1152199
776445,2025-09-05,St. Louis Cardinals,San Francisco Giants,-119,-101,1.84,1.99,2025-09-06 00:15:00+00:00,0.0,/baseball-odds/usa-mlb/st-louis-san-francisco-2025-09-06/1152197
776446,2025-09-05,Kansas City Royals,Minnesota Twins,-139,112,1.72,2.12,2025-09-05 23:40:00+00:00,0.0,/baseball-odds/usa-mlb/kansas-city-minnesota-2025-09-06/1152195
776448,2025-09-05,Arizona Diamondbacks,Boston Red Sox,112,-135,2.12,1.74,2025-09-06 01:40:00+00:00,0.0,/baseball-odds/usa-mlb/arizona-boston-2025-09-06/1152200
776449,2025-09-05,Texas Rangers,Houston Astros,-128,-102,1.78,1.98,2025-09-06 00:05:00+00:00,0.0,/baseball-odds/usa-mlb/texas-houston-2025-09-06/1152196
776450,2025-09-05,Cincinnati Reds,New York Mets,-110,-114,1.91,1.88,2025-09-05 22:40:00+00:00,0.0,/baseball-odds/usa-mlb/cincinnati-ny-mets-2025-09-06/1152189
776451,2025-09-05,Tampa Bay Rays,Cleveland Guardians,-159,125,1.63,2.25,2025-09-05 23:35:00+00:00,0.0,/baseball-odds/usa-mlb/tampa-bay-cleveland-2025-09-06/1152194
776452,2025-09-05,Detroit Tigers,Chicago White Sox,-189,154,1.53,2.54,2025-09-05 22:40:00+00:00,0.0,/baseball-odds/usa-mlb/detroit-white-sox-2025-09-06/1152187
776453,2025-09-05,Pittsburgh Pirates,Milwaukee Brewers,115,-143,2.15,1.7,2025-09-05 22:40:00+00:00,0.0,/baseball-odds/usa-mlb/pittsburgh-milwaukee-2025-09-06/1152188
776454,2025-09-05,Baltimore Orioles,Los Angeles Dodgers,131,-175,2.31,1.57,2025-09-05 23:05:00+00:00,0.0,/baseball-odds/usa-mlb/baltimore-la-dodgers-2025-09-06/1152190
776455,2025-09-05,Chicago Cubs,Washington Nationals,-233,166,1.43,2.66,2025-09-05 18:20:00+00:00,0.0,/baseball-odds/usa-mlb/cubs-washington-2025-09-05/1152186
776456,2025-09-05,Miami Marlins,Philadelphia Phillies,188,-233,2.88,1.43,2025-09-05 23:10:00+00:00,0.0,/baseball-odds/usa-mlb/miami-philadelphia-2025-09-06/1152192
776457,2025-09-05,New York Yankees,Toronto Blue Jays,-125,103,1.8,2.03,2025-09-05 23:05:00+00:00,0.0,/baseball-odds/usa-mlb/ny-yankees-toronto-2025-09-06/1152191
776460,2025-09-05,Atlanta Braves,Seattle Mariners,-135,103,1.74,2.03,2025-09-05 23:15:00+00:00,0.0,/baseball-odds/usa-mlb/atlanta-seattle-2025-09-06/1152193
776424,2025-09-06,Arizona Diamondbacks,Boston Red Sox,-101,-119,1.99,1.84,2025-09-07 00:10:00+00:00,0.0,/baseball-odds/usa-mlb/arizona-boston-2025-09-07/1152214
776430,2025-09-06,Los Angeles Angels,Athletics,-122,101,1.82,2.01,2025-09-07 01:38:00+00:00,0.0,/baseball-odds/usa-mlb/la-angels-athletics-2025-09-07/1152215
776431,2025-09-06,Colorado Rockies,San Diego Padres,147,-200,2.47,1.5,2025-09-07 00:10:00+00:00,0.0,/baseball-odds/usa-mlb/colorado-san-diego-2025-09-07/1152213
776432,2025-09-06,Texas Rangers,Houston Astros,-123,-105,1.81,1.95,2025-09-06 23:15:00+00:00,0.0,/baseball-odds/usa-mlb/texas-houston-2025-09-07/1152209
776433,2025-09-06,Miami Marlins,Philadelphia Phillies,129,-156,2.29,1.64,2025-09-06 20:10:00+00:00,0.0,/baseball-odds/usa-mlb/miami-philadelphia-2025-09-06/1152203
776434,2025-09-06,Kansas City Royals,Minnesota Twins,-101,-130,1.99,1.77,2025-09-06 23:15:00+00:00,0.0,/baseball-odds/usa-mlb/kansas-city-minnesota-2025-09-07/1152210
776435,2025-09-06,Detroit Tigers,Chicago White Sox,-303,236,1.33,3.36,2025-09-06 22:10:00+00:00,0.0,/baseball-odds/usa-mlb/detroit-white-sox-2025-09-07/1152204
776436,2025-09-06,New York Yankees,Toronto Blue Jays,-139,115,1.72,2.15,2025-09-06 17:05:00+00:00,0.0,/baseball-odds/usa-mlb/ny-yankees-toronto-2025-09-06/1152201
776437,2025-09-06,St. Louis Cardinals,San Francisco Giants,105,-127,2.05,1.79,2025-09-06 23:15:00+00:00,0.0,/baseball-odds/usa-mlb/st-louis-san-francisco-2025-09-07/1152212
776438,2025-09-06,Tampa Bay Rays,Cleveland Guardians,-147,112,1.68,2.12,2025-09-06 23:05:00+00:00,0.0,/baseball-odds/usa-mlb/tampa-bay-cleveland-2025-09-07/1152207
776439,2025-09-06,Cincinnati Reds,New York Mets,107,-135,2.07,1.74,2025-09-06 22:40:00+00:00,0.0,/baseball-odds/usa-mlb/cincinnati-ny-mets-2025-09-07/1152206
776440,2025-09-06,Chicago Cubs,Washington Nationals,-270,192,1.37,2.92,2025-09-06 18:20:00+00:00,0.0,/baseball-odds/usa-mlb/cubs-washington-2025-09-06/1152202
776441,2025-09-06,Pittsburgh Pirates,Milwaukee Brewers,118,-143,2.18,1.7,2025-09-06 22:40:00+00:00,0.0,/baseball-odds/usa-mlb/pittsburgh-milwaukee-2025-09-07/1152205
776443,2025-09-06,Baltimore Orioles,Los Angeles Dodgers,112,-147,2.12,1.68,2025-09-06 23:05:00+00:00,0.0,/baseball-odds/usa-mlb/baltimore-la-dodgers-2025-09-07/1152208
776447,2025-09-06,Atlanta Braves,Seattle Mariners,-130,-102,1.77,1.98,2025-09-06 23:15:00+00:00,0.0,/baseball-odds/usa-mlb/atlanta-seattle-2025-09-07/1152211
776414,2025-09-07,Los Angeles Angels,Athletics,-102,-118,1.98,1.85,2025-09-07 20:07:00+00:00,0.0,/baseball-odds/usa-mlb/la-angels-athletics-2025-09-07/1152229
776415,2025-09-07,Arizona Diamondbacks,Boston Red Sox,-110,-110,1.91,1.91,2025-09-07 20:10:00+00:00,0.0,/baseball-odds/usa-mlb/arizona-boston-2025-09-07/1152230
776416,2025-09-07,St. Louis Cardinals,San Francisco Giants,-152,125,1.66,2.25,2025-09-07 18:15:00+00:00,0.0,/baseball-odds/usa-mlb/st-louis-san-francisco-2025-09-07/1152225
776417,2025-09-07,Colorado Rockies,San Diego Padres,185,-263,2.85,1.38,2025-09-07 19:10:00+00:00,0.0,/baseball-odds/usa-mlb/colorado-san-diego-2025-09-07/1152228
776418,2025-09-07,Texas Rangers,Houston Astros,107,-141,2.07,1.71,2025-09-07 18:35:00+00:00,0.0,/baseball-odds/usa-mlb/texas-houston-2025-09-07/1152227
776419,2025-09-07,Pittsburgh Pirates,Milwaukee Brewers,118,-143,2.18,1.7,2025-09-07 17:35:00+00:00,0.0,/baseball-odds/usa-mlb/pittsburgh-milwaukee-2025-09-07/1152218
776420,2025-09-07,Chicago Cubs,Washington Nationals,-192,147,1.52,2.47,2025-09-07 18:20:00+00:00,0.0,/baseball-odds/usa-mlb/cubs-washington-2025-09-07/1152226
776421,2025-09-07,Tampa Bay Rays,Cleveland Guardians,-172,129,1.58,2.29,2025-09-07 16:10:00+00:00,0.0,/baseball-odds/usa-mlb/tampa-bay-cleveland-2025-09-07/1152217
776422,2025-09-07,Kansas City Royals,Minnesota Twins,-123,-105,1.81,1.95,2025-09-07 18:10:00+00:00,0.0,/baseball-odds/usa-mlb/kansas-city-minnesota-2025-09-07/1152224
776423,2025-09-07,New York Yankees,Toronto Blue Jays,-192,139,1.52,2.39,2025-09-07 17:35:00+00:00,0.0,/baseball-odds/usa-mlb/ny-yankees-toronto-2025-09-07/1152220
776425,2025-09-07,Detroit Tigers,Chicago White Sox,-189,146,1.53,2.46,2025-09-07 17:40:00+00:00,0.0,/baseball-odds/usa-mlb/detroit-white-sox-2025-09-07/1152221
776426,2025-09-07,Miami Marlins,Philadelphia Phillies,110,-133,2.1,1.75,2025-09-07 17:40:00+00:00,0.0,/baseball-odds/usa-mlb/miami-philadelphia-2025-09-07/1152222
776427,2025-09-07,Baltimore Orioles,Los Angeles Dodgers,135,-169,2.35,1.59,2025-09-07 17:35:00+00:00,0.0,/baseball-odds/usa-mlb/baltimore-la-dodgers-2025-09-07/1152219
776428,2025-09-07,Atlanta Braves,Seattle Mariners,-111,-118,1.9,1.85,2025-09-07 16:05:00+00:00,0.0,/baseball-odds/usa-mlb/atlanta-seattle-2025-09-07/1152216
776429,2025-09-07,Cincinnati Reds,New York Mets,-128,-102,1.78,1.98,2025-09-07 17:40:00+00:00,0.0,/baseball-odds/usa-mlb/cincinnati-ny-mets-2025-09-07/1152223
776399,2025-09-08,San Francisco Giants,Arizona Diamondbacks,-192,142,1.52,2.42,2025-09-09 01:45:00+00:00,0.0,/baseball-odds/usa-mlb/san-francisco-arizona-2025-09-09/1152239
776400,2025-09-08,Seattle Mariners,St. Louis Cardinals,-233,185,1.43,2.85,2025-09-09 01:40:00+00:00,0.0,/baseball-odds/usa-mlb/seattle-st-louis-2025-09-09/1152237
776405,2025-09-08,Philadelphia Phillies,New York Mets,105,-137,2.05,1.73,2025-09-08 22:45:00+00:00,0.0,/baseball-odds/usa-mlb/philadelphia-ny-mets-2025-09-09/1152233
776406,2025-09-08,Texas Rangers,Milwaukee Brewers,-101,-128,1.99,1.78,2025-09-09 00:05:00+00:00,0.0,/baseball-odds/usa-mlb/texas-milwaukee-2025-09-09/1152235
776407,2025-09-08,San Diego Padres,Cincinnati Reds,-143,118,1.7,2.18,2025-09-09 01:40:00+00:00,0.0,/baseball-odds/usa-mlb/san-diego-cincinnati-2025-09-09/1152238
776408,2025-09-08,Los Angeles Dodgers,Colorado Rockies,-333,260,1.3,3.6,2025-09-09 02:10:00+00:00,0.0,/baseball-odds/usa-mlb/la-dodgers-colorado-2025-09-09/1152241
776409,2025-09-08,Miami Marlins,Washington Nationals,-132,109,1.76,2.09,2025-09-08 22:40:00+00:00,0.0,/baseball-odds/usa-mlb/miami-washington-2025-09-09/1152555
776411,2025-09-08,Los Angeles Angels,Minnesota Twins,-123,102,1.81,2.02,2025-09-09 01:38:00+00:00,0.0,/baseball-odds/usa-mlb/la-angels-minnesota-2025-09-09/1152236
776412,2025-09-08,Atlanta Braves,Chicago Cubs,-102,-118,1.98,1.85,2025-09-08 23:15:00+00:00,0.0,/baseball-odds/usa-mlb/atlanta-cubs-2025-09-09/1152234
776413,2025-09-08,Cleveland Guardians,Kansas City Royals,-119,-109,1.84,1.92,2025-09-08 22:40:00+00:00,0.0,/baseball-odds/usa-mlb/cleveland-kansas-city-2025-09-09/1152232
776388,2025-09-09,Chicago White Sox,Tampa Bay Rays,112,-135,2.12,1.74,2025-09-09 23:40:00+00:00,0.0,/baseball-odds/usa-mlb/white-sox-tampa-bay-2025-09-10/1152249
776389,2025-09-09,Los Angeles Dodgers,Colorado Rockies,-323,252,1.31,3.52,2025-09-10 02:10:00+00:00,0.0,/baseball-odds/usa-mlb/la-dodgers-colorado-2025-09-10/1152256
776390,2025-09-09,Los Angeles Angels,Minnesota Twins,-108,-118,1.93,1.85,2025-09-10 01:38:00+00:00,0.0,/baseball-odds/usa-mlb/la-angels-minnesota-2025-09-10/1152251
776391,2025-09-09,Seattle Mariners,St. Louis Cardinals,-204,166,1.49,2.66,2025-09-10 01:40:00+00:00,0.0,/baseball-odds/usa-mlb/seattle-st-louis-2025-09-10/1152253
776392,2025-09-09,San Diego Padres,Cincinnati Reds,-200,154,1.5,2.54,2025-09-10 01:40:00+00:00,0.0,/baseball-odds/usa-mlb/san-diego-cincinnati-2025-09-10/1152252
776393,2025-09-09,Toronto Blue Jays,Houston Astros,-152,125,1.66,2.25,2025-09-09 23:07:00+00:00,0.0,/baseball-odds/usa-mlb/toronto-houston-2025-09-10/1152247
776394,2025-09-09,San Francisco Giants,Arizona Diamondbacks,-156,111,1.64,2.11,2025-09-10 01:45:00+00:00,0.0,/baseball-odds/usa-mlb/san-francisco-arizona-2025-09-10/1152254
776395,2025-09-09,Texas Rangers,Milwaukee Brewers,-111,-115,1.9,1.87,2025-09-10 00:05:00+00:00,0.0,/baseball-odds/usa-mlb/texas-milwaukee-2025-09-10/1152250
776397,2025-09-09,Miami Marlins,Washington Nationals,-130,103,1.77,2.03,2025-09-09 22:40:00+00:00,0.0,/baseball-odds/usa-mlb/miami-washington-2025-09-10/1152244
776398,2025-09-09,New York Yankees,Detroit Tigers,-164,131,1.61,2.31,2025-09-09 23:05:00+00:00,0.0,/baseball-odds/usa-mlb/ny-yankees-detroit-2025-09-10/1152246
776401,2025-09-09,Baltimore Orioles,Pittsburgh Pirates,-156,129,1.64,2.29,2025-09-09 22:35:00+00:00,0.0,/baseball-odds/usa-mlb/baltimore-pittsburgh-2025-09-10/1152242
776402,2025-09-09,Atlanta Braves,Chicago Cubs,-110,-110,1.91,1.91,2025-09-09 23:15:00+00:00,0.0,/baseball-odds/usa-mlb/atlanta-cubs-2025-09-10/1152248
776403,2025-09-09,Cleveland Guardians,Kansas City Royals,-114,-114,1.88,1.88,2025-09-09 22:40:00+00:00,0.0,/baseball-odds/usa-mlb/cleveland-kansas-city-2025-09-10/1152243
776404,2025-09-09,Philadelphia Phillies,New York Mets,-143,108,1.7,2.08,2025-09-09 22:45:00+00:00,0.0,/baseball-odds/usa-mlb/philadelphia-ny-mets-2025-09-10/1152245
776373,2025-09-10,Seattle Mariners,St. Louis Cardinals,-222,179,1.45,2.79,2025-09-11 01:40:00+00:00,0.0,/baseball-odds/usa-mlb/seattle-st-louis-2025-09-11/1152270
776374,2025-09-10,San Francisco Giants,Arizona Diamondbacks,-130,-101,1.77,1.99,2025-09-10 19:45:00+00:00,0.0,/baseball-odds/usa-mlb/san-francisco-arizona-2025-09-10/1152259
776375,2025-09-10,Texas Rangers,Milwaukee Brewers,106,-128,2.06,1.78,2025-09-10 18:35:00+00:00,0.0,/baseball-odds/usa-mlb/texas-milwaukee-2025-09-10/1152257
776376,2025-09-10,Los Angeles Angels,Minnesota Twins,-130,-101,1.77,1.99,2025-09-10 20:07:00+00:00,0.0,/baseball-odds/usa-mlb/la-angels-minnesota-2025-09-10/1152260
776377,2025-09-10,San Diego Padres,Cincinnati Reds,-156,129,1.64,2.29,2025-09-11 00:40:00+00:00,0.0,/baseball-odds/usa-mlb/san-diego-cincinnati-2025-09-11/1152269
776378,2025-09-10,Chicago White Sox,Tampa Bay Rays,112,-135,2.12,1.74,2025-09-10 23:40:00+00:00,0.0,/baseball-odds/usa-mlb/white-sox-tampa-bay-2025-09-11/1152268
776380,2025-09-10,Los Angeles Dodgers,Colorado Rockies,-370,260,1.27,3.6,2025-09-11 02:10:00+00:00,0.0,/baseball-odds/usa-mlb/la-dodgers-colorado-2025-09-11/1152271
776381,2025-09-10,Atlanta Braves,Chicago Cubs,-172,141,1.58,2.41,2025-09-10 23:15:00+00:00,0.0,/baseball-odds/usa-mlb/atlanta-cubs-2025-09-11/1152267
776382,2025-09-10,Cleveland Guardians,Kansas City Royals,-114,-114,1.88,1.88,2025-09-10 22:40:00+00:00,0.0,/baseball-odds/usa-mlb/cleveland-kansas-city-2025-09-11/1152263
776383,2025-09-10,New York Yankees,Detroit Tigers,-179,133,1.56,2.33,2025-09-10 23:05:00+00:00,0.0,/baseball-odds/usa-mlb/ny-yankees-detroit-2025-09-11/1152265
776384,2025-09-10,Philadelphia Phillies,New York Mets,-172,129,1.58,2.29,2025-09-10 22:45:00+00:00,0.0,/baseball-odds/usa-mlb/philadelphia-ny-mets-2025-09-11/1152264
776385,2025-09-10,Toronto Blue Jays,Houston Astros,-145,120,1.69,2.2,2025-09-10 23:07:00+00:00,0.0,/baseball-odds/usa-mlb/toronto-houston-2025-09-11/1152266
776386,2025-09-10,Miami Marlins,Washington Nationals,-161,129,1.62,2.29,2025-09-10 22:40:00+00:00,0.0,/baseball-odds/usa-mlb/miami-washington-2025-09-11/1152262
776387,2025-09-10,Baltimore Orioles,Pittsburgh Pirates,129,-156,2.29,1.64,2025-09-10 22:35:00+00:00,0.0,/baseball-odds/usa-mlb/baltimore-pittsburgh-2025-09-11/1152261
776362,2025-09-11,Seattle Mariners,Los Angeles Angels,-167,138,1.6,2.38,2025-09-12 01:40:00+00:00,0.0,/baseball-odds/usa-mlb/seattle-la-angels-2025-09-12/1152280
776364,2025-09-11,Chicago White Sox,Tampa Bay Rays,107,-130,2.07,1.77,2025-09-11 18:10:00+00:00,0.0,/baseball-odds/usa-mlb/white-sox-tampa-bay-2025-09-11/1152273
776365,2025-09-11,San Diego Padres,Colorado Rockies,-286,200,1.35,3.0,2025-09-12 01:40:00+00:00,0.0,/baseball-odds/usa-mlb/san-diego-colorado-2025-09-12/1152279
776367,2025-09-11,Miami Marlins,Washington Nationals,-133,102,1.75,2.02,2025-09-11 22:40:00+00:00,0.0,/baseball-odds/usa-mlb/miami-washington-2025-09-12/1152275
776368,2025-09-11,New York Yankees,Detroit Tigers,-167,133,1.6,2.33,2025-09-11 23:05:00+00:00,0.0,/baseball-odds/usa-mlb/ny-yankees-detroit-2025-09-12/1152276
776369,2025-09-11,Toronto Blue Jays,Houston Astros,-169,129,1.59,2.29,2025-09-11 19:07:00+00:00,0.0,/baseball-odds/usa-mlb/toronto-houston-2025-09-11/1152274
776370,2025-09-11,Cleveland Guardians,Kansas City Royals,-141,111,1.71,2.11,2025-09-11 23:15:00+00:00,0.0,/baseball-odds/usa-mlb/cleveland-kansas-city-2025-09-12/1152278
776371,2025-09-11,Philadelphia Phillies,New York Mets,-132,109,1.76,2.09,2025-09-11 23:15:00+00:00,0.0,/baseball-odds/usa-mlb/philadelphia-ny-mets-2025-09-12/1152277
776372,2025-09-11,Baltimore Orioles,Pittsburgh Pirates,-125,103,1.8,2.03,2025-09-11 17:05:00+00:00,0.0,/baseball-odds/usa-mlb/baltimore-pittsburgh-2025-09-11/1152272
776345,2025-09-12,Seattle Mariners,Los Angeles Angels,-196,154,1.51,2.54,2025-09-13 02:10:00+00:00,0.0,/baseball-odds/usa-mlb/seattle-la-angels-2025-09-13/1152294
776350,2025-09-12,San Francisco Giants,Los Angeles Dodgers,116,-154,2.16,1.65,2025-09-13 02:15:00+00:00,0.0,/baseball-odds/usa-mlb/san-francisco-la-dodgers-2025-09-13/1152295
776351,2025-09-12,Washington Nationals,Pittsburgh Pirates,-115,-110,1.87,1.91,2025-09-12 22:45:00+00:00,0.0,/baseball-odds/usa-mlb/washington-pittsburgh-2025-09-13/1152282
776352,2025-09-12,Chicago Cubs,Tampa Bay Rays,-164,135,1.61,2.35,2025-09-12 18:20:00+00:00,0.0,/baseball-odds/usa-mlb/cubs-tampa-bay-2025-09-12/1152281
776353,2025-09-12,Toronto Blue Jays,Baltimore Orioles,-143,108,1.7,2.08,2025-09-12 23:07:00+00:00,0.0,/baseball-odds/usa-mlb/toronto-baltimore-2025-09-13/1152284
776354,2025-09-12,Philadelphia Phillies,Kansas City Royals,-137,114,1.73,2.14,2025-09-12 22:45:00+00:00,0.0,/baseball-odds/usa-mlb/philadelphia-kansas-city-2025-09-13/1152283
776355,2025-09-12,Minnesota Twins,Arizona Diamondbacks,-139,112,1.72,2.12,2025-09-13 00:10:00+00:00,0.0,/baseball-odds/usa-mlb/minnesota-arizona-2025-09-13/1152291
776356,2025-09-12,Milwaukee Brewers,St. Louis Cardinals,-196,144,1.51,2.44,2025-09-13 00:10:00+00:00,0.0,/baseball-odds/usa-mlb/milwaukee-st-louis-2025-09-13/1152290
776357,2025-09-12,San Diego Padres,Colorado Rockies,-294,204,1.34,3.04,2025-09-13 01:40:00+00:00,0.0,/baseball-odds/usa-mlb/san-diego-colorado-2025-09-13/1152292
776358,2025-09-12,Athletics,Cincinnati Reds,-123,102,1.81,2.02,2025-09-13 02:05:00+00:00,0.0,/baseball-odds/usa-mlb/athletics-cincinnati-2025-09-13/1152293
776359,2025-09-12,New York Mets,Texas Rangers,-114,-106,1.88,1.94,2025-09-12 23:10:00+00:00,0.0,/baseball-odds/usa-mlb/ny-mets-texas-2025-09-13/1152286
776360,2025-09-12,Atlanta Braves,Houston Astros,-141,107,1.71,2.07,2025-09-12 23:15:00+00:00,0.0,/baseball-odds/usa-mlb/atlanta-houston-2025-09-13/1152289
776361,2025-09-12,Cleveland Guardians,Chicago White Sox,-143,113,1.7,2.13,2025-09-12 23:10:00+00:00,0.0,/baseball-odds/usa-mlb/cleveland-white-sox-2025-09-13/1152288
776363,2025-09-12,Boston Red Sox,New York Yankees,100,-119,2.0,1.84,2025-09-12 23:10:00+00:00,0.0,/baseball-odds/usa-mlb/boston-ny-yankees-2025-09-13/1152287
776366,2025-09-12,Miami Marlins,Detroit Tigers,160,-213,2.6,1.47,2025-09-12 23:10:00+00:00,0.0,/baseball-odds/usa-mlb/miami-detroit-2025-09-13/1152285
776328,2025-09-13,San Francisco Giants,Los Angeles Dodgers,-122,-106,1.82,1.94,2025-09-14 01:05:00+00:00,0.0,/baseball-odds/usa-mlb/san-francisco-la-dodgers-2025-09-14/1152308
776333,2025-09-13,Seattle Mariners,Los Angeles Angels,-263,195,1.38,2.95,2025-09-14 01:40:00+00:00,0.0,/baseball-odds/usa-mlb/seattle-la-angels-2025-09-14/1152309
776336,2025-09-13,Washington Nationals,Pittsburgh Pirates,-110,-112,1.91,1.89,2025-09-13 20:05:00+00:00,0.0,/baseball-odds/usa-mlb/washington-pittsburgh-2025-09-13/1152298
776337,2025-09-13,Minnesota Twins,Arizona Diamondbacks,-139,106,1.72,2.06,2025-09-13 23:10:00+00:00,0.0,/baseball-odds/usa-mlb/minnesota-arizona-2025-09-14/1152304
776338,2025-09-13,Chicago Cubs,Tampa Bay Rays,-109,-111,1.92,1.9,2025-09-13 18:20:00+00:00,0.0,/baseball-odds/usa-mlb/cubs-tampa-bay-2025-09-13/1152296
776339,2025-09-13,Milwaukee Brewers,St. Louis Cardinals,-192,142,1.52,2.42,2025-09-14 00:15:00+00:00,0.0,/baseball-odds/usa-mlb/milwaukee-st-louis-2025-09-14/1152306
776340,2025-09-13,Athletics,Cincinnati Reds,100,-120,2.0,1.83,2025-09-14 02:05:00+00:00,0.0,/baseball-odds/usa-mlb/athletics-cincinnati-2025-09-14/1152310
776341,2025-09-13,San Diego Padres,Colorado Rockies,-357,256,1.28,3.56,2025-09-14 00:40:00+00:00,0.0,/baseball-odds/usa-mlb/san-diego-colorado-2025-09-14/1152307
776342,2025-09-13,Philadelphia Phillies,Kansas City Royals,-145,120,1.69,2.2,2025-09-13 22:05:00+00:00,0.0,/baseball-odds/usa-mlb/philadelphia-kansas-city-2025-09-14/1152302
776343,2025-09-13,Toronto Blue Jays,Baltimore Orioles,-185,138,1.54,2.38,2025-09-13 19:07:00+00:00,0.0,/baseball-odds/usa-mlb/toronto-baltimore-2025-09-13/1152297
776344,2025-09-13,Boston Red Sox,New York Yankees,121,-147,2.21,1.68,2025-09-13 20:10:00+00:00,0.0,/baseball-odds/usa-mlb/boston-ny-yankees-2025-09-13/1152300
776346,2025-09-13,Atlanta Braves,Houston Astros,107,-132,2.07,1.76,2025-09-13 23:15:00+00:00,0.0,/baseball-odds/usa-mlb/atlanta-houston-2025-09-14/1152305
776347,2025-09-13,Miami Marlins,Detroit Tigers,109,-137,2.09,1.73,2025-09-13 20:10:00+00:00,0.0,/baseball-odds/usa-mlb/miami-detroit-2025-09-13/1152299
776348,2025-09-13,Cleveland Guardians,Chicago White Sox,-167,138,1.6,2.38,2025-09-13 22:10:00+00:00,0.0,/baseball-odds/usa-mlb/cleveland-white-sox-2025-09-14/1152303
776349,2025-09-13,New York Mets,Texas Rangers,-164,135,1.61,2.35,2025-09-13 20:10:00+00:00,0.0,/baseball-odds/usa-mlb/ny-mets-texas-2025-09-13/1152301
776317,2025-09-14,Seattle Mariners,Los Angeles Angels,-238,172,1.42,2.72,2025-09-14 20:10:00+00:00,0.0,/baseball-odds/usa-mlb/seattle-la-angels-2025-09-14/1152323
776320,2025-09-14,Washington Nationals,Pittsburgh Pirates,-112,-122,1.89,1.82,2025-09-14 15:35:00+00:00,0.0,/baseball-odds/usa-mlb/washington-pittsburgh-2025-09-14/1152311
776321,2025-09-14,Chicago Cubs,Tampa Bay Rays,-167,138,1.6,2.38,2025-09-14 18:20:00+00:00,0.0,/baseball-odds/usa-mlb/cubs-tampa-bay-2025-09-14/1152320
776322,2025-09-14,Toronto Blue Jays,Baltimore Orioles,-200,156,1.5,2.56,2025-09-14 17:37:00+00:00,0.0,/baseball-odds/usa-mlb/toronto-baltimore-2025-09-14/1152314
776323,2025-09-14,San Diego Padres,Colorado Rockies,-303,212,1.33,3.12,2025-09-14 20:10:00+00:00,0.0,/baseball-odds/usa-mlb/san-diego-colorado-2025-09-14/1152324
776324,2025-09-14,Minnesota Twins,Arizona Diamondbacks,-122,101,1.82,2.01,2025-09-14 18:10:00+00:00,0.0,/baseball-odds/usa-mlb/minnesota-arizona-2025-09-14/1152318
776325,2025-09-14,San Francisco Giants,Los Angeles Dodgers,106,-139,2.06,1.72,2025-09-14 20:05:00+00:00,0.0,/baseball-odds/usa-mlb/san-francisco-la-dodgers-2025-09-14/1152322
776326,2025-09-14,Milwaukee Brewers,St. Louis Cardinals,-200,147,1.5,2.47,2025-09-14 18:10:00+00:00,0.0,/baseball-odds/usa-mlb/milwaukee-st-louis-2025-09-14/1152319
776327,2025-09-14,Athletics,Cincinnati Reds,-109,-111,1.92,1.9,2025-09-14 20:05:00+00:00,0.0,/baseball-odds/usa-mlb/athletics-cincinnati-2025-09-14/1152321
776329,2025-09-14,Atlanta Braves,Houston Astros,105,-137,2.05,1.73,2025-09-14 17:35:00+00:00,0.0,/baseball-odds/usa-mlb/atlanta-houston-2025-09-14/1152313
776330,2025-09-14,Boston Red Sox,New York Yankees,-164,135,1.61,2.35,2025-09-14 23:10:00+00:00,0.0,/baseball-odds/usa-mlb/boston-ny-yankees-2025-09-15/1152325
776331,2025-09-14,Cleveland Guardians,Chicago White Sox,-167,138,1.6,2.38,2025-09-14 17:40:00+00:00,0.0,/baseball-odds/usa-mlb/cleveland-white-sox-2025-09-14/1152317
776332,2025-09-14,Miami Marlins,Detroit Tigers,110,-133,2.1,1.75,2025-09-14 17:40:00+00:00,0.0,/baseball-odds/usa-mlb/miami-detroit-2025-09-14/1152315
776334,2025-09-14,Philadelphia Phillies,Kansas City Royals,-164,131,1.61,2.31,2025-09-14 17:35:00+00:00,0.0,/baseball-odds/usa-mlb/philadelphia-kansas-city-2025-09-14/1152312
776335,2025-09-14,New York Mets,Texas Rangers,-169,139,1.59,2.39,2025-09-14 17:40:00+00:00,0.0,/baseball-odds/usa-mlb/ny-mets-texas-2025-09-14/1152316
776309,2025-09-15,Arizona Diamondbacks,San Francisco Giants,-139,110,1.72,2.1,2025-09-16 01:40:00+00:00,0.0,/baseball-odds/usa-mlb/arizona-san-francisco-2025-09-16/1152333
776311,2025-09-15,Los Angeles Dodgers,Philadelphia Phillies,-125,101,1.8,2.01,2025-09-16 02:10:00+00:00,0.0,/baseball-odds/usa-mlb/la-dodgers-philadelphia-2025-09-16/1152334
776312,2025-09-15,St. Louis Cardinals,Cincinnati Reds,-116,-106,1.86,1.94,2025-09-15 23:45:00+00:00,0.0,/baseball-odds/usa-mlb/st-louis-cincinnati-2025-09-16/1152331
776313,2025-09-15,Minnesota Twins,New York Yankees,154,-189,2.54,1.53,2025-09-15 23:40:00+00:00,0.0,/baseball-odds/usa-mlb/minnesota-ny-yankees-2025-09-16/1152329
776314,2025-09-15,Chicago White Sox,Baltimore Orioles,112,-141,2.12,1.71,2025-09-15 23:40:00+00:00,0.0,/baseball-odds/usa-mlb/white-sox-baltimore-2025-09-16/1152330
776315,2025-09-15,Washington Nationals,Atlanta Braves,129,-172,2.29,1.58,2025-09-15 22:45:00+00:00,0.0,/baseball-odds/usa-mlb/washington-atlanta-2025-09-16/1152327
776316,2025-09-15,Tampa Bay Rays,Toronto Blue Jays,102,-133,2.02,1.75,2025-09-15 23:35:00+00:00,0.0,/baseball-odds/usa-mlb/tampa-bay-toronto-2025-09-16/1152328
776318,2025-09-15,Pittsburgh Pirates,Chicago Cubs,101,-122,2.01,1.82,2025-09-15 22:40:00+00:00,0.0,/baseball-odds/usa-mlb/pittsburgh-cubs-2025-09-16/1152326
776319,2025-09-15,Houston Astros,Texas Rangers,-128,106,1.78,2.06,2025-09-16 00:10:00+00:00,0.0,/baseball-odds/usa-mlb/houston-texas-2025-09-16/1152332
776293,2025-09-16,Colorado Rockies,Miami Marlins,120,-145,2.2,1.69,2025-09-17 00:40:00+00:00,0.0,/baseball-odds/usa-mlb/colorado-miami-2025-09-17/1152348
776294,2025-09-16,Arizona Diamondbacks,San Francisco Giants,-133,102,1.75,2.02,2025-09-17 01:40:00+00:00,0.0,/baseball-odds/usa-mlb/arizona-san-francisco-2025-09-17/1152349
776295,2025-09-16,Milwaukee Brewers,Los Angeles Angels,-286,215,1.35,3.15,2025-09-16 23:40:00+00:00,0.0,/baseball-odds/usa-mlb/milwaukee-la-angels-2025-09-17/1152344
776297,2025-09-16,Los Angeles Dodgers,Philadelphia Phillies,-137,105,1.73,2.05,2025-09-17 02:10:00+00:00,0.0,/baseball-odds/usa-mlb/la-dodgers-philadelphia-2025-09-17/1152350
776298,2025-09-16,Minnesota Twins,New York Yankees,131,-159,2.31,1.63,2025-09-16 23:40:00+00:00,0.0,/baseball-odds/usa-mlb/minnesota-ny-yankees-2025-09-17/1152343
776300,2025-09-16,St. Louis Cardinals,Cincinnati Reds,-104,-114,1.96,1.88,2025-09-16 23:45:00+00:00,0.0,/baseball-odds/usa-mlb/st-louis-cincinnati-2025-09-17/1152346
776301,2025-09-16,Houston Astros,Texas Rangers,-106,-115,1.94,1.87,2025-09-17 00:10:00+00:00,0.0,/baseball-odds/usa-mlb/houston-texas-2025-09-17/1152347
776302,2025-09-16,Kansas City Royals,Seattle Mariners,112,-141,2.12,1.71,2025-09-16 23:40:00+00:00,0.0,/baseball-odds/usa-mlb/kansas-city-seattle-2025-09-17/1152342
776303,2025-09-16,Detroit Tigers,Cleveland Guardians,-152,114,1.66,2.14,2025-09-16 22:40:00+00:00,0.0,/baseball-odds/usa-mlb/detroit-cleveland-2025-09-17/1152336
776304,2025-09-16,New York Mets,San Diego Padres,-127,100,1.79,2.0,2025-09-16 23:10:00+00:00,0.0,/baseball-odds/usa-mlb/ny-mets-san-diego-2025-09-17/1152340
776305,2025-09-16,Tampa Bay Rays,Toronto Blue Jays,-115,-112,1.87,1.89,2025-09-16 23:35:00+00:00,0.0,/baseball-odds/usa-mlb/tampa-bay-toronto-2025-09-17/1152341
776306,2025-09-16,Chicago White Sox,Baltimore Orioles,-118,-104,1.85,1.96,2025-09-16 23:40:00+00:00,0.0,/baseball-odds/usa-mlb/white-sox-baltimore-2025-09-17/1152345
776307,2025-09-16,Washington Nationals,Atlanta Braves,147,-200,2.47,1.5,2025-09-16 22:45:00+00:00,0.0,/baseball-odds/usa-mlb/washington-atlanta-2025-09-17/1152339
776308,2025-09-16,Pittsburgh Pirates,Chicago Cubs,-137,113,1.73,2.13,2025-09-16 22:40:00+00:00,0.0,/baseball-odds/usa-mlb/pittsburgh-cubs-2025-09-17/1152337
776310,2025-09-16,Boston Red Sox,Athletics,-159,131,1.63,2.31,2025-09-16 22:45:00+00:00,0.0,/baseball-odds/usa-mlb/boston-athletics-2025-09-17/1152338
777825,2025-09-16,Washington Nationals,Atlanta Braves,121,-161,2.21,1.62,2025-09-16 17:05:00+00:00,0.0,/baseball-odds/usa-mlb/washington-atlanta-2025-09-16/1152335
776277,2025-09-17,Colorado Rockies,Miami Marlins,129,-156,2.29,1.64,2025-09-18 00:40:00+00:00,0.0,/baseball-odds/usa-mlb/colorado-miami-2025-09-18/1152364
776279,2025-09-17,Arizona Diamondbacks,San Francisco Giants,-115,-112,1.87,1.89,2025-09-17 19:40:00+00:00,0.0,/baseball-odds/usa-mlb/arizona-san-francisco-2025-09-17/1152354
776280,2025-09-17,Los Angeles Dodgers,Philadelphia Phillies,-156,119,1.64,2.19,2025-09-18 02:10:00+00:00,0.0,/baseball-odds/usa-mlb/la-dodgers-philadelphia-2025-09-18/1152365
776283,2025-09-17,St. Louis Cardinals,Cincinnati Reds,-106,-122,1.94,1.82,2025-09-17 17:15:00+00:00,0.0,/baseball-odds/usa-mlb/st-louis-cincinnati-2025-09-17/1152352
776284,2025-09-17,Minnesota Twins,New York Yankees,128,-156,2.28,1.64,2025-09-17 23:40:00+00:00,0.0,/baseball-odds/usa-mlb/minnesota-ny-yankees-2025-09-18/1152362
776285,2025-09-17,Chicago White Sox,Baltimore Orioles,-102,-128,1.98,1.78,2025-09-17 18:10:00+00:00,0.0,/baseball-odds/usa-mlb/white-sox-baltimore-2025-09-17/1152353
776286,2025-09-17,Washington Nationals,Atlanta Braves,119,-156,2.19,1.64,2025-09-17 20:05:00+00:00,0.0,/baseball-odds/usa-mlb/washington-atlanta-2025-09-17/1152355
776287,2025-09-17,Pittsburgh Pirates,Chicago Cubs,114,-152,2.14,1.66,2025-09-17 16:35:00+00:00,0.0,/baseball-odds/usa-mlb/pittsburgh-cubs-2025-09-17/1152351
776288,2025-09-17,New York Mets,San Diego Padres,-135,103,1.74,2.03,2025-09-17 23:10:00+00:00,0.0,/baseball-odds/usa-mlb/ny-mets-san-diego-2025-09-18/1152359
776289,2025-09-17,Kansas City Royals,Seattle Mariners,-122,101,1.82,2.01,2025-09-17 23:40:00+00:00,0.0,/baseball-odds/usa-mlb/kansas-city-seattle-2025-09-18/1152360
776290,2025-09-17,Tampa Bay Rays,Toronto Blue Jays,106,-139,2.06,1.72,2025-09-17 23:05:00+00:00,0.0,/baseball-odds/usa-mlb/tampa-bay-toronto-2025-09-18/1152358
776291,2025-09-17,Milwaukee Brewers,Los Angeles Angels,-263,185,1.38,2.85,2025-09-17 23:40:00+00:00,0.0,/baseball-odds/usa-mlb/milwaukee-la-angels-2025-09-18/1152361
776292,2025-09-17,Houston Astros,Texas Rangers,111,-130,2.11,1.77,2025-09-18 00:10:00+00:00,0.0,/baseball-odds/usa-mlb/houston-texas-2025-09-18/1152363
776296,2025-09-17,Detroit Tigers,Cleveland Guardians,-149,113,1.67,2.13,2025-09-17 22:40:00+00:00,0.0,/baseball-odds/usa-mlb/detroit-cleveland-2025-09-18/1152356
776299,2025-09-17,Boston Red Sox,Athletics,-169,139,1.59,2.39,2025-09-17 22:45:00+00:00,0.0,/baseball-odds/usa-mlb/boston-athletics-2025-09-18/1152357
776269,2025-09-18,Tampa Bay Rays,Toronto Blue Jays,102,-133,2.02,1.75,2025-09-18 17:10:00+00:00,0.0,/baseball-odds/usa-mlb/tampa-bay-toronto-2025-09-18/1152366
776270,2025-09-18,Colorado Rockies,Miami Marlins,144,-175,2.44,1.57,2025-09-18 19:10:00+00:00,0.0,/baseball-odds/usa-mlb/colorado-miami-2025-09-18/1152371
776271,2025-09-18,Los Angeles Dodgers,San Francisco Giants,-167,135,1.6,2.35,2025-09-19 02:10:00+00:00,0.0,/baseball-odds/usa-mlb/la-dodgers-san-francisco-2025-09-19/1152375
776272,2025-09-18,Kansas City Royals,Seattle Mariners,101,-122,2.01,1.82,2025-09-18 18:10:00+00:00,0.0,/baseball-odds/usa-mlb/kansas-city-seattle-2025-09-18/1152370
776274,2025-09-18,Milwaukee Brewers,Los Angeles Angels,-213,185,1.47,2.85,2025-09-18 23:40:00+00:00,0.0,/baseball-odds/usa-mlb/milwaukee-la-angels-2025-09-19/1152374
776275,2025-09-18,Detroit Tigers,Cleveland Guardians,-244,175,1.41,2.75,2025-09-18 17:10:00+00:00,0.0,/baseball-odds/usa-mlb/detroit-cleveland-2025-09-18/1152368
776276,2025-09-18,New York Mets,San Diego Padres,-152,114,1.66,2.14,2025-09-18 17:10:00+00:00,0.0,/baseball-odds/usa-mlb/ny-mets-san-diego-2025-09-18/1152367
776278,2025-09-18,Baltimore Orioles,New York Yankees,163,-222,2.63,1.45,2025-09-18 23:15:00+00:00,0.0,/baseball-odds/usa-mlb/baltimore-ny-yankees-2025-09-19/1152373
776281,2025-09-18,Boston Red Sox,Athletics,-152,125,1.66,2.25,2025-09-18 17:35:00+00:00,0.0,/baseball-odds/usa-mlb/boston-athletics-2025-09-18/1152369
776282,2025-09-18,Cincinnati Reds,Chicago Cubs,-147,112,1.68,2.12,2025-09-18 23:15:00+00:00,0.0,/baseball-odds/usa-mlb/cincinnati-cubs-2025-09-19/1152372
776251,2025-09-19,Texas Rangers,Miami Marlins,-154,127,1.65,2.27,2025-09-20 00:05:00+00:00,0.0,/baseball-odds/usa-mlb/texas-miami-2025-09-20/1152384
776253,2025-09-19,Colorado Rockies,Los Angeles Angels,-102,-125,1.98,1.8,2025-09-20 00:10:00+00:00,0.0,/baseball-odds/usa-mlb/colorado-la-angels-2025-09-20/1152385
776255,2025-09-19,Arizona Diamondbacks,Philadelphia Phillies,-123,101,1.81,2.01,2025-09-20 01:40:00+00:00,0.0,/baseball-odds/usa-mlb/arizona-philadelphia-2025-09-20/1152389
776256,2025-09-19,Los Angeles Dodgers,San Francisco Giants,-175,144,1.57,2.44,2025-09-20 02:10:00+00:00,0.0,/baseball-odds/usa-mlb/la-dodgers-san-francisco-2025-09-20/1152390
776259,2025-09-19,New York Mets,Washington Nationals,-238,172,1.42,2.72,2025-09-19 23:10:00+00:00,0.0,/baseball-odds/usa-mlb/ny-mets-washington-2025-09-20/1152380
776260,2025-09-19,Kansas City Royals,Toronto Blue Jays,116,-141,2.16,1.71,2025-09-19 23:40:00+00:00,0.0,/baseball-odds/usa-mlb/kansas-city-toronto-2025-09-20/1152383
776261,2025-09-19,Tampa Bay Rays,Boston Red Sox,110,-133,2.1,1.75,2025-09-19 23:35:00+00:00,0.0,/baseball-odds/usa-mlb/tampa-bay-boston-2025-09-20/1152381
776262,2025-09-19,Houston Astros,Seattle Mariners,-115,-112,1.87,1.89,2025-09-20 00:10:00+00:00,0.0,/baseball-odds/usa-mlb/houston-seattle-2025-09-20/1152387
776263,2025-09-19,Minnesota Twins,Cleveland Guardians,-115,-112,1.87,1.89,2025-09-20 00:10:00+00:00,0.0,/baseball-odds/usa-mlb/minnesota-cleveland-2025-09-20/1152386
776264,2025-09-19,Chicago White Sox,San Diego Padres,149,-196,2.49,1.51,2025-09-19 23:40:00+00:00,0.0,/baseball-odds/usa-mlb/white-sox-san-diego-2025-09-20/1152382
776265,2025-09-19,St. Louis Cardinals,Milwaukee Brewers,-105,-123,1.95,1.81,2025-09-20 00:15:00+00:00,0.0,/baseball-odds/usa-mlb/st-louis-milwaukee-2025-09-20/1152388
776266,2025-09-19,Pittsburgh Pirates,Athletics,-111,-109,1.9,1.92,2025-09-19 22:40:00+00:00,0.0,/baseball-odds/usa-mlb/pittsburgh-athletics-2025-09-20/1152570
776267,2025-09-19,Cincinnati Reds,Chicago Cubs,-105,-114,1.95,1.88,2025-09-19 22:40:00+00:00,0.0,/baseball-odds/usa-mlb/cincinnati-cubs-2025-09-20/1152378
776268,2025-09-19,Detroit Tigers,Atlanta Braves,-120,-101,1.83,1.99,2025-09-19 22:40:00+00:00,0.0,/baseball-odds/usa-mlb/detroit-atlanta-2025-09-20/1152377
776273,2025-09-19,Baltimore Orioles,New York Yankees,-106,-122,1.94,1.82,2025-09-19 23:05:00+00:00,0.0,/baseball-odds/usa-mlb/baltimore-ny-yankees-2025-09-20/1152379
776233,2025-09-20,Los Angeles Dodgers,San Francisco Giants,-238,191,1.42,2.91,2025-09-21 01:10:00+00:00,0.0,/baseball-odds/usa-mlb/la-dodgers-san-francisco-2025-09-21/1152406
776241,2025-09-20,Colorado Rockies,Los Angeles Angels,101,-127,2.01,1.79,2025-09-21 00:10:00+00:00,0.0,/baseball-odds/usa-mlb/colorado-la-angels-2025-09-21/1152405
776242,2025-09-20,Texas Rangers,Miami Marlins,-156,129,1.64,2.29,2025-09-20 23:05:00+00:00,0.0,/baseball-odds/usa-mlb/texas-miami-2025-09-21/1152396
776243,2025-09-20,Minnesota Twins,Cleveland Guardians,-119,-115,1.84,1.87,2025-09-20 23:10:00+00:00,0.0,/baseball-odds/usa-mlb/minnesota-cleveland-2025-09-21/1152401
776244,2025-09-20,St. Louis Cardinals,Milwaukee Brewers,115,-147,2.15,1.68,2025-09-20 23:15:00+00:00,0.0,/baseball-odds/usa-mlb/st-louis-milwaukee-2025-09-21/1152403
776245,2025-09-20,Kansas City Royals,Toronto Blue Jays,106,-135,2.06,1.74,2025-09-20 23:10:00+00:00,0.0,/baseball-odds/usa-mlb/kansas-city-toronto-2025-09-21/1152402
776246,2025-09-20,Arizona Diamondbacks,Philadelphia Phillies,-112,-109,1.89,1.92,2025-09-21 00:10:00+00:00,0.0,/baseball-odds/usa-mlb/arizona-philadelphia-2025-09-21/1152404
776247,2025-09-20,Tampa Bay Rays,Boston Red Sox,-111,-109,1.9,1.92,2025-09-20 23:05:00+00:00,0.0,/baseball-odds/usa-mlb/tampa-bay-boston-2025-09-21/1152397
776248,2025-09-20,Houston Astros,Seattle Mariners,-114,-112,1.88,1.89,2025-09-20 23:10:00+00:00,0.0,/baseball-odds/usa-mlb/houston-seattle-2025-09-21/1152400
776249,2025-09-20,Pittsburgh Pirates,Athletics,-110,-110,1.91,1.91,2025-09-20 22:40:00+00:00,0.0,/baseball-odds/usa-mlb/pittsburgh-athletics-2025-09-21/1152395
776250,2025-09-20,Chicago White Sox,San Diego Padres,139,-189,2.39,1.53,2025-09-20 23:10:00+00:00,0.0,/baseball-odds/usa-mlb/white-sox-san-diego-2025-09-21/1152399
776252,2025-09-20,New York Mets,Washington Nationals,-263,212,1.38,3.12,2025-09-20 20:10:00+00:00,0.0,/baseball-odds/usa-mlb/ny-mets-washington-2025-09-20/1152393
776254,2025-09-20,Cincinnati Reds,Chicago Cubs,-114,-109,1.88,1.92,2025-09-20 22:40:00+00:00,0.0,/baseball-odds/usa-mlb/cincinnati-cubs-2025-09-21/1152394
776257,2025-09-20,Baltimore Orioles,New York Yankees,149,-204,2.49,1.49,2025-09-20 23:05:00+00:00,0.0,/baseball-odds/usa-mlb/baltimore-ny-yankees-2025-09-21/1152398
776258,2025-09-20,Detroit Tigers,Atlanta Braves,-119,-101,1.84,1.99,2025-09-20 17:10:00+00:00,0.0,/baseball-odds/usa-mlb/detroit-atlanta-2025-09-20/1152391
777839,2025-09-20,Minnesota Twins,Cleveland Guardians,-128,-102,1.78,1.98,2025-09-20 18:10:00+00:00,0.0,/baseball-odds/usa-mlb/minnesota-cleveland-2025-09-20/1152392
776225,2025-09-21,Minnesota Twins,Cleveland Guardians,112,-143,2.12,1.7,2025-09-21 18:10:00+00:00,0.0,/baseball-odds/usa-mlb/minnesota-cleveland-2025-09-21/1152412
776226,2025-09-21,Texas Rangers,Miami Marlins,-133,109,1.75,2.09,2025-09-21 18:35:00+00:00,0.0,/baseball-odds/usa-mlb/texas-miami-2025-09-21/1152417
776227,2025-09-21,Los Angeles Dodgers,San Francisco Giants,-213,172,1.47,2.72,2025-09-21 20:10:00+00:00,0.0,/baseball-odds/usa-mlb/la-dodgers-san-francisco-2025-09-21/1152420
776228,2025-09-21,Houston Astros,Seattle Mariners,115,-156,2.15,1.64,2025-09-21 23:10:00+00:00,0.0,/baseball-odds/usa-mlb/houston-seattle-2025-09-22/1152565
776229,2025-09-21,Kansas City Royals,Toronto Blue Jays,-102,-116,1.98,1.86,2025-09-21 18:10:00+00:00,0.0,/baseball-odds/usa-mlb/kansas-city-toronto-2025-09-21/1152415
776230,2025-09-21,Arizona Diamondbacks,Philadelphia Phillies,106,-128,2.06,1.78,2025-09-21 20:10:00+00:00,0.0,/baseball-odds/usa-mlb/arizona-philadelphia-2025-09-21/1152419
776231,2025-09-21,St. Louis Cardinals,Milwaukee Brewers,110,-133,2.1,1.75,2025-09-21 18:15:00+00:00,0.0,/baseball-odds/usa-mlb/st-louis-milwaukee-2025-09-21/1152416
776232,2025-09-21,Colorado Rockies,Los Angeles Angels,-116,-111,1.86,1.9,2025-09-21 19:10:00+00:00,0.0,/baseball-odds/usa-mlb/colorado-la-angels-2025-09-21/1152418
776234,2025-09-21,Pittsburgh Pirates,Athletics,-119,-101,1.84,1.99,2025-09-21 17:35:00+00:00,0.0,/baseball-odds/usa-mlb/pittsburgh-athletics-2025-09-21/1152407
776235,2025-09-21,Chicago White Sox,San Diego Padres,144,-175,2.44,1.57,2025-09-21 18:10:00+00:00,0.0,/baseball-odds/usa-mlb/white-sox-san-diego-2025-09-21/1152413
776236,2025-09-21,Tampa Bay Rays,Boston Red Sox,102,-125,2.02,1.8,2025-09-21 23:35:00+00:00,0.0,/baseball-odds/usa-mlb/tampa-bay-boston-2025-09-22/1152421
776237,2025-09-21,New York Mets,Washington Nationals,-278,220,1.36,3.2,2025-09-21 17:40:00+00:00,0.0,/baseball-odds/usa-mlb/ny-mets-washington-2025-09-21/1152411
776239,2025-09-21,Cincinnati Reds,Chicago Cubs,-116,-104,1.86,1.96,2025-09-21 17:40:00+00:00,0.0,/baseball-odds/usa-mlb/cincinnati-cubs-2025-09-21/1152409
776240,2025-09-21,Baltimore Orioles,New York Yankees,107,-141,2.07,1.71,2025-09-21 17:35:00+00:00,0.0,/baseball-odds/usa-mlb/baltimore-ny-yankees-2025-09-21/1152408
776220,2025-09-22,San Francisco Giants,St. Louis Cardinals,-156,121,1.64,2.21,2025-09-23 01:45:00+00:00,0.0,/baseball-odds/usa-mlb/san-francisco-st-louis-2025-09-23/1152424
776221,2025-09-22,Atlanta Braves,Washington Nationals,-263,204,1.38,3.04,2025-09-22 23:15:00+00:00,0.0,/baseball-odds/usa-mlb/atlanta-washington-2025-09-23/1152422
776222,2025-09-22,San Diego Padres,Milwaukee Brewers,-114,-106,1.88,1.94,2025-09-23 01:40:00+00:00,0.0,/baseball-odds/usa-mlb/san-diego-milwaukee-2025-09-23/1152423
776207,2025-09-23,Los Angeles Angels,Kansas City Royals,131,-175,2.31,1.57,2025-09-24 01:38:00+00:00,0.0,/baseball-odds/usa-mlb/la-angels-kansas-city-2025-09-24/1152434
776208,2025-09-23,Athletics,Houston Astros,-111,-109,1.9,1.92,2025-09-24 02:05:00+00:00,0.0,/baseball-odds/usa-mlb/athletics-houston-2025-09-24/1152439
776209,2025-09-23,Chicago Cubs,New York Mets,-116,-110,1.86,1.91,2025-09-23 23:40:00+00:00,0.0,/baseball-odds/usa-mlb/cubs-ny-mets-2025-09-24/1152432
776210,2025-09-23,Texas Rangers,Minnesota Twins,-145,115,1.69,2.15,2025-09-24 00:05:00+00:00,0.0,/baseball-odds/usa-mlb/texas-minnesota-2025-09-24/1152433
776211,2025-09-23,San Francisco Giants,St. Louis Cardinals,-217,158,1.46,2.58,2025-09-24 01:45:00+00:00,0.0,/baseball-odds/usa-mlb/san-francisco-st-louis-2025-09-24/1152438
776212,2025-09-23,Seattle Mariners,Colorado Rockies,-323,217,1.31,3.17,2025-09-24 01:40:00+00:00,0.0,/baseball-odds/usa-mlb/seattle-colorado-2025-09-24/1152437
776213,2025-09-23,Arizona Diamondbacks,Los Angeles Dodgers,135,-164,2.35,1.61,2025-09-24 01:40:00+00:00,0.0,/baseball-odds/usa-mlb/arizona-la-dodgers-2025-09-24/1152436
776214,2025-09-23,San Diego Padres,Milwaukee Brewers,-101,-119,1.99,1.84,2025-09-24 01:40:00+00:00,0.0,/baseball-odds/usa-mlb/san-diego-milwaukee-2025-09-24/1152435
776215,2025-09-23,Philadelphia Phillies,Miami Marlins,-222,179,1.45,2.79,2025-09-23 22:45:00+00:00,0.0,/baseball-odds/usa-mlb/philadelphia-miami-2025-09-24/1152428
776216,2025-09-23,New York Yankees,Chicago White Sox,-250,181,1.4,2.81,2025-09-23 23:05:00+00:00,0.0,/baseball-odds/usa-mlb/ny-yankees-white-sox-2025-09-24/1152429
776217,2025-09-23,Toronto Blue Jays,Boston Red Sox,-164,128,1.61,2.28,2025-09-23 23:07:00+00:00,0.0,/baseball-odds/usa-mlb/toronto-boston-2025-09-24/1152430
776218,2025-09-23,Cleveland Guardians,Detroit Tigers,123,-156,2.23,1.64,2025-09-23 22:40:00+00:00,0.0,/baseball-odds/usa-mlb/cleveland-detroit-2025-09-24/1152427
776219,2025-09-23,Atlanta Braves,Washington Nationals,-196,149,1.51,2.49,2025-09-23 23:15:00+00:00,0.0,/baseball-odds/usa-mlb/atlanta-washington-2025-09-24/1152431
776223,2025-09-23,Baltimore Orioles,Tampa Bay Rays,-115,-112,1.87,1.89,2025-09-23 22:35:00+00:00,0.0,/baseball-odds/usa-mlb/baltimore-tampa-bay-2025-09-24/1152425
776224,2025-09-23,Cincinnati Reds,Pittsburgh Pirates,-169,139,1.59,2.39,2025-09-23 22:40:00+00:00,0.0,/baseball-odds/usa-mlb/cincinnati-pittsburgh-2025-09-24/1152426
776192,2025-09-24,Texas Rangers,Minnesota Twins,-192,142,1.52,2.42,2025-09-25 00:05:00+00:00,0.0,/baseball-odds/usa-mlb/texas-minnesota-2025-09-25/1152448
776193,2025-09-24,Arizona Diamondbacks,Los Angeles Dodgers,123,-149,2.23,1.67,2025-09-25 01:40:00+00:00,0.0,/baseball-odds/usa-mlb/arizona-la-dodgers-2025-09-25/1152451
776194,2025-09-24,Seattle Mariners,Colorado Rockies,-312,227,1.32,3.27,2025-09-25 01:40:00+00:00,0.0,/baseball-odds/usa-mlb/seattle-colorado-2025-09-25/1152452
776195,2025-09-24,Athletics,Houston Astros,109,-132,2.09,1.76,2025-09-25 02:05:00+00:00,0.0,/baseball-odds/usa-mlb/athletics-houston-2025-09-25/1152454
776196,2025-09-24,San Francisco Giants,St. Louis Cardinals,-114,-118,1.88,1.85,2025-09-25 01:45:00+00:00,0.0,/baseball-odds/usa-mlb/san-francisco-st-louis-2025-09-25/1152453
776197,2025-09-24,Los Angeles Angels,Kansas City Royals,-112,-114,1.89,1.88,2025-09-25 01:38:00+00:00,0.0,/baseball-odds/usa-mlb/la-angels-kansas-city-2025-09-25/1152450
776198,2025-09-24,San Diego Padres,Milwaukee Brewers,-145,109,1.69,2.09,2025-09-24 20:10:00+00:00,0.0,/baseball-odds/usa-mlb/san-diego-milwaukee-2025-09-24/1152441
776199,2025-09-24,New York Yankees,Chicago White Sox,-370,284,1.27,3.84,2025-09-24 23:05:00+00:00,0.0,/baseball-odds/usa-mlb/ny-yankees-white-sox-2025-09-25/1152446
776200,2025-09-24,Atlanta Braves,Washington Nationals,-182,149,1.55,2.49,2025-09-24 16:15:00+00:00,0.0,/baseball-odds/usa-mlb/atlanta-washington-2025-09-24/1152440
776201,2025-09-24,Philadelphia Phillies,Miami Marlins,-169,128,1.59,2.28,2025-09-24 22:45:00+00:00,0.0,/baseball-odds/usa-mlb/philadelphia-miami-2025-09-25/1152445
776202,2025-09-24,Cincinnati Reds,Pittsburgh Pirates,-132,-101,1.76,1.99,2025-09-24 22:40:00+00:00,0.0,/baseball-odds/usa-mlb/cincinnati-pittsburgh-2025-09-25/1152444
776203,2025-09-24,Baltimore Orioles,Tampa Bay Rays,-128,-102,1.78,1.98,2025-09-24 22:35:00+00:00,0.0,/baseball-odds/usa-mlb/baltimore-tampa-bay-2025-09-25/1152442
776204,2025-09-24,Cleveland Guardians,Detroit Tigers,-147,120,1.68,2.2,2025-09-24 22:40:00+00:00,0.0,/baseball-odds/usa-mlb/cleveland-detroit-2025-09-25/1152443
776205,2025-09-24,Chicago Cubs,New York Mets,-123,100,1.81,2.0,2025-09-25 00:05:00+00:00,0.0,/baseball-odds/usa-mlb/cubs-ny-mets-2025-09-25/1152449
776206,2025-09-24,Toronto Blue Jays,Boston Red Sox,105,-127,2.05,1.79,2025-09-24 23:07:00+00:00,0.0,/baseball-odds/usa-mlb/toronto-boston-2025-09-25/1152447
776178,2025-09-25,Los Angeles Angels,Kansas City Royals,100,-135,2.0,1.74,2025-09-26 01:38:00+00:00,0.0,/baseball-odds/usa-mlb/la-angels-kansas-city-2025-09-26/1152465
776179,2025-09-25,Seattle Mariners,Colorado Rockies,-294,232,1.34,3.32,2025-09-26 01:40:00+00:00,0.0,/baseball-odds/usa-mlb/seattle-colorado-2025-09-26/1152466
776182,2025-09-25,Athletics,Houston Astros,-104,-116,1.96,1.86,2025-09-25 19:35:00+00:00,0.0,/baseball-odds/usa-mlb/athletics-houston-2025-09-25/1152458
776183,2025-09-25,Texas Rangers,Minnesota Twins,-145,114,1.69,2.14,2025-09-25 18:35:00+00:00,0.0,/baseball-odds/usa-mlb/texas-minnesota-2025-09-25/1152457
776184,2025-09-25,New York Yankees,Chicago White Sox,-303,238,1.33,3.38,2025-09-25 23:05:00+00:00,0.0,/baseball-odds/usa-mlb/ny-yankees-white-sox-2025-09-26/1152462
776185,2025-09-25,Arizona Diamondbacks,Los Angeles Dodgers,129,-156,2.29,1.64,2025-09-25 19:40:00+00:00,0.0,/baseball-odds/usa-mlb/arizona-la-dodgers-2025-09-25/1152459
776186,2025-09-25,Toronto Blue Jays,Boston Red Sox,-141,116,1.71,2.16,2025-09-25 23:07:00+00:00,0.0,/baseball-odds/usa-mlb/toronto-boston-2025-09-26/1152463
776187,2025-09-25,Chicago Cubs,New York Mets,-110,-118,1.91,1.85,2025-09-25 23:40:00+00:00,0.0,/baseball-odds/usa-mlb/cubs-ny-mets-2025-09-26/1152464
776188,2025-09-25,Philadelphia Phillies,Miami Marlins,-167,126,1.6,2.26,2025-09-25 22:05:00+00:00,0.0,/baseball-odds/usa-mlb/philadelphia-miami-2025-09-26/1152460
776189,2025-09-25,Cleveland Guardians,Detroit Tigers,-164,123,1.61,2.23,2025-09-25 22:40:00+00:00,0.0,/baseball-odds/usa-mlb/cleveland-detroit-2025-09-26/1152461
776190,2025-09-25,Cincinnati Reds,Pittsburgh Pirates,-185,138,1.54,2.38,2025-09-25 16:40:00+00:00,0.0,/baseball-odds/usa-mlb/cincinnati-pittsburgh-2025-09-25/1152455
776191,2025-09-25,Baltimore Orioles,Tampa Bay Rays,100,-122,2.0,1.82,2025-09-25 17:05:00+00:00,0.0,/baseball-odds/usa-mlb/baltimore-tampa-bay-2025-09-25/1152456
776165,2025-09-26,Washington Nationals,Chicago White Sox,-132,109,1.76,2.09,2025-09-26 22:45:00+00:00,0.0,/baseball-odds/usa-mlb/washington-white-sox-2025-09-27/1152469
776166,2025-09-26,San Francisco Giants,Colorado Rockies,-238,181,1.42,2.81,2025-09-27 02:15:00+00:00,0.0,/baseball-odds/usa-mlb/san-francisco-colorado-2025-09-27/1152481
776167,2025-09-26,Chicago Cubs,St. Louis Cardinals,-192,142,1.52,2.42,2025-09-26 18:20:00+00:00,0.0,/baseball-odds/usa-mlb/cubs-st-louis-2025-09-26/1152467
776168,2025-09-26,Seattle Mariners,Los Angeles Dodgers,-143,118,1.7,2.18,2025-09-27 01:40:00+00:00,0.0,/baseball-odds/usa-mlb/seattle-la-dodgers-2025-09-27/1152478
776169,2025-09-26,Los Angeles Angels,Houston Astros,112,-135,2.12,1.74,2025-09-27 01:38:00+00:00,0.0,/baseball-odds/usa-mlb/la-angels-houston-2025-09-27/1152477
776170,2025-09-26,San Diego Padres,Arizona Diamondbacks,-139,118,1.72,2.18,2025-09-27 01:40:00+00:00,0.0,/baseball-odds/usa-mlb/san-diego-arizona-2025-09-27/1152479
776171,2025-09-26,Milwaukee Brewers,Cincinnati Reds,-169,131,1.59,2.31,2025-09-27 00:10:00+00:00,0.0,/baseball-odds/usa-mlb/milwaukee-cincinnati-2025-09-27/1152476
776172,2025-09-26,Athletics,Kansas City Royals,-102,-118,1.98,1.85,2025-09-27 02:05:00+00:00,0.0,/baseball-odds/usa-mlb/athletics-kansas-city-2025-09-27/1152480
776173,2025-09-26,Miami Marlins,New York Mets,113,-137,2.13,1.73,2025-09-26 23:10:00+00:00,0.0,/baseball-odds/usa-mlb/miami-ny-mets-2025-09-27/1152473
776174,2025-09-26,New York Yankees,Baltimore Orioles,-149,124,1.67,2.24,2025-09-26 23:05:00+00:00,0.0,/baseball-odds/usa-mlb/ny-yankees-baltimore-2025-09-27/1152470
776175,2025-09-26,Cleveland Guardians,Texas Rangers,-164,123,1.61,2.23,2025-09-26 23:10:00+00:00,0.0,/baseball-odds/usa-mlb/cleveland-texas-2025-09-27/1152472
776176,2025-09-26,Philadelphia Phillies,Minnesota Twins,-156,116,1.64,2.16,2025-09-26 22:45:00+00:00,0.0,/baseball-odds/usa-mlb/philadelphia-minnesota-2025-09-27/1152468
776177,2025-09-26,Toronto Blue Jays,Tampa Bay Rays,-185,151,1.54,2.51,2025-09-26 23:07:00+00:00,0.0,/baseball-odds/usa-mlb/toronto-tampa-bay-2025-09-27/1152471
776180,2025-09-26,Atlanta Braves,Pittsburgh Pirates,-164,135,1.61,2.35,2025-09-26 23:15:00+00:00,0.0,/baseball-odds/usa-mlb/atlanta-pittsburgh-2025-09-27/1152475
776181,2025-09-26,Boston Red Sox,Detroit Tigers,-122,101,1.82,2.01,2025-09-26 23:10:00+00:00,0.0,/baseball-odds/usa-mlb/boston-detroit-2025-09-27/1152474
776146,2025-09-27,San Francisco Giants,Colorado Rockies,-238,191,1.42,2.91,2025-09-27 20:05:00+00:00,0.0,/baseball-odds/usa-mlb/san-francisco-colorado-2025-09-27/1152486
776150,2025-09-27,Seattle Mariners,Los Angeles Dodgers,-128,106,1.78,2.06,2025-09-28 01:40:00+00:00,0.0,/baseball-odds/usa-mlb/seattle-la-dodgers-2025-09-28/1152495
776152,2025-09-27,San Diego Padres,Arizona Diamondbacks,-167,126,1.6,2.26,2025-09-28 00:40:00+00:00,0.0,/baseball-odds/usa-mlb/san-diego-arizona-2025-09-28/1152493
776153,2025-09-27,Milwaukee Brewers,Cincinnati Reds,-137,113,1.73,2.13,2025-09-27 23:15:00+00:00,0.0,/baseball-odds/usa-mlb/milwaukee-cincinnati-2025-09-28/1152602
776154,2025-09-27,Athletics,Kansas City Royals,-120,100,1.83,2.0,2025-09-28 02:05:00+00:00,0.0,/baseball-odds/usa-mlb/athletics-kansas-city-2025-09-28/1152496
776155,2025-09-27,Los Angeles Angels,Houston Astros,120,-145,2.2,1.69,2025-09-28 01:38:00+00:00,0.0,/baseball-odds/usa-mlb/la-angels-houston-2025-09-28/1152494
776156,2025-09-27,Atlanta Braves,Pittsburgh Pirates,-175,144,1.57,2.44,2025-09-27 23:15:00+00:00,0.0,/baseball-odds/usa-mlb/atlanta-pittsburgh-2025-09-28/1152492
776157,2025-09-27,Boston Red Sox,Detroit Tigers,-119,-101,1.84,1.99,2025-09-27 20:10:00+00:00,0.0,/baseball-odds/usa-mlb/boston-detroit-2025-09-27/1152487
776158,2025-09-27,Cleveland Guardians,Texas Rangers,-159,120,1.63,2.2,2025-09-27 23:15:00+00:00,0.0,/baseball-odds/usa-mlb/cleveland-texas-2025-09-28/1152601
776159,2025-09-27,Toronto Blue Jays,Tampa Bay Rays,-175,135,1.57,2.35,2025-09-27 19:07:00+00:00,0.0,/baseball-odds/usa-mlb/toronto-tampa-bay-2025-09-27/1152484
776160,2025-09-27,Washington Nationals,Chicago White Sox,-120,100,1.83,2.0,2025-09-27 20:05:00+00:00,0.0,/baseball-odds/usa-mlb/washington-white-sox-2025-09-27/1152485
776161,2025-09-27,Miami Marlins,New York Mets,116,-141,2.16,1.71,2025-09-27 20:10:00+00:00,0.0,/baseball-odds/usa-mlb/miami-ny-mets-2025-09-27/1152488
776162,2025-09-27,New York Yankees,Baltimore Orioles,-256,188,1.39,2.88,2025-09-27 17:05:00+00:00,0.0,/baseball-odds/usa-mlb/ny-yankees-baltimore-2025-09-27/1152482
776163,2025-09-27,Philadelphia Phillies,Minnesota Twins,-233,188,1.43,2.88,2025-09-27 22:05:00+00:00,0.0,/baseball-odds/usa-mlb/philadelphia-minnesota-2025-09-28/1152489
776164,2025-09-27,Chicago Cubs,St. Louis Cardinals,-182,140,1.55,2.4,2025-09-27 18:20:00+00:00,0.0,/baseball-odds/usa-mlb/cubs-st-louis-2025-09-27/1152483
776135,2025-09-28,Los Angeles Angels,Houston Astros,-102,-118,1.98,1.85,2025-09-28 19:07:00+00:00,0.0,/baseball-odds/usa-mlb/la-angels-houston-2025-09-28/1152503
776136,2025-09-28,San Diego Padres,Arizona Diamondbacks,-147,112,1.68,2.12,2025-09-28 19:10:00+00:00,0.0,/baseball-odds/usa-mlb/san-diego-arizona-2025-09-28/1152506
776137,2025-09-28,San Francisco Giants,Colorado Rockies,-303,238,1.33,3.38,2025-09-28 19:05:00+00:00,0.0,/baseball-odds/usa-mlb/san-francisco-colorado-2025-09-28/1152498
776138,2025-09-28,Athletics,Kansas City Royals,123,-149,2.23,1.67,2025-09-28 19:05:00+00:00,0.0,/baseball-odds/usa-mlb/athletics-kansas-city-2025-09-28/1152499
776139,2025-09-28,Seattle Mariners,Los Angeles Dodgers,112,-132,2.12,1.76,2025-09-28 19:10:00+00:00,0.0,/baseball-odds/usa-mlb/seattle-la-dodgers-2025-09-28/1152508
776140,2025-09-28,New York Yankees,Baltimore Orioles,-185,151,1.54,2.51,2025-09-28 19:05:00+00:00,0.0,/baseball-odds/usa-mlb/ny-yankees-baltimore-2025-09-28/1152500
776141,2025-09-28,Philadelphia Phillies,Minnesota Twins,-244,195,1.41,2.95,2025-09-28 19:05:00+00:00,0.0,/baseball-odds/usa-mlb/philadelphia-minnesota-2025-09-28/1152501
776142,2025-09-28,Chicago Cubs,St. Louis Cardinals,-149,123,1.67,2.23,2025-09-28 19:20:00+00:00,0.0,/baseball-odds/usa-mlb/cubs-st-louis-2025-09-28/1152511
776143,2025-09-28,Washington Nationals,Chicago White Sox,-118,-103,1.85,1.97,2025-09-28 19:05:00+00:00,0.0,/baseball-odds/usa-mlb/washington-white-sox-2025-09-28/1152497
776144,2025-09-28,Milwaukee Brewers,Cincinnati Reds,-133,110,1.75,2.1,2025-09-28 19:10:00+00:00,0.0,/baseball-odds/usa-mlb/milwaukee-cincinnati-2025-09-28/1152507
776145,2025-09-28,Toronto Blue Jays,Tampa Bay Rays,-222,163,1.45,2.63,2025-09-28 19:07:00+00:00,0.0,/baseball-odds/usa-mlb/toronto-tampa-bay-2025-09-28/1152504
776147,2025-09-28,Cleveland Guardians,Texas Rangers,-145,112,1.69,2.12,2025-09-28 19:10:00+00:00,0.0,/baseball-odds/usa-mlb/cleveland-texas-2025-09-28/1152509
776148,2025-09-28,Miami Marlins,New York Mets,112,-135,2.12,1.74,2025-09-28 19:10:00+00:00,0.0,/baseball-odds/usa-mlb/miami-ny-mets-2025-09-28/1152505
776149,2025-09-28,Atlanta Braves,Pittsburgh Pirates,-204,160,1.49,2.6,2025-09-28 19:15:00+00:00,0.0,/baseball-odds/usa-mlb/atlanta-pittsburgh-2025-09-28/1152510
776151,2025-09-28,Boston Red Sox,Detroit Tigers,-105,-115,1.95,1.87,2025-09-28 19:05:00+00:00,0.0,/baseball-odds/usa-mlb/boston-detroit-2025-09-28/1152502
823072,2026-04-14,St. Louis Cardinals,Cleveland Guardians,102,-128,2.02,1.78,2026-04-14 23:45:00+00:00,0.0,/baseball-odds/usa-mlb/st-louis-cleveland-2026-04-15/1152977
823315,2026-04-14,San Diego Padres,Seattle Mariners,-105,-123,1.95,1.81,2026-04-15 01:40:00+00:00,0.0,/baseball-odds/usa-mlb/san-diego-seattle-2026-04-15/1152979
823398,2026-04-14,Pittsburgh Pirates,Washington Nationals,-192,142,1.52,2.42,2026-04-14 22:40:00+00:00,0.0,/baseball-odds/usa-mlb/pittsburgh-washington-2026-04-15/1152969
823478,2026-04-14,Philadelphia Phillies,Chicago Cubs,-147,112,1.68,2.12,2026-04-14 22:40:00+00:00,0.0,/baseball-odds/usa-mlb/philadelphia-cubs-2026-04-15/1152968
823562,2026-04-14,New York Yankees,Los Angeles Angels,-179,143,1.56,2.43,2026-04-14 23:05:00+00:00,0.0,/baseball-odds/usa-mlb/ny-yankees-la-angels-2026-04-15/1152972
823723,2026-04-14,Minnesota Twins,Boston Red Sox,109,-135,2.09,1.74,2026-04-14 23:40:00+00:00,0.0,/baseball-odds/usa-mlb/minnesota-boston-2026-04-15/1152976
823802,2026-04-14,Milwaukee Brewers,Toronto Blue Jays,-127,-101,1.79,1.99,2026-04-14 23:40:00+00:00,0.0,/baseball-odds/usa-mlb/milwaukee-toronto-2026-04-15/1152974
823965,2026-04-14,Los Angeles Dodgers,New York Mets,-208,153,1.48,2.53,2026-04-15 02:10:00+00:00,0.0,/baseball-odds/usa-mlb/la-dodgers-ny-mets-2026-04-15/1152981
824210,2026-04-14,Houston Astros,Colorado Rockies,-175,140,1.57,2.4,2026-04-15 00:10:00+00:00,0.0,/baseball-odds/usa-mlb/houston-colorado-2026-04-15/1152978
824292,2026-04-14,Detroit Tigers,Kansas City Royals,-128,-102,1.78,1.98,2026-04-14 22:40:00+00:00,0.0,/baseball-odds/usa-mlb/detroit-kansas-city-2026-04-15/1152970
824531,2026-04-14,Cincinnati Reds,San Francisco Giants,-118,-110,1.85,1.91,2026-04-14 22:40:00+00:00,0.0,/baseball-odds/usa-mlb/cincinnati-san-francisco-2026-04-15/1152971
824616,2026-04-14,Chicago White Sox,Tampa Bay Rays,109,-135,2.09,1.74,2026-04-14 23:40:00+00:00,0.0,/baseball-odds/usa-mlb/white-sox-tampa-bay-2026-04-15/1152975
824853,2026-04-14,Baltimore Orioles,Arizona Diamondbacks,-164,123,1.61,2.23,2026-04-14 22:35:00+00:00,0.0,/baseball-odds/usa-mlb/baltimore-arizona-2026-04-15/1152967
824935,2026-04-14,Atlanta Braves,Miami Marlins,-172,136,1.58,2.36,2026-04-14 23:15:00+00:00,0.0,/baseball-odds/usa-mlb/atlanta-miami-2026-04-15/1152973
823071,2026-04-15,St. Louis Cardinals,Cleveland Guardians,-118,-111,1.85,1.9,2026-04-15 17:15:00+00:00,0.0,/baseball-odds/usa-mlb/st-louis-cleveland-2026-04-15/1152983
823314,2026-04-15,San Diego Padres,Seattle Mariners,-111,-114,1.9,1.88,2026-04-16 01:40:00+00:00,0.0,/baseball-odds/usa-mlb/san-diego-seattle-2026-04-16/1152994
823399,2026-04-15,Pittsburgh Pirates,Washington Nationals,-182,135,1.55,2.35,2026-04-15 22:40:00+00:00,0.0,/baseball-odds/usa-mlb/pittsburgh-washington-2026-04-16/1152988
823477,2026-04-15,Philadelphia Phillies,Chicago Cubs,-149,113,1.67,2.13,2026-04-15 22:40:00+00:00,0.0,/baseball-odds/usa-mlb/philadelphia-cubs-2026-04-16/1152985
823561,2026-04-15,New York Yankees,Los Angeles Angels,-200,159,1.5,2.59,2026-04-15 23:05:00+00:00,0.0,/baseball-odds/usa-mlb/ny-yankees-la-angels-2026-04-16/1152989
823722,2026-04-15,Minnesota Twins,Boston Red Sox,105,-125,2.05,1.8,2026-04-15 17:40:00+00:00,0.0,/baseball-odds/usa-mlb/minnesota-boston-2026-04-15/1152984
823803,2026-04-15,Milwaukee Brewers,Toronto Blue Jays,-104,-125,1.96,1.8,2026-04-15 23:40:00+00:00,0.0,/baseball-odds/usa-mlb/milwaukee-toronto-2026-04-16/1152991
823963,2026-04-15,Los Angeles Dodgers,New York Mets,-200,147,1.5,2.47,2026-04-16 02:10:00+00:00,0.0,/baseball-odds/usa-mlb/la-dodgers-ny-mets-2026-04-16/1152996
824209,2026-04-15,Houston Astros,Colorado Rockies,-208,156,1.48,2.56,2026-04-16 00:10:00+00:00,0.0,/baseball-odds/usa-mlb/houston-colorado-2026-04-16/1152993
824291,2026-04-15,Detroit Tigers,Kansas City Royals,-137,105,1.73,2.05,2026-04-15 22:40:00+00:00,0.0,/baseball-odds/usa-mlb/detroit-kansas-city-2026-04-16/1152987
824532,2026-04-15,Cincinnati Reds,San Francisco Giants,-111,-118,1.9,1.85,2026-04-15 22:40:00+00:00,0.0,/baseball-odds/usa-mlb/cincinnati-san-francisco-2026-04-16/1152986
824615,2026-04-15,Chicago White Sox,Tampa Bay Rays,-108,-115,1.93,1.87,2026-04-15 23:40:00+00:00,0.0,/baseball-odds/usa-mlb/white-sox-tampa-bay-2026-04-16/1152992
824855,2026-04-15,Baltimore Orioles,Arizona Diamondbacks,-139,111,1.72,2.11,2026-04-15 16:35:00+00:00,0.0,/baseball-odds/usa-mlb/baltimore-arizona-2026-04-15/1152982
824936,2026-04-15,Atlanta Braves,Miami Marlins,-175,131,1.57,2.31,2026-04-15 23:15:00+00:00,0.0,/baseball-odds/usa-mlb/atlanta-miami-2026-04-16/1152990
823313,2026-04-16,San Diego Padres,Seattle Mariners,-101,-125,1.99,1.8,2026-04-17 00:40:00+00:00,0.0,/baseball-odds/usa-mlb/san-diego-seattle-2026-04-17/1153006
823396,2026-04-16,Pittsburgh Pirates,Washington Nationals,-154,129,1.65,2.29,2026-04-16 16:35:00+00:00,0.0,/baseball-odds/usa-mlb/pittsburgh-washington-2026-04-16/1152997
823560,2026-04-16,New York Yankees,Los Angeles Angels,-303,232,1.33,3.32,2026-04-16 17:35:00+00:00,0.0,/baseball-odds/usa-mlb/ny-yankees-la-angels-2026-04-16/1153000
823801,2026-04-16,Milwaukee Brewers,Toronto Blue Jays,-123,-105,1.81,1.95,2026-04-16 17:40:00+00:00,0.0,/baseball-odds/usa-mlb/milwaukee-toronto-2026-04-16/1153001
824208,2026-04-16,Houston Astros,Colorado Rockies,-169,136,1.59,2.36,2026-04-17 00:10:00+00:00,0.0,/baseball-odds/usa-mlb/houston-colorado-2026-04-17/1153005
824289,2026-04-16,Detroit Tigers,Kansas City Royals,-102,-130,1.98,1.77,2026-04-16 17:10:00+00:00,0.0,/baseball-odds/usa-mlb/detroit-kansas-city-2026-04-16/1152999
824453,2026-04-16,Cleveland Guardians,Baltimore Orioles,-128,104,1.78,2.04,2026-04-16 22:10:00+00:00,0.0,/baseball-odds/usa-mlb/cleveland-baltimore-2026-04-17/1153004
824530,2026-04-16,Cincinnati Reds,San Francisco Giants,-130,105,1.77,2.05,2026-04-16 16:40:00+00:00,0.0,/baseball-odds/usa-mlb/cincinnati-san-francisco-2026-04-16/1152998
824614,2026-04-16,Chicago White Sox,Tampa Bay Rays,105,-132,2.05,1.76,2026-04-16 18:10:00+00:00,0.0,/baseball-odds/usa-mlb/white-sox-tampa-bay-2026-04-16/1153002
822752,2026-04-17,Washington Nationals,San Francisco Giants,121,-149,2.21,1.67,2026-04-17 22:45:00+00:00,0.0,/baseball-odds/usa-mlb/washington-san-francisco-2026-04-18/1153011
823152,2026-04-17,Seattle Mariners,Texas Rangers,-141,108,1.71,2.08,2026-04-18 01:40:00+00:00,0.0,/baseball-odds/usa-mlb/seattle-texas-2026-04-18/1153021
823397,2026-04-17,Pittsburgh Pirates,Tampa Bay Rays,-122,103,1.82,2.03,2026-04-17 22:45:00+00:00,0.0,/baseball-odds/usa-mlb/pittsburgh-tampa-bay-2026-04-18/1153010
823476,2026-04-17,Philadelphia Phillies,Atlanta Braves,-109,-119,1.92,1.84,2026-04-17 22:40:00+00:00,0.0,/baseball-odds/usa-mlb/philadelphia-atlanta-2026-04-18/1153009
823559,2026-04-17,New York Yankees,Kansas City Royals,-182,140,1.55,2.4,2026-04-17 23:05:00+00:00,0.0,/baseball-odds/usa-mlb/ny-yankees-kansas-city-2026-04-18/1153012
823720,2026-04-17,Minnesota Twins,Cincinnati Reds,-172,136,1.58,2.36,2026-04-18 00:10:00+00:00,0.0,/baseball-odds/usa-mlb/minnesota-cincinnati-2026-04-18/1153016
823883,2026-04-17,Miami Marlins,Milwaukee Brewers,-114,-109,1.88,1.92,2026-04-17 23:10:00+00:00,0.0,/baseball-odds/usa-mlb/miami-milwaukee-2026-04-18/1153013
824048,2026-04-17,Los Angeles Angels,San Diego Padres,-130,105,1.77,2.05,2026-04-18 01:38:00+00:00,0.0,/baseball-odds/usa-mlb/la-angels-san-diego-2026-04-18/1153018
824207,2026-04-17,Houston Astros,St. Louis Cardinals,-130,-101,1.77,1.99,2026-04-18 00:10:00+00:00,0.0,/baseball-odds/usa-mlb/houston-st-louis-2026-04-18/1153015
824373,2026-04-17,Colorado Rockies,Los Angeles Dodgers,238,-333,3.38,1.3,2026-04-18 00:40:00+00:00,0.0,/baseball-odds/usa-mlb/colorado-la-dodgers-2026-04-18/1153017
824454,2026-04-17,Cleveland Guardians,Baltimore Orioles,-137,111,1.73,2.11,2026-04-17 22:10:00+00:00,0.0,/baseball-odds/usa-mlb/cleveland-baltimore-2026-04-18/1153008
824693,2026-04-17,Chicago Cubs,New York Mets,-154,124,1.65,2.24,2026-04-17 18:20:00+00:00,0.0,/baseball-odds/usa-mlb/cubs-ny-mets-2026-04-17/1153007
824778,2026-04-17,Boston Red Sox,Detroit Tigers,-128,104,1.78,2.04,2026-04-17 23:15:00+00:00,0.0,/baseball-odds/usa-mlb/boston-detroit-2026-04-18/1153014
825019,2026-04-17,Athletics,Chicago White Sox,-161,130,1.62,2.3,2026-04-18 01:40:00+00:00,0.0,/baseball-odds/usa-mlb/athletics-white-sox-2026-04-18/1153019
825101,2026-04-17,Arizona Diamondbacks,Toronto Blue Jays,-149,117,1.67,2.17,2026-04-18 01:40:00+00:00,0.0,/baseball-odds/usa-mlb/arizona-toronto-2026-04-18/1153020
822751,2026-04-18,Washington Nationals,San Francisco Giants,-109,-114,1.92,1.88,2026-04-18 20:05:00+00:00,0.0,/baseball-odds/usa-mlb/washington-san-francisco-2026-04-18/1153026
823151,2026-04-18,Seattle Mariners,Texas Rangers,-145,111,1.69,2.11,2026-04-18 23:15:00+00:00,0.0,/baseball-odds/usa-mlb/seattle-texas-2026-04-19/1153032
823474,2026-04-18,Philadelphia Phillies,Atlanta Braves,-128,-102,1.78,1.98,2026-04-18 23:15:00+00:00,0.0,/baseball-odds/usa-mlb/philadelphia-atlanta-2026-04-19/1153033
823558,2026-04-18,New York Yankees,Kansas City Royals,-175,131,1.57,2.31,2026-04-18 17:35:00+00:00,0.0,/baseball-odds/usa-mlb/ny-yankees-kansas-city-2026-04-18/1153022
823721,2026-04-18,Minnesota Twins,Cincinnati Reds,-141,107,1.71,2.07,2026-04-18 18:10:00+00:00,0.0,/baseball-odds/usa-mlb/minnesota-cincinnati-2026-04-18/1153023
823882,2026-04-18,Miami Marlins,Milwaukee Brewers,-111,-111,1.9,1.9,2026-04-18 20:10:00+00:00,0.0,/baseball-odds/usa-mlb/miami-milwaukee-2026-04-18/1153029
824049,2026-04-18,Los Angeles Angels,San Diego Padres,-110,-112,1.91,1.89,2026-04-19 01:38:00+00:00,0.0,/baseball-odds/usa-mlb/la-angels-san-diego-2026-04-19/1153036
824206,2026-04-18,Houston Astros,St. Louis Cardinals,-147,111,1.68,2.11,2026-04-18 23:10:00+00:00,0.0,/baseball-odds/usa-mlb/houston-st-louis-2026-04-19/1153031
824372,2026-04-18,Colorado Rockies,Los Angeles Dodgers,220,-312,3.2,1.32,2026-04-19 00:10:00+00:00,0.0,/baseball-odds/usa-mlb/colorado-la-dodgers-2026-04-19/1153034
824451,2026-04-18,Cleveland Guardians,Baltimore Orioles,-141,114,1.71,2.14,2026-04-18 22:10:00+00:00,0.0,/baseball-odds/usa-mlb/cleveland-baltimore-2026-04-19/1153030
824694,2026-04-18,Chicago Cubs,New York Mets,-119,-102,1.84,1.98,2026-04-18 18:20:00+00:00,0.0,/baseball-odds/usa-mlb/cubs-ny-mets-2026-04-18/1153024
824775,2026-04-18,Boston Red Sox,Detroit Tigers,122,-152,2.22,1.66,2026-04-18 20:10:00+00:00,0.0,/baseball-odds/usa-mlb/boston-detroit-2026-04-18/1153028
825020,2026-04-18,Athletics,Chicago White Sox,-167,134,1.6,2.34,2026-04-18 20:05:00+00:00,0.0,/baseball-odds/usa-mlb/athletics-white-sox-2026-04-18/1153025
825098,2026-04-18,Arizona Diamondbacks,Toronto Blue Jays,-161,121,1.62,2.21,2026-04-19 00:10:00+00:00,0.0,/baseball-odds/usa-mlb/arizona-toronto-2026-04-19/1153035
822750,2026-04-19,Washington Nationals,San Francisco Giants,112,-143,2.12,1.7,2026-04-19 17:35:00+00:00,0.0,/baseball-odds/usa-mlb/washington-san-francisco-2026-04-19/1153040
823150,2026-04-19,Seattle Mariners,Texas Rangers,-147,112,1.68,2.12,2026-04-19 20:10:00+00:00,0.0,/baseball-odds/usa-mlb/seattle-texas-2026-04-19/1153050
823393,2026-04-19,Pittsburgh Pirates,Tampa Bay Rays,-115,-108,1.87,1.93,2026-04-19 17:35:00+00:00,0.0,/baseball-odds/usa-mlb/pittsburgh-tampa-bay-2026-04-19/1153037
823475,2026-04-19,Philadelphia Phillies,Atlanta Braves,-108,-120,1.93,1.83,2026-04-19 23:20:00+00:00,0.0,/baseball-odds/usa-mlb/philadelphia-atlanta-2026-04-20/1153051
823556,2026-04-19,New York Yankees,Kansas City Royals,-161,121,1.62,2.21,2026-04-19 17:35:00+00:00,0.0,/baseball-odds/usa-mlb/ny-yankees-kansas-city-2026-04-19/1153038
823718,2026-04-19,Minnesota Twins,Cincinnati Reds,-118,-110,1.85,1.91,2026-04-19 18:10:00+00:00,0.0,/baseball-odds/usa-mlb/minnesota-cincinnati-2026-04-19/1153044
823881,2026-04-19,Miami Marlins,Milwaukee Brewers,-118,-109,1.85,1.92,2026-04-19 17:40:00+00:00,0.0,/baseball-odds/usa-mlb/miami-milwaukee-2026-04-19/1153041
824047,2026-04-19,Los Angeles Angels,San Diego Padres,116,-154,2.16,1.65,2026-04-19 20:07:00+00:00,0.0,/baseball-odds/usa-mlb/la-angels-san-diego-2026-04-19/1153048
824205,2026-04-19,Houston Astros,St. Louis Cardinals,-141,107,1.71,2.07,2026-04-19 18:10:00+00:00,0.0,/baseball-odds/usa-mlb/houston-st-louis-2026-04-19/1153043
824371,2026-04-19,Colorado Rockies,Los Angeles Dodgers,145,-182,2.45,1.55,2026-04-19 19:10:00+00:00,0.0,/baseball-odds/usa-mlb/colorado-la-dodgers-2026-04-19/1153046
824452,2026-04-19,Cleveland Guardians,Baltimore Orioles,-127,101,1.79,2.01,2026-04-19 17:40:00+00:00,0.0,/baseball-odds/usa-mlb/cleveland-baltimore-2026-04-19/1153042
824691,2026-04-19,Chicago Cubs,New York Mets,-149,112,1.67,2.12,2026-04-19 18:20:00+00:00,0.0,/baseball-odds/usa-mlb/cubs-ny-mets-2026-04-19/1153045
824777,2026-04-19,Boston Red Sox,Detroit Tigers,-156,119,1.64,2.19,2026-04-19 20:35:00+00:00,0.0,/baseball-odds/usa-mlb/boston-detroit-2026-04-19/1156243
825018,2026-04-19,Athletics,Chicago White Sox,-167,134,1.6,2.34,2026-04-19 20:05:00+00:00,0.0,/baseball-odds/usa-mlb/athletics-white-sox-2026-04-19/1153047
825100,2026-04-19,Arizona Diamondbacks,Toronto Blue Jays,-109,-119,1.92,1.84,2026-04-19 20:10:00+00:00,0.0,/baseball-odds/usa-mlb/arizona-toronto-2026-04-19/1153049
822749,2026-04-20,Washington Nationals,Atlanta Braves,126,-167,2.26,1.6,2026-04-20 22:45:00+00:00,0.0,/baseball-odds/usa-mlb/washington-atlanta-2026-04-21/1153056
822994,2026-04-20,Tampa Bay Rays,Cincinnati Reds,-125,101,1.8,2.01,2026-04-20 22:40:00+00:00,0.0,/baseball-odds/usa-mlb/tampa-bay-cincinnati-2026-04-21/1153055
823149,2026-04-20,Seattle Mariners,Athletics,-143,115,1.7,2.15,2026-04-21 01:40:00+00:00,0.0,/baseball-odds/usa-mlb/seattle-athletics-2026-04-21/1153061
823879,2026-04-20,Miami Marlins,St. Louis Cardinals,-143,114,1.7,2.14,2026-04-20 22:40:00+00:00,0.0,/baseball-odds/usa-mlb/miami-st-louis-2026-04-21/1153054
824046,2026-04-20,Los Angeles Angels,Toronto Blue Jays,-110,-118,1.91,1.85,2026-04-21 01:38:00+00:00,0.0,/baseball-odds/usa-mlb/la-angels-toronto-2026-04-21/1153060
824125,2026-04-20,Kansas City Royals,Baltimore Orioles,-108,-119,1.93,1.84,2026-04-20 23:40:00+00:00,0.0,/baseball-odds/usa-mlb/kansas-city-baltimore-2026-04-21/1153057
824370,2026-04-20,Colorado Rockies,Los Angeles Dodgers,177,-227,2.77,1.44,2026-04-21 00:40:00+00:00,0.0,/baseball-odds/usa-mlb/colorado-la-dodgers-2026-04-21/1153059
824450,2026-04-20,Cleveland Guardians,Houston Astros,-143,112,1.7,2.12,2026-04-20 22:10:00+00:00,0.0,/baseball-odds/usa-mlb/cleveland-houston-2026-04-21/1153053
824692,2026-04-20,Chicago Cubs,Philadelphia Phillies,-119,-109,1.84,1.92,2026-04-20 23:40:00+00:00,0.0,/baseball-odds/usa-mlb/cubs-philadelphia-2026-04-21/1153058
824776,2026-04-20,Boston Red Sox,Detroit Tigers,-143,109,1.7,2.09,2026-04-20 15:10:00+00:00,0.0,/baseball-odds/usa-mlb/boston-detroit-2026-04-20/1153052
822747,2026-04-21,Washington Nationals,Atlanta Braves,123,-164,2.23,1.61,2026-04-21 22:45:00+00:00,0.0,/baseball-odds/usa-mlb/washington-atlanta-2026-04-22/1153066
822914,2026-04-21,Texas Rangers,Pittsburgh Pirates,-119,-108,1.84,1.93,2026-04-22 00:05:00+00:00,0.0,/baseball-odds/usa-mlb/texas-pittsburgh-2026-04-22/1153071
822995,2026-04-21,Tampa Bay Rays,Cincinnati Reds,-108,-115,1.93,1.87,2026-04-21 22:40:00+00:00,0.0,/baseball-odds/usa-mlb/tampa-bay-cincinnati-2026-04-22/1153065
823148,2026-04-21,Seattle Mariners,Athletics,-167,134,1.6,2.34,2026-04-22 01:40:00+00:00,0.0,/baseball-odds/usa-mlb/seattle-athletics-2026-04-22/1153074
823236,2026-04-21,San Francisco Giants,Los Angeles Dodgers,138,-185,2.38,1.54,2026-04-22 01:45:00+00:00,0.0,/baseball-odds/usa-mlb/san-francisco-la-dodgers-2026-04-22/1153076
823640,2026-04-21,New York Mets,Minnesota Twins,-167,134,1.6,2.34,2026-04-21 23:10:00+00:00,0.0,/baseball-odds/usa-mlb/ny-mets-minnesota-2026-04-22/1153068
823880,2026-04-21,Miami Marlins,St. Louis Cardinals,-125,-104,1.8,1.96,2026-04-21 22:40:00+00:00,0.0,/baseball-odds/usa-mlb/miami-st-louis-2026-04-22/1153063
824045,2026-04-21,Los Angeles Angels,Toronto Blue Jays,-116,-111,1.86,1.9,2026-04-22 01:38:00+00:00,0.0,/baseball-odds/usa-mlb/la-angels-toronto-2026-04-22/1153073
824127,2026-04-21,Kansas City Royals,Baltimore Orioles,-128,104,1.78,2.04,2026-04-21 23:40:00+00:00,0.0,/baseball-odds/usa-mlb/kansas-city-baltimore-2026-04-22/1153069
824290,2026-04-21,Detroit Tigers,Milwaukee Brewers,-114,-109,1.88,1.92,2026-04-21 22:40:00+00:00,0.0,/baseball-odds/usa-mlb/detroit-milwaukee-2026-04-22/1153064
824369,2026-04-21,Colorado Rockies,San Diego Padres,114,-147,2.14,1.68,2026-04-22 00:40:00+00:00,0.0,/baseball-odds/usa-mlb/colorado-san-diego-2026-04-22/1153072
824448,2026-04-21,Cleveland Guardians,Houston Astros,-156,126,1.64,2.26,2026-04-21 22:10:00+00:00,0.0,/baseball-odds/usa-mlb/cleveland-houston-2026-04-22/1153062
824690,2026-04-21,Chicago Cubs,Philadelphia Phillies,-132,101,1.76,2.01,2026-04-21 23:40:00+00:00,0.0,/baseball-odds/usa-mlb/cubs-philadelphia-2026-04-22/1153070
824773,2026-04-21,Boston Red Sox,New York Yankees,-130,104,1.77,2.04,2026-04-21 22:45:00+00:00,0.0,/baseball-odds/usa-mlb/boston-ny-yankees-2026-04-22/1153067
825099,2026-04-21,Arizona Diamondbacks,Chicago White Sox,-154,114,1.65,2.14,2026-04-22 01:40:00+00:00,0.0,/baseball-odds/usa-mlb/arizona-white-sox-2026-04-22/1153075
822748,2026-04-22,Washington Nationals,Atlanta Braves,131,-169,2.31,1.59,2026-04-22 22:45:00+00:00,0.0,/baseball-odds/usa-mlb/washington-atlanta-2026-04-23/1153085
822913,2026-04-22,Texas Rangers,Pittsburgh Pirates,-109,-114,1.92,1.88,2026-04-23 00:05:00+00:00,0.0,/baseball-odds/usa-mlb/texas-pittsburgh-2026-04-23/1153088
822993,2026-04-22,Tampa Bay Rays,Cincinnati Reds,-145,115,1.69,2.15,2026-04-22 17:10:00+00:00,0.0,/baseball-odds/usa-mlb/tampa-bay-cincinnati-2026-04-22/1153078
823147,2026-04-22,Seattle Mariners,Athletics,-189,150,1.53,2.5,2026-04-22 20:10:00+00:00,0.0,/baseball-odds/usa-mlb/seattle-athletics-2026-04-22/1153082
823231,2026-04-22,San Francisco Giants,Los Angeles Dodgers,165,-213,2.65,1.47,2026-04-23 01:45:00+00:00,0.0,/baseball-odds/usa-mlb/san-francisco-la-dodgers-2026-04-23/1153091
823641,2026-04-22,New York Mets,Minnesota Twins,-167,128,1.6,2.28,2026-04-22 23:10:00+00:00,0.0,/baseball-odds/usa-mlb/ny-mets-minnesota-2026-04-23/1153086
823878,2026-04-22,Miami Marlins,St. Louis Cardinals,-143,114,1.7,2.14,2026-04-22 16:10:00+00:00,0.0,/baseball-odds/usa-mlb/miami-st-louis-2026-04-22/1153077
824044,2026-04-22,Los Angeles Angels,Toronto Blue Jays,-156,121,1.64,2.21,2026-04-22 19:07:00+00:00,0.0,/baseball-odds/usa-mlb/la-angels-toronto-2026-04-22/1153081
824123,2026-04-22,Kansas City Royals,Baltimore Orioles,-135,109,1.74,2.09,2026-04-22 18:10:00+00:00,0.0,/baseball-odds/usa-mlb/kansas-city-baltimore-2026-04-22/1153080
824286,2026-04-22,Detroit Tigers,Milwaukee Brewers,-139,112,1.72,2.12,2026-04-22 22:40:00+00:00,0.0,/baseball-odds/usa-mlb/detroit-milwaukee-2026-04-23/1153083
824367,2026-04-22,Colorado Rockies,San Diego Padres,128,-156,2.28,1.64,2026-04-23 00:40:00+00:00,0.0,/baseball-odds/usa-mlb/colorado-san-diego-2026-04-23/1153089
824449,2026-04-22,Cleveland Guardians,Houston Astros,-172,126,1.58,2.26,2026-04-22 17:10:00+00:00,0.0,/baseball-odds/usa-mlb/cleveland-houston-2026-04-22/1153079
824688,2026-04-22,Chicago Cubs,Philadelphia Phillies,-192,149,1.52,2.49,2026-04-22 23:40:00+00:00,0.0,/baseball-odds/usa-mlb/cubs-philadelphia-2026-04-23/1153087
824774,2026-04-22,Boston Red Sox,New York Yankees,105,-137,2.05,1.73,2026-04-22 22:45:00+00:00,0.0,/baseball-odds/usa-mlb/boston-ny-yankees-2026-04-23/1153084
825097,2026-04-22,Arizona Diamondbacks,Chicago White Sox,-156,126,1.64,2.26,2026-04-23 01:40:00+00:00,0.0,/baseball-odds/usa-mlb/arizona-white-sox-2026-04-23/1153090
822745,2026-04-23,Washington Nationals,Atlanta Braves,115,-143,2.15,1.7,2026-04-23 17:05:00+00:00,0.0,/baseball-odds/usa-mlb/washington-atlanta-2026-04-23/1153092
822912,2026-04-23,Texas Rangers,Pittsburgh Pirates,-159,128,1.63,2.28,2026-04-24 00:05:00+00:00,0.0,/baseball-odds/usa-mlb/texas-pittsburgh-2026-04-24/1153100
823233,2026-04-23,San Francisco Giants,Los Angeles Dodgers,126,-156,2.26,1.64,2026-04-23 19:45:00+00:00,0.0,/baseball-odds/usa-mlb/san-francisco-la-dodgers-2026-04-23/1153097
823639,2026-04-23,New York Mets,Minnesota Twins,-120,-111,1.83,1.9,2026-04-23 23:10:00+00:00,0.0,/baseball-odds/usa-mlb/ny-mets-minnesota-2026-04-24/1153099
824288,2026-04-23,Detroit Tigers,Milwaukee Brewers,-244,191,1.41,2.91,2026-04-23 17:10:00+00:00,0.0,/baseball-odds/usa-mlb/detroit-milwaukee-2026-04-23/1153093
824368,2026-04-23,Colorado Rockies,San Diego Padres,120,-159,2.2,1.63,2026-04-23 19:10:00+00:00,0.0,/baseball-odds/usa-mlb/colorado-san-diego-2026-04-23/1153095
824689,2026-04-23,Chicago Cubs,Philadelphia Phillies,-110,-112,1.91,1.89,2026-04-23 18:20:00+00:00,0.0,/baseball-odds/usa-mlb/cubs-philadelphia-2026-04-23/1153094
824770,2026-04-23,Boston Red Sox,New York Yankees,119,-156,2.19,1.64,2026-04-23 22:10:00+00:00,0.0,/baseball-odds/usa-mlb/boston-ny-yankees-2026-04-24/1153098
825096,2026-04-23,Arizona Diamondbacks,Chicago White Sox,-161,130,1.62,2.3,2026-04-23 19:40:00+00:00,0.0,/baseball-odds/usa-mlb/arizona-white-sox-2026-04-23/1153096
822827,2026-04-24,Toronto Blue Jays,Cleveland Guardians,101,-125,2.01,1.8,2026-04-24 23:07:00+00:00,0.0,/baseball-odds/usa-mlb/toronto-cleveland-2026-04-25/1153103
822909,2026-04-24,Texas Rangers,Athletics,-137,111,1.73,2.11,2026-04-25 00:05:00+00:00,0.0,/baseball-odds/usa-mlb/texas-athletics-2026-04-25/1153110
822992,2026-04-24,Tampa Bay Rays,Minnesota Twins,-145,111,1.69,2.11,2026-04-24 23:10:00+00:00,0.0,/baseball-odds/usa-mlb/tampa-bay-minnesota-2026-04-25/1153104
823069,2026-04-24,St. Louis Cardinals,Seattle Mariners,116,-154,2.16,1.65,2026-04-25 00:15:00+00:00,0.0,/baseball-odds/usa-mlb/st-louis-seattle-2026-04-25/1153112
823232,2026-04-24,San Francisco Giants,Miami Marlins,-109,-114,1.92,1.88,2026-04-25 02:15:00+00:00,0.0,/baseball-odds/usa-mlb/san-francisco-miami-2026-04-25/1153113
823638,2026-04-24,New York Mets,Colorado Rockies,-217,158,1.46,2.58,2026-04-24 23:10:00+00:00,0.0,/baseball-odds/usa-mlb/ny-mets-colorado-2026-04-25/1153105
823800,2026-04-24,Milwaukee Brewers,Pittsburgh Pirates,-105,-116,1.95,1.86,2026-04-24 23:40:00+00:00,0.0,/baseball-odds/usa-mlb/milwaukee-pittsburgh-2026-04-25/1153109
823962,2026-04-24,Los Angeles Dodgers,Chicago Cubs,-156,126,1.64,2.26,2026-04-25 02:15:00+00:00,0.0,/baseball-odds/usa-mlb/la-dodgers-cubs-2026-04-25/1153114
824124,2026-04-24,Kansas City Royals,Los Angeles Angels,-111,-111,1.9,1.9,2026-04-24 23:40:00+00:00,0.0,/baseball-odds/usa-mlb/kansas-city-la-angels-2026-04-25/1153107
824204,2026-04-24,Houston Astros,New York Yankees,124,-154,2.24,1.65,2026-04-25 00:10:00+00:00,0.0,/baseball-odds/usa-mlb/houston-ny-yankees-2026-04-25/1153111
824529,2026-04-24,Cincinnati Reds,Detroit Tigers,-102,-120,1.98,1.83,2026-04-24 22:40:00+00:00,0.0,/baseball-odds/usa-mlb/cincinnati-detroit-2026-04-25/1153101
824611,2026-04-24,Chicago White Sox,Washington Nationals,-132,104,1.76,2.04,2026-04-24 23:40:00+00:00,0.0,/baseball-odds/usa-mlb/white-sox-washington-2026-04-25/1153108
824854,2026-04-24,Baltimore Orioles,Boston Red Sox,-125,101,1.8,2.01,2026-04-24 23:05:00+00:00,0.0,/baseball-odds/usa-mlb/baltimore-boston-2026-04-25/1153102
824932,2026-04-24,Atlanta Braves,Philadelphia Phillies,-169,128,1.59,2.28,2026-04-24 23:15:00+00:00,0.0,/baseball-odds/usa-mlb/atlanta-philadelphia-2026-04-25/1153106
822826,2026-04-25,Toronto Blue Jays,Cleveland Guardians,-152,122,1.66,2.22,2026-04-25 19:07:00+00:00,0.0,/baseball-odds/usa-mlb/toronto-cleveland-2026-04-25/1153116
822910,2026-04-25,Texas Rangers,Athletics,-130,105,1.77,2.05,2026-04-25 23:05:00+00:00,0.0,/baseball-odds/usa-mlb/texas-athletics-2026-04-26/1153123
822989,2026-04-25,Tampa Bay Rays,Minnesota Twins,-141,107,1.71,2.07,2026-04-25 20:10:00+00:00,0.0,/baseball-odds/usa-mlb/tampa-bay-minnesota-2026-04-25/1153119
823070,2026-04-25,St. Louis Cardinals,Seattle Mariners,124,-159,2.24,1.63,2026-04-25 18:15:00+00:00,0.0,/baseball-odds/usa-mlb/st-louis-seattle-2026-04-25/1153115
823229,2026-04-25,San Francisco Giants,Miami Marlins,-112,-110,1.89,1.91,2026-04-25 20:05:00+00:00,0.0,/baseball-odds/usa-mlb/san-francisco-miami-2026-04-25/1153117
823799,2026-04-25,Milwaukee Brewers,Pittsburgh Pirates,-152,122,1.66,2.22,2026-04-25 23:10:00+00:00,0.0,/baseball-odds/usa-mlb/milwaukee-pittsburgh-2026-04-26/1153126
823960,2026-04-25,Los Angeles Dodgers,Chicago Cubs,-132,102,1.76,2.02,2026-04-25 23:15:00+00:00,0.0,/baseball-odds/usa-mlb/la-dodgers-cubs-2026-04-26/1153128
824121,2026-04-25,Kansas City Royals,Los Angeles Angels,-147,115,1.68,2.15,2026-04-25 23:10:00+00:00,0.0,/baseball-odds/usa-mlb/kansas-city-la-angels-2026-04-26/1153124
824203,2026-04-25,Houston Astros,New York Yankees,122,-152,2.22,1.66,2026-04-25 23:10:00+00:00,0.0,/baseball-odds/usa-mlb/houston-ny-yankees-2026-04-26/1153125
824527,2026-04-25,Cincinnati Reds,Detroit Tigers,-109,-114,1.92,1.88,2026-04-25 23:15:00+00:00,0.0,/baseball-odds/usa-mlb/cincinnati-detroit-2026-04-26/1153129
824613,2026-04-25,Chicago White Sox,Washington Nationals,-152,114,1.66,2.14,2026-04-25 20:10:00+00:00,0.0,/baseball-odds/usa-mlb/white-sox-washington-2026-04-25/1153121
824851,2026-04-25,Baltimore Orioles,Boston Red Sox,-133,102,1.75,2.02,2026-04-25 16:05:00+00:00,0.0,/baseball-odds/usa-mlb/baltimore-boston-2026-04-25/1156246
824933,2026-04-25,Atlanta Braves,Philadelphia Phillies,-132,106,1.76,2.06,2026-04-25 23:15:00+00:00,0.0,/baseball-odds/usa-mlb/atlanta-philadelphia-2026-04-26/1153127
825093,2026-04-25,Arizona Diamondbacks,San Diego Padres,-120,-103,1.83,1.97,2026-04-25 22:05:00+00:00,0.0,/baseball-odds/usa-mlb/arizona-san-diego-2026-04-26/1153122
822824,2026-04-26,Toronto Blue Jays,Cleveland Guardians,-133,108,1.75,2.08,2026-04-26 17:37:00+00:00,0.0,/baseball-odds/usa-mlb/toronto-cleveland-2026-04-26/1153132
822911,2026-04-26,Texas Rangers,Athletics,-116,-106,1.86,1.94,2026-04-26 18:35:00+00:00,0.0,/baseball-odds/usa-mlb/texas-athletics-2026-04-26/1153140
822991,2026-04-26,Tampa Bay Rays,Minnesota Twins,-152,120,1.66,2.2,2026-04-26 17:40:00+00:00,0.0,/baseball-odds/usa-mlb/tampa-bay-minnesota-2026-04-26/1153134
823068,2026-04-26,St. Louis Cardinals,Seattle Mariners,106,-139,2.06,1.72,2026-04-26 18:15:00+00:00,0.0,/baseball-odds/usa-mlb/st-louis-seattle-2026-04-26/1153139
823230,2026-04-26,San Francisco Giants,Miami Marlins,-132,101,1.76,2.01,2026-04-26 20:05:00+00:00,0.0,/baseball-odds/usa-mlb/san-francisco-miami-2026-04-26/1153141
823635,2026-04-26,New York Mets,Colorado Rockies,-270,192,1.37,2.92,2026-04-26 17:40:00+00:00,0.0,/baseball-odds/usa-mlb/ny-mets-colorado-2026-04-26/1153135
823637,2026-04-26,New York Mets,Colorado Rockies,-270,192,1.37,2.92,2026-04-26 17:40:00+00:00,0.08333333333333333,/baseball-odds/usa-mlb/ny-mets-colorado-2026-04-26/1153135
823797,2026-04-26,Milwaukee Brewers,Pittsburgh Pirates,-127,102,1.79,2.02,2026-04-26 18:10:00+00:00,0.0,/baseball-odds/usa-mlb/milwaukee-pittsburgh-2026-04-26/1153137
823959,2026-04-26,Los Angeles Dodgers,Chicago Cubs,-123,100,1.81,2.0,2026-04-26 20:10:00+00:00,0.0,/baseball-odds/usa-mlb/la-dodgers-cubs-2026-04-26/1153143
824202,2026-04-26,Houston Astros,New York Yankees,106,-132,2.06,1.76,2026-04-26 18:10:00+00:00,0.0,/baseball-odds/usa-mlb/houston-ny-yankees-2026-04-26/1153138
824528,2026-04-26,Cincinnati Reds,Detroit Tigers,-116,-110,1.86,1.91,2026-04-26 17:40:00+00:00,0.0,/baseball-odds/usa-mlb/cincinnati-detroit-2026-04-26/1153133
824612,2026-04-26,Chicago White Sox,Washington Nationals,-127,-102,1.79,1.98,2026-04-26 18:10:00+00:00,0.0,/baseball-odds/usa-mlb/white-sox-washington-2026-04-26/1153136
824852,2026-04-26,Baltimore Orioles,Boston Red Sox,-145,117,1.69,2.17,2026-04-26 17:35:00+00:00,0.0,/baseball-odds/usa-mlb/baltimore-boston-2026-04-26/1153131
824934,2026-04-26,Atlanta Braves,Philadelphia Phillies,-213,163,1.47,2.63,2026-04-26 17:35:00+00:00,0.0,/baseball-odds/usa-mlb/atlanta-philadelphia-2026-04-26/1153130
825094,2026-04-26,Arizona Diamondbacks,San Diego Padres,107,-135,2.07,1.74,2026-04-26 20:05:00+00:00,0.0,/baseball-odds/usa-mlb/arizona-san-diego-2026-04-26/1153142
822825,2026-04-27,Toronto Blue Jays,Boston Red Sox,-147,115,1.68,2.15,2026-04-27 23:07:00+00:00,0.0,/baseball-odds/usa-mlb/toronto-boston-2026-04-28/1153147
822906,2026-04-27,Texas Rangers,New York Yankees,128,-169,2.28,1.59,2026-04-28 00:05:00+00:00,0.0,/baseball-odds/usa-mlb/texas-ny-yankees-2026-04-28/1153150
823311,2026-04-27,San Diego Padres,Chicago Cubs,-122,-101,1.82,1.99,2026-04-28 01:40:00+00:00,0.0,/baseball-odds/usa-mlb/san-diego-cubs-2026-04-28/1153151
823395,2026-04-27,Pittsburgh Pirates,St. Louis Cardinals,-123,100,1.81,2.0,2026-04-27 22:40:00+00:00,0.0,/baseball-odds/usa-mlb/pittsburgh-st-louis-2026-04-28/1153146
823719,2026-04-27,Minnesota Twins,Seattle Mariners,105,-132,2.05,1.76,2026-04-27 23:40:00+00:00,0.0,/baseball-odds/usa-mlb/minnesota-seattle-2026-04-28/1153148
823961,2026-04-27,Los Angeles Dodgers,Miami Marlins,-303,232,1.33,3.32,2026-04-28 02:10:00+00:00,0.0,/baseball-odds/usa-mlb/la-dodgers-miami-2026-04-28/1153152
824446,2026-04-27,Cleveland Guardians,Tampa Bay Rays,-154,111,1.65,2.11,2026-04-27 22:10:00+00:00,0.0,/baseball-odds/usa-mlb/cleveland-tampa-bay-2026-04-28/1153145
824609,2026-04-27,Chicago White Sox,Los Angeles Angels,-120,-108,1.83,1.93,2026-04-27 23:40:00+00:00,0.0,/baseball-odds/usa-mlb/white-sox-la-angels-2026-04-28/1153149
822823,2026-04-28,Toronto Blue Jays,Boston Red Sox,-120,-108,1.83,1.93,2026-04-28 23:07:00+00:00,0.0,/baseball-odds/usa-mlb/toronto-boston-2026-04-29/1153158
822908,2026-04-28,Texas Rangers,New York Yankees,-104,-125,1.96,1.8,2026-04-29 00:05:00+00:00,0.0,/baseball-odds/usa-mlb/texas-ny-yankees-2026-04-29/1153164
823310,2026-04-28,San Diego Padres,Chicago Cubs,100,-123,2.0,1.81,2026-04-29 01:40:00+00:00,0.0,/baseball-odds/usa-mlb/san-diego-cubs-2026-04-29/1153165
823390,2026-04-28,Pittsburgh Pirates,St. Louis Cardinals,-164,132,1.61,2.32,2026-04-28 22:40:00+00:00,0.0,/baseball-odds/usa-mlb/pittsburgh-st-louis-2026-04-29/1153157
823473,2026-04-28,Philadelphia Phillies,San Francisco Giants,-164,123,1.61,2.23,2026-04-28 22:40:00+00:00,0.0,/baseball-odds/usa-mlb/philadelphia-san-francisco-2026-04-29/1153156
823636,2026-04-28,New York Mets,Washington Nationals,-189,142,1.53,2.42,2026-04-28 23:10:00+00:00,0.0,/baseball-odds/usa-mlb/ny-mets-washington-2026-04-29/1153159
823716,2026-04-28,Minnesota Twins,Seattle Mariners,101,-125,2.01,1.8,2026-04-28 23:40:00+00:00,0.0,/baseball-odds/usa-mlb/minnesota-seattle-2026-04-29/1153162
823798,2026-04-28,Milwaukee Brewers,Arizona Diamondbacks,-135,109,1.74,2.09,2026-04-28 23:40:00+00:00,0.0,/baseball-odds/usa-mlb/milwaukee-arizona-2026-04-29/1153161
823956,2026-04-28,Los Angeles Dodgers,Miami Marlins,-286,220,1.35,3.2,2026-04-29 02:10:00+00:00,0.0,/baseball-odds/usa-mlb/la-dodgers-miami-2026-04-29/1153167
824447,2026-04-28,Cleveland Guardians,Tampa Bay Rays,-135,103,1.74,2.03,2026-04-28 22:10:00+00:00,0.0,/baseball-odds/usa-mlb/cleveland-tampa-bay-2026-04-29/1153153
824526,2026-04-28,Cincinnati Reds,Colorado Rockies,-213,162,1.47,2.62,2026-04-28 22:40:00+00:00,0.0,/baseball-odds/usa-mlb/cincinnati-colorado-2026-04-29/1153155
824610,2026-04-28,Chicago White Sox,Los Angeles Angels,105,-137,2.05,1.73,2026-04-28 23:40:00+00:00,0.0,/baseball-odds/usa-mlb/white-sox-la-angels-2026-04-29/1153163
824849,2026-04-28,Baltimore Orioles,Houston Astros,-139,112,1.72,2.12,2026-04-28 22:35:00+00:00,0.0,/baseball-odds/usa-mlb/baltimore-houston-2026-04-29/1153154
824931,2026-04-28,Atlanta Braves,Detroit Tigers,-128,104,1.78,2.04,2026-04-28 23:15:00+00:00,0.0,/baseball-odds/usa-mlb/atlanta-detroit-2026-04-29/1153160
825017,2026-04-28,Athletics,Kansas City Royals,-110,-112,1.91,1.89,2026-04-29 01:40:00+00:00,0.0,/baseball-odds/usa-mlb/athletics-kansas-city-2026-04-29/1153166
822821,2026-04-29,Toronto Blue Jays,Boston Red Sox,-128,-109,1.78,1.92,2026-04-29 19:07:00+00:00,0.0,/baseball-odds/usa-mlb/toronto-boston-2026-04-29/1153172
822907,2026-04-29,Texas Rangers,New York Yankees,-105,-123,1.95,1.81,2026-04-29 18:35:00+00:00,0.0,/baseball-odds/usa-mlb/texas-ny-yankees-2026-04-29/1153171
823312,2026-04-29,San Diego Padres,Chicago Cubs,-119,-106,1.84,1.94,2026-04-29 20:10:00+00:00,0.0,/baseball-odds/usa-mlb/san-diego-cubs-2026-04-29/1153174
823392,2026-04-29,Pittsburgh Pirates,St. Louis Cardinals,-139,108,1.72,2.08,2026-04-29 22:40:00+00:00,0.0,/baseball-odds/usa-mlb/pittsburgh-st-louis-2026-04-30/1153176
823633,2026-04-29,New York Mets,Washington Nationals,-164,129,1.61,2.29,2026-04-29 23:10:00+00:00,0.0,/baseball-odds/usa-mlb/ny-mets-washington-2026-04-30/1153179
823717,2026-04-29,Minnesota Twins,Seattle Mariners,111,-137,2.11,1.73,2026-04-29 17:40:00+00:00,0.0,/baseball-odds/usa-mlb/minnesota-seattle-2026-04-29/1153170
823796,2026-04-29,Milwaukee Brewers,Arizona Diamondbacks,-137,106,1.73,2.06,2026-04-29 23:40:00+00:00,0.0,/baseball-odds/usa-mlb/milwaukee-arizona-2026-04-30/1153181
823958,2026-04-29,Los Angeles Dodgers,Miami Marlins,-278,188,1.36,2.88,2026-04-29 19:10:00+00:00,0.0,/baseball-odds/usa-mlb/la-dodgers-miami-2026-04-29/1153173
824445,2026-04-29,Cleveland Guardians,Tampa Bay Rays,-119,-109,1.84,1.92,2026-04-29 17:10:00+00:00,0.0,/baseball-odds/usa-mlb/cleveland-tampa-bay-2026-04-29/1153168
824525,2026-04-29,Cincinnati Reds,Colorado Rockies,-159,120,1.63,2.2,2026-04-29 22:40:00+00:00,0.0,/baseball-odds/usa-mlb/cincinnati-colorado-2026-04-30/1153178
824608,2026-04-29,Chicago White Sox,Los Angeles Angels,-106,-122,1.94,1.82,2026-04-29 17:10:00+00:00,0.0,/baseball-odds/usa-mlb/white-sox-la-angels-2026-04-29/1153169
824930,2026-04-29,Atlanta Braves,Detroit Tigers,117,-145,2.17,1.69,2026-04-29 23:15:00+00:00,0.0,/baseball-odds/usa-mlb/atlanta-detroit-2026-04-30/1153180
825015,2026-04-29,Athletics,Kansas City Royals,-122,-101,1.82,1.99,2026-04-30 01:40:00+00:00,0.0,/baseball-odds/usa-mlb/athletics-kansas-city-2026-04-30/1153182
823391,2026-04-30,Pittsburgh Pirates,St. Louis Cardinals,-270,195,1.37,2.95,2026-04-30 16:35:00+00:00,0.0,/baseball-odds/usa-mlb/pittsburgh-st-louis-2026-04-30/1153185
823471,2026-04-30,Philadelphia Phillies,San Francisco Giants,-159,120,1.63,2.2,2026-04-30 16:35:00+00:00,5.0,/baseball-odds/usa-mlb/philadelphia-san-francisco-2026-04-30/1156263
823472,2026-04-30,Philadelphia Phillies,San Francisco Giants,-159,120,1.63,2.2,2026-04-30 16:35:00+00:00,0.0,/baseball-odds/usa-mlb/philadelphia-san-francisco-2026-04-30/1156263
823634,2026-04-30,New York Mets,Washington Nationals,-200,159,1.5,2.59,2026-04-30 17:10:00+00:00,0.0,/baseball-odds/usa-mlb/ny-mets-washington-2026-04-30/1153188
823714,2026-04-30,Minnesota Twins,Toronto Blue Jays,112,-139,2.12,1.72,2026-04-30 23:40:00+00:00,0.0,/baseball-odds/usa-mlb/minnesota-toronto-2026-05-01/1153191
823795,2026-04-30,Milwaukee Brewers,Arizona Diamondbacks,-130,105,1.77,2.05,2026-04-30 17:40:00+00:00,0.0,/baseball-odds/usa-mlb/milwaukee-arizona-2026-04-30/1153189
824524,2026-04-30,Cincinnati Reds,Colorado Rockies,-167,128,1.6,2.28,2026-04-30 16:40:00+00:00,0.0,/baseball-odds/usa-mlb/cincinnati-colorado-2026-04-30/1153186
824848,2026-04-30,Baltimore Orioles,Houston Astros,-141,102,1.71,2.02,2026-04-30 16:35:00+00:00,0.0,/baseball-odds/usa-mlb/baltimore-houston-2026-04-30/1153184
824850,2026-04-30,Baltimore Orioles,Houston Astros,-141,102,1.71,2.02,2026-04-30 16:35:00+00:00,0.08333333333333333,/baseball-odds/usa-mlb/baltimore-houston-2026-04-30/1153184
824929,2026-04-30,Atlanta Braves,Detroit Tigers,-130,105,1.77,2.05,2026-04-30 16:15:00+00:00,0.0,/baseball-odds/usa-mlb/atlanta-detroit-2026-04-30/1153183
825016,2026-04-30,Athletics,Kansas City Royals,-130,105,1.77,2.05,2026-04-30 19:05:00+00:00,0.0,/baseball-odds/usa-mlb/athletics-kansas-city-2026-04-30/1153190
822990,2026-05-01,Tampa Bay Rays,San Francisco Giants,-147,112,1.68,2.12,2026-05-01 23:10:00+00:00,0.0,/baseball-odds/usa-mlb/tampa-bay-san-francisco-2026-05-02/1153196
823066,2026-05-01,St. Louis Cardinals,Los Angeles Dodgers,138,-172,2.38,1.58,2026-05-02 00:15:00+00:00,0.0,/baseball-odds/usa-mlb/st-louis-la-dodgers-2026-05-02/1153199
823557,2026-05-01,New York Yankees,Baltimore Orioles,-196,144,1.51,2.44,2026-05-01 23:05:00+00:00,0.0,/baseball-odds/usa-mlb/ny-yankees-baltimore-2026-05-02/1153194
823713,2026-05-01,Minnesota Twins,Toronto Blue Jays,-116,-111,1.86,1.9,2026-05-02 00:10:00+00:00,0.0,/baseball-odds/usa-mlb/minnesota-toronto-2026-05-02/1153198
823877,2026-05-01,Miami Marlins,Philadelphia Phillies,-110,-122,1.91,1.82,2026-05-01 23:10:00+00:00,0.0,/baseball-odds/usa-mlb/miami-philadelphia-2026-05-02/1153195
824041,2026-05-01,Los Angeles Angels,New York Mets,-106,-116,1.94,1.86,2026-05-02 01:38:00+00:00,0.0,/baseball-odds/usa-mlb/la-angels-ny-mets-2026-05-02/1153200
824287,2026-05-01,Detroit Tigers,Texas Rangers,-116,-106,1.86,1.94,2026-05-01 22:40:00+00:00,0.0,/baseball-odds/usa-mlb/detroit-texas-2026-05-02/1156254
824686,2026-05-01,Chicago Cubs,Arizona Diamondbacks,-161,130,1.62,2.3,2026-05-01 18:20:00+00:00,0.0,/baseball-odds/usa-mlb/cubs-arizona-2026-05-01/1153192
824772,2026-05-01,Boston Red Sox,Houston Astros,-123,-102,1.81,1.98,2026-05-01 23:10:00+00:00,0.0,/baseball-odds/usa-mlb/boston-houston-2026-05-02/1153197
825012,2026-05-01,Athletics,Cleveland Guardians,-106,-116,1.94,1.86,2026-05-02 01:40:00+00:00,0.0,/baseball-odds/usa-mlb/athletics-cleveland-2026-05-02/1153201
822746,2026-05-02,Washington Nationals,Milwaukee Brewers,109,-135,2.09,1.74,2026-05-02 20:05:00+00:00,0.0,/baseball-odds/usa-mlb/washington-milwaukee-2026-05-02/1153206
822988,2026-05-02,Tampa Bay Rays,San Francisco Giants,-112,-110,1.89,1.91,2026-05-02 22:10:00+00:00,0.0,/baseball-odds/usa-mlb/tampa-bay-san-francisco-2026-05-03/1153209
823067,2026-05-02,St. Louis Cardinals,Los Angeles Dodgers,111,-137,2.11,1.73,2026-05-02 23:15:00+00:00,0.0,/baseball-odds/usa-mlb/st-louis-la-dodgers-2026-05-03/1153210
823144,2026-05-02,Seattle Mariners,Kansas City Royals,-152,114,1.66,2.14,2026-05-03 01:40:00+00:00,0.0,/baseball-odds/usa-mlb/seattle-kansas-city-2026-05-03/1153214
823388,2026-05-02,Pittsburgh Pirates,Cincinnati Reds,-137,111,1.73,2.11,2026-05-02 20:05:00+00:00,0.0,/baseball-odds/usa-mlb/pittsburgh-cincinnati-2026-05-02/1156256
823554,2026-05-02,New York Yankees,Baltimore Orioles,-179,133,1.56,2.33,2026-05-02 17:35:00+00:00,0.0,/baseball-odds/usa-mlb/ny-yankees-baltimore-2026-05-02/1153203
823715,2026-05-02,Minnesota Twins,Toronto Blue Jays,112,-147,2.12,1.68,2026-05-02 18:10:00+00:00,0.0,/baseball-odds/usa-mlb/minnesota-toronto-2026-05-02/1156255
823876,2026-05-02,Miami Marlins,Philadelphia Phillies,-133,108,1.75,2.08,2026-05-02 20:10:00+00:00,0.0,/baseball-odds/usa-mlb/miami-philadelphia-2026-05-02/1153207
824042,2026-05-02,Los Angeles Angels,New York Mets,101,-125,2.01,1.8,2026-05-03 01:38:00+00:00,0.0,/baseball-odds/usa-mlb/la-angels-ny-mets-2026-05-03/1153213
824284,2026-05-02,Detroit Tigers,Texas Rangers,-135,109,1.74,2.09,2026-05-02 23:15:00+00:00,0.0,/baseball-odds/usa-mlb/detroit-texas-2026-05-03/1153211
824365,2026-05-02,Colorado Rockies,Atlanta Braves,166,-233,2.66,1.43,2026-05-03 00:10:00+00:00,0.0,/baseball-odds/usa-mlb/colorado-atlanta-2026-05-03/1153212
824685,2026-05-02,Chicago Cubs,Arizona Diamondbacks,-167,134,1.6,2.34,2026-05-02 18:20:00+00:00,0.0,/baseball-odds/usa-mlb/cubs-arizona-2026-05-02/1153204
825014,2026-05-02,Athletics,Cleveland Guardians,-141,114,1.71,2.14,2026-05-02 20:05:00+00:00,0.0,/baseball-odds/usa-mlb/athletics-cleveland-2026-05-02/1153205
822742,2026-05-03,Washington Nationals,Milwaukee Brewers,112,-139,2.12,1.72,2026-05-03 17:35:00+00:00,0.0,/baseball-odds/usa-mlb/washington-milwaukee-2026-05-03/1153216
822987,2026-05-03,Tampa Bay Rays,San Francisco Giants,-128,104,1.78,2.04,2026-05-03 17:40:00+00:00,0.0,/baseball-odds/usa-mlb/tampa-bay-san-francisco-2026-05-03/1153217
823065,2026-05-03,St. Louis Cardinals,Los Angeles Dodgers,105,-130,2.05,1.77,2026-05-03 18:15:00+00:00,0.0,/baseball-odds/usa-mlb/st-louis-la-dodgers-2026-05-03/1153219
823145,2026-05-03,Seattle Mariners,Kansas City Royals,-118,-110,1.85,1.91,2026-05-03 20:10:00+00:00,0.0,/baseball-odds/usa-mlb/seattle-kansas-city-2026-05-03/1153221
823307,2026-05-03,San Diego Padres,Chicago White Sox,-169,138,1.59,2.38,2026-05-03 20:10:00+00:00,0.0,/baseball-odds/usa-mlb/san-diego-white-sox-2026-05-03/1153222
823387,2026-05-03,Pittsburgh Pirates,Cincinnati Reds,-125,-104,1.8,1.96,2026-05-03 17:35:00+00:00,0.0,/baseball-odds/usa-mlb/pittsburgh-cincinnati-2026-05-03/1153215
823875,2026-05-03,Miami Marlins,Philadelphia Phillies,115,-143,2.15,1.7,2026-05-03 17:40:00+00:00,0.0,/baseball-odds/usa-mlb/miami-philadelphia-2026-05-03/1153218
824285,2026-05-03,Detroit Tigers,Texas Rangers,-123,100,1.81,2.0,2026-05-03 23:20:00+00:00,0.0,/baseball-odds/usa-mlb/detroit-texas-2026-05-04/1153223
824687,2026-05-03,Chicago Cubs,Arizona Diamondbacks,-164,136,1.61,2.36,2026-05-03 18:20:00+00:00,0.0,/baseball-odds/usa-mlb/cubs-arizona-2026-05-03/1153220
822984,2026-05-04,Tampa Bay Rays,Toronto Blue Jays,-132,101,1.76,2.01,2026-05-04 22:40:00+00:00,0.0,/baseball-odds/usa-mlb/tampa-bay-toronto-2026-05-05/1153224
823064,2026-05-04,St. Louis Cardinals,Milwaukee Brewers,102,-132,2.02,1.76,2026-05-04 23:45:00+00:00,0.0,/baseball-odds/usa-mlb/st-louis-milwaukee-2026-05-05/1153228
823143,2026-05-04,Seattle Mariners,Atlanta Braves,-141,111,1.71,2.11,2026-05-05 01:40:00+00:00,0.0,/baseball-odds/usa-mlb/seattle-atlanta-2026-05-05/1153231
823228,2026-05-04,San Francisco Giants,San Diego Padres,106,-141,2.06,1.71,2026-05-05 01:45:00+00:00,0.0,/baseball-odds/usa-mlb/san-francisco-san-diego-2026-05-05/1153232
823552,2026-05-04,New York Yankees,Baltimore Orioles,-233,166,1.43,2.66,2026-05-04 23:05:00+00:00,0.0,/baseball-odds/usa-mlb/ny-yankees-baltimore-2026-05-05/1153226
824201,2026-05-04,Houston Astros,Los Angeles Dodgers,156,-204,2.56,1.49,2026-05-05 00:10:00+00:00,0.0,/baseball-odds/usa-mlb/houston-la-dodgers-2026-05-05/1153229
824283,2026-05-04,Detroit Tigers,Boston Red Sox,100,-123,2.0,1.81,2026-05-04 22:10:00+00:00,0.0,/baseball-odds/usa-mlb/detroit-boston-2026-05-05/1156266
824363,2026-05-04,Colorado Rockies,New York Mets,112,-139,2.12,1.72,2026-05-04 21:40:00+00:00,0.0,/baseball-odds/usa-mlb/colorado-ny-mets-2026-05-04/1156265
824684,2026-05-04,Chicago Cubs,Cincinnati Reds,-227,166,1.44,2.66,2026-05-04 23:10:00+00:00,0.0,/baseball-odds/usa-mlb/cubs-cincinnati-2026-05-05/1156267
822743,2026-05-05,Washington Nationals,Minnesota Twins,-106,-116,1.94,1.86,2026-05-05 22:45:00+00:00,0.0,/baseball-odds/usa-mlb/washington-minnesota-2026-05-06/1156257
823142,2026-05-05,Seattle Mariners,Atlanta Braves,-143,107,1.7,2.07,2026-05-06 01:40:00+00:00,0.0,/baseball-odds/usa-mlb/seattle-atlanta-2026-05-06/1153240
823227,2026-05-05,San Francisco Giants,San Diego Padres,-119,-109,1.84,1.92,2026-05-06 19:45:00+00:00,18.0,/baseball-odds/usa-mlb/san-francisco-san-diego-2026-05-06/1153245
823469,2026-05-05,Philadelphia Phillies,Athletics,-208,165,1.48,2.65,2026-05-05 22:40:00+00:00,0.0,/baseball-odds/usa-mlb/philadelphia-athletics-2026-05-06/1153234
824040,2026-05-05,Los Angeles Angels,Chicago White Sox,-118,-105,1.85,1.95,2026-05-06 01:38:00+00:00,0.0,/baseball-odds/usa-mlb/la-angels-white-sox-2026-05-06/1153239
824200,2026-05-05,Houston Astros,Los Angeles Dodgers,166,-217,2.66,1.46,2026-05-06 00:10:00+00:00,0.0,/baseball-odds/usa-mlb/houston-la-dodgers-2026-05-06/1153237
824281,2026-05-05,Detroit Tigers,Boston Red Sox,-156,121,1.64,2.21,2026-05-05 22:40:00+00:00,0.0,/baseball-odds/usa-mlb/detroit-boston-2026-05-06/1153233
824682,2026-05-05,Chicago Cubs,Cincinnati Reds,-175,138,1.57,2.38,2026-05-05 23:40:00+00:00,0.0,/baseball-odds/usa-mlb/cubs-cincinnati-2026-05-06/1153236
825092,2026-05-05,Arizona Diamondbacks,Pittsburgh Pirates,-145,111,1.69,2.11,2026-05-06 01:40:00+00:00,0.0,/baseball-odds/usa-mlb/arizona-pittsburgh-2026-05-06/1153241
822740,2026-05-06,Washington Nationals,Minnesota Twins,-105,-119,1.95,1.84,2026-05-06 22:45:00+00:00,0.0,/baseball-odds/usa-mlb/washington-minnesota-2026-05-07/1153250
822985,2026-05-06,Tampa Bay Rays,Toronto Blue Jays,-139,106,1.72,2.06,2026-05-06 17:10:00+00:00,0.0,/baseball-odds/usa-mlb/tampa-bay-toronto-2026-05-06/1153242
823063,2026-05-06,St. Louis Cardinals,Milwaukee Brewers,-114,-111,1.88,1.9,2026-05-06 17:15:00+00:00,0.0,/baseball-odds/usa-mlb/st-louis-milwaukee-2026-05-06/1153243
823226,2026-05-06,San Francisco Giants,San Diego Padres,-119,-109,1.84,1.92,2026-05-06 19:45:00+00:00,0.0,/baseball-odds/usa-mlb/san-francisco-san-diego-2026-05-06/1153245
823470,2026-05-06,Philadelphia Phillies,Athletics,-175,140,1.57,2.4,2026-05-06 22:40:00+00:00,0.0,/baseball-odds/usa-mlb/philadelphia-athletics-2026-05-07/1153249
823550,2026-05-06,New York Yankees,Texas Rangers,-179,156,1.56,2.56,2026-05-06 23:05:00+00:00,0.0,/baseball-odds/usa-mlb/ny-yankees-texas-2026-05-07/1153251
823872,2026-05-06,Miami Marlins,Baltimore Orioles,-133,108,1.75,2.08,2026-05-06 22:40:00+00:00,0.0,/baseball-odds/usa-mlb/miami-baltimore-2026-05-07/1153248
824036,2026-05-06,Los Angeles Angels,Chicago White Sox,-110,-116,1.91,1.86,2026-05-06 20:07:00+00:00,0.0,/baseball-odds/usa-mlb/la-angels-white-sox-2026-05-06/1153246
824118,2026-05-06,Kansas City Royals,Cleveland Guardians,-149,112,1.67,2.12,2026-05-06 23:40:00+00:00,0.0,/baseball-odds/usa-mlb/kansas-city-cleveland-2026-05-07/1153253
824198,2026-05-06,Houston Astros,Los Angeles Dodgers,163,-227,2.63,1.44,2026-05-06 18:10:00+00:00,0.0,/baseball-odds/usa-mlb/houston-la-dodgers-2026-05-06/1153244
824282,2026-05-06,Detroit Tigers,Boston Red Sox,-115,-112,1.87,1.89,2026-05-06 22:40:00+00:00,0.0,/baseball-odds/usa-mlb/detroit-boston-2026-05-07/1153247
824683,2026-05-06,Chicago Cubs,Cincinnati Reds,-179,133,1.56,2.33,2026-05-06 23:40:00+00:00,0.0,/baseball-odds/usa-mlb/cubs-cincinnati-2026-05-07/1153252
825091,2026-05-06,Arizona Diamondbacks,Pittsburgh Pirates,102,-133,2.02,1.75,2026-05-07 01:40:00+00:00,0.0,/baseball-odds/usa-mlb/arizona-pittsburgh-2026-05-07/1153254
822741,2026-05-07,Washington Nationals,Minnesota Twins,-128,102,1.78,2.02,2026-05-07 17:05:00+00:00,0.0,/baseball-odds/usa-mlb/washington-minnesota-2026-05-07/1153256
823306,2026-05-07,San Diego Padres,St. Louis Cardinals,-175,131,1.57,2.31,2026-05-08 02:10:00+00:00,0.0,/baseball-odds/usa-mlb/san-diego-st-louis-2026-05-08/1153262
823467,2026-05-07,Philadelphia Phillies,Athletics,-130,105,1.77,2.05,2026-05-07 22:40:00+00:00,0.0,/baseball-odds/usa-mlb/philadelphia-athletics-2026-05-08/1153260
823551,2026-05-07,New York Yankees,Texas Rangers,-154,116,1.65,2.16,2026-05-07 16:35:00+00:00,0.0,/baseball-odds/usa-mlb/ny-yankees-texas-2026-05-07/1153255
824117,2026-05-07,Kansas City Royals,Cleveland Guardians,-133,102,1.75,2.02,2026-05-07 18:10:00+00:00,0.0,/baseball-odds/usa-mlb/kansas-city-cleveland-2026-05-07/1153257
824681,2026-05-07,Chicago Cubs,Cincinnati Reds,-189,129,1.53,2.29,2026-05-07 18:20:00+00:00,0.0,/baseball-odds/usa-mlb/cubs-cincinnati-2026-05-07/1153258
824767,2026-05-07,Boston Red Sox,Tampa Bay Rays,-119,-109,1.84,1.92,2026-05-07 23:10:00+00:00,0.0,/baseball-odds/usa-mlb/boston-tampa-bay-2026-05-08/1153261
825090,2026-05-07,Arizona Diamondbacks,Pittsburgh Pirates,-119,-109,1.84,1.92,2026-05-07 19:40:00+00:00,0.0,/baseball-odds/usa-mlb/arizona-pittsburgh-2026-05-07/1153259
822822,2026-05-08,Toronto Blue Jays,Los Angeles Angels,-164,128,1.61,2.28,2026-05-08 23:07:00+00:00,0.0,/baseball-odds/usa-mlb/toronto-la-angels-2026-05-09/1153264
823225,2026-05-08,San Francisco Giants,Pittsburgh Pirates,-115,-112,1.87,1.89,2026-05-09 02:15:00+00:00,0.0,/baseball-odds/usa-mlb/san-francisco-pittsburgh-2026-05-09/1153273
823303,2026-05-08,San Diego Padres,St. Louis Cardinals,-152,114,1.66,2.14,2026-05-09 01:45:00+00:00,0.0,/baseball-odds/usa-mlb/san-diego-st-louis-2026-05-09/1153271
823466,2026-05-08,Philadelphia Phillies,Colorado Rockies,-244,177,1.41,2.77,2026-05-08 22:40:00+00:00,0.0,/baseball-odds/usa-mlb/philadelphia-colorado-2026-05-09/1153263
823794,2026-05-08,Milwaukee Brewers,New York Yankees,-102,-127,1.98,1.79,2026-05-08 23:40:00+00:00,0.0,/baseball-odds/usa-mlb/milwaukee-ny-yankees-2026-05-09/1153268
823871,2026-05-08,Miami Marlins,Washington Nationals,-147,112,1.68,2.12,2026-05-08 23:10:00+00:00,0.0,/baseball-odds/usa-mlb/miami-washington-2026-05-09/1153266
823957,2026-05-08,Los Angeles Dodgers,Atlanta Braves,-122,-106,1.82,1.94,2026-05-09 02:10:00+00:00,0.0,/baseball-odds/usa-mlb/la-dodgers-atlanta-2026-05-09/1153272
824116,2026-05-08,Kansas City Royals,Detroit Tigers,-147,114,1.68,2.14,2026-05-08 23:40:00+00:00,0.0,/baseball-odds/usa-mlb/kansas-city-detroit-2026-05-09/1153270
824443,2026-05-08,Cleveland Guardians,Minnesota Twins,-152,114,1.66,2.14,2026-05-08 23:15:00+00:00,0.0,/baseball-odds/usa-mlb/cleveland-minnesota-2026-05-09/1153267
824607,2026-05-08,Chicago White Sox,Seattle Mariners,108,-143,2.08,1.7,2026-05-08 23:40:00+00:00,0.0,/baseball-odds/usa-mlb/white-sox-seattle-2026-05-09/1153269
824768,2026-05-08,Boston Red Sox,Tampa Bay Rays,-133,108,1.75,2.08,2026-05-08 23:10:00+00:00,0.0,/baseball-odds/usa-mlb/boston-tampa-bay-2026-05-09/1153265
822820,2026-05-09,Toronto Blue Jays,Los Angeles Angels,-185,142,1.54,2.42,2026-05-09 19:07:00+00:00,0.0,/baseball-odds/usa-mlb/toronto-la-angels-2026-05-09/1153274
823224,2026-05-09,San Francisco Giants,Pittsburgh Pirates,-112,-116,1.89,1.86,2026-05-10 01:05:00+00:00,0.0,/baseball-odds/usa-mlb/san-francisco-pittsburgh-2026-05-10/1153285
823304,2026-05-09,San Diego Padres,St. Louis Cardinals,-139,111,1.72,2.11,2026-05-09 23:15:00+00:00,0.0,/baseball-odds/usa-mlb/san-diego-st-louis-2026-05-10/1153283
823468,2026-05-09,Philadelphia Phillies,Colorado Rockies,-196,144,1.51,2.44,2026-05-09 22:05:00+00:00,0.0,/baseball-odds/usa-mlb/philadelphia-colorado-2026-05-10/1153278
823792,2026-05-09,Milwaukee Brewers,New York Yankees,107,-141,2.07,1.71,2026-05-09 23:10:00+00:00,0.0,/baseball-odds/usa-mlb/milwaukee-ny-yankees-2026-05-10/1153281
823869,2026-05-09,Miami Marlins,Washington Nationals,-172,134,1.58,2.34,2026-05-09 20:10:00+00:00,0.0,/baseball-odds/usa-mlb/miami-washington-2026-05-09/1153276
824115,2026-05-09,Kansas City Royals,Detroit Tigers,-141,108,1.71,2.08,2026-05-09 23:10:00+00:00,0.0,/baseball-odds/usa-mlb/kansas-city-detroit-2026-05-10/1153280
824444,2026-05-09,Cleveland Guardians,Minnesota Twins,-127,-102,1.79,1.98,2026-05-09 22:10:00+00:00,0.0,/baseball-odds/usa-mlb/cleveland-minnesota-2026-05-10/1153279
824523,2026-05-09,Cincinnati Reds,Houston Astros,-167,128,1.6,2.28,2026-05-09 20:10:00+00:00,0.0,/baseball-odds/usa-mlb/cincinnati-houston-2026-05-09/1153277
824606,2026-05-09,Chicago White Sox,Seattle Mariners,105,-137,2.05,1.73,2026-05-09 23:10:00+00:00,0.0,/baseball-odds/usa-mlb/white-sox-seattle-2026-05-10/1153282
825089,2026-05-09,Arizona Diamondbacks,New York Mets,-110,-116,1.91,1.86,2026-05-09 23:15:00+00:00,0.0,/baseball-odds/usa-mlb/arizona-ny-mets-2026-05-10/1153284
822819,2026-05-10,Toronto Blue Jays,Los Angeles Angels,-114,-109,1.88,1.92,2026-05-10 17:37:00+00:00,0.0,/baseball-odds/usa-mlb/toronto-la-angels-2026-05-10/1153290
822902,2026-05-10,Texas Rangers,Chicago Cubs,-128,-102,1.78,1.98,2026-05-10 18:35:00+00:00,0.0,/baseball-odds/usa-mlb/texas-cubs-2026-05-10/1153294
823221,2026-05-10,San Francisco Giants,Pittsburgh Pirates,-128,104,1.78,2.04,2026-05-10 20:05:00+00:00,0.0,/baseball-odds/usa-mlb/san-francisco-pittsburgh-2026-05-10/1153295
823305,2026-05-10,San Diego Padres,St. Louis Cardinals,-135,103,1.74,2.03,2026-05-10 20:10:00+00:00,0.0,/baseball-odds/usa-mlb/san-diego-st-louis-2026-05-10/1153297
823463,2026-05-10,Philadelphia Phillies,Colorado Rockies,-345,232,1.29,3.32,2026-05-10 17:35:00+00:00,0.0,/baseball-odds/usa-mlb/philadelphia-colorado-2026-05-10/1153288
823793,2026-05-10,Milwaukee Brewers,New York Yankees,-120,-106,1.83,1.94,2026-05-10 18:10:00+00:00,0.0,/baseball-odds/usa-mlb/milwaukee-ny-yankees-2026-05-10/1153293
823868,2026-05-10,Miami Marlins,Washington Nationals,-137,105,1.73,2.05,2026-05-10 16:15:00+00:00,0.0,/baseball-odds/usa-mlb/miami-washington-2026-05-10/1153286
823954,2026-05-10,Los Angeles Dodgers,Atlanta Braves,-147,112,1.68,2.12,2026-05-10 20:10:00+00:00,0.0,/baseball-odds/usa-mlb/la-dodgers-atlanta-2026-05-10/1153296
824113,2026-05-10,Kansas City Royals,Detroit Tigers,-128,104,1.78,2.04,2026-05-10 23:20:00+00:00,0.0,/baseball-odds/usa-mlb/kansas-city-detroit-2026-05-11/1153299
824440,2026-05-10,Cleveland Guardians,Minnesota Twins,-169,136,1.59,2.36,2026-05-10 17:40:00+00:00,0.0,/baseball-odds/usa-mlb/cleveland-minnesota-2026-05-10/1153292
824520,2026-05-10,Cincinnati Reds,Houston Astros,-122,-101,1.82,1.99,2026-05-10 17:40:00+00:00,0.0,/baseball-odds/usa-mlb/cincinnati-houston-2026-05-10/1153291
824765,2026-05-10,Boston Red Sox,Tampa Bay Rays,-145,117,1.69,2.17,2026-05-10 17:35:00+00:00,0.0,/baseball-odds/usa-mlb/boston-tampa-bay-2026-05-10/1153289
824845,2026-05-10,Baltimore Orioles,Athletics,-111,-111,1.9,1.9,2026-05-10 17:35:00+00:00,0.0,/baseball-odds/usa-mlb/baltimore-athletics-2026-05-10/1153287
825085,2026-05-10,Arizona Diamondbacks,New York Mets,-116,-106,1.86,1.94,2026-05-10 20:10:00+00:00,0.0,/baseball-odds/usa-mlb/arizona-ny-mets-2026-05-10/1153298
822818,2026-05-11,Toronto Blue Jays,Tampa Bay Rays,-130,-101,1.77,1.99,2026-05-11 23:07:00+00:00,0.0,/baseball-odds/usa-mlb/toronto-tampa-bay-2026-05-12/1153302
823953,2026-05-11,Los Angeles Dodgers,San Francisco Giants,-189,149,1.53,2.49,2026-05-12 02:10:00+00:00,0.0,/baseball-odds/usa-mlb/la-dodgers-san-francisco-2026-05-12/1153304
824199,2026-05-11,Houston Astros,Seattle Mariners,121,-164,2.21,1.61,2026-05-12 00:10:00+00:00,0.0,/baseball-odds/usa-mlb/houston-seattle-2026-05-12/1153303
824441,2026-05-11,Cleveland Guardians,Los Angeles Angels,-175,140,1.57,2.4,2026-05-11 22:10:00+00:00,0.0,/baseball-odds/usa-mlb/cleveland-la-angels-2026-05-12/1153300
824844,2026-05-11,Baltimore Orioles,New York Yankees,124,-154,2.24,1.65,2026-05-11 22:35:00+00:00,0.0,/baseball-odds/usa-mlb/baltimore-ny-yankees-2026-05-12/1153301
823712,2026-05-12,Minnesota Twins,Miami Marlins,-114,-110,1.88,1.91,2026-05-12 23:40:00+00:00,0.0,/baseball-odds/usa-mlb/minnesota-miami-2026-05-13/1153309
823790,2026-05-12,Milwaukee Brewers,San Diego Padres,-152,122,1.66,2.22,2026-05-12 23:40:00+00:00,0.0,/baseball-odds/usa-mlb/milwaukee-san-diego-2026-05-13/1153310
823951,2026-05-12,Los Angeles Dodgers,San Francisco Giants,-333,243,1.3,3.43,2026-05-13 02:10:00+00:00,0.0,/baseball-odds/usa-mlb/la-dodgers-san-francisco-2026-05-13/1153313
824521,2026-05-12,Cincinnati Reds,Washington Nationals,-147,119,1.68,2.19,2026-05-12 22:40:00+00:00,0.0,/baseball-odds/usa-mlb/cincinnati-washington-2026-05-13/1153306
824604,2026-05-12,Chicago White Sox,Kansas City Royals,-106,-122,1.94,1.82,2026-05-12 23:40:00+00:00,0.0,/baseball-odds/usa-mlb/white-sox-kansas-city-2026-05-13/1153311
824764,2026-05-12,Boston Red Sox,Philadelphia Phillies,108,-141,2.08,1.71,2026-05-12 22:45:00+00:00,0.0,/baseball-odds/usa-mlb/boston-philadelphia-2026-05-13/1153307
824843,2026-05-12,Baltimore Orioles,New York Yankees,115,-143,2.15,1.7,2026-05-12 22:35:00+00:00,0.0,/baseball-odds/usa-mlb/baltimore-ny-yankees-2026-05-13/1153305
824927,2026-05-12,Atlanta Braves,Chicago Cubs,-127,102,1.79,2.02,2026-05-12 23:15:00+00:00,0.0,/baseball-odds/usa-mlb/atlanta-cubs-2026-05-13/1153308
825011,2026-05-12,Athletics,St. Louis Cardinals,-161,131,1.62,2.31,2026-05-13 01:40:00+00:00,0.0,/baseball-odds/usa-mlb/athletics-st-louis-2026-05-13/1153312
822815,2026-05-13,Toronto Blue Jays,Tampa Bay Rays,-147,116,1.68,2.16,2026-05-13 23:07:00+00:00,0.0,/baseball-odds/usa-mlb/toronto-tampa-bay-2026-05-14/1153316
822900,2026-05-13,Texas Rangers,Arizona Diamondbacks,-110,-118,1.91,1.85,2026-05-14 00:05:00+00:00,0.0,/baseball-odds/usa-mlb/texas-arizona-2026-05-14/1153320
823386,2026-05-13,Pittsburgh Pirates,Colorado Rockies,-182,131,1.55,2.31,2026-05-14 16:35:00+00:00,17.916666666666668,/baseball-odds/usa-mlb/pittsburgh-colorado-2026-05-14/1153324
823631,2026-05-13,New York Mets,Detroit Tigers,-164,132,1.61,2.32,2026-05-14 17:10:00+00:00,18.0,/baseball-odds/usa-mlb/ny-mets-detroit-2026-05-14/1153326
823710,2026-05-13,Minnesota Twins,Miami Marlins,105,-137,2.05,1.73,2026-05-13 23:40:00+00:00,0.0,/baseball-odds/usa-mlb/minnesota-miami-2026-05-14/1153319
823791,2026-05-13,Milwaukee Brewers,San Diego Padres,-154,124,1.65,2.24,2026-05-14 17:40:00+00:00,18.0,/baseball-odds/usa-mlb/milwaukee-san-diego-2026-05-14/1153328
823952,2026-05-13,Los Angeles Dodgers,San Francisco Giants,-256,200,1.39,3.0,2026-05-14 02:10:00+00:00,0.0,/baseball-odds/usa-mlb/la-dodgers-san-francisco-2026-05-14/1153323
824195,2026-05-13,Houston Astros,Seattle Mariners,117,-152,2.17,1.66,2026-05-14 00:10:00+00:00,0.0,/baseball-odds/usa-mlb/houston-seattle-2026-05-14/1153321
824438,2026-05-13,Cleveland Guardians,Los Angeles Angels,-164,134,1.61,2.34,2026-05-13 17:10:00+00:00,0.0,/baseball-odds/usa-mlb/cleveland-la-angels-2026-05-13/1153314
824519,2026-05-13,Cincinnati Reds,Washington Nationals,-179,143,1.56,2.43,2026-05-13 22:40:00+00:00,0.0,/baseball-odds/usa-mlb/cincinnati-washington-2026-05-14/1153315
824603,2026-05-13,Chicago White Sox,Kansas City Royals,-110,-118,1.91,1.85,2026-05-13 23:40:00+00:00,0.0,/baseball-odds/usa-mlb/white-sox-kansas-city-2026-05-14/1153318
824928,2026-05-13,Atlanta Braves,Chicago Cubs,107,-141,2.07,1.71,2026-05-13 23:15:00+00:00,0.0,/baseball-odds/usa-mlb/atlanta-cubs-2026-05-14/1153317
825010,2026-05-13,Athletics,St. Louis Cardinals,-143,115,1.7,2.15,2026-05-14 01:40:00+00:00,0.0,/baseball-odds/usa-mlb/athletics-st-louis-2026-05-14/1153322
823383,2026-05-14,Pittsburgh Pirates,Colorado Rockies,-182,131,1.55,2.31,2026-05-14 16:35:00+00:00,0.0,/baseball-odds/usa-mlb/pittsburgh-colorado-2026-05-14/1153324
823630,2026-05-14,New York Mets,Detroit Tigers,-164,132,1.61,2.32,2026-05-14 17:10:00+00:00,0.0,/baseball-odds/usa-mlb/ny-mets-detroit-2026-05-14/1153326
823709,2026-05-14,Minnesota Twins,Miami Marlins,-110,-118,1.91,1.85,2026-05-14 17:40:00+00:00,0.0,/baseball-odds/usa-mlb/minnesota-miami-2026-05-14/1153327
823789,2026-05-14,Milwaukee Brewers,San Diego Padres,-154,124,1.65,2.24,2026-05-14 17:40:00+00:00,0.0,/baseball-odds/usa-mlb/milwaukee-san-diego-2026-05-14/1153328
823950,2026-05-14,Los Angeles Dodgers,San Francisco Giants,-179,143,1.56,2.43,2026-05-15 02:10:00+00:00,0.0,/baseball-odds/usa-mlb/la-dodgers-san-francisco-2026-05-15/1153334
824196,2026-05-14,Houston Astros,Seattle Mariners,-105,-118,1.95,1.85,2026-05-14 18:10:00+00:00,0.0,/baseball-odds/usa-mlb/houston-seattle-2026-05-14/1153329
824517,2026-05-14,Cincinnati Reds,Washington Nationals,-164,128,1.61,2.28,2026-05-14 16:40:00+00:00,0.0,/baseball-odds/usa-mlb/cincinnati-washington-2026-05-14/1153325
824602,2026-05-14,Chicago White Sox,Kansas City Royals,108,-143,2.08,1.7,2026-05-14 23:40:00+00:00,0.0,/baseball-odds/usa-mlb/white-sox-kansas-city-2026-05-15/1153333
824762,2026-05-14,Boston Red Sox,Philadelphia Phillies,-122,-101,1.82,1.99,2026-05-14 22:45:00+00:00,0.0,/baseball-odds/usa-mlb/boston-philadelphia-2026-05-15/1153331
824926,2026-05-14,Atlanta Braves,Chicago Cubs,-213,156,1.47,2.56,2026-05-14 23:15:00+00:00,0.0,/baseball-odds/usa-mlb/atlanta-cubs-2026-05-15/1153332
825008,2026-05-14,Athletics,St. Louis Cardinals,-123,100,1.81,2.0,2026-05-14 19:05:00+00:00,0.0,/baseball-odds/usa-mlb/athletics-st-louis-2026-05-14/1153330
822739,2026-05-15,Washington Nationals,Baltimore Orioles,111,-145,2.11,1.69,2026-05-15 22:45:00+00:00,0.0,/baseball-odds/usa-mlb/washington-baltimore-2026-05-16/1153336
822983,2026-05-15,Tampa Bay Rays,Miami Marlins,-127,100,1.79,2.0,2026-05-15 23:10:00+00:00,0.0,/baseball-odds/usa-mlb/tampa-bay-miami-2026-05-16/1153339
823061,2026-05-15,St. Louis Cardinals,Kansas City Royals,-114,-114,1.88,1.88,2026-05-16 00:15:00+00:00,0.0,/baseball-odds/usa-mlb/st-louis-kansas-city-2026-05-16/1153345
823140,2026-05-15,Seattle Mariners,San Diego Padres,-141,114,1.71,2.14,2026-05-16 01:40:00+00:00,0.0,/baseball-odds/usa-mlb/seattle-san-diego-2026-05-16/1153348
823384,2026-05-15,Pittsburgh Pirates,Philadelphia Phillies,-141,104,1.71,2.04,2026-05-15 22:40:00+00:00,0.0,/baseball-odds/usa-mlb/pittsburgh-philadelphia-2026-05-16/1153335
823629,2026-05-15,New York Mets,New York Yankees,122,-152,2.22,1.66,2026-05-15 23:15:00+00:00,0.0,/baseball-odds/usa-mlb/ny-mets-ny-yankees-2026-05-16/1153340
823707,2026-05-15,Minnesota Twins,Milwaukee Brewers,-112,-110,1.89,1.91,2026-05-15 23:10:00+00:00,0.0,/baseball-odds/usa-mlb/minnesota-milwaukee-2026-05-16/1156311
824037,2026-05-15,Los Angeles Angels,Los Angeles Dodgers,149,-204,2.49,1.49,2026-05-16 01:38:00+00:00,0.0,/baseball-odds/usa-mlb/la-angels-la-dodgers-2026-05-16/1153347
824194,2026-05-15,Houston Astros,Texas Rangers,-109,-119,1.92,1.84,2026-05-16 00:10:00+00:00,0.0,/baseball-odds/usa-mlb/houston-texas-2026-05-16/1153344
824280,2026-05-15,Detroit Tigers,Toronto Blue Jays,104,-130,2.04,1.77,2026-05-15 22:45:00+00:00,0.0,/baseball-odds/usa-mlb/detroit-toronto-2026-05-16/1153337
824360,2026-05-15,Colorado Rockies,Arizona Diamondbacks,-104,-125,1.96,1.8,2026-05-16 00:40:00+00:00,0.0,/baseball-odds/usa-mlb/colorado-arizona-2026-05-16/1153346
824439,2026-05-15,Cleveland Guardians,Cincinnati Reds,-139,112,1.72,2.12,2026-05-15 23:10:00+00:00,0.0,/baseball-odds/usa-mlb/cleveland-cincinnati-2026-05-16/1153338
824601,2026-05-15,Chicago White Sox,Chicago Cubs,106,-132,2.06,1.76,2026-05-15 23:40:00+00:00,0.0,/baseball-odds/usa-mlb/white-sox-cubs-2026-05-16/1153342
824925,2026-05-15,Atlanta Braves,Boston Red Sox,-152,114,1.66,2.14,2026-05-15 23:15:00+00:00,0.0,/baseball-odds/usa-mlb/atlanta-boston-2026-05-16/1153341
825009,2026-05-15,Athletics,San Francisco Giants,-132,106,1.76,2.06,2026-05-16 01:40:00+00:00,0.0,/baseball-odds/usa-mlb/athletics-san-francisco-2026-05-16/1153349
822737,2026-05-16,Washington Nationals,Baltimore Orioles,-114,-114,1.88,1.88,2026-05-16 20:05:00+00:00,0.0,/baseball-odds/usa-mlb/washington-baltimore-2026-05-16/1153354
822981,2026-05-16,Tampa Bay Rays,Miami Marlins,-143,108,1.7,2.08,2026-05-16 20:10:00+00:00,0.0,/baseball-odds/usa-mlb/tampa-bay-miami-2026-05-16/1153355
823060,2026-05-16,St. Louis Cardinals,Kansas City Royals,-115,-112,1.87,1.89,2026-05-16 18:15:00+00:00,0.0,/baseball-odds/usa-mlb/st-louis-kansas-city-2026-05-16/1153351
823139,2026-05-16,Seattle Mariners,San Diego Padres,-179,143,1.56,2.43,2026-05-16 23:15:00+00:00,0.0,/baseball-odds/usa-mlb/seattle-san-diego-2026-05-17/1153362
823382,2026-05-16,Pittsburgh Pirates,Philadelphia Phillies,132,-164,2.32,1.61,2026-05-16 20:05:00+00:00,0.0,/baseball-odds/usa-mlb/pittsburgh-philadelphia-2026-05-16/1153353
823627,2026-05-16,New York Mets,New York Yankees,-102,-122,1.98,1.82,2026-05-16 23:15:00+00:00,0.0,/baseball-odds/usa-mlb/ny-mets-ny-yankees-2026-05-17/1153360
823706,2026-05-16,Minnesota Twins,Milwaukee Brewers,100,-133,2.0,1.75,2026-05-16 23:10:00+00:00,0.0,/baseball-odds/usa-mlb/minnesota-milwaukee-2026-05-17/1153359
824038,2026-05-16,Los Angeles Angels,Los Angeles Dodgers,107,-141,2.07,1.71,2026-05-17 01:38:00+00:00,0.0,/baseball-odds/usa-mlb/la-angels-la-dodgers-2026-05-17/1153363
824193,2026-05-16,Houston Astros,Texas Rangers,114,-152,2.14,1.66,2026-05-16 23:10:00+00:00,0.0,/baseball-odds/usa-mlb/houston-texas-2026-05-17/1153358
824278,2026-05-16,Detroit Tigers,Toronto Blue Jays,-114,-110,1.88,1.91,2026-05-16 17:10:00+00:00,0.0,/baseball-odds/usa-mlb/detroit-toronto-2026-05-16/1153350
824359,2026-05-16,Colorado Rockies,Arizona Diamondbacks,113,-149,2.13,1.67,2026-05-16 19:10:00+00:00,0.0,/baseball-odds/usa-mlb/colorado-arizona-2026-05-16/1153352
824435,2026-05-16,Cleveland Guardians,Cincinnati Reds,-161,121,1.62,2.21,2026-05-16 22:10:00+00:00,0.0,/baseball-odds/usa-mlb/cleveland-cincinnati-2026-05-17/1153356
824600,2026-05-16,Chicago White Sox,Chicago Cubs,-115,-108,1.87,1.93,2026-05-16 23:10:00+00:00,0.0,/baseball-odds/usa-mlb/white-sox-cubs-2026-05-17/1153357
824924,2026-05-16,Atlanta Braves,Boston Red Sox,-127,-102,1.79,1.98,2026-05-16 23:15:00+00:00,0.0,/baseball-odds/usa-mlb/atlanta-boston-2026-05-17/1153361
825007,2026-05-16,Athletics,San Francisco Giants,-137,111,1.73,2.11,2026-05-17 01:40:00+00:00,0.0,/baseball-odds/usa-mlb/athletics-san-francisco-2026-05-17/1153364
822738,2026-05-17,Washington Nationals,Baltimore Orioles,-101,-127,1.99,1.79,2026-05-17 17:35:00+00:00,0.0,/baseball-odds/usa-mlb/washington-baltimore-2026-05-17/1153367
822982,2026-05-17,Tampa Bay Rays,Miami Marlins,-152,114,1.66,2.14,2026-05-17 16:15:00+00:00,0.0,/baseball-odds/usa-mlb/tampa-bay-miami-2026-05-17/1153366
823058,2026-05-17,St. Louis Cardinals,Kansas City Royals,-125,-102,1.8,1.98,2026-05-17 18:15:00+00:00,0.0,/baseball-odds/usa-mlb/st-louis-kansas-city-2026-05-17/1153375
823138,2026-05-17,Seattle Mariners,San Diego Padres,-161,130,1.62,2.3,2026-05-17 23:20:00+00:00,0.0,/baseball-odds/usa-mlb/seattle-san-diego-2026-05-18/1153379
823381,2026-05-17,Pittsburgh Pirates,Philadelphia Phillies,-132,106,1.76,2.06,2026-05-17 17:35:00+00:00,0.0,/baseball-odds/usa-mlb/pittsburgh-philadelphia-2026-05-17/1156258
823628,2026-05-17,New York Mets,New York Yankees,-130,101,1.77,2.01,2026-05-17 17:40:00+00:00,0.0,/baseball-odds/usa-mlb/ny-mets-ny-yankees-2026-05-17/1153371
823708,2026-05-17,Minnesota Twins,Milwaukee Brewers,111,-137,2.11,1.73,2026-05-17 18:10:00+00:00,0.0,/baseball-odds/usa-mlb/minnesota-milwaukee-2026-05-17/1153372
824034,2026-05-17,Los Angeles Angels,Los Angeles Dodgers,112,-154,2.12,1.65,2026-05-17 20:07:00+00:00,0.0,/baseball-odds/usa-mlb/la-angels-la-dodgers-2026-05-17/1153377
824192,2026-05-17,Houston Astros,Texas Rangers,101,-132,2.01,1.76,2026-05-17 18:10:00+00:00,0.0,/baseball-odds/usa-mlb/houston-texas-2026-05-17/1153373
824279,2026-05-17,Detroit Tigers,Toronto Blue Jays,104,-128,2.04,1.78,2026-05-17 17:40:00+00:00,0.0,/baseball-odds/usa-mlb/detroit-toronto-2026-05-17/1153370
824358,2026-05-17,Colorado Rockies,Arizona Diamondbacks,114,-152,2.14,1.66,2026-05-17 19:10:00+00:00,0.0,/baseball-odds/usa-mlb/colorado-arizona-2026-05-17/1153376
824436,2026-05-17,Cleveland Guardians,Cincinnati Reds,-172,129,1.58,2.29,2026-05-17 17:40:00+00:00,0.0,/baseball-odds/usa-mlb/cleveland-cincinnati-2026-05-17/1153369
824599,2026-05-17,Chicago White Sox,Chicago Cubs,109,-135,2.09,1.74,2026-05-17 18:10:00+00:00,0.0,/baseball-odds/usa-mlb/white-sox-cubs-2026-05-17/1153374
824923,2026-05-17,Atlanta Braves,Boston Red Sox,-154,116,1.65,2.16,2026-05-17 17:35:00+00:00,0.0,/baseball-odds/usa-mlb/atlanta-boston-2026-05-17/1153368
825006,2026-05-17,Athletics,San Francisco Giants,-145,117,1.69,2.17,2026-05-17 20:05:00+00:00,0.0,/baseball-odds/usa-mlb/athletics-san-francisco-2026-05-17/1153378
822734,2026-05-18,Washington Nationals,New York Mets,101,-125,2.01,1.8,2026-05-18 22:45:00+00:00,0.0,/baseball-odds/usa-mlb/washington-ny-mets-2026-05-19/1153384
822980,2026-05-18,Tampa Bay Rays,Baltimore Orioles,-145,111,1.69,2.11,2026-05-18 22:40:00+00:00,0.0,/baseball-odds/usa-mlb/tampa-bay-baltimore-2026-05-19/1153381
823137,2026-05-18,Seattle Mariners,Chicago White Sox,-169,132,1.59,2.32,2026-05-19 01:40:00+00:00,0.0,/baseball-odds/usa-mlb/seattle-white-sox-2026-05-19/1153392
823301,2026-05-18,San Diego Padres,Los Angeles Dodgers,115,-143,2.15,1.7,2026-05-19 01:40:00+00:00,0.0,/baseball-odds/usa-mlb/san-diego-la-dodgers-2026-05-19/1153393
823465,2026-05-18,Philadelphia Phillies,Cincinnati Reds,-122,-104,1.82,1.96,2026-05-18 22:40:00+00:00,0.0,/baseball-odds/usa-mlb/philadelphia-cincinnati-2026-05-19/1153383
823549,2026-05-18,New York Yankees,Toronto Blue Jays,-172,129,1.58,2.29,2026-05-18 23:05:00+00:00,0.0,/baseball-odds/usa-mlb/ny-yankees-toronto-2026-05-19/1153385
823705,2026-05-18,Minnesota Twins,Houston Astros,-123,100,1.81,2.0,2026-05-18 23:40:00+00:00,0.0,/baseball-odds/usa-mlb/minnesota-houston-2026-05-19/1153386
823867,2026-05-18,Miami Marlins,Atlanta Braves,-118,-111,1.85,1.9,2026-05-18 22:40:00+00:00,0.0,/baseball-odds/usa-mlb/miami-atlanta-2026-05-19/1153382
824035,2026-05-18,Los Angeles Angels,Athletics,104,-128,2.04,1.78,2026-05-19 01:38:00+00:00,0.0,/baseball-odds/usa-mlb/la-angels-athletics-2026-05-19/1153390
824114,2026-05-18,Kansas City Royals,Boston Red Sox,-111,-111,1.9,1.9,2026-05-18 23:10:00+00:00,0.0,/baseball-odds/usa-mlb/kansas-city-boston-2026-05-19/1156315
824277,2026-05-18,Detroit Tigers,Cleveland Guardians,-145,117,1.69,2.17,2026-05-18 22:40:00+00:00,0.0,/baseball-odds/usa-mlb/detroit-cleveland-2026-05-19/1153380
824357,2026-05-18,Colorado Rockies,Texas Rangers,113,-149,2.13,1.67,2026-05-19 00:40:00+00:00,0.0,/baseball-odds/usa-mlb/colorado-texas-2026-05-19/1153389
824680,2026-05-18,Chicago Cubs,Milwaukee Brewers,-167,128,1.6,2.28,2026-05-18 23:40:00+00:00,0.0,/baseball-odds/usa-mlb/cubs-milwaukee-2026-05-19/1153388
825087,2026-05-18,Arizona Diamondbacks,San Francisco Giants,-141,107,1.71,2.07,2026-05-19 01:40:00+00:00,0.0,/baseball-odds/usa-mlb/arizona-san-francisco-2026-05-19/1153391
822736,2026-05-19,Washington Nationals,New York Mets,111,-137,2.11,1.73,2026-05-19 22:45:00+00:00,0.0,/baseball-odds/usa-mlb/washington-ny-mets-2026-05-20/1153398
822979,2026-05-19,Tampa Bay Rays,Baltimore Orioles,-114,-114,1.88,1.88,2026-05-19 22:40:00+00:00,0.0,/baseball-odds/usa-mlb/tampa-bay-baltimore-2026-05-20/1153396
823059,2026-05-19,St. Louis Cardinals,Pittsburgh Pirates,-119,-104,1.84,1.96,2026-05-19 23:45:00+00:00,0.0,/baseball-odds/usa-mlb/st-louis-pittsburgh-2026-05-20/1153403
823136,2026-05-19,Seattle Mariners,Chicago White Sox,-145,111,1.69,2.11,2026-05-20 01:40:00+00:00,0.0,/baseball-odds/usa-mlb/seattle-white-sox-2026-05-20/1153406
823302,2026-05-19,San Diego Padres,Los Angeles Dodgers,134,-167,2.34,1.6,2026-05-20 01:40:00+00:00,0.0,/baseball-odds/usa-mlb/san-diego-la-dodgers-2026-05-20/1153407
823464,2026-05-19,Philadelphia Phillies,Cincinnati Reds,-143,108,1.7,2.08,2026-05-19 22:40:00+00:00,0.0,/baseball-odds/usa-mlb/philadelphia-cincinnati-2026-05-20/1153395
823548,2026-05-19,New York Yankees,Toronto Blue Jays,-135,106,1.74,2.06,2026-05-19 23:05:00+00:00,0.0,/baseball-odds/usa-mlb/ny-yankees-toronto-2026-05-20/1153399
823704,2026-05-19,Minnesota Twins,Houston Astros,-147,119,1.68,2.19,2026-05-19 23:40:00+00:00,0.0,/baseball-odds/usa-mlb/minnesota-houston-2026-05-20/1153402
823865,2026-05-19,Miami Marlins,Atlanta Braves,112,-143,2.12,1.7,2026-05-19 20:10:00+00:00,0.0,/baseball-odds/usa-mlb/miami-atlanta-2026-05-19/1153394
824033,2026-05-19,Los Angeles Angels,Athletics,-141,114,1.71,2.14,2026-05-20 01:38:00+00:00,0.0,/baseball-odds/usa-mlb/la-angels-athletics-2026-05-20/1153405
824112,2026-05-19,Kansas City Royals,Boston Red Sox,105,-130,2.05,1.77,2026-05-19 23:40:00+00:00,0.0,/baseball-odds/usa-mlb/kansas-city-boston-2026-05-20/1153401
824276,2026-05-19,Detroit Tigers,Cleveland Guardians,124,-154,2.24,1.65,2026-05-19 22:40:00+00:00,0.0,/baseball-odds/usa-mlb/detroit-cleveland-2026-05-20/1153397
824356,2026-05-19,Colorado Rockies,Texas Rangers,-116,-111,1.86,1.9,2026-05-20 00:40:00+00:00,0.0,/baseball-odds/usa-mlb/colorado-texas-2026-05-20/1153404
824677,2026-05-19,Chicago Cubs,Milwaukee Brewers,-105,-118,1.95,1.85,2026-05-19 23:40:00+00:00,0.0,/baseball-odds/usa-mlb/cubs-milwaukee-2026-05-20/1153400
825086,2026-05-19,Arizona Diamondbacks,San Francisco Giants,-133,102,1.75,2.02,2026-05-20 01:40:00+00:00,0.0,/baseball-odds/usa-mlb/arizona-san-francisco-2026-05-20/1153408
822735,2026-05-20,Washington Nationals,New York Mets,102,-127,2.02,1.79,2026-05-20 22:45:00+00:00,0.0,/baseball-odds/usa-mlb/washington-ny-mets-2026-05-21/1153417
822977,2026-05-20,Tampa Bay Rays,Baltimore Orioles,-122,-106,1.82,1.94,2026-05-20 17:10:00+00:00,0.0,/baseball-odds/usa-mlb/tampa-bay-baltimore-2026-05-20/1153410
823057,2026-05-20,St. Louis Cardinals,Pittsburgh Pirates,-118,-105,1.85,1.95,2026-05-20 23:45:00+00:00,0.0,/baseball-odds/usa-mlb/st-louis-pittsburgh-2026-05-21/1153421
823134,2026-05-20,Seattle Mariners,Chicago White Sox,-152,114,1.66,2.14,2026-05-20 20:10:00+00:00,0.0,/baseball-odds/usa-mlb/seattle-white-sox-2026-05-20/1153414
823299,2026-05-20,San Diego Padres,Los Angeles Dodgers,149,-200,2.49,1.5,2026-05-21 00:40:00+00:00,0.0,/baseball-odds/usa-mlb/san-diego-la-dodgers-2026-05-21/1153422
823462,2026-05-20,Philadelphia Phillies,Cincinnati Reds,-149,121,1.67,2.21,2026-05-20 17:05:00+00:00,0.0,/baseball-odds/usa-mlb/philadelphia-cincinnati-2026-05-20/1153409
823547,2026-05-20,New York Yankees,Toronto Blue Jays,-175,140,1.57,2.4,2026-05-20 23:05:00+00:00,0.0,/baseball-odds/usa-mlb/ny-yankees-toronto-2026-05-21/1153418
823703,2026-05-20,Minnesota Twins,Houston Astros,-145,124,1.69,2.24,2026-05-20 17:40:00+00:00,0.0,/baseball-odds/usa-mlb/minnesota-houston-2026-05-20/1153411
823866,2026-05-20,Miami Marlins,Atlanta Braves,153,-192,2.53,1.52,2026-05-20 22:40:00+00:00,0.0,/baseball-odds/usa-mlb/miami-atlanta-2026-05-21/1153415
824032,2026-05-20,Los Angeles Angels,Athletics,108,-133,2.08,1.75,2026-05-21 01:38:00+00:00,0.0,/baseball-odds/usa-mlb/la-angels-athletics-2026-05-21/1153423
824111,2026-05-20,Kansas City Royals,Boston Red Sox,-123,100,1.81,2.0,2026-05-20 23:40:00+00:00,0.0,/baseball-odds/usa-mlb/kansas-city-boston-2026-05-21/1153420
824273,2026-05-20,Detroit Tigers,Cleveland Guardians,-104,-120,1.96,1.83,2026-05-20 22:40:00+00:00,0.0,/baseball-odds/usa-mlb/detroit-cleveland-2026-05-21/1153416
824355,2026-05-20,Colorado Rockies,Texas Rangers,101,-127,2.01,1.79,2026-05-20 19:10:00+00:00,0.0,/baseball-odds/usa-mlb/colorado-texas-2026-05-20/1153412
824678,2026-05-20,Chicago Cubs,Milwaukee Brewers,-118,-105,1.85,1.95,2026-05-20 23:40:00+00:00,0.0,/baseball-odds/usa-mlb/cubs-milwaukee-2026-05-21/1153419
825084,2026-05-20,Arizona Diamondbacks,San Francisco Giants,-116,-111,1.86,1.9,2026-05-20 19:40:00+00:00,0.0,/baseball-odds/usa-mlb/arizona-san-francisco-2026-05-20/1153413
822733,2026-05-21,Washington Nationals,New York Mets,-110,-112,1.91,1.89,2026-05-21 20:05:00+00:00,0.0,/baseball-odds/usa-mlb/washington-ny-mets-2026-05-21/1153426
823056,2026-05-21,St. Louis Cardinals,Pittsburgh Pirates,-102,-120,1.98,1.83,2026-05-21 17:15:00+00:00,0.0,/baseball-odds/usa-mlb/st-louis-pittsburgh-2026-05-21/1153425
823545,2026-05-21,New York Yankees,Toronto Blue Jays,-145,117,1.69,2.17,2026-05-21 23:05:00+00:00,0.0,/baseball-odds/usa-mlb/ny-yankees-toronto-2026-05-22/1153428
823864,2026-05-21,Miami Marlins,Atlanta Braves,114,-141,2.14,1.71,2026-05-21 22:40:00+00:00,0.0,/baseball-odds/usa-mlb/miami-atlanta-2026-05-22/1153427
824031,2026-05-21,Los Angeles Angels,Athletics,-123,100,1.81,2.0,2026-05-22 01:38:00+00:00,0.0,/baseball-odds/usa-mlb/la-angels-athletics-2026-05-22/1153429
824274,2026-05-21,Detroit Tigers,Cleveland Guardians,-133,100,1.75,2.0,2026-05-21 17:10:00+00:00,0.0,/baseball-odds/usa-mlb/detroit-cleveland-2026-05-21/1153424
825083,2026-05-21,Arizona Diamondbacks,Colorado Rockies,-208,163,1.48,2.63,2026-05-22 01:40:00+00:00,0.0,/baseball-odds/usa-mlb/arizona-colorado-2026-05-22/1153430
822816,2026-05-22,Toronto Blue Jays,Pittsburgh Pirates,-164,129,1.61,2.29,2026-05-22 23:07:00+00:00,0.0,/baseball-odds/usa-mlb/toronto-pittsburgh-2026-05-23/1153435
823223,2026-05-22,San Francisco Giants,Chicago White Sox,-108,-115,1.93,1.87,2026-05-23 02:15:00+00:00,0.0,/baseball-odds/usa-mlb/san-francisco-white-sox-2026-05-23/1153445
823298,2026-05-22,San Diego Padres,Athletics,-135,109,1.74,2.09,2026-05-23 01:40:00+00:00,0.0,/baseball-odds/usa-mlb/san-diego-athletics-2026-05-23/1153444
823461,2026-05-22,Philadelphia Phillies,Cleveland Guardians,-189,150,1.53,2.5,2026-05-22 22:40:00+00:00,0.0,/baseball-odds/usa-mlb/philadelphia-cleveland-2026-05-23/1153432
823546,2026-05-22,New York Yankees,Tampa Bay Rays,-147,119,1.68,2.19,2026-05-22 23:05:00+00:00,0.0,/baseball-odds/usa-mlb/ny-yankees-tampa-bay-2026-05-23/1153434
823788,2026-05-22,Milwaukee Brewers,Los Angeles Dodgers,-115,-108,1.87,1.93,2026-05-22 23:40:00+00:00,0.0,/baseball-odds/usa-mlb/milwaukee-la-dodgers-2026-05-23/1153440
823863,2026-05-22,Miami Marlins,New York Mets,-120,-110,1.83,1.91,2026-05-22 23:10:00+00:00,0.0,/baseball-odds/usa-mlb/miami-ny-mets-2026-05-23/1153436
824029,2026-05-22,Los Angeles Angels,Texas Rangers,132,-164,2.32,1.61,2026-05-23 01:38:00+00:00,0.0,/baseball-odds/usa-mlb/la-angels-texas-2026-05-23/1153442
824110,2026-05-22,Kansas City Royals,Seattle Mariners,-105,-116,1.95,1.86,2026-05-22 23:40:00+00:00,0.0,/baseball-odds/usa-mlb/kansas-city-seattle-2026-05-23/1153441
824679,2026-05-22,Chicago Cubs,Houston Astros,-145,117,1.69,2.17,2026-05-22 18:20:00+00:00,0.0,/baseball-odds/usa-mlb/cubs-houston-2026-05-22/1153431
824761,2026-05-22,Boston Red Sox,Minnesota Twins,-156,119,1.64,2.19,2026-05-22 23:10:00+00:00,0.0,/baseball-odds/usa-mlb/boston-minnesota-2026-05-23/1153437
824842,2026-05-22,Baltimore Orioles,Detroit Tigers,-135,108,1.74,2.08,2026-05-22 23:15:00+00:00,0.0,/baseball-odds/usa-mlb/baltimore-detroit-2026-05-23/1153439
824922,2026-05-22,Atlanta Braves,Washington Nationals,-208,156,1.48,2.56,2026-05-22 23:15:00+00:00,0.0,/baseball-odds/usa-mlb/atlanta-washington-2026-05-23/1153438
825082,2026-05-22,Arizona Diamondbacks,Colorado Rockies,-227,172,1.44,2.72,2026-05-23 01:40:00+00:00,0.0,/baseball-odds/usa-mlb/arizona-colorado-2026-05-23/1153443
822814,2026-05-23,Toronto Blue Jays,Pittsburgh Pirates,121,-149,2.21,1.67,2026-05-23 19:07:00+00:00,0.0,/baseball-odds/usa-mlb/toronto-pittsburgh-2026-05-23/1153448
823222,2026-05-23,San Francisco Giants,Chicago White Sox,-115,-108,1.87,1.93,2026-05-23 20:05:00+00:00,0.0,/baseball-odds/usa-mlb/san-francisco-white-sox-2026-05-23/1153451
823300,2026-05-23,San Diego Padres,Athletics,102,-127,2.02,1.79,2026-05-24 01:40:00+00:00,0.0,/baseball-odds/usa-mlb/san-diego-athletics-2026-05-24/1153458
823458,2026-05-23,Philadelphia Phillies,Cleveland Guardians,-182,145,1.55,2.45,2026-05-23 20:05:00+00:00,0.0,/baseball-odds/usa-mlb/philadelphia-cleveland-2026-05-23/1153450
823787,2026-05-23,Milwaukee Brewers,Los Angeles Dodgers,-108,-122,1.93,1.82,2026-05-23 23:15:00+00:00,0.0,/baseball-odds/usa-mlb/milwaukee-la-dodgers-2026-05-24/1153457
823862,2026-05-23,Miami Marlins,New York Mets,-116,-111,1.86,1.9,2026-05-23 20:10:00+00:00,0.0,/baseball-odds/usa-mlb/miami-ny-mets-2026-05-23/1153454
824030,2026-05-23,Los Angeles Angels,Texas Rangers,120,-149,2.2,1.67,2026-05-24 02:05:00+00:00,0.0,/baseball-odds/usa-mlb/la-angels-texas-2026-05-24/1153459
824109,2026-05-23,Kansas City Royals,Seattle Mariners,101,-130,2.01,1.77,2026-05-23 20:10:00+00:00,0.0,/baseball-odds/usa-mlb/kansas-city-seattle-2026-05-23/1153453
824516,2026-05-23,Cincinnati Reds,St. Louis Cardinals,-119,-114,1.84,1.88,2026-05-23 23:15:00+00:00,0.0,/baseball-odds/usa-mlb/cincinnati-st-louis-2026-05-24/1153456
824518,2026-05-23,Cincinnati Reds,St. Louis Cardinals,-119,-114,1.84,1.88,2026-05-23 23:15:00+00:00,6.083333333333333,/baseball-odds/usa-mlb/cincinnati-st-louis-2026-05-24/1153456
824674,2026-05-23,Chicago Cubs,Houston Astros,-156,128,1.64,2.28,2026-05-23 18:20:00+00:00,0.0,/baseball-odds/usa-mlb/cubs-houston-2026-05-23/1153447
824760,2026-05-23,Boston Red Sox,Minnesota Twins,-133,102,1.75,2.02,2026-05-23 20:10:00+00:00,0.0,/baseball-odds/usa-mlb/boston-minnesota-2026-05-23/1153455
824920,2026-05-23,Atlanta Braves,Washington Nationals,-175,131,1.57,2.31,2026-05-23 20:10:00+00:00,0.0,/baseball-odds/usa-mlb/atlanta-washington-2026-05-23/1153452
825080,2026-05-23,Arizona Diamondbacks,Colorado Rockies,-196,156,1.51,2.56,2026-05-24 02:10:00+00:00,0.0,/baseball-odds/usa-mlb/arizona-colorado-2026-05-24/1153460
822813,2026-05-24,Toronto Blue Jays,Pittsburgh Pirates,-182,145,1.55,2.45,2026-05-24 16:15:00+00:00,0.0,/baseball-odds/usa-mlb/toronto-pittsburgh-2026-05-24/1153461
823220,2026-05-24,San Francisco Giants,Chicago White Sox,-132,102,1.76,2.02,2026-05-24 20:05:00+00:00,0.0,/baseball-odds/usa-mlb/san-francisco-white-sox-2026-05-24/1153471
823297,2026-05-24,San Diego Padres,Athletics,-179,143,1.56,2.43,2026-05-24 20:10:00+00:00,0.0,/baseball-odds/usa-mlb/san-diego-athletics-2026-05-24/1153474
823459,2026-05-24,Philadelphia Phillies,Cleveland Guardians,-106,-116,1.94,1.86,2026-05-24 17:35:00+00:00,0.0,/baseball-odds/usa-mlb/philadelphia-cleveland-2026-05-24/1153466
823544,2026-05-24,New York Yankees,Tampa Bay Rays,-152,112,1.66,2.12,2026-05-24 17:35:00+00:00,0.0,/baseball-odds/usa-mlb/ny-yankees-tampa-bay-2026-05-24/1153463
823786,2026-05-24,Milwaukee Brewers,Los Angeles Dodgers,120,-161,2.2,1.62,2026-05-24 18:10:00+00:00,0.0,/baseball-odds/usa-mlb/milwaukee-la-dodgers-2026-05-24/1153469
823861,2026-05-24,Miami Marlins,New York Mets,-133,102,1.75,2.02,2026-05-24 17:40:00+00:00,0.0,/baseball-odds/usa-mlb/miami-ny-mets-2026-05-24/1153467
824028,2026-05-24,Los Angeles Angels,Texas Rangers,-130,102,1.77,2.02,2026-05-24 23:20:00+00:00,0.0,/baseball-odds/usa-mlb/la-angels-texas-2026-05-25/1153475
824108,2026-05-24,Kansas City Royals,Seattle Mariners,-102,-128,1.98,1.78,2026-05-24 18:10:00+00:00,0.0,/baseball-odds/usa-mlb/kansas-city-seattle-2026-05-24/1153468
824676,2026-05-24,Chicago Cubs,Houston Astros,-182,138,1.55,2.38,2026-05-24 18:20:00+00:00,0.0,/baseball-odds/usa-mlb/cubs-houston-2026-05-24/1153470
824759,2026-05-24,Boston Red Sox,Minnesota Twins,-182,135,1.55,2.35,2026-05-24 17:35:00+00:00,0.0,/baseball-odds/usa-mlb/boston-minnesota-2026-05-24/1153464
824839,2026-05-24,Baltimore Orioles,Detroit Tigers,-130,102,1.77,2.02,2026-05-24 16:35:00+00:00,0.0,/baseball-odds/usa-mlb/baltimore-detroit-2026-05-24/1156320
824840,2026-05-24,Baltimore Orioles,Detroit Tigers,-130,102,1.77,2.02,2026-05-24 16:35:00+00:00,5.5,/baseball-odds/usa-mlb/baltimore-detroit-2026-05-24/1156320
824921,2026-05-24,Atlanta Braves,Washington Nationals,-161,121,1.62,2.21,2026-05-24 20:10:00+00:00,0.0,/baseball-odds/usa-mlb/atlanta-washington-2026-05-24/1153472
825081,2026-05-24,Arizona Diamondbacks,Colorado Rockies,-204,162,1.49,2.62,2026-05-24 20:10:00+00:00,0.0,/baseball-odds/usa-mlb/arizona-colorado-2026-05-24/1153473
822812,2026-05-25,Toronto Blue Jays,Miami Marlins,-156,124,1.64,2.24,2026-05-25 23:07:00+00:00,0.0,/baseball-odds/usa-mlb/toronto-miami-2026-05-26/1153486
822899,2026-05-25,Texas Rangers,Houston Astros,-125,-104,1.8,1.96,2026-05-25 23:05:00+00:00,0.0,/baseball-odds/usa-mlb/texas-houston-2026-05-26/1153485
823219,2026-05-25,San Francisco Giants,Arizona Diamondbacks,-139,112,1.72,2.12,2026-05-25 21:05:00+00:00,0.0,/baseball-odds/usa-mlb/san-francisco-arizona-2026-05-25/1153481
823296,2026-05-25,San Diego Padres,Philadelphia Phillies,-105,-123,1.95,1.81,2026-05-25 22:40:00+00:00,0.0,/baseball-odds/usa-mlb/san-diego-philadelphia-2026-05-26/1153484
823380,2026-05-25,Pittsburgh Pirates,Chicago Cubs,-102,-125,1.98,1.8,2026-05-25 17:35:00+00:00,0.0,/baseball-odds/usa-mlb/pittsburgh-cubs-2026-05-25/1156314
823625,2026-05-25,New York Mets,Cincinnati Reds,-141,107,1.71,2.07,2026-05-25 20:10:00+00:00,0.0,/baseball-odds/usa-mlb/ny-mets-cincinnati-2026-05-25/1153480
823784,2026-05-25,Milwaukee Brewers,St. Louis Cardinals,-244,175,1.41,2.75,2026-05-25 18:10:00+00:00,0.0,/baseball-odds/usa-mlb/milwaukee-st-louis-2026-05-25/1153477
823948,2026-05-25,Los Angeles Dodgers,Colorado Rockies,-323,245,1.31,3.45,2026-05-26 01:10:00+00:00,0.0,/baseball-odds/usa-mlb/la-dodgers-colorado-2026-05-26/1153487
824107,2026-05-25,Kansas City Royals,New York Yankees,105,-135,2.05,1.74,2026-05-25 19:40:00+00:00,0.0,/baseball-odds/usa-mlb/kansas-city-ny-yankees-2026-05-25/1153479
824437,2026-05-25,Cleveland Guardians,Washington Nationals,-175,138,1.57,2.38,2026-05-25 22:10:00+00:00,0.0,/baseball-odds/usa-mlb/cleveland-washington-2026-05-26/1153482
824598,2026-05-25,Chicago White Sox,Minnesota Twins,-116,-111,1.86,1.9,2026-05-25 18:10:00+00:00,0.0,/baseball-odds/usa-mlb/white-sox-minnesota-2026-05-25/1153478
824838,2026-05-25,Baltimore Orioles,Tampa Bay Rays,-104,-118,1.96,1.85,2026-05-25 17:35:00+00:00,0.0,/baseball-odds/usa-mlb/baltimore-tampa-bay-2026-05-25/1156260
825005,2026-05-25,Athletics,Seattle Mariners,-108,-115,1.93,1.87,2026-05-26 01:40:00+00:00,0.0,/baseball-odds/usa-mlb/athletics-seattle-2026-05-26/1156261
822811,2026-05-26,Toronto Blue Jays,Miami Marlins,-128,105,1.78,2.05,2026-05-26 23:07:00+00:00,0.0,/baseball-odds/usa-mlb/toronto-miami-2026-05-27/1153494
822898,2026-05-26,Texas Rangers,Houston Astros,-139,112,1.72,2.12,2026-05-27 00:05:00+00:00,0.0,/baseball-odds/usa-mlb/texas-houston-2026-05-27/1153499
823216,2026-05-26,San Francisco Giants,Arizona Diamondbacks,-122,-109,1.82,1.92,2026-05-27 01:45:00+00:00,0.0,/baseball-odds/usa-mlb/san-francisco-arizona-2026-05-27/1153502
823294,2026-05-26,San Diego Padres,Philadelphia Phillies,-116,-111,1.86,1.9,2026-05-27 01:40:00+00:00,0.0,/baseball-odds/usa-mlb/san-diego-philadelphia-2026-05-27/1153500
823379,2026-05-26,Pittsburgh Pirates,Chicago Cubs,-143,115,1.7,2.15,2026-05-26 22:40:00+00:00,0.0,/baseball-odds/usa-mlb/pittsburgh-cubs-2026-05-27/1153491
823624,2026-05-26,New York Mets,Cincinnati Reds,-102,-123,1.98,1.81,2026-05-26 23:10:00+00:00,0.0,/baseball-odds/usa-mlb/ny-mets-cincinnati-2026-05-27/1153495
823785,2026-05-26,Milwaukee Brewers,St. Louis Cardinals,-222,163,1.45,2.63,2026-05-26 23:40:00+00:00,0.0,/baseball-odds/usa-mlb/milwaukee-st-louis-2026-05-27/1153497
823949,2026-05-26,Los Angeles Dodgers,Colorado Rockies,-263,191,1.38,2.91,2026-05-27 02:10:00+00:00,0.0,/baseball-odds/usa-mlb/la-dodgers-colorado-2026-05-27/1153503
824106,2026-05-26,Kansas City Royals,New York Yankees,162,-208,2.62,1.48,2026-05-26 23:40:00+00:00,0.0,/baseball-odds/usa-mlb/kansas-city-ny-yankees-2026-05-27/1153496
824275,2026-05-26,Detroit Tigers,Los Angeles Angels,-143,108,1.7,2.08,2026-05-26 22:40:00+00:00,0.0,/baseball-odds/usa-mlb/detroit-la-angels-2026-05-27/1153492
824434,2026-05-26,Cleveland Guardians,Washington Nationals,-139,106,1.72,2.06,2026-05-26 22:10:00+00:00,0.0,/baseball-odds/usa-mlb/cleveland-washington-2026-05-27/1153489
824597,2026-05-26,Chicago White Sox,Minnesota Twins,-109,-122,1.92,1.82,2026-05-26 23:40:00+00:00,0.0,/baseball-odds/usa-mlb/white-sox-minnesota-2026-05-27/1153498
824758,2026-05-26,Boston Red Sox,Atlanta Braves,-115,-110,1.87,1.91,2026-05-26 22:45:00+00:00,0.0,/baseball-odds/usa-mlb/boston-atlanta-2026-05-27/1153493
824837,2026-05-26,Baltimore Orioles,Tampa Bay Rays,-110,-112,1.91,1.89,2026-05-26 22:35:00+00:00,0.0,/baseball-odds/usa-mlb/baltimore-tampa-bay-2026-05-27/1153490
825004,2026-05-26,Athletics,Seattle Mariners,-119,-104,1.84,1.96,2026-05-27 01:40:00+00:00,0.0,/baseball-odds/usa-mlb/athletics-seattle-2026-05-27/1153501
822809,2026-05-27,Toronto Blue Jays,Miami Marlins,-161,121,1.62,2.21,2026-05-27 17:07:00+00:00,0.0,/baseball-odds/usa-mlb/toronto-miami-2026-05-27/1153504
822897,2026-05-27,Texas Rangers,Houston Astros,-147,119,1.68,2.19,2026-05-28 00:05:00+00:00,0.0,/baseball-odds/usa-mlb/texas-houston-2026-05-28/1153517
823217,2026-05-27,San Francisco Giants,Arizona Diamondbacks,-109,-119,1.92,1.84,2026-05-27 19:45:00+00:00,0.0,/baseball-odds/usa-mlb/san-francisco-arizona-2026-05-27/1153508
823295,2026-05-27,San Diego Padres,Philadelphia Phillies,112,-147,2.12,1.68,2026-05-27 20:10:00+00:00,0.0,/baseball-odds/usa-mlb/san-diego-philadelphia-2026-05-27/1153509
823376,2026-05-27,Pittsburgh Pirates,Chicago Cubs,-127,102,1.79,2.02,2026-05-27 22:40:00+00:00,0.0,/baseball-odds/usa-mlb/pittsburgh-cubs-2026-05-28/1153511
823626,2026-05-27,New York Mets,Cincinnati Reds,-120,-102,1.83,1.98,2026-05-27 23:10:00+00:00,0.0,/baseball-odds/usa-mlb/ny-mets-cincinnati-2026-05-28/1153514
823783,2026-05-27,Milwaukee Brewers,St. Louis Cardinals,-175,135,1.57,2.35,2026-05-27 17:40:00+00:00,0.0,/baseball-odds/usa-mlb/milwaukee-st-louis-2026-05-27/1153506
823947,2026-05-27,Los Angeles Dodgers,Colorado Rockies,-476,294,1.21,3.94,2026-05-28 02:10:00+00:00,0.0,/baseball-odds/usa-mlb/la-dodgers-colorado-2026-05-28/1153518
824104,2026-05-27,Kansas City Royals,New York Yankees,124,-154,2.24,1.65,2026-05-27 23:40:00+00:00,0.0,/baseball-odds/usa-mlb/kansas-city-ny-yankees-2026-05-28/1153516
824270,2026-05-27,Detroit Tigers,Los Angeles Angels,-115,-110,1.87,1.91,2026-05-27 22:40:00+00:00,0.0,/baseball-odds/usa-mlb/detroit-la-angels-2026-05-28/1153512
824432,2026-05-27,Cleveland Guardians,Washington Nationals,-182,145,1.55,2.45,2026-05-27 17:10:00+00:00,0.0,/baseball-odds/usa-mlb/cleveland-washington-2026-05-27/1153505
824596,2026-05-27,Chicago White Sox,Minnesota Twins,-114,-114,1.88,1.88,2026-05-27 23:40:00+00:00,0.0,/baseball-odds/usa-mlb/white-sox-minnesota-2026-05-28/1153515
824756,2026-05-27,Boston Red Sox,Atlanta Braves,-116,-106,1.86,1.94,2026-05-27 22:45:00+00:00,0.0,/baseball-odds/usa-mlb/boston-atlanta-2026-05-28/1153513
824836,2026-05-27,Baltimore Orioles,Tampa Bay Rays,-101,-130,1.99,1.77,2026-05-27 22:35:00+00:00,0.0,/baseball-odds/usa-mlb/baltimore-tampa-bay-2026-05-28/1153510
825003,2026-05-27,Athletics,Seattle Mariners,-101,-122,1.99,1.82,2026-05-27 19:05:00+00:00,0.0,/baseball-odds/usa-mlb/athletics-seattle-2026-05-27/1153507
822896,2026-05-28,Texas Rangers,Houston Astros,-143,115,1.7,2.15,2026-05-29 00:05:00+00:00,0.0,/baseball-odds/usa-mlb/texas-houston-2026-05-29/1153524
823378,2026-05-28,Pittsburgh Pirates,Chicago Cubs,-185,138,1.54,2.38,2026-05-28 22:40:00+00:00,0.0,/baseball-odds/usa-mlb/pittsburgh-cubs-2026-05-29/1153523
824272,2026-05-28,Detroit Tigers,Los Angeles Angels,-137,108,1.73,2.08,2026-05-28 17:10:00+00:00,0.0,/baseball-odds/usa-mlb/detroit-la-angels-2026-05-28/1153519
824595,2026-05-28,Chicago White Sox,Minnesota Twins,-185,138,1.54,2.38,2026-05-28 18:10:00+00:00,0.0,/baseball-odds/usa-mlb/white-sox-minnesota-2026-05-28/1153520
824757,2026-05-28,Boston Red Sox,Atlanta Braves,105,-130,2.05,1.77,2026-05-28 20:10:00+00:00,0.0,/baseball-odds/usa-mlb/boston-atlanta-2026-05-28/1153521
824834,2026-05-28,Baltimore Orioles,Toronto Blue Jays,-132,101,1.76,2.01,2026-05-28 22:35:00+00:00,0.0,/baseball-odds/usa-mlb/baltimore-toronto-2026-05-29/1153522
822732,2026-05-29,Washington Nationals,San Diego Padres,-125,-102,1.8,1.98,2026-05-29 22:45:00+00:00,0.0,/baseball-odds/usa-mlb/washington-san-diego-2026-05-30/1153527
822894,2026-05-29,Texas Rangers,Kansas City Royals,-132,101,1.76,2.01,2026-05-30 00:05:00+00:00,0.0,/baseball-odds/usa-mlb/texas-kansas-city-2026-05-30/1153534
822978,2026-05-29,Tampa Bay Rays,Los Angeles Angels,-164,128,1.61,2.28,2026-05-29 23:10:00+00:00,0.0,/baseball-odds/usa-mlb/tampa-bay-la-angels-2026-05-30/1153530
823055,2026-05-29,St. Louis Cardinals,Chicago Cubs,103,-133,2.03,1.75,2026-05-29 23:15:00+00:00,0.0,/baseball-odds/usa-mlb/st-louis-cubs-2026-05-30/1153532
823135,2026-05-29,Seattle Mariners,Arizona Diamondbacks,-149,114,1.67,2.14,2026-05-30 02:10:00+00:00,0.0,/baseball-odds/usa-mlb/seattle-arizona-2026-05-30/1153538
823377,2026-05-29,Pittsburgh Pirates,Minnesota Twins,-139,115,1.72,2.15,2026-05-29 22:45:00+00:00,0.0,/baseball-odds/usa-mlb/pittsburgh-minnesota-2026-05-30/1153526
823623,2026-05-29,New York Mets,Miami Marlins,-116,-106,1.86,1.94,2026-05-29 23:10:00+00:00,0.0,/baseball-odds/usa-mlb/ny-mets-miami-2026-05-30/1153529
823946,2026-05-29,Los Angeles Dodgers,Philadelphia Phillies,-119,-109,1.84,1.92,2026-05-30 02:15:00+00:00,0.0,/baseball-odds/usa-mlb/la-dodgers-philadelphia-2026-05-30/1153539
824191,2026-05-29,Houston Astros,Milwaukee Brewers,115,-145,2.15,1.69,2026-05-30 00:10:00+00:00,0.0,/baseball-odds/usa-mlb/houston-milwaukee-2026-05-30/1153535
824353,2026-05-29,Colorado Rockies,San Francisco Giants,122,-152,2.22,1.66,2026-05-30 00:40:00+00:00,0.0,/baseball-odds/usa-mlb/colorado-san-francisco-2026-05-30/1153536
824433,2026-05-29,Cleveland Guardians,Boston Red Sox,-130,105,1.77,2.05,2026-05-29 23:10:00+00:00,0.0,/baseball-odds/usa-mlb/cleveland-boston-2026-05-30/1153531
824515,2026-05-29,Cincinnati Reds,Atlanta Braves,109,-135,2.09,1.74,2026-05-29 22:40:00+00:00,0.0,/baseball-odds/usa-mlb/cincinnati-atlanta-2026-05-30/1153525
824594,2026-05-29,Chicago White Sox,Detroit Tigers,-116,-111,1.86,1.9,2026-05-29 23:40:00+00:00,0.0,/baseball-odds/usa-mlb/white-sox-detroit-2026-05-30/1153533
824835,2026-05-29,Baltimore Orioles,Toronto Blue Jays,-133,102,1.75,2.02,2026-05-29 23:05:00+00:00,0.0,/baseball-odds/usa-mlb/baltimore-toronto-2026-05-30/1153528
825002,2026-05-29,Athletics,New York Yankees,115,-143,2.15,1.7,2026-05-30 01:40:00+00:00,0.0,/baseball-odds/usa-mlb/athletics-ny-yankees-2026-05-30/1153537
822731,2026-05-30,Washington Nationals,San Diego Padres,102,-133,2.02,1.75,2026-05-30 20:05:00+00:00,0.0,/baseball-odds/usa-mlb/washington-san-diego-2026-05-30/1153542
822893,2026-05-30,Texas Rangers,Kansas City Royals,-125,-104,1.8,1.96,2026-05-30 20:05:00+00:00,0.0,/baseball-odds/usa-mlb/texas-kansas-city-2026-05-30/1153541
822975,2026-05-30,Tampa Bay Rays,Los Angeles Angels,-175,131,1.57,2.31,2026-05-30 20:10:00+00:00,0.0,/baseball-odds/usa-mlb/tampa-bay-la-angels-2026-05-30/1153547
823054,2026-05-30,St. Louis Cardinals,Chicago Cubs,105,-133,2.05,1.75,2026-05-30 23:15:00+00:00,0.0,/baseball-odds/usa-mlb/st-louis-cubs-2026-05-31/1153549
823132,2026-05-30,Seattle Mariners,Arizona Diamondbacks,-159,119,1.63,2.19,2026-05-31 02:10:00+00:00,0.0,/baseball-odds/usa-mlb/seattle-arizona-2026-05-31/1153553
823375,2026-05-30,Pittsburgh Pirates,Minnesota Twins,-159,120,1.63,2.2,2026-05-30 20:05:00+00:00,0.0,/baseball-odds/usa-mlb/pittsburgh-minnesota-2026-05-30/1153544
823622,2026-05-30,New York Mets,Miami Marlins,-139,112,1.72,2.12,2026-05-30 20:10:00+00:00,0.0,/baseball-odds/usa-mlb/ny-mets-miami-2026-05-30/1153548
823945,2026-05-30,Los Angeles Dodgers,Philadelphia Phillies,-128,-101,1.78,1.99,2026-05-31 02:10:00+00:00,0.0,/baseball-odds/usa-mlb/la-dodgers-philadelphia-2026-05-31/1153554
824190,2026-05-30,Houston Astros,Milwaukee Brewers,-105,-122,1.95,1.82,2026-05-30 20:10:00+00:00,0.0,/baseball-odds/usa-mlb/houston-milwaukee-2026-05-30/1153545
824352,2026-05-30,Colorado Rockies,San Francisco Giants,-111,-111,1.9,1.9,2026-05-31 01:10:00+00:00,0.0,/baseball-odds/usa-mlb/colorado-san-francisco-2026-05-31/1153551
824431,2026-05-30,Cleveland Guardians,Boston Red Sox,-133,109,1.75,2.09,2026-05-30 20:10:00+00:00,0.0,/baseball-odds/usa-mlb/cleveland-boston-2026-05-30/1153546
824513,2026-05-30,Cincinnati Reds,Atlanta Braves,101,-125,2.01,1.8,2026-05-30 23:15:00+00:00,0.0,/baseball-odds/usa-mlb/cincinnati-atlanta-2026-05-31/1153550
824593,2026-05-30,Chicago White Sox,Detroit Tigers,-108,-118,1.93,1.85,2026-05-30 18:10:00+00:00,0.0,/baseball-odds/usa-mlb/white-sox-detroit-2026-05-30/1153540
824833,2026-05-30,Baltimore Orioles,Toronto Blue Jays,102,-133,2.02,1.75,2026-05-30 20:05:00+00:00,0.0,/baseball-odds/usa-mlb/baltimore-toronto-2026-05-30/1153543
825000,2026-05-30,Athletics,New York Yankees,126,-156,2.26,1.64,2026-05-31 02:05:00+00:00,0.0,/baseball-odds/usa-mlb/athletics-ny-yankees-2026-05-31/1153552
822729,2026-05-31,Washington Nationals,San Diego Padres,-109,-119,1.92,1.84,2026-05-31 17:35:00+00:00,0.0,/baseball-odds/usa-mlb/washington-san-diego-2026-05-31/1153556
822895,2026-05-31,Texas Rangers,Kansas City Royals,-116,-111,1.86,1.9,2026-05-31 18:35:00+00:00,0.0,/baseball-odds/usa-mlb/texas-kansas-city-2026-05-31/1153564
822976,2026-05-31,Tampa Bay Rays,Los Angeles Angels,-217,158,1.46,2.58,2026-05-31 17:40:00+00:00,0.0,/baseball-odds/usa-mlb/tampa-bay-la-angels-2026-05-31/1153558
823053,2026-05-31,St. Louis Cardinals,Chicago Cubs,-125,-104,1.8,1.96,2026-05-31 23:20:00+00:00,0.0,/baseball-odds/usa-mlb/st-louis-cubs-2026-06-01/1153569
823133,2026-05-31,Seattle Mariners,Arizona Diamondbacks,-143,115,1.7,2.15,2026-05-31 20:10:00+00:00,0.0,/baseball-odds/usa-mlb/seattle-arizona-2026-05-31/1153567
823373,2026-05-31,Pittsburgh Pirates,Minnesota Twins,-169,131,1.59,2.31,2026-05-31 17:35:00+00:00,0.0,/baseball-odds/usa-mlb/pittsburgh-minnesota-2026-05-31/1153557
823621,2026-05-31,New York Mets,Miami Marlins,-159,128,1.63,2.28,2026-05-31 17:40:00+00:00,0.0,/baseball-odds/usa-mlb/ny-mets-miami-2026-05-31/1153561
823944,2026-05-31,Los Angeles Dodgers,Philadelphia Phillies,-244,178,1.41,2.78,2026-05-31 20:10:00+00:00,0.0,/baseball-odds/usa-mlb/la-dodgers-philadelphia-2026-05-31/1153568
824187,2026-05-31,Houston Astros,Milwaukee Brewers,159,-200,2.59,1.5,2026-05-31 18:10:00+00:00,0.0,/baseball-odds/usa-mlb/houston-milwaukee-2026-05-31/1153562
824354,2026-05-31,Colorado Rockies,San Francisco Giants,-109,-114,1.92,1.88,2026-05-31 19:10:00+00:00,0.0,/baseball-odds/usa-mlb/colorado-san-francisco-2026-05-31/1153565
824430,2026-05-31,Cleveland Guardians,Boston Red Sox,-119,-104,1.84,1.96,2026-05-31 17:40:00+00:00,0.0,/baseball-odds/usa-mlb/cleveland-boston-2026-05-31/1153560
824512,2026-05-31,Cincinnati Reds,Atlanta Braves,-102,-123,1.98,1.81,2026-05-31 17:40:00+00:00,0.0,/baseball-odds/usa-mlb/cincinnati-atlanta-2026-05-31/1153559
824592,2026-05-31,Chicago White Sox,Detroit Tigers,-137,106,1.73,2.06,2026-05-31 18:10:00+00:00,0.0,/baseball-odds/usa-mlb/white-sox-detroit-2026-05-31/1153563
824832,2026-05-31,Baltimore Orioles,Toronto Blue Jays,-143,108,1.7,2.08,2026-05-31 16:15:00+00:00,0.0,/baseball-odds/usa-mlb/baltimore-toronto-2026-05-31/1153555
825001,2026-05-31,Athletics,New York Yankees,138,-172,2.38,1.58,2026-05-31 20:05:00+00:00,0.0,/baseball-odds/usa-mlb/athletics-ny-yankees-2026-05-31/1153566
822974,2026-06-01,Tampa Bay Rays,Detroit Tigers,-167,132,1.6,2.32,2026-06-01 22:40:00+00:00,0.0,/baseball-odds/usa-mlb/tampa-bay-detroit-2026-06-02/1153570
823050,2026-06-01,St. Louis Cardinals,Texas Rangers,101,-132,2.01,1.76,2026-06-01 23:45:00+00:00,0.0,/baseball-odds/usa-mlb/st-louis-texas-2026-06-02/1153573
823702,2026-06-01,Minnesota Twins,Chicago White Sox,-154,121,1.65,2.21,2026-06-01 23:40:00+00:00,0.0,/baseball-odds/usa-mlb/minnesota-white-sox-2026-06-02/1153572
823781,2026-06-01,Milwaukee Brewers,San Francisco Giants,-156,126,1.64,2.26,2026-06-01 23:40:00+00:00,0.0,/baseball-odds/usa-mlb/milwaukee-san-francisco-2026-06-02/1153571
824027,2026-06-01,Los Angeles Angels,Colorado Rockies,-208,153,1.48,2.53,2026-06-02 01:38:00+00:00,0.0,/baseball-odds/usa-mlb/la-angels-colorado-2026-06-02/1153574
825078,2026-06-01,Arizona Diamondbacks,Los Angeles Dodgers,134,-167,2.34,1.6,2026-06-02 01:40:00+00:00,0.0,/baseball-odds/usa-mlb/arizona-la-dodgers-2026-06-02/1153575
822728,2026-06-02,Washington Nationals,Miami Marlins,-122,-108,1.82,1.93,2026-06-02 22:45:00+00:00,0.0,/baseball-odds/usa-mlb/washington-miami-2026-06-03/1153578
823052,2026-06-02,St. Louis Cardinals,Texas Rangers,-111,-115,1.9,1.87,2026-06-02 23:45:00+00:00,0.0,/baseball-odds/usa-mlb/st-louis-texas-2026-06-03/1153584
823460,2026-06-02,Philadelphia Phillies,San Diego Padres,-159,120,1.63,2.2,2026-06-02 22:40:00+00:00,0.0,/baseball-odds/usa-mlb/philadelphia-san-diego-2026-06-03/1153576
823541,2026-06-02,New York Yankees,Cleveland Guardians,-213,156,1.47,2.56,2026-06-02 23:05:00+00:00,0.0,/baseball-odds/usa-mlb/ny-yankees-cleveland-2026-06-03/1153579
823700,2026-06-02,Minnesota Twins,Chicago White Sox,-102,-128,1.98,1.78,2026-06-02 23:40:00+00:00,0.0,/baseball-odds/usa-mlb/minnesota-white-sox-2026-06-03/1153582
823782,2026-06-02,Milwaukee Brewers,San Francisco Giants,-263,204,1.38,3.04,2026-06-02 23:40:00+00:00,0.0,/baseball-odds/usa-mlb/milwaukee-san-francisco-2026-06-03/1153583
824189,2026-06-02,Houston Astros,Pittsburgh Pirates,-120,-102,1.83,1.98,2026-06-03 00:10:00+00:00,0.0,/baseball-odds/usa-mlb/houston-pittsburgh-2026-06-03/1153586
824511,2026-06-02,Cincinnati Reds,Kansas City Royals,-132,102,1.76,2.02,2026-06-02 23:10:00+00:00,0.0,/baseball-odds/usa-mlb/cincinnati-kansas-city-2026-06-03/1153580
824675,2026-06-02,Chicago Cubs,Athletics,-130,105,1.77,2.05,2026-06-03 00:05:00+00:00,0.0,/baseball-odds/usa-mlb/cubs-athletics-2026-06-03/1153585
824754,2026-06-02,Boston Red Sox,Baltimore Orioles,-139,109,1.72,2.09,2026-06-02 22:45:00+00:00,0.0,/baseball-odds/usa-mlb/boston-baltimore-2026-06-03/1153577
824918,2026-06-02,Atlanta Braves,Toronto Blue Jays,-120,-105,1.83,1.95,2026-06-02 23:15:00+00:00,0.0,/baseball-odds/usa-mlb/atlanta-toronto-2026-06-03/1153581
825079,2026-06-02,Arizona Diamondbacks,Los Angeles Dodgers,-106,-122,1.94,1.82,2026-06-03 01:40:00+00:00,0.0,/baseball-odds/usa-mlb/arizona-la-dodgers-2026-06-03/1153587
822727,2026-06-03,Washington Nationals,Miami Marlins,-111,-111,1.9,1.9,2026-06-03 17:05:00+00:00,0.0,/baseball-odds/usa-mlb/washington-miami-2026-06-03/1153588
822973,2026-06-03,Tampa Bay Rays,Detroit Tigers,-145,122,1.69,2.22,2026-06-03 17:10:00+00:00,0.0,/baseball-odds/usa-mlb/tampa-bay-detroit-2026-06-03/1153589
823051,2026-06-03,St. Louis Cardinals,Texas Rangers,-116,-106,1.86,1.94,2026-06-03 23:45:00+00:00,0.0,/baseball-odds/usa-mlb/st-louis-texas-2026-06-04/1153596
823456,2026-06-03,Philadelphia Phillies,San Diego Padres,-244,175,1.41,2.75,2026-06-03 22:40:00+00:00,0.0,/baseball-odds/usa-mlb/philadelphia-san-diego-2026-06-04/1153591
823701,2026-06-03,Minnesota Twins,Chicago White Sox,-156,119,1.64,2.19,2026-06-03 17:40:00+00:00,0.0,/baseball-odds/usa-mlb/minnesota-white-sox-2026-06-03/1153590
823780,2026-06-03,Milwaukee Brewers,San Francisco Giants,-137,111,1.73,2.11,2026-06-03 23:40:00+00:00,0.0,/baseball-odds/usa-mlb/milwaukee-san-francisco-2026-06-04/1153595
824024,2026-06-03,Los Angeles Angels,Colorado Rockies,-149,113,1.67,2.13,2026-06-04 01:38:00+00:00,0.0,/baseball-odds/usa-mlb/la-angels-colorado-2026-06-04/1153599
824188,2026-06-03,Houston Astros,Pittsburgh Pirates,116,-147,2.16,1.68,2026-06-04 00:10:00+00:00,0.0,/baseball-odds/usa-mlb/houston-pittsburgh-2026-06-04/1153598
824509,2026-06-03,Cincinnati Reds,Kansas City Royals,-172,121,1.58,2.21,2026-06-03 23:10:00+00:00,0.0,/baseball-odds/usa-mlb/cincinnati-kansas-city-2026-06-04/1153593
824671,2026-06-03,Chicago Cubs,Athletics,-130,105,1.77,2.05,2026-06-04 00:05:00+00:00,0.0,/baseball-odds/usa-mlb/cubs-athletics-2026-06-04/1153597
824755,2026-06-03,Boston Red Sox,Baltimore Orioles,-161,128,1.62,2.28,2026-06-03 22:45:00+00:00,0.0,/baseball-odds/usa-mlb/boston-baltimore-2026-06-04/1153592
824917,2026-06-03,Atlanta Braves,Toronto Blue Jays,-152,122,1.66,2.22,2026-06-03 23:15:00+00:00,0.0,/baseball-odds/usa-mlb/atlanta-toronto-2026-06-04/1153594
823542,2026-06-04,New York Yankees,Cleveland Guardians,-175,131,1.57,2.31,2026-06-04 17:35:00+00:00,0.0,/baseball-odds/usa-mlb/ny-yankees-cleveland-2026-06-04/1153600
823779,2026-06-04,Milwaukee Brewers,San Francisco Giants,-200,159,1.5,2.59,2026-06-04 18:10:00+00:00,0.0,/baseball-odds/usa-mlb/milwaukee-san-francisco-2026-06-04/1153602
824185,2026-06-04,Houston Astros,Pittsburgh Pirates,-115,-103,1.87,1.97,2026-06-05 00:10:00+00:00,0.0,/baseball-odds/usa-mlb/houston-pittsburgh-2026-06-05/1153605
824672,2026-06-04,Chicago Cubs,Athletics,-147,119,1.68,2.19,2026-06-05 00:05:00+00:00,0.0,/baseball-odds/usa-mlb/cubs-athletics-2026-06-05/1153604
824753,2026-06-04,Boston Red Sox,Baltimore Orioles,-125,-104,1.8,1.96,2026-06-04 17:35:00+00:00,0.0,/baseball-odds/usa-mlb/boston-baltimore-2026-06-04/1153601
824919,2026-06-04,Atlanta Braves,Toronto Blue Jays,-270,210,1.37,3.1,2026-06-04 23:15:00+00:00,0.0,/baseball-odds/usa-mlb/atlanta-toronto-2026-06-05/1153603
822810,2026-06-05,Toronto Blue Jays,Baltimore Orioles,-156,119,1.64,2.19,2026-06-05 23:07:00+00:00,0.0,/baseball-odds/usa-mlb/toronto-baltimore-2026-06-06/1153610
822892,2026-06-05,Texas Rangers,Cleveland Guardians,102,-127,2.02,1.79,2026-06-06 00:15:00+00:00,0.0,/baseball-odds/usa-mlb/texas-cleveland-2026-06-06/1153612
823049,2026-06-05,St. Louis Cardinals,Cincinnati Reds,-147,119,1.68,2.19,2026-06-06 00:15:00+00:00,0.0,/baseball-odds/usa-mlb/st-louis-cincinnati-2026-06-06/1153614
823293,2026-06-05,San Diego Padres,New York Mets,-132,103,1.76,2.03,2026-06-06 01:40:00+00:00,0.0,/baseball-odds/usa-mlb/san-diego-ny-mets-2026-06-06/1153616
823455,2026-06-05,Philadelphia Phillies,Chicago White Sox,-192,149,1.52,2.49,2026-06-05 22:40:00+00:00,0.0,/baseball-odds/usa-mlb/philadelphia-white-sox-2026-06-06/1153608
823538,2026-06-05,New York Yankees,Boston Red Sox,-152,114,1.66,2.14,2026-06-05 23:05:00+00:00,0.0,/baseball-odds/usa-mlb/ny-yankees-boston-2026-06-06/1153609
823699,2026-06-05,Minnesota Twins,Kansas City Royals,-118,-108,1.85,1.93,2026-06-06 00:15:00+00:00,0.0,/baseball-odds/usa-mlb/minnesota-kansas-city-2026-06-06/1153613
823943,2026-06-05,Los Angeles Dodgers,Los Angeles Angels,-204,162,1.49,2.62,2026-06-06 02:10:00+00:00,0.0,/baseball-odds/usa-mlb/la-dodgers-la-angels-2026-06-06/1153617
824271,2026-06-05,Detroit Tigers,Seattle Mariners,100,-123,2.0,1.81,2026-06-05 22:40:00+00:00,0.0,/baseball-odds/usa-mlb/detroit-seattle-2026-06-06/1153607
824350,2026-06-05,Colorado Rockies,Milwaukee Brewers,122,-152,2.22,1.66,2026-06-06 00:40:00+00:00,0.0,/baseball-odds/usa-mlb/colorado-milwaukee-2026-06-06/1153615
824673,2026-06-05,Chicago Cubs,San Francisco Giants,-185,138,1.54,2.38,2026-06-05 18:20:00+00:00,0.0,/baseball-odds/usa-mlb/cubs-san-francisco-2026-06-05/1153606
824914,2026-06-05,Atlanta Braves,Pittsburgh Pirates,-149,120,1.67,2.2,2026-06-05 23:15:00+00:00,0.0,/baseball-odds/usa-mlb/atlanta-pittsburgh-2026-06-06/1153611
823048,2026-06-06,St. Louis Cardinals,Cincinnati Reds,-147,119,1.68,2.19,2026-06-06 00:15:00+00:00,18.0,/baseball-odds/usa-mlb/st-louis-cincinnati-2026-06-06/1153614
823292,2026-06-06,San Diego Padres,New York Mets,-111,-118,1.9,1.85,2026-06-07 20:10:00+00:00,18.0,/baseball-odds/usa-mlb/san-diego-ny-mets-2026-06-07/1153637
823454,2026-06-06,Philadelphia Phillies,Chicago White Sox,-135,111,1.74,2.11,2026-06-06 20:05:00+00:00,0.0,/baseball-odds/usa-mlb/philadelphia-white-sox-2026-06-06/1153621
823697,2026-06-06,Minnesota Twins,Kansas City Royals,-154,124,1.65,2.24,2026-06-06 18:10:00+00:00,0.0,/baseball-odds/usa-mlb/minnesota-kansas-city-2026-06-06/1153619
823859,2026-06-06,Miami Marlins,Tampa Bay Rays,104,-133,2.04,1.75,2026-06-06 20:10:00+00:00,0.0,/baseball-odds/usa-mlb/miami-tampa-bay-2026-06-06/1153624
823942,2026-06-06,Los Angeles Dodgers,Los Angeles Angels,-345,264,1.29,3.64,2026-06-07 02:10:00+00:00,0.0,/baseball-odds/usa-mlb/la-dodgers-la-angels-2026-06-07/1153627
824184,2026-06-06,Houston Astros,Athletics,-130,105,1.77,2.05,2026-06-06 20:10:00+00:00,0.0,/baseball-odds/usa-mlb/houston-athletics-2026-06-06/1153622
824269,2026-06-06,Detroit Tigers,Seattle Mariners,105,-130,2.05,1.77,2026-06-06 17:10:00+00:00,0.0,/baseball-odds/usa-mlb/detroit-seattle-2026-06-06/1153618
824351,2026-06-06,Colorado Rockies,Milwaukee Brewers,144,-185,2.44,1.54,2026-06-07 19:10:00+00:00,18.0,/baseball-odds/usa-mlb/colorado-milwaukee-2026-06-07/1153636
824669,2026-06-06,Chicago Cubs,San Francisco Giants,-159,120,1.63,2.2,2026-06-06 18:20:00+00:00,0.0,/baseball-odds/usa-mlb/cubs-san-francisco-2026-06-06/1153620
824915,2026-06-06,Atlanta Braves,Pittsburgh Pirates,-116,-105,1.86,1.95,2026-06-06 20:10:00+00:00,0.0,/baseball-odds/usa-mlb/atlanta-pittsburgh-2026-06-06/1153623
825075,2026-06-06,Arizona Diamondbacks,Washington Nationals,-164,126,1.61,2.26,2026-06-06 20:10:00+00:00,0.0,/baseball-odds/usa-mlb/arizona-washington-2026-06-06/1153625
822807,2026-06-07,Toronto Blue Jays,Baltimore Orioles,-139,111,1.72,2.11,2026-06-07 17:37:00+00:00,0.0,/baseball-odds/usa-mlb/toronto-baltimore-2026-06-07/1153630
823047,2026-06-07,St. Louis Cardinals,Cincinnati Reds,-152,122,1.66,2.22,2026-06-07 18:15:00+00:00,0.0,/baseball-odds/usa-mlb/st-louis-cincinnati-2026-06-07/1153635
823291,2026-06-07,San Diego Padres,New York Mets,-111,-118,1.9,1.85,2026-06-07 20:10:00+00:00,0.0,/baseball-odds/usa-mlb/san-diego-ny-mets-2026-06-07/1153637
823453,2026-06-07,Philadelphia Phillies,Chicago White Sox,-175,140,1.57,2.4,2026-06-07 17:35:00+00:00,0.0,/baseball-odds/usa-mlb/philadelphia-white-sox-2026-06-07/1153629
823537,2026-06-07,New York Yankees,Boston Red Sox,-154,116,1.65,2.16,2026-06-07 17:35:00+00:00,0.0,/baseball-odds/usa-mlb/ny-yankees-boston-2026-06-07/1153628
823696,2026-06-07,Minnesota Twins,Kansas City Royals,-108,-115,1.93,1.87,2026-06-07 18:10:00+00:00,0.0,/baseball-odds/usa-mlb/minnesota-kansas-city-2026-06-07/1153634
823857,2026-06-07,Miami Marlins,Tampa Bay Rays,-111,-111,1.9,1.9,2026-06-07 17:40:00+00:00,0.0,/baseball-odds/usa-mlb/miami-tampa-bay-2026-06-07/1153631
823941,2026-06-07,Los Angeles Dodgers,Los Angeles Angels,-256,200,1.39,3.0,2026-06-07 20:10:00+00:00,0.0,/baseball-odds/usa-mlb/la-dodgers-la-angels-2026-06-07/1153638
824183,2026-06-07,Houston Astros,Athletics,-114,-109,1.88,1.92,2026-06-07 18:10:00+00:00,0.0,/baseball-odds/usa-mlb/houston-athletics-2026-06-07/1153633
824268,2026-06-07,Detroit Tigers,Seattle Mariners,-116,-106,1.86,1.94,2026-06-07 17:40:00+00:00,0.0,/baseball-odds/usa-mlb/detroit-seattle-2026-06-07/1153632
824349,2026-06-07,Colorado Rockies,Milwaukee Brewers,144,-185,2.44,1.54,2026-06-07 19:10:00+00:00,0.0,/baseball-odds/usa-mlb/colorado-milwaukee-2026-06-07/1153636
822806,2026-06-08,Toronto Blue Jays,Philadelphia Phillies,138,-196,2.38,1.51,2026-06-08 23:07:00+00:00,0.0,/baseball-odds/usa-mlb/toronto-philadelphia-2026-06-09/1153641
822972,2026-06-08,Tampa Bay Rays,Boston Red Sox,-108,-120,1.93,1.83,2026-06-08 22:40:00+00:00,0.0,/baseball-odds/usa-mlb/tampa-bay-boston-2026-06-09/1153640
823218,2026-06-08,San Francisco Giants,Washington Nationals,-152,120,1.66,2.2,2026-06-09 01:45:00+00:00,0.0,/baseball-odds/usa-mlb/san-francisco-washington-2026-06-09/1153643
824025,2026-06-08,Los Angeles Angels,Houston Astros,105,-135,2.05,1.74,2026-06-09 01:38:00+00:00,0.0,/baseball-odds/usa-mlb/la-angels-houston-2026-06-09/1153642
824829,2026-06-08,Baltimore Orioles,Seattle Mariners,102,-133,2.02,1.75,2026-06-08 22:35:00+00:00,0.0,/baseball-odds/usa-mlb/baltimore-seattle-2026-06-09/1153639
824998,2026-06-08,Athletics,Milwaukee Brewers,128,-159,2.28,1.63,2026-06-09 02:05:00+00:00,0.0,/baseball-odds/usa-mlb/athletics-milwaukee-2026-06-09/1153644
822805,2026-06-09,Toronto Blue Jays,Philadelphia Phillies,-114,-109,1.88,1.92,2026-06-09 23:07:00+00:00,0.0,/baseball-odds/usa-mlb/toronto-philadelphia-2026-06-10/1153650
822969,2026-06-09,Tampa Bay Rays,Boston Red Sox,-104,-125,1.96,1.8,2026-06-09 22:40:00+00:00,0.0,/baseball-odds/usa-mlb/tampa-bay-boston-2026-06-10/1153649
823214,2026-06-09,San Francisco Giants,Washington Nationals,-111,-111,1.9,1.9,2026-06-10 01:45:00+00:00,0.0,/baseball-odds/usa-mlb/san-francisco-washington-2026-06-10/1153655
823374,2026-06-09,Pittsburgh Pirates,Los Angeles Dodgers,-119,-102,1.84,1.98,2026-06-09 22:40:00+00:00,0.0,/baseball-odds/usa-mlb/pittsburgh-la-dodgers-2026-06-10/1153648
823620,2026-06-09,New York Mets,St. Louis Cardinals,-135,104,1.74,2.04,2026-06-09 23:10:00+00:00,0.0,/baseball-odds/usa-mlb/ny-mets-st-louis-2026-06-10/1153651
824105,2026-06-09,Kansas City Royals,Texas Rangers,105,-130,2.05,1.77,2026-06-09 23:40:00+00:00,0.0,/baseball-odds/usa-mlb/kansas-city-texas-2026-06-10/1153652
824267,2026-06-09,Detroit Tigers,Minnesota Twins,-133,109,1.75,2.09,2026-06-09 22:40:00+00:00,0.0,/baseball-odds/usa-mlb/detroit-minnesota-2026-06-10/1153646
824347,2026-06-09,Colorado Rockies,Chicago Cubs,131,-175,2.31,1.57,2026-06-10 00:40:00+00:00,0.0,/baseball-odds/usa-mlb/colorado-cubs-2026-06-10/1153654
824429,2026-06-09,Cleveland Guardians,New York Yankees,-101,-130,1.99,1.77,2026-06-09 22:40:00+00:00,0.0,/baseball-odds/usa-mlb/cleveland-ny-yankees-2026-06-10/1153647
824591,2026-06-09,Chicago White Sox,Atlanta Braves,124,-154,2.24,1.65,2026-06-09 23:40:00+00:00,0.0,/baseball-odds/usa-mlb/white-sox-atlanta-2026-06-10/1153653
824830,2026-06-09,Baltimore Orioles,Seattle Mariners,-104,-125,1.96,1.8,2026-06-09 22:35:00+00:00,0.0,/baseball-odds/usa-mlb/baltimore-seattle-2026-06-10/1153645
824999,2026-06-09,Athletics,Milwaukee Brewers,-112,-110,1.89,1.91,2026-06-10 02:05:00+00:00,0.0,/baseball-odds/usa-mlb/athletics-milwaukee-2026-06-10/1153656
822970,2026-06-10,Tampa Bay Rays,Boston Red Sox,-164,128,1.61,2.28,2026-06-10 17:10:00+00:00,0.0,/baseball-odds/usa-mlb/tampa-bay-boston-2026-06-10/1153657
823215,2026-06-10,San Francisco Giants,Washington Nationals,-111,-111,1.9,1.9,2026-06-10 01:45:00+00:00,18.0,/baseball-odds/usa-mlb/san-francisco-washington-2026-06-10/1153655
823372,2026-06-10,Pittsburgh Pirates,Los Angeles Dodgers,168,-213,2.68,1.47,2026-06-10 22:40:00+00:00,0.0,/baseball-odds/usa-mlb/pittsburgh-la-dodgers-2026-06-11/1153659
823856,2026-06-10,Miami Marlins,Arizona Diamondbacks,-104,-119,1.96,1.84,2026-06-10 22:40:00+00:00,0.0,/baseball-odds/usa-mlb/miami-arizona-2026-06-11/1153658
824022,2026-06-10,Los Angeles Angels,Houston Astros,-123,101,1.81,2.01,2026-06-11 01:38:00+00:00,0.0,/baseball-odds/usa-mlb/la-angels-houston-2026-06-11/1153663
824266,2026-06-10,Detroit Tigers,Minnesota Twins,-196,140,1.51,2.4,2026-06-10 22:40:00+00:00,0.0,/baseball-odds/usa-mlb/detroit-minnesota-2026-06-11/1153660
824348,2026-06-10,Colorado Rockies,Chicago Cubs,142,-192,2.42,1.52,2026-06-11 00:40:00+00:00,0.0,/baseball-odds/usa-mlb/colorado-cubs-2026-06-11/1153661
824996,2026-06-10,Athletics,Milwaukee Brewers,-112,-110,1.89,1.91,2026-06-11 01:05:00+00:00,0.0,/baseball-odds/usa-mlb/athletics-milwaukee-2026-06-11/1153662
824265,2026-06-11,Detroit Tigers,Minnesota Twins,-137,105,1.73,2.05,2026-06-11 17:10:00+00:00,0.0,/baseball-odds/usa-mlb/detroit-minnesota-2026-06-11/1153664
824827,2026-06-11,Baltimore Orioles,Seattle Mariners,-114,-114,1.88,1.88,2026-06-11 23:05:00+00:00,0.0,/baseball-odds/usa-mlb/baltimore-seattle-2026-06-12/1153665
822726,2026-06-12,Washington Nationals,Seattle Mariners,119,-147,2.19,1.68,2026-06-12 22:45:00+00:00,0.0,/baseball-odds/usa-mlb/washington-seattle-2026-06-13/1153667
822803,2026-06-12,Toronto Blue Jays,New York Yankees,-115,-108,1.87,1.93,2026-06-12 23:37:00+00:00,0.0,/baseball-odds/usa-mlb/toronto-ny-yankees-2026-06-13/1153672
823617,2026-06-12,New York Mets,Atlanta Braves,-130,104,1.77,2.04,2026-06-12 23:15:00+00:00,0.0,/baseball-odds/usa-mlb/ny-mets-atlanta-2026-06-13/1153671
823695,2026-06-12,Minnesota Twins,St. Louis Cardinals,-141,114,1.71,2.14,2026-06-13 00:10:00+00:00,0.0,/baseball-odds/usa-mlb/minnesota-st-louis-2026-06-13/1153675
824020,2026-06-12,Los Angeles Angels,Tampa Bay Rays,136,-169,2.36,1.59,2026-06-13 01:38:00+00:00,0.0,/baseball-odds/usa-mlb/la-angels-tampa-bay-2026-06-13/1153676
824102,2026-06-12,Kansas City Royals,Houston Astros,-108,-109,1.93,1.92,2026-06-13 00:10:00+00:00,0.0,/baseball-odds/usa-mlb/kansas-city-houston-2026-06-13/1153674
824425,2026-06-12,Cleveland Guardians,Detroit Tigers,-127,-102,1.79,1.98,2026-06-12 23:10:00+00:00,0.0,/baseball-odds/usa-mlb/cleveland-detroit-2026-06-13/1153669
824507,2026-06-12,Cincinnati Reds,Arizona Diamondbacks,-119,-109,1.84,1.92,2026-06-12 23:15:00+00:00,0.0,/baseball-odds/usa-mlb/cincinnati-arizona-2026-06-13/1153670
824588,2026-06-12,Chicago White Sox,Los Angeles Dodgers,136,-169,2.36,1.59,2026-06-12 23:40:00+00:00,0.0,/baseball-odds/usa-mlb/white-sox-la-dodgers-2026-06-13/1153673
824752,2026-06-12,Boston Red Sox,Texas Rangers,-139,106,1.72,2.06,2026-06-12 23:10:00+00:00,0.0,/baseball-odds/usa-mlb/boston-texas-2026-06-13/1153668
824997,2026-06-12,Athletics,Colorado Rockies,-222,175,1.45,2.75,2026-06-13 02:05:00+00:00,0.0,/baseball-odds/usa-mlb/athletics-colorado-2026-06-13/1153677
822725,2026-06-13,Washington Nationals,Seattle Mariners,-123,100,1.81,2.0,2026-06-13 20:05:00+00:00,0.0,/baseball-odds/usa-mlb/washington-seattle-2026-06-13/1153681
822802,2026-06-13,Toronto Blue Jays,New York Yankees,-105,-114,1.95,1.88,2026-06-13 19:07:00+00:00,0.0,/baseball-odds/usa-mlb/toronto-ny-yankees-2026-06-13/1153679
823213,2026-06-13,San Francisco Giants,Chicago Cubs,-104,-119,1.96,1.84,2026-06-14 02:05:00+00:00,0.0,/baseball-odds/usa-mlb/san-francisco-cubs-2026-06-14/1153691
823369,2026-06-13,Pittsburgh Pirates,Miami Marlins,-114,-109,1.88,1.92,2026-06-13 20:05:00+00:00,0.0,/baseball-odds/usa-mlb/pittsburgh-miami-2026-06-13/1153682
823616,2026-06-13,New York Mets,Atlanta Braves,-127,-105,1.79,1.95,2026-06-13 20:10:00+00:00,0.0,/baseball-odds/usa-mlb/ny-mets-atlanta-2026-06-13/1153686
823694,2026-06-13,Minnesota Twins,St. Louis Cardinals,-111,-116,1.9,1.86,2026-06-13 18:10:00+00:00,0.0,/baseball-odds/usa-mlb/minnesota-st-louis-2026-06-13/1153678
823776,2026-06-13,Milwaukee Brewers,Philadelphia Phillies,-172,138,1.58,2.38,2026-06-13 23:10:00+00:00,0.0,/baseball-odds/usa-mlb/milwaukee-philadelphia-2026-06-14/1156337
824019,2026-06-13,Los Angeles Angels,Tampa Bay Rays,-105,-118,1.95,1.85,2026-06-14 02:07:00+00:00,0.0,/baseball-odds/usa-mlb/la-angels-tampa-bay-2026-06-14/1153692
824100,2026-06-13,Kansas City Royals,Houston Astros,-132,106,1.76,2.06,2026-06-13 23:10:00+00:00,0.0,/baseball-odds/usa-mlb/kansas-city-houston-2026-06-14/1156338
824426,2026-06-13,Cleveland Guardians,Detroit Tigers,112,-152,2.12,1.66,2026-06-13 20:10:00+00:00,0.0,/baseball-odds/usa-mlb/cleveland-detroit-2026-06-13/1153683
824508,2026-06-13,Cincinnati Reds,Arizona Diamondbacks,122,-159,2.22,1.63,2026-06-13 20:10:00+00:00,0.0,/baseball-odds/usa-mlb/cincinnati-arizona-2026-06-13/1153685
824587,2026-06-13,Chicago White Sox,Los Angeles Dodgers,165,-208,2.65,1.48,2026-06-13 20:10:00+00:00,0.0,/baseball-odds/usa-mlb/white-sox-la-dodgers-2026-06-13/1153687
824749,2026-06-13,Boston Red Sox,Texas Rangers,-125,103,1.8,2.03,2026-06-13 20:10:00+00:00,0.0,/baseball-odds/usa-mlb/boston-texas-2026-06-13/1153684
824828,2026-06-13,Baltimore Orioles,San Diego Padres,-127,-102,1.79,1.98,2026-06-13 20:05:00+00:00,0.0,/baseball-odds/usa-mlb/baltimore-san-diego-2026-06-13/1153680
824995,2026-06-13,Athletics,Colorado Rockies,-159,128,1.63,2.28,2026-06-14 02:05:00+00:00,0.0,/baseball-odds/usa-mlb/athletics-colorado-2026-06-14/1153690
823212,2026-06-14,San Francisco Giants,Chicago Cubs,-104,-119,1.96,1.84,2026-06-14 02:05:00+00:00,17.083333333333332,/baseball-odds/usa-mlb/san-francisco-cubs-2026-06-14/1153691
823368,2026-06-14,Pittsburgh Pirates,Miami Marlins,-161,131,1.62,2.31,2026-06-14 16:15:00+00:00,0.0,/baseball-odds/usa-mlb/pittsburgh-miami-2026-06-14/1153693
823615,2026-06-14,New York Mets,Atlanta Braves,-128,106,1.78,2.06,2026-06-14 17:40:00+00:00,0.0,/baseball-odds/usa-mlb/ny-mets-atlanta-2026-06-14/1153695
823693,2026-06-14,Minnesota Twins,St. Louis Cardinals,-112,-109,1.89,1.92,2026-06-14 18:10:00+00:00,0.0,/baseball-odds/usa-mlb/minnesota-st-louis-2026-06-14/1153697
823777,2026-06-14,Milwaukee Brewers,Philadelphia Phillies,103,-120,2.03,1.83,2026-06-14 18:10:00+00:00,0.0,/baseball-odds/usa-mlb/milwaukee-philadelphia-2026-06-14/1153700
824021,2026-06-14,Los Angeles Angels,Tampa Bay Rays,101,-125,2.01,1.8,2026-06-14 20:07:00+00:00,0.0,/baseball-odds/usa-mlb/la-angels-tampa-bay-2026-06-14/1153702
824099,2026-06-14,Kansas City Royals,Houston Astros,-123,100,1.81,2.0,2026-06-14 18:10:00+00:00,0.0,/baseball-odds/usa-mlb/kansas-city-houston-2026-06-14/1153699
824506,2026-06-14,Cincinnati Reds,Arizona Diamondbacks,-111,-122,1.9,1.82,2026-06-14 17:40:00+00:00,0.0,/baseball-odds/usa-mlb/cincinnati-arizona-2026-06-14/1153696
824586,2026-06-14,Chicago White Sox,Los Angeles Dodgers,153,-189,2.53,1.53,2026-06-14 18:10:00+00:00,0.0,/baseball-odds/usa-mlb/white-sox-la-dodgers-2026-06-14/1153698
824751,2026-06-14,Boston Red Sox,Texas Rangers,-120,-105,1.83,1.95,2026-06-14 23:20:00+00:00,0.0,/baseball-odds/usa-mlb/boston-texas-2026-06-15/1153703
824823,2026-06-14,Baltimore Orioles,San Diego Padres,-141,111,1.71,2.11,2026-06-14 17:35:00+00:00,0.0,/baseball-odds/usa-mlb/baltimore-san-diego-2026-06-14/1153694
824994,2026-06-14,Athletics,Colorado Rockies,-200,159,1.5,2.59,2026-06-14 19:05:00+00:00,0.0,/baseball-odds/usa-mlb/athletics-colorado-2026-06-14/1153701
822724,2026-06-15,Washington Nationals,Kansas City Royals,-143,109,1.7,2.09,2026-06-15 22:45:00+00:00,0.0,/baseball-odds/usa-mlb/washington-kansas-city-2026-06-16/1153705
823046,2026-06-15,St. Louis Cardinals,San Diego Padres,-169,136,1.59,2.36,2026-06-15 23:45:00+00:00,0.0,/baseball-odds/usa-mlb/st-louis-san-diego-2026-06-16/1153707
823452,2026-06-15,Philadelphia Phillies,Miami Marlins,-200,159,1.5,2.59,2026-06-15 22:40:00+00:00,0.0,/baseball-odds/usa-mlb/philadelphia-miami-2026-06-16/1153704
823938,2026-06-15,Los Angeles Dodgers,Tampa Bay Rays,-192,150,1.52,2.5,2026-06-16 02:10:00+00:00,0.0,/baseball-odds/usa-mlb/la-dodgers-tampa-bay-2026-06-16/1153712
824181,2026-06-15,Houston Astros,Detroit Tigers,-128,-102,1.78,1.98,2026-06-16 00:10:00+00:00,0.0,/baseball-odds/usa-mlb/houston-detroit-2026-06-16/1153709
824505,2026-06-15,Cincinnati Reds,New York Mets,-141,114,1.71,2.14,2026-06-15 23:10:00+00:00,0.0,/baseball-odds/usa-mlb/cincinnati-ny-mets-2026-06-16/1153706
824666,2026-06-15,Chicago Cubs,Colorado Rockies,-238,177,1.42,2.77,2026-06-16 00:05:00+00:00,0.0,/baseball-odds/usa-mlb/cubs-colorado-2026-06-16/1153708
824993,2026-06-15,Athletics,Pittsburgh Pirates,-127,102,1.79,2.02,2026-06-16 01:40:00+00:00,0.0,/baseball-odds/usa-mlb/athletics-pittsburgh-2026-06-16/1153710
825071,2026-06-15,Arizona Diamondbacks,Los Angeles Angels,-152,114,1.66,2.14,2026-06-16 01:40:00+00:00,0.0,/baseball-odds/usa-mlb/arizona-la-angels-2026-06-16/1153711
822888,2026-06-16,Texas Rangers,Minnesota Twins,-128,104,1.78,2.04,2026-06-17 00:05:00+00:00,0.0,/baseball-odds/usa-mlb/texas-minnesota-2026-06-17/1153719
823045,2026-06-16,St. Louis Cardinals,San Diego Padres,-123,-102,1.81,1.98,2026-06-16 23:45:00+00:00,0.0,/baseball-odds/usa-mlb/st-louis-san-diego-2026-06-17/1153718
823128,2026-06-16,Seattle Mariners,Baltimore Orioles,-156,126,1.64,2.26,2026-06-17 01:40:00+00:00,0.0,/baseball-odds/usa-mlb/seattle-baltimore-2026-06-17/1153722
823451,2026-06-16,Philadelphia Phillies,Miami Marlins,-179,143,1.56,2.43,2026-06-16 22:40:00+00:00,0.0,/baseball-odds/usa-mlb/philadelphia-miami-2026-06-17/1153713
823535,2026-06-16,New York Yankees,Chicago White Sox,-145,120,1.69,2.2,2026-06-16 23:05:00+00:00,0.0,/baseball-odds/usa-mlb/ny-yankees-white-sox-2026-06-17/1153715
823939,2026-06-16,Los Angeles Dodgers,Tampa Bay Rays,-164,123,1.61,2.23,2026-06-17 19:10:00+00:00,17.0,/baseball-odds/usa-mlb/la-dodgers-tampa-bay-2026-06-17/1153728
824182,2026-06-16,Houston Astros,Detroit Tigers,-179,133,1.56,2.33,2026-06-17 00:10:00+00:00,0.0,/baseball-odds/usa-mlb/houston-detroit-2026-06-17/1153721
824504,2026-06-16,Cincinnati Reds,New York Mets,-101,-122,1.99,1.82,2026-06-16 23:10:00+00:00,0.0,/baseball-odds/usa-mlb/cincinnati-ny-mets-2026-06-17/1153716
824667,2026-06-16,Chicago Cubs,Colorado Rockies,-222,163,1.45,2.63,2026-06-17 00:05:00+00:00,0.0,/baseball-odds/usa-mlb/cubs-colorado-2026-06-17/1153720
824750,2026-06-16,Boston Red Sox,Toronto Blue Jays,-104,-119,1.96,1.84,2026-06-16 22:45:00+00:00,0.0,/baseball-odds/usa-mlb/boston-toronto-2026-06-17/1153714
824912,2026-06-16,Atlanta Braves,San Francisco Giants,-182,135,1.55,2.35,2026-06-16 23:15:00+00:00,0.0,/baseball-odds/usa-mlb/atlanta-san-francisco-2026-06-17/1153717
825070,2026-06-16,Arizona Diamondbacks,Los Angeles Angels,-179,140,1.56,2.4,2026-06-17 19:40:00+00:00,18.0,/baseball-odds/usa-mlb/arizona-la-angels-2026-06-17/1153729
822721,2026-06-17,Washington Nationals,Kansas City Royals,-135,109,1.74,2.09,2026-06-17 17:05:00+00:00,0.0,/baseball-odds/usa-mlb/washington-kansas-city-2026-06-17/1153725
823044,2026-06-17,St. Louis Cardinals,San Diego Padres,-137,105,1.73,2.05,2026-06-17 18:15:00+00:00,0.0,/baseball-odds/usa-mlb/st-louis-san-diego-2026-06-17/1153727
823127,2026-06-17,Seattle Mariners,Baltimore Orioles,-133,108,1.75,2.08,2026-06-18 01:40:00+00:00,0.0,/baseball-odds/usa-mlb/seattle-baltimore-2026-06-18/1153734
823450,2026-06-17,Philadelphia Phillies,Miami Marlins,-123,100,1.81,2.0,2026-06-17 17:05:00+00:00,0.0,/baseball-odds/usa-mlb/philadelphia-miami-2026-06-17/1153724
823774,2026-06-17,Milwaukee Brewers,Cleveland Guardians,-135,100,1.74,2.0,2026-06-17 23:40:00+00:00,0.0,/baseball-odds/usa-mlb/milwaukee-cleveland-2026-06-18/1153732
823940,2026-06-17,Los Angeles Dodgers,Tampa Bay Rays,-164,123,1.61,2.23,2026-06-17 19:10:00+00:00,0.0,/baseball-odds/usa-mlb/la-dodgers-tampa-bay-2026-06-17/1153728
824178,2026-06-17,Houston Astros,Detroit Tigers,-116,-111,1.86,1.9,2026-06-17 18:10:00+00:00,0.0,/baseball-odds/usa-mlb/houston-detroit-2026-06-17/1153726
824503,2026-06-17,Cincinnati Reds,New York Mets,111,-135,2.11,1.74,2026-06-17 16:40:00+00:00,0.0,/baseball-odds/usa-mlb/cincinnati-ny-mets-2026-06-17/1153723
824668,2026-06-17,Chicago Cubs,Colorado Rockies,-213,156,1.47,2.56,2026-06-18 00:05:00+00:00,0.0,/baseball-odds/usa-mlb/cubs-colorado-2026-06-18/1153733
824746,2026-06-17,Boston Red Sox,Toronto Blue Jays,-123,100,1.81,2.0,2026-06-17 22:45:00+00:00,0.0,/baseball-odds/usa-mlb/boston-toronto-2026-06-18/1153730
824913,2026-06-17,Atlanta Braves,San Francisco Giants,-145,111,1.69,2.11,2026-06-17 23:15:00+00:00,0.0,/baseball-odds/usa-mlb/atlanta-san-francisco-2026-06-18/1153731
824992,2026-06-17,Athletics,Pittsburgh Pirates,106,-132,2.06,1.76,2026-06-18 01:40:00+00:00,0.0,/baseball-odds/usa-mlb/athletics-pittsburgh-2026-06-18/1153735
825072,2026-06-17,Arizona Diamondbacks,Los Angeles Angels,-179,140,1.56,2.4,2026-06-17 19:40:00+00:00,0.0,/baseball-odds/usa-mlb/arizona-la-angels-2026-06-17/1153729
822889,2026-06-18,Texas Rangers,Minnesota Twins,101,-125,2.01,1.8,2026-06-18 18:35:00+00:00,0.0,/baseball-odds/usa-mlb/texas-minnesota-2026-06-18/1153738
823448,2026-06-18,Philadelphia Phillies,New York Mets,-128,-104,1.78,1.96,2026-06-18 22:40:00+00:00,0.0,/baseball-odds/usa-mlb/philadelphia-ny-mets-2026-06-19/1153739
823533,2026-06-18,New York Yankees,Chicago White Sox,-172,138,1.58,2.38,2026-06-18 23:05:00+00:00,0.0,/baseball-odds/usa-mlb/ny-yankees-white-sox-2026-06-19/1153740
823772,2026-06-18,Milwaukee Brewers,Cleveland Guardians,-156,119,1.64,2.19,2026-06-18 18:10:00+00:00,0.0,/baseball-odds/usa-mlb/milwaukee-cleveland-2026-06-18/1153737
824098,2026-06-18,Kansas City Royals,St. Louis Cardinals,-116,-106,1.86,1.94,2026-06-18 23:40:00+00:00,0.0,/baseball-odds/usa-mlb/kansas-city-st-louis-2026-06-19/1153741
824748,2026-06-18,Boston Red Sox,Toronto Blue Jays,-149,114,1.67,2.14,2026-06-18 17:35:00+00:00,0.0,/baseball-odds/usa-mlb/boston-toronto-2026-06-18/1153736
822886,2026-06-19,Texas Rangers,San Diego Padres,-172,131,1.58,2.31,2026-06-20 00:05:00+00:00,0.0,/baseball-odds/usa-mlb/texas-san-diego-2026-06-20/1153746
822966,2026-06-19,Tampa Bay Rays,Washington Nationals,-156,128,1.64,2.28,2026-06-19 23:10:00+00:00,0.0,/baseball-odds/usa-mlb/tampa-bay-washington-2026-06-20/1153744
823124,2026-06-19,Seattle Mariners,Boston Red Sox,-122,-108,1.82,1.93,2026-06-20 02:10:00+00:00,0.0,/baseball-odds/usa-mlb/seattle-boston-2026-06-20/1153752
823936,2026-06-19,Los Angeles Dodgers,Baltimore Orioles,-222,163,1.45,2.63,2026-06-20 02:10:00+00:00,0.0,/baseball-odds/usa-mlb/la-dodgers-baltimore-2026-06-20/1153753
824097,2026-06-19,Kansas City Royals,St. Louis Cardinals,-101,-122,1.99,1.82,2026-06-20 00:15:00+00:00,0.0,/baseball-odds/usa-mlb/kansas-city-st-louis-2026-06-20/1153748
824179,2026-06-19,Houston Astros,Cleveland Guardians,-132,104,1.76,2.04,2026-06-20 00:10:00+00:00,0.0,/baseball-odds/usa-mlb/houston-cleveland-2026-06-20/1153747
824345,2026-06-19,Colorado Rockies,Pittsburgh Pirates,111,-145,2.11,1.69,2026-06-20 00:40:00+00:00,0.0,/baseball-odds/usa-mlb/colorado-pittsburgh-2026-06-20/1153749
824663,2026-06-19,Chicago Cubs,Toronto Blue Jays,-125,101,1.8,2.01,2026-06-19 18:20:00+00:00,0.0,/baseball-odds/usa-mlb/cubs-toronto-2026-06-19/1153743
824910,2026-06-19,Atlanta Braves,Milwaukee Brewers,140,-189,2.4,1.53,2026-06-19 23:15:00+00:00,0.0,/baseball-odds/usa-mlb/atlanta-milwaukee-2026-06-20/1153745
825069,2026-06-19,Arizona Diamondbacks,Minnesota Twins,-172,135,1.58,2.35,2026-06-20 01:45:00+00:00,0.0,/baseball-odds/usa-mlb/arizona-minnesota-2026-06-20/1153751
822885,2026-06-20,Texas Rangers,San Diego Padres,-132,101,1.76,2.01,2026-06-20 20:05:00+00:00,0.0,/baseball-odds/usa-mlb/texas-san-diego-2026-06-20/1153757
822967,2026-06-20,Tampa Bay Rays,Washington Nationals,-123,100,1.81,2.0,2026-06-20 20:10:00+00:00,0.0,/baseball-odds/usa-mlb/tampa-bay-washington-2026-06-20/1153758
823447,2026-06-20,Philadelphia Phillies,New York Mets,-233,156,1.43,2.56,2026-06-20 23:15:00+00:00,0.0,/baseball-odds/usa-mlb/philadelphia-ny-mets-2026-06-21/1153760
823532,2026-06-20,New York Yankees,Cincinnati Reds,-213,168,1.47,2.68,2026-06-20 17:35:00+00:00,0.0,/baseball-odds/usa-mlb/ny-yankees-cincinnati-2026-06-20/1153755
823937,2026-06-20,Los Angeles Dodgers,Baltimore Orioles,-263,200,1.38,3.0,2026-06-21 02:10:00+00:00,0.0,/baseball-odds/usa-mlb/la-dodgers-baltimore-2026-06-21/1153763
824180,2026-06-20,Houston Astros,Cleveland Guardians,-167,126,1.6,2.26,2026-06-20 23:15:00+00:00,0.0,/baseball-odds/usa-mlb/houston-cleveland-2026-06-21/1153759
824263,2026-06-20,Detroit Tigers,Chicago White Sox,-123,-106,1.81,1.94,2026-06-20 17:10:00+00:00,0.0,/baseball-odds/usa-mlb/detroit-white-sox-2026-06-20/1153754
824342,2026-06-20,Colorado Rockies,Pittsburgh Pirates,175,-238,2.75,1.42,2026-06-21 01:10:00+00:00,0.0,/baseball-odds/usa-mlb/colorado-pittsburgh-2026-06-21/1153761
824665,2026-06-20,Chicago Cubs,Toronto Blue Jays,-133,107,1.75,2.07,2026-06-20 18:20:00+00:00,0.0,/baseball-odds/usa-mlb/cubs-toronto-2026-06-20/1153756
822883,2026-06-21,Texas Rangers,San Diego Padres,-175,131,1.57,2.31,2026-06-21 18:35:00+00:00,0.0,/baseball-odds/usa-mlb/texas-san-diego-2026-06-21/1153770
822968,2026-06-21,Tampa Bay Rays,Washington Nationals,-137,111,1.73,2.11,2026-06-21 17:40:00+00:00,0.0,/baseball-odds/usa-mlb/tampa-bay-washington-2026-06-21/1153766
823449,2026-06-21,Philadelphia Phillies,New York Mets,-189,140,1.53,2.4,2026-06-21 23:20:00+00:00,0.0,/baseball-odds/usa-mlb/philadelphia-ny-mets-2026-06-22/1153774
823531,2026-06-21,New York Yankees,Cincinnati Reds,-116,-106,1.86,1.94,2026-06-21 17:35:00+00:00,0.0,/baseball-odds/usa-mlb/ny-yankees-cincinnati-2026-06-21/1153764
823852,2026-06-21,Miami Marlins,San Francisco Giants,112,-145,2.12,1.69,2026-06-21 17:40:00+00:00,0.0,/baseball-odds/usa-mlb/miami-san-francisco-2026-06-21/1153768
823934,2026-06-21,Los Angeles Dodgers,Baltimore Orioles,-244,166,1.41,2.66,2026-06-21 20:10:00+00:00,0.0,/baseball-odds/usa-mlb/la-dodgers-baltimore-2026-06-21/1153773
824177,2026-06-21,Houston Astros,Cleveland Guardians,-143,108,1.7,2.08,2026-06-21 18:10:00+00:00,0.0,/baseball-odds/usa-mlb/houston-cleveland-2026-06-21/1153769
824260,2026-06-21,Detroit Tigers,Chicago White Sox,-120,-105,1.83,1.95,2026-06-21 17:40:00+00:00,0.0,/baseball-odds/usa-mlb/detroit-white-sox-2026-06-21/1153767
824343,2026-06-21,Colorado Rockies,Pittsburgh Pirates,120,-152,2.2,1.66,2026-06-21 19:10:00+00:00,0.0,/baseball-odds/usa-mlb/colorado-pittsburgh-2026-06-21/1153771
824908,2026-06-21,Atlanta Braves,Milwaukee Brewers,-125,-104,1.8,1.96,2026-06-21 17:35:00+00:00,0.0,/baseball-odds/usa-mlb/atlanta-milwaukee-2026-06-21/1153765
822800,2026-06-22,Toronto Blue Jays,Houston Astros,-141,104,1.71,2.04,2026-06-22 23:07:00+00:00,0.0,/baseball-odds/usa-mlb/toronto-houston-2026-06-23/1153778
822964,2026-06-22,Tampa Bay Rays,Kansas City Royals,-196,144,1.51,2.44,2026-06-22 22:40:00+00:00,0.0,/baseball-odds/usa-mlb/tampa-bay-kansas-city-2026-06-23/1153777
823040,2026-06-22,St. Louis Cardinals,Arizona Diamondbacks,-152,120,1.66,2.2,2026-06-22 23:45:00+00:00,0.0,/baseball-odds/usa-mlb/st-louis-arizona-2026-06-23/1153782
823288,2026-06-22,San Diego Padres,Atlanta Braves,-119,-104,1.84,1.96,2026-06-23 02:10:00+00:00,0.0,/baseball-odds/usa-mlb/san-diego-atlanta-2026-06-23/1153785
823692,2026-06-22,Minnesota Twins,Los Angeles Dodgers,119,-156,2.19,1.64,2026-06-22 23:40:00+00:00,0.0,/baseball-odds/usa-mlb/minnesota-la-dodgers-2026-06-23/1153780
823851,2026-06-22,Miami Marlins,Texas Rangers,-139,111,1.72,2.11,2026-06-22 22:40:00+00:00,0.0,/baseball-odds/usa-mlb/miami-texas-2026-06-23/1153776
824016,2026-06-22,Los Angeles Angels,Baltimore Orioles,133,-167,2.33,1.6,2026-06-23 01:38:00+00:00,0.0,/baseball-odds/usa-mlb/la-angels-baltimore-2026-06-23/1153784
824261,2026-06-22,Detroit Tigers,New York Yankees,-101,-130,1.99,1.77,2026-06-22 22:10:00+00:00,0.0,/baseball-odds/usa-mlb/detroit-ny-yankees-2026-06-23/1156351
824344,2026-06-22,Colorado Rockies,Boston Red Sox,106,-132,2.06,1.76,2026-06-23 00:40:00+00:00,0.0,/baseball-odds/usa-mlb/colorado-boston-2026-06-23/1153783
824502,2026-06-22,Cincinnati Reds,Milwaukee Brewers,116,-164,2.16,1.61,2026-06-22 23:10:00+00:00,0.0,/baseball-odds/usa-mlb/cincinnati-milwaukee-2026-06-23/1153779
824585,2026-06-22,Chicago White Sox,Cleveland Guardians,-110,-118,1.91,1.85,2026-06-22 23:40:00+00:00,0.0,/baseball-odds/usa-mlb/white-sox-cleveland-2026-06-23/1153781
822718,2026-06-23,Washington Nationals,Philadelphia Phillies,149,-204,2.49,1.49,2026-06-23 22:45:00+00:00,0.0,/baseball-odds/usa-mlb/washington-philadelphia-2026-06-24/1153789
822963,2026-06-23,Tampa Bay Rays,Kansas City Royals,-204,149,1.49,2.49,2026-06-23 22:40:00+00:00,0.0,/baseball-odds/usa-mlb/tampa-bay-kansas-city-2026-06-24/1153788
823210,2026-06-23,San Francisco Giants,Athletics,-147,119,1.68,2.19,2026-06-24 01:45:00+00:00,0.0,/baseball-odds/usa-mlb/san-francisco-athletics-2026-06-24/1153797
823286,2026-06-23,San Diego Padres,Atlanta Braves,-111,-111,1.9,1.9,2026-06-24 01:40:00+00:00,0.0,/baseball-odds/usa-mlb/san-diego-atlanta-2026-06-24/1153796
823614,2026-06-23,New York Mets,Chicago Cubs,-120,-115,1.83,1.87,2026-06-23 23:10:00+00:00,0.0,/baseball-odds/usa-mlb/ny-mets-cubs-2026-06-24/1153791
823690,2026-06-23,Minnesota Twins,Los Angeles Dodgers,128,-189,2.28,1.53,2026-06-23 23:40:00+00:00,0.0,/baseball-odds/usa-mlb/minnesota-la-dodgers-2026-06-24/1153793
823849,2026-06-23,Miami Marlins,Texas Rangers,-167,126,1.6,2.26,2026-06-23 22:40:00+00:00,0.0,/baseball-odds/usa-mlb/miami-texas-2026-06-24/1153786
824017,2026-06-23,Los Angeles Angels,Baltimore Orioles,113,-149,2.13,1.67,2026-06-24 01:38:00+00:00,0.0,/baseball-odds/usa-mlb/la-angels-baltimore-2026-06-24/1153795
824262,2026-06-23,Detroit Tigers,New York Yankees,-111,-119,1.9,1.84,2026-06-23 22:40:00+00:00,0.0,/baseball-odds/usa-mlb/detroit-ny-yankees-2026-06-24/1153787
824340,2026-06-23,Colorado Rockies,Boston Red Sox,131,-161,2.31,1.62,2026-06-24 00:40:00+00:00,0.0,/baseball-odds/usa-mlb/colorado-boston-2026-06-24/1153794
824501,2026-06-23,Cincinnati Reds,Milwaukee Brewers,-115,-112,1.87,1.89,2026-06-23 23:10:00+00:00,0.0,/baseball-odds/usa-mlb/cincinnati-milwaukee-2026-06-24/1153790
824584,2026-06-23,Chicago White Sox,Cleveland Guardians,-112,-118,1.89,1.85,2026-06-23 23:40:00+00:00,0.0,/baseball-odds/usa-mlb/white-sox-cleveland-2026-06-24/1153792
822719,2026-06-24,Washington Nationals,Philadelphia Phillies,102,-133,2.02,1.75,2026-06-24 22:45:00+00:00,0.0,/baseball-odds/usa-mlb/washington-philadelphia-2026-06-25/1153804
822798,2026-06-24,Toronto Blue Jays,Houston Astros,-154,112,1.65,2.12,2026-06-24 23:07:00+00:00,0.0,/baseball-odds/usa-mlb/toronto-houston-2026-06-25/1153805
822965,2026-06-24,Tampa Bay Rays,Kansas City Royals,-161,121,1.62,2.21,2026-06-24 22:40:00+00:00,0.0,/baseball-odds/usa-mlb/tampa-bay-kansas-city-2026-06-25/1153802
823041,2026-06-24,St. Louis Cardinals,Arizona Diamondbacks,-120,-110,1.83,1.91,2026-06-24 23:45:00+00:00,0.0,/baseball-odds/usa-mlb/st-louis-arizona-2026-06-25/1153809
823208,2026-06-24,San Francisco Giants,Athletics,-106,-116,1.94,1.86,2026-06-25 01:45:00+00:00,0.0,/baseball-odds/usa-mlb/san-francisco-athletics-2026-06-25/1153810
823367,2026-06-24,Pittsburgh Pirates,Seattle Mariners,-118,-102,1.85,1.98,2026-06-24 22:40:00+00:00,0.0,/baseball-odds/usa-mlb/pittsburgh-seattle-2026-06-25/1153803
823611,2026-06-24,New York Mets,Chicago Cubs,-109,-114,1.92,1.88,2026-06-24 23:10:00+00:00,0.0,/baseball-odds/usa-mlb/ny-mets-cubs-2026-06-25/1153806
823613,2026-06-24,New York Mets,Chicago Cubs,-109,-114,1.92,1.88,2026-06-24 23:10:00+00:00,6.0,/baseball-odds/usa-mlb/ny-mets-cubs-2026-06-25/1153806
823691,2026-06-24,Minnesota Twins,Los Angeles Dodgers,132,-167,2.32,1.6,2026-06-24 23:40:00+00:00,0.0,/baseball-odds/usa-mlb/minnesota-la-dodgers-2026-06-25/1153808
823850,2026-06-24,Miami Marlins,Texas Rangers,-105,-123,1.95,1.81,2026-06-24 16:10:00+00:00,0.0,/baseball-odds/usa-mlb/miami-texas-2026-06-24/1153798
824259,2026-06-24,Detroit Tigers,New York Yankees,-139,106,1.72,2.06,2026-06-24 22:40:00+00:00,0.0,/baseball-odds/usa-mlb/detroit-ny-yankees-2026-06-25/1153801
824341,2026-06-24,Colorado Rockies,Boston Red Sox,140,-175,2.4,1.57,2026-06-24 19:10:00+00:00,0.0,/baseball-odds/usa-mlb/colorado-boston-2026-06-24/1153800
824500,2026-06-24,Cincinnati Reds,Milwaukee Brewers,105,-145,2.05,1.69,2026-06-24 23:10:00+00:00,0.0,/baseball-odds/usa-mlb/cincinnati-milwaukee-2026-06-25/1153807
824583,2026-06-24,Chicago White Sox,Cleveland Guardians,-111,-116,1.9,1.86,2026-06-24 18:10:00+00:00,0.0,/baseball-odds/usa-mlb/white-sox-cleveland-2026-06-24/1153799
822797,2026-06-25,Toronto Blue Jays,Texas Rangers,-154,116,1.65,2.16,2026-06-25 23:07:00+00:00,0.0,/baseball-odds/usa-mlb/toronto-texas-2026-06-26/1153815
822961,2026-06-25,Tampa Bay Rays,Kansas City Royals,-152,114,1.66,2.14,2026-06-25 16:10:00+00:00,0.0,/baseball-odds/usa-mlb/tampa-bay-kansas-city-2026-06-25/1153811
823209,2026-06-25,San Francisco Giants,Athletics,-137,111,1.73,2.11,2026-06-25 19:45:00+00:00,0.0,/baseball-odds/usa-mlb/san-francisco-athletics-2026-06-25/1153813
823366,2026-06-25,Pittsburgh Pirates,Seattle Mariners,126,-147,2.26,1.68,2026-06-25 16:35:00+00:00,0.0,/baseball-odds/usa-mlb/pittsburgh-seattle-2026-06-25/1153812
823612,2026-06-25,New York Mets,Chicago Cubs,-109,-114,1.92,1.88,2026-06-25 23:10:00+00:00,0.0,/baseball-odds/usa-mlb/ny-mets-cubs-2026-06-26/1153816
824258,2026-06-25,Detroit Tigers,Houston Astros,-122,-101,1.82,1.99,2026-06-25 22:40:00+00:00,0.0,/baseball-odds/usa-mlb/detroit-houston-2026-06-26/1153814
824747,2026-06-25,Boston Red Sox,New York Yankees,114,-143,2.14,1.7,2026-06-25 23:10:00+00:00,0.0,/baseball-odds/usa-mlb/boston-ny-yankees-2026-06-26/1153817
822796,2026-06-26,Toronto Blue Jays,Texas Rangers,-114,-110,1.88,1.91,2026-06-26 23:07:00+00:00,0.0,/baseball-odds/usa-mlb/toronto-texas-2026-06-27/1153821
822962,2026-06-26,Tampa Bay Rays,Arizona Diamondbacks,-143,108,1.7,2.08,2026-06-26 23:10:00+00:00,0.0,/baseball-odds/usa-mlb/tampa-bay-arizona-2026-06-27/1153822
823206,2026-06-26,San Francisco Giants,Atlanta Braves,100,-125,2.0,1.8,2026-06-27 02:15:00+00:00,0.0,/baseball-odds/usa-mlb/san-francisco-atlanta-2026-06-27/1153828
823363,2026-06-26,Pittsburgh Pirates,Cincinnati Reds,-189,140,1.53,2.4,2026-06-26 22:40:00+00:00,0.0,/baseball-odds/usa-mlb/pittsburgh-cincinnati-2026-06-27/1153819
823688,2026-06-26,Minnesota Twins,Colorado Rockies,-182,145,1.55,2.45,2026-06-27 00:10:00+00:00,0.0,/baseball-odds/usa-mlb/minnesota-colorado-2026-06-27/1153826
824014,2026-06-26,Los Angeles Angels,Athletics,-106,-116,1.94,1.86,2026-06-27 01:38:00+00:00,0.0,/baseball-odds/usa-mlb/la-angels-athletics-2026-06-27/1153827
824423,2026-06-26,Cleveland Guardians,Seattle Mariners,-114,-115,1.88,1.87,2026-06-26 23:10:00+00:00,0.0,/baseball-odds/usa-mlb/cleveland-seattle-2026-06-27/1153824
824582,2026-06-26,Chicago White Sox,Kansas City Royals,-133,108,1.75,2.08,2026-06-26 23:40:00+00:00,0.0,/baseball-odds/usa-mlb/white-sox-kansas-city-2026-06-27/1153825
824743,2026-06-26,Boston Red Sox,New York Yankees,-123,-105,1.81,1.95,2026-06-26 23:10:00+00:00,0.0,/baseball-odds/usa-mlb/boston-ny-yankees-2026-06-27/1153823
824824,2026-06-26,Baltimore Orioles,Washington Nationals,-141,105,1.71,2.05,2026-06-26 23:05:00+00:00,0.0,/baseball-odds/usa-mlb/baltimore-washington-2026-06-27/1153820
822794,2026-06-27,Toronto Blue Jays,Texas Rangers,-200,156,1.5,2.56,2026-06-27 19:07:00+00:00,0.0,/baseball-odds/usa-mlb/toronto-texas-2026-06-27/1153831
822960,2026-06-27,Tampa Bay Rays,Arizona Diamondbacks,-154,112,1.65,2.12,2026-06-27 22:10:00+00:00,0.0,/baseball-odds/usa-mlb/tampa-bay-arizona-2026-06-28/1153834
823207,2026-06-27,San Francisco Giants,Atlanta Braves,-137,111,1.73,2.11,2026-06-28 01:05:00+00:00,0.0,/baseball-odds/usa-mlb/san-francisco-atlanta-2026-06-28/1153838
823364,2026-06-27,Pittsburgh Pirates,Cincinnati Reds,-111,-116,1.9,1.86,2026-06-27 20:05:00+00:00,0.0,/baseball-odds/usa-mlb/pittsburgh-cincinnati-2026-06-27/1153832
823609,2026-06-27,New York Mets,Philadelphia Phillies,-132,106,1.76,2.06,2026-06-27 20:10:00+00:00,0.0,/baseball-odds/usa-mlb/ny-mets-philadelphia-2026-06-27/1153833
823689,2026-06-27,Minnesota Twins,Colorado Rockies,-145,117,1.69,2.17,2026-06-27 23:10:00+00:00,0.0,/baseball-odds/usa-mlb/minnesota-colorado-2026-06-28/1153835
823770,2026-06-27,Milwaukee Brewers,Chicago Cubs,-167,123,1.6,2.23,2026-06-27 23:10:00+00:00,0.0,/baseball-odds/usa-mlb/milwaukee-cubs-2026-06-28/1153837
824257,2026-06-27,Detroit Tigers,Houston Astros,-135,109,1.74,2.09,2026-06-27 17:10:00+00:00,0.0,/baseball-odds/usa-mlb/detroit-houston-2026-06-27/1153829
824421,2026-06-27,Cleveland Guardians,Seattle Mariners,119,-147,2.19,1.68,2026-06-27 23:10:00+00:00,0.0,/baseball-odds/usa-mlb/cleveland-seattle-2026-06-28/1153836
824745,2026-06-27,Boston Red Sox,New York Yankees,-109,-119,1.92,1.84,2026-06-27 17:10:00+00:00,0.0,/baseball-odds/usa-mlb/boston-ny-yankees-2026-06-27/1153830
822959,2026-06-28,Tampa Bay Rays,Arizona Diamondbacks,-192,153,1.52,2.53,2026-06-28 17:40:00+00:00,0.0,/baseball-odds/usa-mlb/tampa-bay-arizona-2026-06-28/1153841
823037,2026-06-28,St. Louis Cardinals,Miami Marlins,-125,101,1.8,2.01,2026-06-28 18:15:00+00:00,0.0,/baseball-odds/usa-mlb/st-louis-miami-2026-06-28/1153845
823204,2026-06-28,San Francisco Giants,Atlanta Braves,136,-169,2.36,1.59,2026-06-28 20:05:00+00:00,0.0,/baseball-odds/usa-mlb/san-francisco-atlanta-2026-06-28/1153846
823362,2026-06-28,Pittsburgh Pirates,Cincinnati Reds,-135,108,1.74,2.08,2026-06-28 17:35:00+00:00,0.0,/baseball-odds/usa-mlb/pittsburgh-cincinnati-2026-06-28/1153840
823769,2026-06-28,Milwaukee Brewers,Chicago Cubs,-172,138,1.58,2.38,2026-06-28 18:10:00+00:00,0.0,/baseball-odds/usa-mlb/milwaukee-cubs-2026-06-28/1153844
824256,2026-06-28,Detroit Tigers,Houston Astros,-111,-115,1.9,1.87,2026-06-28 17:40:00+00:00,0.0,/baseball-odds/usa-mlb/detroit-houston-2026-06-28/1153842
824422,2026-06-28,Cleveland Guardians,Seattle Mariners,-125,101,1.8,2.01,2026-06-28 17:40:00+00:00,0.0,/baseball-odds/usa-mlb/cleveland-seattle-2026-06-28/1153843
824821,2026-06-28,Baltimore Orioles,Washington Nationals,-204,162,1.49,2.62,2026-06-28 17:35:00+00:00,0.0,/baseball-odds/usa-mlb/baltimore-washington-2026-06-28/1153839
822792,2026-06-29,Toronto Blue Jays,New York Mets,-130,105,1.77,2.05,2026-06-29 23:07:00+00:00,0.0,/baseball-odds/usa-mlb/toronto-ny-mets-2026-06-30/1153850
823121,2026-06-29,Seattle Mariners,Los Angeles Angels,-217,158,1.46,2.58,2026-06-30 01:40:00+00:00,0.0,/baseball-odds/usa-mlb/seattle-la-angels-2026-06-30/1153857
823444,2026-06-29,Philadelphia Phillies,Pittsburgh Pirates,-115,-108,1.87,1.93,2026-06-29 22:40:00+00:00,0.0,/baseball-odds/usa-mlb/philadelphia-pittsburgh-2026-06-30/1153848
823529,2026-06-29,New York Yankees,Detroit Tigers,-145,112,1.69,2.12,2026-06-29 23:05:00+00:00,0.0,/baseball-odds/usa-mlb/ny-yankees-detroit-2026-06-30/1153849
823771,2026-06-29,Milwaukee Brewers,Cincinnati Reds,-135,109,1.74,2.09,2026-06-29 23:40:00+00:00,0.0,/baseball-odds/usa-mlb/milwaukee-cincinnati-2026-06-30/1153853
824176,2026-06-29,Houston Astros,Minnesota Twins,-133,111,1.75,2.11,2026-06-30 00:10:00+00:00,0.0,/baseball-odds/usa-mlb/houston-minnesota-2026-06-30/1153854
824420,2026-06-29,Cleveland Guardians,Texas Rangers,-164,121,1.61,2.21,2026-06-29 23:10:00+00:00,0.0,/baseball-odds/usa-mlb/cleveland-texas-2026-06-30/1153852
824741,2026-06-29,Boston Red Sox,Washington Nationals,-182,133,1.55,2.33,2026-06-29 23:10:00+00:00,0.0,/baseball-odds/usa-mlb/boston-washington-2026-06-30/1153851
824822,2026-06-29,Baltimore Orioles,Chicago White Sox,-135,109,1.74,2.09,2026-06-29 22:35:00+00:00,0.0,/baseball-odds/usa-mlb/baltimore-white-sox-2026-06-30/1153847
824986,2026-06-29,Athletics,Los Angeles Dodgers,-111,-111,1.9,1.9,2026-06-30 01:40:00+00:00,0.0,/baseball-odds/usa-mlb/athletics-la-dodgers-2026-06-30/1153856
825065,2026-06-29,Arizona Diamondbacks,San Francisco Giants,-137,111,1.73,2.11,2026-06-30 01:40:00+00:00,0.0,/baseball-odds/usa-mlb/arizona-san-francisco-2026-06-30/1153855
823445,2026-06-30,Philadelphia Phillies,Pittsburgh Pirates,-227,175,1.44,2.75,2026-06-30 22:40:00+00:00,0.0,/baseball-odds/usa-mlb/philadelphia-pittsburgh-2026-07-01/1153859
823528,2026-06-30,New York Yankees,Detroit Tigers,-115,-105,1.87,1.95,2026-06-30 23:05:00+00:00,0.0,/baseball-odds/usa-mlb/ny-yankees-detroit-2026-07-01/1153861
823768,2026-06-30,Milwaukee Brewers,Cincinnati Reds,-172,138,1.58,2.38,2026-06-30 23:40:00+00:00,0.0,/baseball-odds/usa-mlb/milwaukee-cincinnati-2026-07-01/1153864
824175,2026-06-30,Houston Astros,Minnesota Twins,-108,-116,1.93,1.86,2026-07-01 00:10:00+00:00,0.0,/baseball-odds/usa-mlb/houston-minnesota-2026-07-01/1153866
824338,2026-06-30,Colorado Rockies,Miami Marlins,105,-137,2.05,1.73,2026-07-01 00:40:00+00:00,0.0,/baseball-odds/usa-mlb/colorado-miami-2026-07-01/1153867
824418,2026-06-30,Cleveland Guardians,Texas Rangers,101,-125,2.01,1.8,2026-06-30 22:40:00+00:00,0.0,/baseball-odds/usa-mlb/cleveland-texas-2026-07-01/1153860
824661,2026-06-30,Chicago Cubs,San Diego Padres,-154,124,1.65,2.24,2026-07-01 00:05:00+00:00,0.0,/baseball-odds/usa-mlb/cubs-san-diego-2026-07-01/1153865
824742,2026-06-30,Boston Red Sox,Washington Nationals,-141,111,1.71,2.11,2026-06-30 23:10:00+00:00,0.0,/baseball-odds/usa-mlb/boston-washington-2026-07-01/1153862
824819,2026-06-30,Baltimore Orioles,Chicago White Sox,-149,121,1.67,2.21,2026-06-30 22:35:00+00:00,0.0,/baseball-odds/usa-mlb/baltimore-white-sox-2026-07-01/1153858
824907,2026-06-30,Atlanta Braves,St. Louis Cardinals,-154,112,1.65,2.12,2026-06-30 23:15:00+00:00,0.0,/baseball-odds/usa-mlb/atlanta-st-louis-2026-07-01/1153863
824984,2026-06-30,Athletics,Los Angeles Dodgers,138,-172,2.38,1.58,2026-07-01 01:40:00+00:00,0.0,/baseball-odds/usa-mlb/athletics-la-dodgers-2026-07-01/1153868
825066,2026-06-30,Arizona Diamondbacks,San Francisco Giants,-115,-108,1.87,1.93,2026-07-01 01:40:00+00:00,0.0,/baseball-odds/usa-mlb/arizona-san-francisco-2026-07-01/1153869
822791,2026-07-01,Toronto Blue Jays,New York Mets,-116,-106,1.86,1.94,2026-07-01 19:07:00+00:00,0.0,/baseball-odds/usa-mlb/toronto-ny-mets-2026-07-01/1153875
823446,2026-07-01,Philadelphia Phillies,Pittsburgh Pirates,-135,105,1.74,2.05,2026-07-02 16:35:00+00:00,17.916666666666668,/baseball-odds/usa-mlb/philadelphia-pittsburgh-2026-07-02/1153882
823530,2026-07-01,New York Yankees,Detroit Tigers,-133,100,1.75,2.0,2026-07-01 17:35:00+00:00,0.0,/baseball-odds/usa-mlb/ny-yankees-detroit-2026-07-01/1153872
823767,2026-07-01,Milwaukee Brewers,Cincinnati Reds,-167,131,1.6,2.31,2026-07-02 00:10:00+00:00,0.0,/baseball-odds/usa-mlb/milwaukee-cincinnati-2026-07-02/1153878
824094,2026-07-01,Kansas City Royals,Tampa Bay Rays,120,-145,2.2,1.69,2026-07-01 23:40:00+00:00,0.0,/baseball-odds/usa-mlb/kansas-city-tampa-bay-2026-07-02/1153877
824337,2026-07-01,Colorado Rockies,Miami Marlins,114,-147,2.14,1.68,2026-07-02 00:40:00+00:00,0.0,/baseball-odds/usa-mlb/colorado-miami-2026-07-02/1153879
824419,2026-07-01,Cleveland Guardians,Texas Rangers,-130,-101,1.77,1.99,2026-07-01 17:10:00+00:00,0.0,/baseball-odds/usa-mlb/cleveland-texas-2026-07-01/1153871
824660,2026-07-01,Chicago Cubs,San Diego Padres,-123,100,1.81,2.0,2026-07-01 18:20:00+00:00,0.0,/baseball-odds/usa-mlb/cubs-san-diego-2026-07-01/1153874
824740,2026-07-01,Boston Red Sox,Washington Nationals,-152,122,1.66,2.22,2026-07-01 17:35:00+00:00,0.0,/baseball-odds/usa-mlb/boston-washington-2026-07-01/1153873
824818,2026-07-01,Baltimore Orioles,Chicago White Sox,-164,121,1.61,2.21,2026-07-01 16:35:00+00:00,0.0,/baseball-odds/usa-mlb/baltimore-white-sox-2026-07-01/1153870
824905,2026-07-01,Atlanta Braves,St. Louis Cardinals,-137,105,1.73,2.05,2026-07-01 23:15:00+00:00,0.0,/baseball-odds/usa-mlb/atlanta-st-louis-2026-07-02/1153876
824985,2026-07-01,Athletics,Los Angeles Dodgers,134,-167,2.34,1.6,2026-07-02 01:40:00+00:00,0.0,/baseball-odds/usa-mlb/athletics-la-dodgers-2026-07-02/1153881
825064,2026-07-01,Arizona Diamondbacks,San Francisco Giants,-130,105,1.77,2.05,2026-07-02 01:40:00+00:00,0.0,/baseball-odds/usa-mlb/arizona-san-francisco-2026-07-02/1153880
822884,2026-07-02,Texas Rangers,Detroit Tigers,-111,-114,1.9,1.88,2026-07-03 00:05:00+00:00,0.0,/baseball-odds/usa-mlb/texas-detroit-2026-07-03/1153887
823442,2026-07-02,Philadelphia Phillies,Pittsburgh Pirates,-135,105,1.74,2.05,2026-07-02 16:35:00+00:00,0.0,/baseball-odds/usa-mlb/philadelphia-pittsburgh-2026-07-02/1153882
823765,2026-07-02,Milwaukee Brewers,Cincinnati Reds,-222,168,1.45,2.68,2026-07-02 18:10:00+00:00,0.0,/baseball-odds/usa-mlb/milwaukee-cincinnati-2026-07-02/1153883
823935,2026-07-02,Los Angeles Dodgers,San Diego Padres,-200,159,1.5,2.59,2026-07-03 02:10:00+00:00,0.0,/baseball-odds/usa-mlb/la-dodgers-san-diego-2026-07-03/1153888
824335,2026-07-02,Colorado Rockies,Miami Marlins,111,-145,2.11,1.69,2026-07-02 19:10:00+00:00,0.0,/baseball-odds/usa-mlb/colorado-miami-2026-07-02/1153884
824416,2026-07-02,Cleveland Guardians,Chicago White Sox,-125,-104,1.8,1.96,2026-07-02 22:40:00+00:00,0.0,/baseball-odds/usa-mlb/cleveland-white-sox-2026-07-03/1153885
824906,2026-07-02,Atlanta Braves,St. Louis Cardinals,-120,-108,1.83,1.93,2026-07-02 23:15:00+00:00,0.0,/baseball-odds/usa-mlb/atlanta-st-louis-2026-07-03/1153886
822714,2026-07-03,Washington Nationals,Pittsburgh Pirates,128,-164,2.28,1.61,2026-07-04 15:05:00+00:00,16.333333333333332,/baseball-odds/usa-mlb/washington-pittsburgh-2026-07-04/1153897
823120,2026-07-03,Seattle Mariners,Toronto Blue Jays,-175,131,1.57,2.31,2026-07-04 20:10:00+00:00,18.0,/baseball-odds/usa-mlb/seattle-toronto-2026-07-04/1153900
823527,2026-07-03,New York Yankees,Minnesota Twins,-244,175,1.41,2.75,2026-07-03 23:05:00+00:00,0.0,/baseball-odds/usa-mlb/ny-yankees-minnesota-2026-07-04/1153889
823933,2026-07-03,Los Angeles Dodgers,San Diego Padres,-270,210,1.37,3.1,2026-07-04 02:10:00+00:00,0.0,/baseball-odds/usa-mlb/la-dodgers-san-diego-2026-07-04/1153896
824013,2026-07-03,Los Angeles Angels,Boston Red Sox,-115,-108,1.87,1.93,2026-07-04 01:38:00+00:00,0.0,/baseball-odds/usa-mlb/la-angels-boston-2026-07-04/1153894
824336,2026-07-03,Colorado Rockies,San Francisco Giants,120,-159,2.2,1.63,2026-07-04 00:10:00+00:00,0.0,/baseball-odds/usa-mlb/colorado-san-francisco-2026-07-04/1153893
824417,2026-07-03,Cleveland Guardians,Chicago White Sox,-139,106,1.72,2.06,2026-07-03 23:10:00+00:00,0.0,/baseball-odds/usa-mlb/cleveland-white-sox-2026-07-04/1153890
824498,2026-07-03,Cincinnati Reds,Baltimore Orioles,104,-128,2.04,1.78,2026-07-03 23:10:00+00:00,0.0,/baseball-odds/usa-mlb/cincinnati-baltimore-2026-07-04/1153891
824904,2026-07-03,Atlanta Braves,New York Mets,-115,-112,1.87,1.89,2026-07-03 23:15:00+00:00,0.0,/baseball-odds/usa-mlb/atlanta-ny-mets-2026-07-04/1153892
825062,2026-07-03,Arizona Diamondbacks,Milwaukee Brewers,117,-145,2.17,1.69,2026-07-04 01:45:00+00:00,0.0,/baseball-odds/usa-mlb/arizona-milwaukee-2026-07-04/1156339
822716,2026-07-04,Washington Nationals,Pittsburgh Pirates,128,-164,2.28,1.61,2026-07-04 15:05:00+00:00,0.0,/baseball-odds/usa-mlb/washington-pittsburgh-2026-07-04/1153897
822882,2026-07-04,Texas Rangers,Detroit Tigers,102,-128,2.02,1.78,2026-07-04 20:05:00+00:00,0.0,/baseball-odds/usa-mlb/texas-detroit-2026-07-04/1153899
823118,2026-07-04,Seattle Mariners,Toronto Blue Jays,-175,131,1.57,2.31,2026-07-04 20:10:00+00:00,0.0,/baseball-odds/usa-mlb/seattle-toronto-2026-07-04/1153900
823526,2026-07-04,New York Yankees,Minnesota Twins,-156,121,1.64,2.21,2026-07-04 17:35:00+00:00,0.0,/baseball-odds/usa-mlb/ny-yankees-minnesota-2026-07-04/1153898
823932,2026-07-04,Los Angeles Dodgers,San Diego Padres,-278,215,1.36,3.15,2026-07-05 02:10:00+00:00,0.0,/baseball-odds/usa-mlb/la-dodgers-san-diego-2026-07-05/1153908
824012,2026-07-04,Los Angeles Angels,Boston Red Sox,138,-167,2.38,1.6,2026-07-05 01:38:00+00:00,0.0,/baseball-odds/usa-mlb/la-angels-boston-2026-07-05/1153906
824092,2026-07-04,Kansas City Royals,Philadelphia Phillies,123,-154,2.23,1.65,2026-07-05 00:10:00+00:00,0.0,/baseball-odds/usa-mlb/kansas-city-philadelphia-2026-07-05/1153905
824171,2026-07-04,Houston Astros,Tampa Bay Rays,-120,-103,1.83,1.97,2026-07-04 23:10:00+00:00,0.0,/baseball-odds/usa-mlb/houston-tampa-bay-2026-07-05/1153902
824415,2026-07-04,Cleveland Guardians,Chicago White Sox,-143,112,1.7,2.12,2026-07-04 23:10:00+00:00,0.0,/baseball-odds/usa-mlb/cleveland-white-sox-2026-07-05/1153901
824658,2026-07-04,Chicago Cubs,St. Louis Cardinals,-164,132,1.61,2.32,2026-07-05 00:08:00+00:00,0.0,/baseball-odds/usa-mlb/cubs-st-louis-2026-07-05/1153904
824903,2026-07-04,Atlanta Braves,New York Mets,-200,147,1.5,2.47,2026-07-05 00:08:00+00:00,0.0,/baseball-odds/usa-mlb/atlanta-ny-mets-2026-07-05/1153903
824983,2026-07-04,Athletics,Miami Marlins,114,-141,2.14,1.71,2026-07-05 01:40:00+00:00,0.0,/baseball-odds/usa-mlb/athletics-miami-2026-07-05/1153907
822715,2026-07-05,Washington Nationals,Pittsburgh Pirates,-137,111,1.73,2.11,2026-07-05 17:00:00+00:00,0.0,/baseball-odds/usa-mlb/washington-pittsburgh-2026-07-05/1153910
822879,2026-07-05,Texas Rangers,Detroit Tigers,104,-128,2.04,1.78,2026-07-05 19:30:00+00:00,0.0,/baseball-odds/usa-mlb/texas-detroit-2026-07-05/1153916
823117,2026-07-05,Seattle Mariners,Toronto Blue Jays,-132,-110,1.76,1.91,2026-07-05 21:00:00+00:00,0.0,/baseball-odds/usa-mlb/seattle-toronto-2026-07-05/1153918
823525,2026-07-05,New York Yankees,Minnesota Twins,-133,108,1.75,2.08,2026-07-05 17:35:00+00:00,0.0,/baseball-odds/usa-mlb/ny-yankees-minnesota-2026-07-05/1153911
824010,2026-07-05,Los Angeles Angels,Boston Red Sox,131,-156,2.31,1.64,2026-07-06 01:30:00+00:00,0.0,/baseball-odds/usa-mlb/la-angels-boston-2026-07-06/1153919
824091,2026-07-05,Kansas City Royals,Philadelphia Phillies,106,-139,2.06,1.72,2026-07-05 19:00:00+00:00,0.0,/baseball-odds/usa-mlb/kansas-city-philadelphia-2026-07-05/1153914
824172,2026-07-05,Houston Astros,Tampa Bay Rays,-118,-105,1.85,1.95,2026-07-05 19:30:00+00:00,0.0,/baseball-odds/usa-mlb/houston-tampa-bay-2026-07-05/1153915
824333,2026-07-05,Colorado Rockies,San Francisco Giants,-108,-120,1.93,1.83,2026-07-05 20:00:00+00:00,0.0,/baseball-odds/usa-mlb/colorado-san-francisco-2026-07-05/1153917
824413,2026-07-05,Cleveland Guardians,Chicago White Sox,-147,119,1.68,2.19,2026-07-05 18:00:00+00:00,0.0,/baseball-odds/usa-mlb/cleveland-white-sox-2026-07-05/1153912
824656,2026-07-05,Chicago Cubs,St. Louis Cardinals,-149,121,1.67,2.21,2026-07-05 18:30:00+00:00,0.0,/baseball-odds/usa-mlb/cubs-st-louis-2026-07-05/1153913
824902,2026-07-05,Atlanta Braves,New York Mets,-116,-120,1.86,1.83,2026-07-05 16:30:00+00:00,0.0,/baseball-odds/usa-mlb/atlanta-ny-mets-2026-07-05/1153909
822712,2026-07-06,Washington Nationals,Houston Astros,-122,-104,1.82,1.96,2026-07-06 22:45:00+00:00,0.0,/baseball-odds/usa-mlb/washington-houston-2026-07-07/1156334
823036,2026-07-06,St. Louis Cardinals,Milwaukee Brewers,-103,-120,1.97,1.83,2026-07-06 23:45:00+00:00,0.0,/baseball-odds/usa-mlb/st-louis-milwaukee-2026-07-07/1153923
823205,2026-07-06,San Francisco Giants,Toronto Blue Jays,-111,-111,1.9,1.9,2026-07-07 01:45:00+00:00,0.0,/baseball-odds/usa-mlb/san-francisco-toronto-2026-07-07/1153925
823282,2026-07-06,San Diego Padres,Arizona Diamondbacks,-132,104,1.76,2.04,2026-07-07 01:40:00+00:00,0.0,/baseball-odds/usa-mlb/san-diego-arizona-2026-07-07/1153924
823930,2026-07-06,Los Angeles Dodgers,Colorado Rockies,-270,195,1.37,2.95,2026-07-07 02:10:00+00:00,0.0,/baseball-odds/usa-mlb/la-dodgers-colorado-2026-07-07/1153926
824089,2026-07-06,Kansas City Royals,Philadelphia Phillies,163,-222,2.63,1.45,2026-07-06 18:10:00+00:00,0.0,/baseball-odds/usa-mlb/kansas-city-philadelphia-2026-07-06/1153920
824900,2026-07-06,Atlanta Braves,New York Mets,-133,102,1.75,2.02,2026-07-06 23:15:00+00:00,0.0,/baseball-odds/usa-mlb/atlanta-ny-mets-2026-07-07/1153922
822881,2026-07-07,Texas Rangers,Los Angeles Angels,-167,134,1.6,2.34,2026-07-08 00:05:00+00:00,0.0,/baseball-odds/usa-mlb/texas-la-angels-2026-07-08/1153936
822956,2026-07-07,Tampa Bay Rays,New York Yankees,-132,107,1.76,2.07,2026-07-07 22:40:00+00:00,0.0,/baseball-odds/usa-mlb/tampa-bay-ny-yankees-2026-07-08/1153929
823035,2026-07-07,St. Louis Cardinals,Milwaukee Brewers,-111,-111,1.9,1.9,2026-07-07 23:45:00+00:00,0.0,/baseball-odds/usa-mlb/st-louis-milwaukee-2026-07-08/1153935
823062,2026-07-07,St. Louis Cardinals,Milwaukee Brewers,-111,-111,1.9,1.9,2026-07-07 23:45:00+00:00,5.5,/baseball-odds/usa-mlb/st-louis-milwaukee-2026-07-08/1153935
823203,2026-07-07,San Francisco Giants,Toronto Blue Jays,102,-130,2.02,1.77,2026-07-08 19:45:00+00:00,18.0,/baseball-odds/usa-mlb/san-francisco-toronto-2026-07-08/1153938
823280,2026-07-07,San Diego Padres,Arizona Diamondbacks,-127,-102,1.79,1.98,2026-07-08 01:40:00+00:00,0.0,/baseball-odds/usa-mlb/san-diego-arizona-2026-07-08/1153937
823361,2026-07-07,Pittsburgh Pirates,Atlanta Braves,-152,122,1.66,2.22,2026-07-07 22:40:00+00:00,0.0,/baseball-odds/usa-mlb/pittsburgh-atlanta-2026-07-08/1153928
823607,2026-07-07,New York Mets,Kansas City Royals,-152,119,1.66,2.19,2026-07-07 23:10:00+00:00,0.0,/baseball-odds/usa-mlb/ny-mets-kansas-city-2026-07-08/1153932
823687,2026-07-07,Minnesota Twins,Cleveland Guardians,-115,-112,1.87,1.89,2026-07-07 23:40:00+00:00,0.0,/baseball-odds/usa-mlb/minnesota-cleveland-2026-07-08/1153934
823847,2026-07-07,Miami Marlins,Seattle Mariners,-130,-102,1.77,1.98,2026-07-07 22:40:00+00:00,0.0,/baseball-odds/usa-mlb/miami-seattle-2026-07-08/1153930
824254,2026-07-07,Detroit Tigers,Athletics,-227,179,1.44,2.79,2026-07-07 22:40:00+00:00,0.0,/baseball-odds/usa-mlb/detroit-athletics-2026-07-08/1153931
824579,2026-07-07,Chicago White Sox,Boston Red Sox,-102,-127,1.98,1.79,2026-07-07 23:40:00+00:00,0.0,/baseball-odds/usa-mlb/white-sox-boston-2026-07-08/1153933
824820,2026-07-07,Baltimore Orioles,Chicago Cubs,-112,-115,1.89,1.87,2026-07-07 22:35:00+00:00,0.0,/baseball-odds/usa-mlb/baltimore-cubs-2026-07-08/1153927
822710,2026-07-08,Washington Nationals,Houston Astros,-137,111,1.73,2.11,2026-07-08 22:45:00+00:00,0.0,/baseball-odds/usa-mlb/washington-houston-2026-07-09/1153942
822957,2026-07-08,Tampa Bay Rays,New York Yankees,-122,-101,1.82,1.99,2026-07-08 22:40:00+00:00,0.0,/baseball-odds/usa-mlb/tampa-bay-ny-yankees-2026-07-09/1153941
823032,2026-07-08,St. Louis Cardinals,Milwaukee Brewers,113,-152,2.13,1.66,2026-07-08 23:45:00+00:00,0.0,/baseball-odds/usa-mlb/st-louis-milwaukee-2026-07-09/1153945
823202,2026-07-08,San Francisco Giants,Toronto Blue Jays,102,-130,2.02,1.77,2026-07-08 19:45:00+00:00,0.0,/baseball-odds/usa-mlb/san-francisco-toronto-2026-07-08/1153938
823279,2026-07-08,San Diego Padres,Arizona Diamondbacks,-154,109,1.65,2.09,2026-07-09 02:10:00+00:00,0.0,/baseball-odds/usa-mlb/san-diego-arizona-2026-07-09/1153946
823360,2026-07-08,Pittsburgh Pirates,Atlanta Braves,-123,100,1.81,2.0,2026-07-08 22:40:00+00:00,0.0,/baseball-odds/usa-mlb/pittsburgh-atlanta-2026-07-09/1153939
823605,2026-07-08,New York Mets,Kansas City Royals,-204,159,1.49,2.59,2026-07-08 23:10:00+00:00,0.0,/baseball-odds/usa-mlb/ny-mets-kansas-city-2026-07-09/1153944
823684,2026-07-08,Minnesota Twins,Cleveland Guardians,-101,-130,1.99,1.77,2026-07-09 17:40:00+00:00,18.0,/baseball-odds/usa-mlb/minnesota-cleveland-2026-07-09/1153950
823928,2026-07-08,Los Angeles Dodgers,Colorado Rockies,-286,200,1.35,3.0,2026-07-09 02:10:00+00:00,0.0,/baseball-odds/usa-mlb/la-dodgers-colorado-2026-07-09/1153947
824253,2026-07-08,Detroit Tigers,Athletics,-139,112,1.72,2.12,2026-07-08 22:40:00+00:00,0.0,/baseball-odds/usa-mlb/detroit-athletics-2026-07-09/1153940
824496,2026-07-08,Cincinnati Reds,Philadelphia Phillies,-147,119,1.68,2.19,2026-07-08 23:10:00+00:00,0.0,/baseball-odds/usa-mlb/cincinnati-philadelphia-2026-07-09/1153943
822877,2026-07-09,Texas Rangers,Los Angeles Angels,-141,114,1.71,2.14,2026-07-10 00:05:00+00:00,0.0,/baseball-odds/usa-mlb/texas-la-angels-2026-07-10/1153955
822954,2026-07-09,Tampa Bay Rays,New York Yankees,-161,131,1.62,2.31,2026-07-09 17:10:00+00:00,0.0,/baseball-odds/usa-mlb/tampa-bay-ny-yankees-2026-07-09/1153949
823201,2026-07-09,San Francisco Giants,Colorado Rockies,-137,104,1.73,2.04,2026-07-10 01:45:00+00:00,0.0,/baseball-odds/usa-mlb/san-francisco-colorado-2026-07-10/1156317
823277,2026-07-09,San Diego Padres,Arizona Diamondbacks,-133,102,1.75,2.02,2026-07-10 01:40:00+00:00,0.0,/baseball-odds/usa-mlb/san-diego-arizona-2026-07-10/1153956
823359,2026-07-09,Pittsburgh Pirates,Atlanta Braves,-110,-112,1.91,1.89,2026-07-09 16:35:00+00:00,0.0,/baseball-odds/usa-mlb/pittsburgh-atlanta-2026-07-09/1153948
823606,2026-07-09,New York Mets,Kansas City Royals,-204,159,1.49,2.59,2026-07-08 23:10:00+00:00,18.0,/baseball-odds/usa-mlb/ny-mets-kansas-city-2026-07-09/1153944
823683,2026-07-09,Minnesota Twins,Cleveland Guardians,-101,-130,1.99,1.77,2026-07-09 17:40:00+00:00,0.0,/baseball-odds/usa-mlb/minnesota-cleveland-2026-07-09/1153950
823846,2026-07-09,Miami Marlins,Seattle Mariners,104,-139,2.04,1.72,2026-07-09 22:40:00+00:00,0.0,/baseball-odds/usa-mlb/miami-seattle-2026-07-10/1153952
824251,2026-07-09,Detroit Tigers,Athletics,-128,104,1.78,2.04,2026-07-09 22:40:00+00:00,0.0,/baseball-odds/usa-mlb/detroit-athletics-2026-07-10/1153953
824494,2026-07-09,Cincinnati Reds,Philadelphia Phillies,140,-167,2.4,1.6,2026-07-09 23:10:00+00:00,0.0,/baseball-odds/usa-mlb/cincinnati-philadelphia-2026-07-10/1153954
824577,2026-07-09,Chicago White Sox,Boston Red Sox,-120,100,1.83,2.0,2026-07-09 18:10:00+00:00,0.0,/baseball-odds/usa-mlb/white-sox-boston-2026-07-09/1153951
822709,2026-07-10,Washington Nationals,New York Yankees,126,-156,2.26,1.64,2026-07-10 22:45:00+00:00,0.0,/baseball-odds/usa-mlb/washington-ny-yankees-2026-07-11/1153960
822955,2026-07-10,Tampa Bay Rays,Seattle Mariners,-137,-101,1.73,1.99,2026-07-10 23:10:00+00:00,0.0,/baseball-odds/usa-mlb/tampa-bay-seattle-2026-07-11/1153961
823033,2026-07-10,St. Louis Cardinals,Atlanta Braves,123,-164,2.23,1.61,2026-07-11 00:15:00+00:00,0.0,/baseball-odds/usa-mlb/st-louis-atlanta-2026-07-11/1153965
823200,2026-07-10,San Francisco Giants,Colorado Rockies,-156,119,1.64,2.19,2026-07-11 20:05:00+00:00,17.833333333333332,/baseball-odds/usa-mlb/san-francisco-colorado-2026-07-11/1153970
823278,2026-07-10,San Diego Padres,Toronto Blue Jays,-123,-101,1.81,1.99,2026-07-11 01:40:00+00:00,0.0,/baseball-odds/usa-mlb/san-diego-toronto-2026-07-11/1153966
823604,2026-07-10,New York Mets,Boston Red Sox,-149,120,1.67,2.2,2026-07-10 23:15:00+00:00,0.0,/baseball-odds/usa-mlb/ny-mets-boston-2026-07-11/1156340
823685,2026-07-10,Minnesota Twins,Los Angeles Angels,-189,143,1.53,2.43,2026-07-11 18:10:00+00:00,18.0,/baseball-odds/usa-mlb/minnesota-la-angels-2026-07-11/1153967
823845,2026-07-10,Miami Marlins,Cleveland Guardians,-123,100,1.81,2.0,2026-07-10 23:10:00+00:00,0.0,/baseball-odds/usa-mlb/miami-cleveland-2026-07-11/1153962
824252,2026-07-10,Detroit Tigers,Philadelphia Phillies,-120,-102,1.83,1.98,2026-07-10 22:40:00+00:00,0.0,/baseball-odds/usa-mlb/detroit-philadelphia-2026-07-11/1153958
824575,2026-07-10,Chicago White Sox,Athletics,-172,138,1.58,2.38,2026-07-10 23:40:00+00:00,0.0,/baseball-odds/usa-mlb/white-sox-athletics-2026-07-11/1153964
822711,2026-07-11,Washington Nationals,New York Yankees,158,-196,2.58,1.51,2026-07-11 20:05:00+00:00,0.0,/baseball-odds/usa-mlb/washington-ny-yankees-2026-07-11/1153969
822875,2026-07-11,Texas Rangers,Houston Astros,-125,100,1.8,2.0,2026-07-11 23:05:00+00:00,0.0,/baseball-odds/usa-mlb/texas-houston-2026-07-12/1153975
822953,2026-07-11,Tampa Bay Rays,Seattle Mariners,-119,-109,1.84,1.92,2026-07-11 20:10:00+00:00,0.0,/baseball-odds/usa-mlb/tampa-bay-seattle-2026-07-11/1153972
823030,2026-07-11,St. Louis Cardinals,Atlanta Braves,-119,-111,1.84,1.9,2026-07-11 23:15:00+00:00,0.0,/baseball-odds/usa-mlb/st-louis-atlanta-2026-07-12/1153978
823198,2026-07-11,San Francisco Giants,Colorado Rockies,-156,119,1.64,2.19,2026-07-11 20:05:00+00:00,0.0,/baseball-odds/usa-mlb/san-francisco-colorado-2026-07-11/1153970
823276,2026-07-11,San Diego Padres,Toronto Blue Jays,-112,-110,1.89,1.91,2026-07-12 00:40:00+00:00,0.0,/baseball-odds/usa-mlb/san-diego-toronto-2026-07-12/1153979
823356,2026-07-11,Pittsburgh Pirates,Milwaukee Brewers,114,-133,2.14,1.75,2026-07-11 20:05:00+00:00,0.0,/baseball-odds/usa-mlb/pittsburgh-milwaukee-2026-07-11/1153968
823357,2026-07-11,Pittsburgh Pirates,Milwaukee Brewers,114,-133,2.14,1.75,2026-07-11 20:05:00+00:00,4.0,/baseball-odds/usa-mlb/pittsburgh-milwaukee-2026-07-11/1153968
823682,2026-07-11,Minnesota Twins,Los Angeles Angels,-189,143,1.53,2.43,2026-07-11 18:10:00+00:00,0.0,/baseball-odds/usa-mlb/minnesota-la-angels-2026-07-11/1153967
823844,2026-07-11,Miami Marlins,Cleveland Guardians,-164,132,1.61,2.32,2026-07-11 20:10:00+00:00,0.0,/baseball-odds/usa-mlb/miami-cleveland-2026-07-11/1153973
824249,2026-07-11,Detroit Tigers,Philadelphia Phillies,113,-145,2.13,1.69,2026-07-11 22:10:00+00:00,0.0,/baseball-odds/usa-mlb/detroit-philadelphia-2026-07-12/1153974
824492,2026-07-11,Cincinnati Reds,Chicago Cubs,-122,-104,1.82,1.96,2026-07-11 23:10:00+00:00,0.0,/baseball-odds/usa-mlb/cincinnati-cubs-2026-07-12/1153977
824576,2026-07-11,Chicago White Sox,Athletics,-127,102,1.79,2.02,2026-07-11 18:10:00+00:00,0.0,/baseball-odds/usa-mlb/white-sox-athletics-2026-07-11/1156316
824813,2026-07-11,Baltimore Orioles,Kansas City Royals,-169,128,1.59,2.28,2026-07-11 23:05:00+00:00,0.0,/baseball-odds/usa-mlb/baltimore-kansas-city-2026-07-12/1153976
822708,2026-07-12,Washington Nationals,New York Yankees,-125,100,1.8,2.0,2026-07-12 17:35:00+00:00,0.0,/baseball-odds/usa-mlb/washington-ny-yankees-2026-07-12/1153981
822876,2026-07-12,Texas Rangers,Houston Astros,-147,112,1.68,2.12,2026-07-12 18:35:00+00:00,0.0,/baseball-odds/usa-mlb/texas-houston-2026-07-12/1153987
823029,2026-07-12,St. Louis Cardinals,Atlanta Braves,-135,107,1.74,2.07,2026-07-12 18:15:00+00:00,0.0,/baseball-odds/usa-mlb/st-louis-atlanta-2026-07-12/1153986
823602,2026-07-12,New York Mets,Boston Red Sox,-110,-118,1.91,1.85,2026-07-12 17:40:00+00:00,0.0,/baseball-odds/usa-mlb/ny-mets-boston-2026-07-12/1153982
823681,2026-07-12,Minnesota Twins,Los Angeles Angels,-143,111,1.7,2.11,2026-07-12 18:10:00+00:00,0.0,/baseball-odds/usa-mlb/minnesota-la-angels-2026-07-12/1153985
823925,2026-07-12,Los Angeles Dodgers,Arizona Diamondbacks,-263,163,1.38,2.63,2026-07-12 20:10:00+00:00,0.0,/baseball-odds/usa-mlb/la-dodgers-arizona-2026-07-12/1153988
824491,2026-07-12,Cincinnati Reds,Chicago Cubs,-101,-137,1.99,1.73,2026-07-12 17:40:00+00:00,0.0,/baseball-odds/usa-mlb/cincinnati-cubs-2026-07-12/1153983
824574,2026-07-12,Chicago White Sox,Athletics,-149,121,1.67,2.21,2026-07-12 18:10:00+00:00,0.0,/baseball-odds/usa-mlb/white-sox-athletics-2026-07-12/1153984
824814,2026-07-12,Baltimore Orioles,Kansas City Royals,-149,114,1.67,2.14,2026-07-12 17:35:00+00:00,0.0,/baseball-odds/usa-mlb/baltimore-kansas-city-2026-07-12/1153980
823440,2026-07-16,Philadelphia Phillies,New York Mets,-128,104,1.78,2.04,2026-07-16 22:10:00+00:00,0.0,/baseball-odds/usa-mlb/philadelphia-ny-mets-2026-07-17/1156362
822789,2026-07-17,Toronto Blue Jays,Chicago White Sox,-130,105,1.77,2.05,2026-07-17 23:15:00+00:00,0.0,/baseball-odds/usa-mlb/toronto-white-sox-2026-07-18/1156245
823115,2026-07-17,Seattle Mariners,San Francisco Giants,-185,140,1.54,2.4,2026-07-18 02:10:00+00:00,0.0,/baseball-odds/usa-mlb/seattle-san-francisco-2026-07-18/1153999
823766,2026-07-17,Milwaukee Brewers,Miami Marlins,-164,116,1.61,2.16,2026-07-17 23:40:00+00:00,0.0,/baseball-odds/usa-mlb/milwaukee-miami-2026-07-18/1153993
824090,2026-07-17,Kansas City Royals,San Diego Padres,101,-128,2.01,1.78,2026-07-18 00:10:00+00:00,0.0,/baseball-odds/usa-mlb/kansas-city-san-diego-2026-07-18/1153995
824332,2026-07-17,Colorado Rockies,Cincinnati Reds,-116,-110,1.86,1.91,2026-07-18 00:40:00+00:00,0.0,/baseball-odds/usa-mlb/colorado-cincinnati-2026-07-18/1153996
824655,2026-07-17,Chicago Cubs,Minnesota Twins,-156,119,1.64,2.19,2026-07-18 00:05:00+00:00,0.0,/baseball-odds/usa-mlb/cubs-minnesota-2026-07-18/1153994
824737,2026-07-17,Boston Red Sox,Tampa Bay Rays,-130,105,1.77,2.05,2026-07-17 23:10:00+00:00,0.0,/baseball-odds/usa-mlb/boston-tampa-bay-2026-07-18/1153991
824766,2026-07-17,Boston Red Sox,Tampa Bay Rays,-130,105,1.77,2.05,2026-07-17 23:10:00+00:00,5.583333333333333,/baseball-odds/usa-mlb/boston-tampa-bay-2026-07-18/1153991
824981,2026-07-17,Athletics,Washington Nationals,108,-133,2.08,1.75,2026-07-18 01:40:00+00:00,0.0,/baseball-odds/usa-mlb/athletics-washington-2026-07-18/1153997
825060,2026-07-17,Arizona Diamondbacks,St. Louis Cardinals,-119,-105,1.84,1.95,2026-07-18 01:40:00+00:00,0.0,/baseball-odds/usa-mlb/arizona-st-louis-2026-07-18/1153998
822790,2026-07-18,Toronto Blue Jays,Chicago White Sox,-116,-110,1.86,1.91,2026-07-18 19:07:00+00:00,0.0,/baseball-odds/usa-mlb/toronto-white-sox-2026-07-18/1154001
823116,2026-07-18,Seattle Mariners,San Francisco Giants,-159,128,1.63,2.28,2026-07-19 00:08:00+00:00,0.0,/baseball-odds/usa-mlb/seattle-san-francisco-2026-07-19/1154009
823763,2026-07-18,Milwaukee Brewers,Miami Marlins,-143,108,1.7,2.08,2026-07-18 20:10:00+00:00,0.0,/baseball-odds/usa-mlb/milwaukee-miami-2026-07-18/1154006
824008,2026-07-18,Los Angeles Angels,Detroit Tigers,158,-217,2.58,1.46,2026-07-19 02:07:00+00:00,0.0,/baseball-odds/usa-mlb/la-angels-detroit-2026-07-19/1154011
824088,2026-07-18,Kansas City Royals,San Diego Padres,-111,-111,1.9,1.9,2026-07-18 20:10:00+00:00,0.0,/baseball-odds/usa-mlb/kansas-city-san-diego-2026-07-18/1154002
824169,2026-07-18,Houston Astros,Baltimore Orioles,-111,-111,1.9,1.9,2026-07-18 20:10:00+00:00,0.0,/baseball-odds/usa-mlb/houston-baltimore-2026-07-18/1154007
824657,2026-07-18,Chicago Cubs,Minnesota Twins,-167,126,1.6,2.26,2026-07-18 18:20:00+00:00,0.0,/baseball-odds/usa-mlb/cubs-minnesota-2026-07-18/1154000
824738,2026-07-18,Boston Red Sox,Tampa Bay Rays,-120,-106,1.83,1.94,2026-07-18 20:10:00+00:00,0.0,/baseball-odds/usa-mlb/boston-tampa-bay-2026-07-18/1154004
824899,2026-07-18,Atlanta Braves,Texas Rangers,-120,-103,1.83,1.97,2026-07-18 20:10:00+00:00,0.0,/baseball-odds/usa-mlb/atlanta-texas-2026-07-18/1154005
824979,2026-07-18,Athletics,Washington Nationals,-110,-112,1.91,1.89,2026-07-19 02:05:00+00:00,0.0,/baseball-odds/usa-mlb/athletics-washington-2026-07-19/1154010
825059,2026-07-18,Arizona Diamondbacks,St. Louis Cardinals,-128,-102,1.78,1.98,2026-07-18 20:10:00+00:00,0.0,/baseball-odds/usa-mlb/arizona-st-louis-2026-07-18/1154003
822786,2026-07-19,Toronto Blue Jays,Chicago White Sox,-104,-114,1.96,1.88,2026-07-19 16:15:00+00:00,0.0,/baseball-odds/usa-mlb/toronto-white-sox-2026-07-19/1154012
823113,2026-07-19,Seattle Mariners,San Francisco Giants,-204,162,1.49,2.62,2026-07-19 20:10:00+00:00,0.0,/baseball-odds/usa-mlb/seattle-san-francisco-2026-07-19/1154023
823439,2026-07-19,Philadelphia Phillies,New York Mets,102,-133,2.02,1.75,2026-07-19 17:35:00+00:00,0.0,/baseball-odds/usa-mlb/philadelphia-ny-mets-2026-07-19/1154014
823764,2026-07-19,Milwaukee Brewers,Miami Marlins,-130,102,1.77,2.02,2026-07-19 18:10:00+00:00,0.0,/baseball-odds/usa-mlb/milwaukee-miami-2026-07-19/1154017
824007,2026-07-19,Los Angeles Angels,Detroit Tigers,113,-149,2.13,1.67,2026-07-19 20:07:00+00:00,0.0,/baseball-odds/usa-mlb/la-angels-detroit-2026-07-19/1154022
824086,2026-07-19,Kansas City Royals,San Diego Padres,-118,-105,1.85,1.95,2026-07-19 18:10:00+00:00,0.0,/baseball-odds/usa-mlb/kansas-city-san-diego-2026-07-19/1154018
824168,2026-07-19,Houston Astros,Baltimore Orioles,-132,101,1.76,2.01,2026-07-19 18:10:00+00:00,0.0,/baseball-odds/usa-mlb/houston-baltimore-2026-07-19/1154016
824330,2026-07-19,Colorado Rockies,Cincinnati Reds,136,-169,2.36,1.59,2026-07-19 19:10:00+00:00,0.0,/baseball-odds/usa-mlb/colorado-cincinnati-2026-07-19/1154020
824411,2026-07-19,Cleveland Guardians,Pittsburgh Pirates,-114,-109,1.88,1.92,2026-07-19 17:40:00+00:00,0.0,/baseball-odds/usa-mlb/cleveland-pittsburgh-2026-07-19/1154015
824653,2026-07-19,Chicago Cubs,Minnesota Twins,-169,140,1.59,2.4,2026-07-19 18:20:00+00:00,0.0,/baseball-odds/usa-mlb/cubs-minnesota-2026-07-19/1154019
824739,2026-07-19,Boston Red Sox,Tampa Bay Rays,-130,-101,1.77,1.99,2026-07-19 17:35:00+00:00,0.0,/baseball-odds/usa-mlb/boston-tampa-bay-2026-07-19/1154013
824978,2026-07-19,Athletics,Washington Nationals,121,-149,2.21,1.67,2026-07-19 20:05:00+00:00,0.0,/baseball-odds/usa-mlb/athletics-washington-2026-07-19/1154021
822788,2026-07-20,Toronto Blue Jays,Tampa Bay Rays,-189,140,1.53,2.4,2026-07-20 23:07:00+00:00,0.0,/baseball-odds/usa-mlb/toronto-tampa-bay-2026-07-21/1154025
822874,2026-07-20,Texas Rangers,Chicago White Sox,-189,126,1.53,2.26,2026-07-21 00:05:00+00:00,0.0,/baseball-odds/usa-mlb/texas-white-sox-2026-07-21/1154030
823112,2026-07-20,Seattle Mariners,Cincinnati Reds,-152,122,1.66,2.22,2026-07-21 01:40:00+00:00,0.0,/baseball-odds/usa-mlb/seattle-cincinnati-2026-07-21/1154033
823436,2026-07-20,Philadelphia Phillies,Los Angeles Dodgers,-156,119,1.64,2.19,2026-07-20 23:10:00+00:00,0.0,/baseball-odds/usa-mlb/philadelphia-la-dodgers-2026-07-21/1154026
823762,2026-07-20,Milwaukee Brewers,New York Mets,-217,172,1.46,2.72,2026-07-20 23:40:00+00:00,0.0,/baseball-odds/usa-mlb/milwaukee-ny-mets-2026-07-21/1154028
824167,2026-07-20,Houston Astros,Miami Marlins,-133,105,1.75,2.05,2026-07-21 00:10:00+00:00,0.0,/baseball-odds/usa-mlb/houston-miami-2026-07-21/1154031
824328,2026-07-20,Colorado Rockies,Washington Nationals,108,-133,2.08,1.75,2026-07-21 00:40:00+00:00,0.0,/baseball-odds/usa-mlb/colorado-washington-2026-07-21/1154032
824410,2026-07-20,Cleveland Guardians,Minnesota Twins,106,-132,2.06,1.76,2026-07-20 22:40:00+00:00,0.0,/baseball-odds/usa-mlb/cleveland-minnesota-2026-07-21/1154024
824654,2026-07-20,Chicago Cubs,Detroit Tigers,-118,-108,1.85,1.93,2026-07-21 00:05:00+00:00,0.0,/baseball-odds/usa-mlb/cubs-detroit-2026-07-21/1154029
824898,2026-07-20,Atlanta Braves,San Diego Padres,-137,111,1.73,2.11,2026-07-20 23:15:00+00:00,0.0,/baseball-odds/usa-mlb/atlanta-san-diego-2026-07-21/1154027
822871,2026-07-21,Texas Rangers,Chicago White Sox,-118,-105,1.85,1.95,2026-07-22 00:05:00+00:00,0.0,/baseball-odds/usa-mlb/texas-white-sox-2026-07-22/1154041
823114,2026-07-21,Seattle Mariners,Cincinnati Reds,-175,131,1.57,2.31,2026-07-22 19:40:00+00:00,18.0,/baseball-odds/usa-mlb/seattle-cincinnati-2026-07-22/1154046
823437,2026-07-21,Philadelphia Phillies,Los Angeles Dodgers,-122,-104,1.82,1.96,2026-07-21 22:40:00+00:00,0.0,/baseball-odds/usa-mlb/philadelphia-la-dodgers-2026-07-22/1154035
823760,2026-07-21,Milwaukee Brewers,New York Mets,-139,112,1.72,2.12,2026-07-21 23:40:00+00:00,0.0,/baseball-odds/usa-mlb/milwaukee-ny-mets-2026-07-22/1154038
824005,2026-07-21,Los Angeles Angels,St. Louis Cardinals,-123,-104,1.81,1.96,2026-07-22 01:38:00+00:00,0.0,/baseball-odds/usa-mlb/la-angels-st-louis-2026-07-22/1154043
824085,2026-07-21,Kansas City Royals,San Francisco Giants,-110,-112,1.91,1.89,2026-07-21 23:40:00+00:00,0.0,/baseball-odds/usa-mlb/kansas-city-san-francisco-2026-07-22/1154039
824165,2026-07-21,Houston Astros,Miami Marlins,-130,-101,1.77,1.99,2026-07-22 00:10:00+00:00,0.0,/baseball-odds/usa-mlb/houston-miami-2026-07-22/1154042
824409,2026-07-21,Cleveland Guardians,Minnesota Twins,-167,124,1.6,2.24,2026-07-21 22:40:00+00:00,0.0,/baseball-odds/usa-mlb/cleveland-minnesota-2026-07-22/1154034
824652,2026-07-21,Chicago Cubs,Detroit Tigers,-123,100,1.81,2.0,2026-07-22 00:05:00+00:00,0.0,/baseball-odds/usa-mlb/cubs-detroit-2026-07-22/1154040
824895,2026-07-21,Atlanta Braves,San Diego Padres,-145,117,1.69,2.17,2026-07-21 23:15:00+00:00,0.0,/baseball-odds/usa-mlb/atlanta-san-diego-2026-07-22/1154037
825056,2026-07-21,Arizona Diamondbacks,Athletics,-137,111,1.73,2.11,2026-07-22 01:40:00+00:00,0.0,/baseball-odds/usa-mlb/arizona-athletics-2026-07-22/1154044
822873,2026-07-22,Texas Rangers,Chicago White Sox,-106,-128,1.94,1.78,2026-07-23 00:05:00+00:00,0.0,/baseball-odds/usa-mlb/texas-white-sox-2026-07-23/1154053
823110,2026-07-22,Seattle Mariners,Cincinnati Reds,-175,131,1.57,2.31,2026-07-22 19:40:00+00:00,0.0,/baseball-odds/usa-mlb/seattle-cincinnati-2026-07-22/1154046
823438,2026-07-22,Philadelphia Phillies,Los Angeles Dodgers,102,-127,2.02,1.79,2026-07-22 22:40:00+00:00,0.0,/baseball-odds/usa-mlb/philadelphia-la-dodgers-2026-07-23/1154050
824004,2026-07-22,Los Angeles Angels,St. Louis Cardinals,-139,112,1.72,2.12,2026-07-22 20:07:00+00:00,0.0,/baseball-odds/usa-mlb/la-angels-st-louis-2026-07-22/1154048
824083,2026-07-22,Kansas City Royals,San Francisco Giants,106,-125,2.06,1.8,2026-07-22 18:10:00+00:00,0.0,/baseball-odds/usa-mlb/kansas-city-san-francisco-2026-07-22/1154045
824166,2026-07-22,Houston Astros,Miami Marlins,-120,-109,1.83,1.92,2026-07-23 00:10:00+00:00,0.0,/baseball-odds/usa-mlb/houston-miami-2026-07-23/1154054
824408,2026-07-22,Cleveland Guardians,Minnesota Twins,-154,116,1.65,2.16,2026-07-22 22:40:00+00:00,0.0,/baseball-odds/usa-mlb/cleveland-minnesota-2026-07-23/1154049
824732,2026-07-22,Boston Red Sox,Baltimore Orioles,-128,102,1.78,2.02,2026-07-22 23:10:00+00:00,0.0,/baseball-odds/usa-mlb/boston-baltimore-2026-07-23/1154051
824735,2026-07-22,Boston Red Sox,Baltimore Orioles,-128,102,1.78,2.02,2026-07-22 23:10:00+00:00,5.583333333333333,/baseball-odds/usa-mlb/boston-baltimore-2026-07-23/1154051
824896,2026-07-22,Atlanta Braves,San Diego Padres,-115,-106,1.87,1.94,2026-07-22 23:15:00+00:00,0.0,/baseball-odds/usa-mlb/atlanta-san-diego-2026-07-23/1154052
825055,2026-07-22,Arizona Diamondbacks,Athletics,-132,106,1.76,2.06,2026-07-22 19:40:00+00:00,0.0,/baseball-odds/usa-mlb/arizona-athletics-2026-07-22/1154047
822785,2026-07-23,Toronto Blue Jays,Tampa Bay Rays,-109,-119,1.92,1.84,2026-07-23 19:07:00+00:00,0.0,/baseball-odds/usa-mlb/toronto-tampa-bay-2026-07-23/1154056
824247,2026-07-23,Detroit Tigers,Kansas City Royals,-244,183,1.41,2.83,2026-07-23 22:40:00+00:00,0.0,/baseball-odds/usa-mlb/detroit-kansas-city-2026-07-24/1154057
824893,2026-07-23,Atlanta Braves,San Diego Padres,-286,204,1.35,3.04,2026-07-23 16:15:00+00:00,0.0,/baseball-odds/usa-mlb/atlanta-san-diego-2026-07-23/1154055
822707,2026-07-24,Washington Nationals,Arizona Diamondbacks,-102,-127,1.98,1.79,2026-07-24 22:45:00+00:00,0.0,/baseball-odds/usa-mlb/washington-arizona-2026-07-25/1154060
822872,2026-07-24,Texas Rangers,Seattle Mariners,-109,-114,1.92,1.88,2026-07-25 00:05:00+00:00,0.0,/baseball-odds/usa-mlb/texas-seattle-2026-07-25/1154066
822952,2026-07-24,Tampa Bay Rays,Cleveland Guardians,-145,111,1.69,2.11,2026-07-24 23:10:00+00:00,0.0,/baseball-odds/usa-mlb/tampa-bay-cleveland-2026-07-25/1154064
823031,2026-07-24,St. Louis Cardinals,Cincinnati Reds,-145,114,1.69,2.14,2026-07-25 00:15:00+00:00,0.0,/baseball-odds/usa-mlb/st-louis-cincinnati-2026-07-25/1154067
823196,2026-07-24,San Francisco Giants,Los Angeles Angels,-169,128,1.59,2.28,2026-07-25 02:15:00+00:00,0.0,/baseball-odds/usa-mlb/san-francisco-la-angels-2026-07-25/1154068
823434,2026-07-24,Philadelphia Phillies,New York Yankees,-141,114,1.71,2.14,2026-07-24 22:45:00+00:00,0.0,/baseball-odds/usa-mlb/philadelphia-ny-yankees-2026-07-25/1156341
823601,2026-07-24,New York Mets,Los Angeles Dodgers,104,-133,2.04,1.75,2026-07-24 23:10:00+00:00,0.0,/baseball-odds/usa-mlb/ny-mets-la-dodgers-2026-07-25/1154063
823843,2026-07-24,Miami Marlins,San Diego Padres,-128,105,1.78,2.05,2026-07-24 23:10:00+00:00,0.0,/baseball-odds/usa-mlb/miami-san-diego-2026-07-25/1154062
824248,2026-07-24,Detroit Tigers,Kansas City Royals,-294,204,1.34,3.04,2026-07-24 22:40:00+00:00,0.0,/baseball-odds/usa-mlb/detroit-kansas-city-2026-07-25/1154058
824573,2026-07-24,Chicago White Sox,Houston Astros,-143,108,1.7,2.08,2026-07-24 23:40:00+00:00,0.0,/baseball-odds/usa-mlb/white-sox-houston-2026-07-25/1154065
824812,2026-07-24,Baltimore Orioles,Atlanta Braves,-137,107,1.73,2.07,2026-07-24 23:05:00+00:00,0.0,/baseball-odds/usa-mlb/baltimore-atlanta-2026-07-25/1154061
822704,2026-07-25,Washington Nationals,Arizona Diamondbacks,-143,108,1.7,2.08,2026-07-25 20:05:00+00:00,0.0,/baseball-odds/usa-mlb/washington-arizona-2026-07-25/1154070
822869,2026-07-25,Texas Rangers,Seattle Mariners,-111,-111,1.9,1.9,2026-07-25 23:15:00+00:00,0.0,/baseball-odds/usa-mlb/texas-seattle-2026-07-26/1154078
823197,2026-07-25,San Francisco Giants,Los Angeles Angels,-132,105,1.76,2.05,2026-07-25 20:05:00+00:00,0.0,/baseball-odds/usa-mlb/san-francisco-la-angels-2026-07-25/1154071
823355,2026-07-25,Pittsburgh Pirates,Chicago Cubs,-130,105,1.77,2.05,2026-07-25 22:40:00+00:00,0.0,/baseball-odds/usa-mlb/pittsburgh-cubs-2026-07-26/1154073
823435,2026-07-25,Philadelphia Phillies,New York Yankees,102,-127,2.02,1.79,2026-07-25 22:05:00+00:00,0.0,/baseball-odds/usa-mlb/philadelphia-ny-yankees-2026-07-26/1154072
823600,2026-07-25,New York Mets,Los Angeles Dodgers,128,-167,2.28,1.6,2026-07-25 23:15:00+00:00,0.0,/baseball-odds/usa-mlb/ny-mets-la-dodgers-2026-07-26/1154079
823679,2026-07-25,Minnesota Twins,Athletics,-154,124,1.65,2.24,2026-07-25 23:10:00+00:00,0.0,/baseball-odds/usa-mlb/minnesota-athletics-2026-07-26/1154075
823758,2026-07-25,Milwaukee Brewers,Colorado Rockies,-238,188,1.42,2.88,2026-07-25 23:10:00+00:00,0.0,/baseball-odds/usa-mlb/milwaukee-colorado-2026-07-26/1154077
824244,2026-07-25,Detroit Tigers,Kansas City Royals,-175,131,1.57,2.31,2026-07-25 17:10:00+00:00,0.0,/baseball-odds/usa-mlb/detroit-kansas-city-2026-07-25/1154069
824571,2026-07-25,Chicago White Sox,Houston Astros,-125,-102,1.8,1.98,2026-07-25 23:10:00+00:00,0.0,/baseball-odds/usa-mlb/white-sox-houston-2026-07-26/1154076
824811,2026-07-25,Baltimore Orioles,Atlanta Braves,-116,-106,1.86,1.94,2026-07-25 23:05:00+00:00,0.0,/baseball-odds/usa-mlb/baltimore-atlanta-2026-07-26/1154074
822870,2026-07-26,Texas Rangers,Seattle Mariners,-115,-108,1.87,1.93,2026-07-26 18:35:00+00:00,0.0,/baseball-odds/usa-mlb/texas-seattle-2026-07-26/1154088
823028,2026-07-26,St. Louis Cardinals,Cincinnati Reds,-137,111,1.73,2.11,2026-07-26 18:15:00+00:00,0.0,/baseball-odds/usa-mlb/st-louis-cincinnati-2026-07-26/1154087
823194,2026-07-26,San Francisco Giants,Los Angeles Angels,-104,-127,1.96,1.79,2026-07-26 20:05:00+00:00,0.0,/baseball-odds/usa-mlb/san-francisco-la-angels-2026-07-26/1154089
823354,2026-07-26,Pittsburgh Pirates,Chicago Cubs,-152,114,1.66,2.14,2026-07-26 17:35:00+00:00,0.0,/baseball-odds/usa-mlb/pittsburgh-cubs-2026-07-26/1154082
823433,2026-07-26,Philadelphia Phillies,New York Yankees,-213,168,1.47,2.68,2026-07-26 23:20:00+00:00,0.0,/baseball-odds/usa-mlb/philadelphia-ny-yankees-2026-07-27/1154090
823599,2026-07-26,New York Mets,Los Angeles Dodgers,122,-152,2.22,1.66,2026-07-26 17:40:00+00:00,0.0,/baseball-odds/usa-mlb/ny-mets-la-dodgers-2026-07-26/1154083
823678,2026-07-26,Minnesota Twins,Athletics,-154,124,1.65,2.24,2026-07-26 18:10:00+00:00,0.0,/baseball-odds/usa-mlb/minnesota-athletics-2026-07-26/1154085
823755,2026-07-26,Milwaukee Brewers,Colorado Rockies,-400,276,1.25,3.76,2026-07-26 18:10:00+00:00,0.0,/baseball-odds/usa-mlb/milwaukee-colorado-2026-07-26/1154086
824572,2026-07-26,Chicago White Sox,Houston Astros,-115,-108,1.87,1.93,2026-07-26 18:10:00+00:00,0.0,/baseball-odds/usa-mlb/white-sox-houston-2026-07-26/1154084
824730,2026-07-26,Boston Red Sox,Toronto Blue Jays,-145,114,1.69,2.14,2026-07-26 17:35:00+00:00,0.0,/baseball-odds/usa-mlb/boston-toronto-2026-07-26/1154081
824810,2026-07-26,Baltimore Orioles,Atlanta Braves,-109,-114,1.92,1.88,2026-07-26 17:35:00+00:00,0.0,/baseball-odds/usa-mlb/baltimore-atlanta-2026-07-26/1154080
822868,2026-07-27,Texas Rangers,Seattle Mariners,105,-130,2.05,1.77,2026-07-27 18:35:00+00:00,0.0,/baseball-odds/usa-mlb/texas-seattle-2026-07-27/1154091
823025,2026-07-27,St. Louis Cardinals,Chicago Cubs,101,-125,2.01,1.8,2026-07-27 23:45:00+00:00,0.0,/baseball-odds/usa-mlb/st-louis-cubs-2026-07-28/1154097
823195,2026-07-27,San Francisco Giants,Milwaukee Brewers,115,-143,2.15,1.7,2026-07-28 01:45:00+00:00,0.0,/baseball-odds/usa-mlb/san-francisco-milwaukee-2026-07-28/1154099
823353,2026-07-27,Pittsburgh Pirates,Arizona Diamondbacks,-119,-109,1.84,1.92,2026-07-27 22:40:00+00:00,0.0,/baseball-odds/usa-mlb/pittsburgh-arizona-2026-07-28/1154092
823597,2026-07-27,New York Mets,Atlanta Braves,-111,-111,1.9,1.9,2026-07-27 23:10:00+00:00,0.0,/baseball-odds/usa-mlb/ny-mets-atlanta-2026-07-28/1154094
823839,2026-07-27,Miami Marlins,Philadelphia Phillies,156,-185,2.56,1.54,2026-07-27 22:40:00+00:00,0.0,/baseball-odds/usa-mlb/miami-philadelphia-2026-07-28/1154093
824001,2026-07-27,Los Angeles Angels,Houston Astros,-115,-108,1.87,1.93,2026-07-28 01:38:00+00:00,0.0,/baseball-odds/usa-mlb/la-angels-houston-2026-07-28/1154098
824570,2026-07-27,Chicago White Sox,New York Yankees,114,-141,2.14,1.71,2026-07-27 23:40:00+00:00,0.0,/baseball-odds/usa-mlb/white-sox-ny-yankees-2026-07-28/1154096
822703,2026-07-28,Washington Nationals,Toronto Blue Jays,-147,113,1.68,2.13,2026-07-28 22:45:00+00:00,0.0,/baseball-odds/usa-mlb/washington-toronto-2026-07-29/1154103
822949,2026-07-28,Tampa Bay Rays,Texas Rangers,-189,140,1.53,2.4,2026-07-28 22:40:00+00:00,0.0,/baseball-odds/usa-mlb/tampa-bay-texas-2026-07-29/1154102
823026,2026-07-28,St. Louis Cardinals,Chicago Cubs,-111,-111,1.9,1.9,2026-07-28 23:45:00+00:00,0.0,/baseball-odds/usa-mlb/st-louis-cubs-2026-07-29/1154108
823193,2026-07-28,San Francisco Giants,Milwaukee Brewers,-111,-111,1.9,1.9,2026-07-29 19:45:00+00:00,18.0,/baseball-odds/usa-mlb/san-francisco-milwaukee-2026-07-29/1154117
823275,2026-07-28,San Diego Padres,Colorado Rockies,-238,188,1.42,2.88,2026-07-29 01:40:00+00:00,0.0,/baseball-odds/usa-mlb/san-diego-colorado-2026-07-29/1154110
823350,2026-07-28,Pittsburgh Pirates,Arizona Diamondbacks,-135,113,1.74,2.13,2026-07-29 16:35:00+00:00,17.916666666666668,/baseball-odds/usa-mlb/pittsburgh-arizona-2026-07-29/1154113
823676,2026-07-28,Minnesota Twins,Kansas City Royals,-196,144,1.51,2.44,2026-07-28 23:40:00+00:00,0.0,/baseball-odds/usa-mlb/minnesota-kansas-city-2026-07-29/1154107
823838,2026-07-28,Miami Marlins,Philadelphia Phillies,-145,111,1.69,2.11,2026-07-28 22:40:00+00:00,0.0,/baseball-odds/usa-mlb/miami-philadelphia-2026-07-29/1154101
823923,2026-07-28,Los Angeles Dodgers,Seattle Mariners,-238,178,1.42,2.78,2026-07-29 02:10:00+00:00,0.0,/baseball-odds/usa-mlb/la-dodgers-seattle-2026-07-29/1154112
824003,2026-07-28,Los Angeles Angels,Houston Astros,-111,-111,1.9,1.9,2026-07-29 01:38:00+00:00,0.0,/baseball-odds/usa-mlb/la-angels-houston-2026-07-29/1154109
824243,2026-07-28,Detroit Tigers,Baltimore Orioles,-149,113,1.67,2.13,2026-07-28 22:40:00+00:00,0.0,/baseball-odds/usa-mlb/detroit-baltimore-2026-07-29/1154100
824489,2026-07-28,Cincinnati Reds,Cleveland Guardians,120,-149,2.2,1.67,2026-07-28 23:10:00+00:00,0.0,/baseball-odds/usa-mlb/cincinnati-cleveland-2026-07-29/1154105
824490,2026-07-28,Cincinnati Reds,Cleveland Guardians,120,-149,2.2,1.67,2026-07-28 23:10:00+00:00,5.5,/baseball-odds/usa-mlb/cincinnati-cleveland-2026-07-29/1154105
824569,2026-07-28,Chicago White Sox,New York Yankees,-102,-120,1.98,1.83,2026-07-28 23:40:00+00:00,0.0,/baseball-odds/usa-mlb/white-sox-ny-yankees-2026-07-29/1154106
822702,2026-07-29,Washington Nationals,Toronto Blue Jays,-105,-118,1.95,1.85,2026-07-29 17:05:00+00:00,0.0,/baseball-odds/usa-mlb/washington-toronto-2026-07-29/1154114
822947,2026-07-29,Tampa Bay Rays,Texas Rangers,-182,140,1.55,2.4,2026-07-30 16:10:00+00:00,17.5,/baseball-odds/usa-mlb/tampa-bay-texas-2026-07-30/1154124
823022,2026-07-29,St. Louis Cardinals,Chicago Cubs,-115,-106,1.87,1.94,2026-07-29 23:45:00+00:00,0.0,/baseball-odds/usa-mlb/st-louis-cubs-2026-07-30/1154121
823192,2026-07-29,San Francisco Giants,Milwaukee Brewers,-111,-111,1.9,1.9,2026-07-29 19:45:00+00:00,0.0,/baseball-odds/usa-mlb/san-francisco-milwaukee-2026-07-29/1154117
823273,2026-07-29,San Diego Padres,Colorado Rockies,-167,134,1.6,2.34,2026-07-29 20:10:00+00:00,0.0,/baseball-odds/usa-mlb/san-diego-colorado-2026-07-29/1154118
823351,2026-07-29,Pittsburgh Pirates,Arizona Diamondbacks,-135,113,1.74,2.13,2026-07-29 16:35:00+00:00,0.0,/baseball-odds/usa-mlb/pittsburgh-arizona-2026-07-29/1154113
823596,2026-07-29,New York Mets,Atlanta Braves,-110,-118,1.91,1.85,2026-07-29 17:10:00+00:00,0.0,/baseball-odds/usa-mlb/ny-mets-atlanta-2026-07-29/1154116
823598,2026-07-29,New York Mets,Atlanta Braves,-110,-118,1.91,1.85,2026-07-29 17:10:00+00:00,6.0,/baseball-odds/usa-mlb/ny-mets-atlanta-2026-07-29/1154116
823677,2026-07-29,Minnesota Twins,Kansas City Royals,-143,108,1.7,2.08,2026-07-30 17:40:00+00:00,18.0,/baseball-odds/usa-mlb/minnesota-kansas-city-2026-07-30/1154125
823837,2026-07-29,Miami Marlins,Philadelphia Phillies,-145,111,1.69,2.11,2026-07-28 22:40:00+00:00,17.5,/baseball-odds/usa-mlb/miami-philadelphia-2026-07-29/1154101
823924,2026-07-29,Los Angeles Dodgers,Seattle Mariners,-189,142,1.53,2.42,2026-07-30 02:10:00+00:00,0.0,/baseball-odds/usa-mlb/la-dodgers-seattle-2026-07-30/1154123
824242,2026-07-29,Detroit Tigers,Baltimore Orioles,-189,149,1.53,2.49,2026-07-29 17:10:00+00:00,0.0,/baseball-odds/usa-mlb/detroit-baltimore-2026-07-29/1154115
824487,2026-07-29,Cincinnati Reds,Cleveland Guardians,114,-147,2.14,1.68,2026-07-29 23:10:00+00:00,0.0,/baseball-odds/usa-mlb/cincinnati-cleveland-2026-07-30/1154119
824567,2026-07-29,Chicago White Sox,New York Yankees,119,-147,2.19,1.68,2026-07-29 23:40:00+00:00,0.0,/baseball-odds/usa-mlb/white-sox-ny-yankees-2026-07-30/1154120
822946,2026-07-30,Tampa Bay Rays,Texas Rangers,-182,140,1.55,2.4,2026-07-30 16:10:00+00:00,0.0,/baseball-odds/usa-mlb/tampa-bay-texas-2026-07-30/1154124
823271,2026-07-30,San Diego Padres,San Francisco Giants,-182,138,1.55,2.38,2026-07-31 01:40:00+00:00,0.0,/baseball-odds/usa-mlb/san-diego-san-francisco-2026-07-31/1154130
823595,2026-07-30,New York Mets,Miami Marlins,-133,-101,1.75,1.99,2026-07-30 23:10:00+00:00,0.0,/baseball-odds/usa-mlb/ny-mets-miami-2026-07-31/1154127
823674,2026-07-30,Minnesota Twins,Kansas City Royals,-143,108,1.7,2.08,2026-07-30 17:40:00+00:00,0.0,/baseball-odds/usa-mlb/minnesota-kansas-city-2026-07-30/1154125
823921,2026-07-30,Los Angeles Dodgers,Seattle Mariners,-156,126,1.64,2.26,2026-07-31 02:10:00+00:00,0.0,/baseball-odds/usa-mlb/la-dodgers-seattle-2026-07-31/1154131
824488,2026-07-30,Cincinnati Reds,Pittsburgh Pirates,-110,-112,1.91,1.89,2026-07-30 23:10:00+00:00,0.0,/baseball-odds/usa-mlb/cincinnati-pittsburgh-2026-07-31/1154126
824894,2026-07-30,Atlanta Braves,Washington Nationals,-167,126,1.6,2.26,2026-07-30 23:15:00+00:00,0.0,/baseball-odds/usa-mlb/atlanta-washington-2026-07-31/1154128
822782,2026-07-31,Toronto Blue Jays,St. Louis Cardinals,-196,144,1.51,2.44,2026-07-31 23:07:00+00:00,0.0,/baseball-odds/usa-mlb/toronto-st-louis-2026-08-01/1154135
823111,2026-07-31,Seattle Mariners,Minnesota Twins,-179,133,1.56,2.33,2026-08-01 02:10:00+00:00,0.0,/baseball-odds/usa-mlb/seattle-minnesota-2026-08-01/1154143
823272,2026-07-31,San Diego Padres,San Francisco Giants,-159,120,1.63,2.2,2026-08-01 01:45:00+00:00,0.0,/baseball-odds/usa-mlb/san-diego-san-francisco-2026-08-01/1156343
823593,2026-07-31,New York Mets,Miami Marlins,-120,-105,1.83,1.95,2026-07-31 23:10:00+00:00,0.0,/baseball-odds/usa-mlb/ny-mets-miami-2026-08-01/1154136
823922,2026-07-31,Los Angeles Dodgers,Boston Red Sox,-135,109,1.74,2.09,2026-08-01 02:10:00+00:00,0.0,/baseball-odds/usa-mlb/la-dodgers-boston-2026-08-01/1154142
823999,2026-07-31,Los Angeles Angels,Milwaukee Brewers,133,-172,2.33,1.58,2026-08-01 01:38:00+00:00,0.0,/baseball-odds/usa-mlb/la-angels-milwaukee-2026-08-01/1154139
824164,2026-07-31,Houston Astros,Texas Rangers,-130,105,1.77,2.05,2026-08-01 00:15:00+00:00,0.0,/baseball-odds/usa-mlb/houston-texas-2026-08-01/1156342
824325,2026-07-31,Colorado Rockies,Kansas City Royals,-108,-115,1.93,1.87,2026-08-01 00:40:00+00:00,0.0,/baseball-odds/usa-mlb/colorado-kansas-city-2026-08-01/1154138
824486,2026-07-31,Cincinnati Reds,Pittsburgh Pirates,104,-128,2.04,1.78,2026-07-31 22:10:00+00:00,0.0,/baseball-odds/usa-mlb/cincinnati-pittsburgh-2026-08-01/1154133
824651,2026-07-31,Chicago Cubs,New York Yankees,-161,131,1.62,2.31,2026-07-31 18:20:00+00:00,0.0,/baseball-odds/usa-mlb/cubs-ny-yankees-2026-07-31/1154132
824809,2026-07-31,Baltimore Orioles,Philadelphia Phillies,-120,-102,1.83,1.98,2026-07-31 23:05:00+00:00,0.0,/baseball-odds/usa-mlb/baltimore-philadelphia-2026-08-01/1154134
824975,2026-07-31,Athletics,Detroit Tigers,119,-147,2.19,1.68,2026-08-01 01:40:00+00:00,0.0,/baseball-odds/usa-mlb/athletics-detroit-2026-08-01/1154141
822781,2026-08-01,Toronto Blue Jays,St. Louis Cardinals,-169,138,1.59,2.38,2026-08-01 19:07:00+00:00,0.0,/baseball-odds/usa-mlb/toronto-st-louis-2026-08-01/1154144
823109,2026-08-01,Seattle Mariners,Minnesota Twins,-179,133,1.56,2.33,2026-08-01 02:10:00+00:00,18.0,/baseball-odds/usa-mlb/seattle-minnesota-2026-08-01/1154143
823269,2026-08-01,San Diego Padres,San Francisco Giants,-167,122,1.6,2.22,2026-08-02 00:40:00+00:00,0.0,/baseball-odds/usa-mlb/san-diego-san-francisco-2026-08-02/1154153
823594,2026-08-01,New York Mets,Miami Marlins,-135,109,1.74,2.09,2026-08-01 20:10:00+00:00,0.0,/baseball-odds/usa-mlb/ny-mets-miami-2026-08-01/1154145
824000,2026-08-01,Los Angeles Angels,Milwaukee Brewers,121,-154,2.21,1.65,2026-08-02 01:38:00+00:00,0.0,/baseball-odds/usa-mlb/la-angels-milwaukee-2026-08-02/1154154
824162,2026-08-01,Houston Astros,Texas Rangers,102,-127,2.02,1.79,2026-08-01 23:10:00+00:00,0.0,/baseball-odds/usa-mlb/houston-texas-2026-08-02/1154148
824326,2026-08-01,Colorado Rockies,Kansas City Royals,-135,104,1.74,2.04,2026-08-02 00:10:00+00:00,0.0,/baseball-odds/usa-mlb/colorado-kansas-city-2026-08-02/1154152
824405,2026-08-01,Cleveland Guardians,Arizona Diamondbacks,-192,142,1.52,2.42,2026-08-01 23:15:00+00:00,0.0,/baseball-odds/usa-mlb/cleveland-arizona-2026-08-02/1154150
824485,2026-08-01,Cincinnati Reds,Pittsburgh Pirates,-102,-120,1.98,1.83,2026-08-01 22:40:00+00:00,0.0,/baseball-odds/usa-mlb/cincinnati-pittsburgh-2026-08-02/1154146
824649,2026-08-01,Chicago Cubs,New York Yankees,-127,102,1.79,2.02,2026-08-01 23:15:00+00:00,0.0,/baseball-odds/usa-mlb/cubs-ny-yankees-2026-08-02/1154149
824808,2026-08-01,Baltimore Orioles,Philadelphia Phillies,119,-154,2.19,1.65,2026-08-01 23:05:00+00:00,0.0,/baseball-odds/usa-mlb/baltimore-philadelphia-2026-08-02/1154147
824890,2026-08-01,Atlanta Braves,Washington Nationals,-182,133,1.55,2.33,2026-08-01 23:15:00+00:00,0.0,/baseball-odds/usa-mlb/atlanta-washington-2026-08-02/1154151
824972,2026-08-01,Athletics,Detroit Tigers,159,-200,2.59,1.5,2026-08-02 01:40:00+00:00,0.0,/baseball-odds/usa-mlb/athletics-detroit-2026-08-02/1154155
822943,2026-08-02,Tampa Bay Rays,Chicago White Sox,-149,114,1.67,2.14,2026-08-02 17:40:00+00:00,0.0,/baseball-odds/usa-mlb/tampa-bay-white-sox-2026-08-02/1154159
823107,2026-08-02,Seattle Mariners,Minnesota Twins,-145,111,1.69,2.11,2026-08-02 20:10:00+00:00,0.0,/baseball-odds/usa-mlb/seattle-minnesota-2026-08-02/1154164
823270,2026-08-02,San Diego Padres,San Francisco Giants,-132,101,1.76,2.01,2026-08-02 20:10:00+00:00,0.0,/baseball-odds/usa-mlb/san-diego-san-francisco-2026-08-02/1154165
823919,2026-08-02,Los Angeles Dodgers,Boston Red Sox,-185,148,1.54,2.48,2026-08-02 23:20:00+00:00,0.0,/baseball-odds/usa-mlb/la-dodgers-boston-2026-08-03/1154166
823996,2026-08-02,Los Angeles Angels,Milwaukee Brewers,172,-238,2.72,1.42,2026-08-02 19:15:00+00:00,0.0,/baseball-odds/usa-mlb/la-angels-milwaukee-2026-08-02/1154162
824323,2026-08-02,Colorado Rockies,Kansas City Royals,-133,105,1.75,2.05,2026-08-02 19:10:00+00:00,0.0,/baseball-odds/usa-mlb/colorado-kansas-city-2026-08-02/1154161
824404,2026-08-02,Cleveland Guardians,Arizona Diamondbacks,-175,149,1.57,2.49,2026-08-02 17:40:00+00:00,0.0,/baseball-odds/usa-mlb/cleveland-arizona-2026-08-02/1154158
824648,2026-08-02,Chicago Cubs,New York Yankees,-104,-120,1.96,1.83,2026-08-02 18:20:00+00:00,0.0,/baseball-odds/usa-mlb/cubs-ny-yankees-2026-08-02/1154160
824807,2026-08-02,Baltimore Orioles,Philadelphia Phillies,114,-152,2.14,1.66,2026-08-02 17:35:00+00:00,0.0,/baseball-odds/usa-mlb/baltimore-philadelphia-2026-08-02/1154157
824891,2026-08-02,Atlanta Braves,Washington Nationals,-128,111,1.78,2.11,2026-08-02 17:35:00+00:00,0.0,/baseball-odds/usa-mlb/atlanta-washington-2026-08-02/1154156
824971,2026-08-02,Athletics,Detroit Tigers,101,-125,2.01,1.8,2026-08-02 20:05:00+00:00,0.0,/baseball-odds/usa-mlb/athletics-detroit-2026-08-02/1154163
822867,2026-08-03,Texas Rangers,San Francisco Giants,-139,106,1.72,2.06,2026-08-04 00:05:00+00:00,0.0,/baseball-odds/usa-mlb/texas-san-francisco-2026-08-04/1154170
823431,2026-08-03,Philadelphia Phillies,Washington Nationals,-164,132,1.61,2.32,2026-08-03 22:40:00+00:00,0.0,/baseball-odds/usa-mlb/philadelphia-washington-2026-08-04/1154167
823520,2026-08-03,New York Yankees,St. Louis Cardinals,-250,195,1.4,2.95,2026-08-03 23:05:00+00:00,0.0,/baseball-odds/usa-mlb/ny-yankees-st-louis-2026-08-04/1154168
823757,2026-08-03,Milwaukee Brewers,Pittsburgh Pirates,-164,124,1.61,2.24,2026-08-03 23:40:00+00:00,0.0,/baseball-odds/usa-mlb/milwaukee-pittsburgh-2026-08-04/1154169
824324,2026-08-03,Colorado Rockies,Tampa Bay Rays,140,-189,2.4,1.53,2026-08-04 00:40:00+00:00,0.0,/baseball-odds/usa-mlb/colorado-tampa-bay-2026-08-04/1154172
824647,2026-08-03,Chicago Cubs,Los Angeles Dodgers,103,-128,2.03,1.78,2026-08-04 00:05:00+00:00,0.0,/baseball-odds/usa-mlb/cubs-la-dodgers-2026-08-04/1154171
825095,2026-08-03,Arizona Diamondbacks,San Diego Padres,-115,-114,1.87,1.88,2026-08-04 01:40:00+00:00,0.0,/baseball-odds/usa-mlb/arizona-san-diego-2026-08-04/1154173
823432,2026-08-04,Philadelphia Phillies,Washington Nationals,-345,252,1.29,3.52,2026-08-04 22:40:00+00:00,0.0,/baseball-odds/usa-mlb/philadelphia-washington-2026-08-05/1154174
823517,2026-08-04,New York Yankees,St. Louis Cardinals,-200,159,1.5,2.59,2026-08-04 23:05:00+00:00,0.0,/baseball-odds/usa-mlb/ny-yankees-st-louis-2026-08-05/1154176
823756,2026-08-04,Milwaukee Brewers,Pittsburgh Pirates,-159,120,1.63,2.2,2026-08-04 23:40:00+00:00,0.0,/baseball-odds/usa-mlb/milwaukee-pittsburgh-2026-08-05/1154180
824084,2026-08-04,Kansas City Royals,Minnesota Twins,113,-152,2.13,1.66,2026-08-04 23:40:00+00:00,0.0,/baseball-odds/usa-mlb/kansas-city-minnesota-2026-08-05/1154179
824161,2026-08-04,Houston Astros,Toronto Blue Jays,-147,119,1.68,2.19,2026-08-05 00:10:00+00:00,0.0,/baseball-odds/usa-mlb/houston-toronto-2026-08-05/1154182
824321,2026-08-04,Colorado Rockies,Tampa Bay Rays,143,-185,2.43,1.54,2026-08-05 00:40:00+00:00,0.0,/baseball-odds/usa-mlb/colorado-tampa-bay-2026-08-05/1154183
824484,2026-08-04,Cincinnati Reds,Athletics,-137,111,1.73,2.11,2026-08-04 22:40:00+00:00,0.0,/baseball-odds/usa-mlb/cincinnati-athletics-2026-08-05/1154175
824645,2026-08-04,Chicago Cubs,Los Angeles Dodgers,147,-222,2.47,1.45,2026-08-05 00:05:00+00:00,0.0,/baseball-odds/usa-mlb/cubs-la-dodgers-2026-08-05/1154181
824731,2026-08-04,Boston Red Sox,Chicago White Sox,-149,121,1.67,2.21,2026-08-04 23:10:00+00:00,0.0,/baseball-odds/usa-mlb/boston-white-sox-2026-08-05/1154177
824888,2026-08-04,Atlanta Braves,Miami Marlins,-154,124,1.65,2.24,2026-08-04 23:15:00+00:00,0.0,/baseball-odds/usa-mlb/atlanta-miami-2026-08-05/1154178
822866,2026-08-05,Texas Rangers,San Francisco Giants,-169,128,1.59,2.28,2026-08-05 18:35:00+00:00,0.0,/baseball-odds/usa-mlb/texas-san-francisco-2026-08-05/1154185
823106,2026-08-05,Seattle Mariners,Detroit Tigers,-156,128,1.64,2.28,2026-08-06 01:40:00+00:00,0.0,/baseball-odds/usa-mlb/seattle-detroit-2026-08-06/1154193
823429,2026-08-05,Philadelphia Phillies,Washington Nationals,-217,158,1.46,2.58,2026-08-05 22:40:00+00:00,0.0,/baseball-odds/usa-mlb/philadelphia-washington-2026-08-06/1154188
823753,2026-08-05,Milwaukee Brewers,Pittsburgh Pirates,-139,106,1.72,2.06,2026-08-05 23:40:00+00:00,0.0,/baseball-odds/usa-mlb/milwaukee-pittsburgh-2026-08-06/1154191
824082,2026-08-05,Kansas City Royals,Minnesota Twins,-130,-104,1.77,1.96,2026-08-05 23:40:00+00:00,0.0,/baseball-odds/usa-mlb/kansas-city-minnesota-2026-08-06/1154190
824158,2026-08-05,Houston Astros,Toronto Blue Jays,-233,183,1.43,2.83,2026-08-05 18:10:00+00:00,0.0,/baseball-odds/usa-mlb/houston-toronto-2026-08-05/1154184
824322,2026-08-05,Colorado Rockies,Tampa Bay Rays,132,-164,2.32,1.61,2026-08-05 19:10:00+00:00,0.0,/baseball-odds/usa-mlb/colorado-tampa-bay-2026-08-05/1154186
824482,2026-08-05,Cincinnati Reds,Athletics,-172,138,1.58,2.38,2026-08-05 22:40:00+00:00,0.0,/baseball-odds/usa-mlb/cincinnati-athletics-2026-08-06/1154187
824889,2026-08-05,Atlanta Braves,Miami Marlins,-132,106,1.76,2.06,2026-08-05 23:15:00+00:00,0.0,/baseball-odds/usa-mlb/atlanta-miami-2026-08-06/1154189
825052,2026-08-05,Arizona Diamondbacks,San Diego Padres,115,-147,2.15,1.68,2026-08-06 01:40:00+00:00,0.0,/baseball-odds/usa-mlb/arizona-san-diego-2026-08-06/1154192
823105,2026-08-06,Seattle Mariners,Detroit Tigers,-130,-102,1.77,1.98,2026-08-06 20:10:00+00:00,0.0,/baseball-odds/usa-mlb/seattle-detroit-2026-08-06/1154197
823754,2026-08-06,Milwaukee Brewers,Pittsburgh Pirates,-127,102,1.79,2.02,2026-08-06 18:10:00+00:00,0.0,/baseball-odds/usa-mlb/milwaukee-pittsburgh-2026-08-06/1154196
824080,2026-08-06,Kansas City Royals,Minnesota Twins,-139,106,1.72,2.06,2026-08-06 23:40:00+00:00,0.0,/baseball-odds/usa-mlb/kansas-city-minnesota-2026-08-07/1154198
824401,2026-08-06,Cleveland Guardians,New York Mets,-127,101,1.79,2.01,2026-08-06 17:10:00+00:00,0.0,/baseball-odds/usa-mlb/cleveland-ny-mets-2026-08-06/1154195
824481,2026-08-06,Cincinnati Reds,Athletics,-175,140,1.57,2.4,2026-08-06 16:40:00+00:00,0.0,/baseball-odds/usa-mlb/cincinnati-athletics-2026-08-06/1154194
822699,2026-08-07,Washington Nationals,Cincinnati Reds,-127,102,1.79,2.02,2026-08-07 22:45:00+00:00,0.0,/baseball-odds/usa-mlb/washington-cincinnati-2026-08-08/1154201
822863,2026-08-07,Texas Rangers,Baltimore Orioles,-154,114,1.65,2.14,2026-08-08 00:15:00+00:00,0.0,/baseball-odds/usa-mlb/texas-baltimore-2026-08-08/1156368
823024,2026-08-07,St. Louis Cardinals,Colorado Rockies,-185,143,1.54,2.43,2026-08-08 00:15:00+00:00,0.0,/baseball-odds/usa-mlb/st-louis-colorado-2026-08-08/1154208
823191,2026-08-07,San Francisco Giants,Detroit Tigers,117,-145,2.17,1.69,2026-08-08 02:15:00+00:00,0.0,/baseball-odds/usa-mlb/san-francisco-detroit-2026-08-08/1154210
823349,2026-08-07,Pittsburgh Pirates,New York Mets,-143,115,1.7,2.15,2026-08-07 22:40:00+00:00,0.0,/baseball-odds/usa-mlb/pittsburgh-ny-mets-2026-08-08/1154200
823428,2026-08-07,Philadelphia Phillies,Toronto Blue Jays,-227,163,1.44,2.63,2026-08-07 22:40:00+00:00,0.0,/baseball-odds/usa-mlb/philadelphia-toronto-2026-08-08/1154199
823515,2026-08-07,New York Yankees,Atlanta Braves,-133,106,1.75,2.06,2026-08-07 23:05:00+00:00,0.0,/baseball-odds/usa-mlb/ny-yankees-atlanta-2026-08-08/1154202
823750,2026-08-07,Milwaukee Brewers,Minnesota Twins,-179,143,1.56,2.43,2026-08-07 23:40:00+00:00,0.0,/baseball-odds/usa-mlb/milwaukee-minnesota-2026-08-08/1154205
823836,2026-08-07,Miami Marlins,Los Angeles Angels,-156,119,1.64,2.19,2026-08-07 23:10:00+00:00,0.0,/baseball-odds/usa-mlb/miami-la-angels-2026-08-08/1154204
824081,2026-08-07,Kansas City Royals,Chicago Cubs,138,-189,2.38,1.53,2026-08-08 00:10:00+00:00,0.0,/baseball-odds/usa-mlb/kansas-city-cubs-2026-08-08/1154207
824727,2026-08-07,Boston Red Sox,Athletics,-286,220,1.35,3.2,2026-08-07 23:10:00+00:00,0.0,/baseball-odds/usa-mlb/boston-athletics-2026-08-08/1154203
825051,2026-08-07,Arizona Diamondbacks,Los Angeles Dodgers,140,-175,2.4,1.57,2026-08-08 01:40:00+00:00,0.0,/baseball-odds/usa-mlb/arizona-la-dodgers-2026-08-08/1154209
