game_pk,date,side,pitcher_name,pitcher_id,expected_ks,p_over_5_5,p_over_6_5,actual
822835,2026-04-01,away,Kyle Freeland,607536,3.7580562084795366,0.1782895925832634,0.08701622836769136,6.0
822835,2026-04-01,home,Kevin Gausman,592332,7.025770031083451,0.7025708625588121,0.5541216392844415,10.0
823078,2026-04-01,away,Freddy Peralta,642547,5.705775511863906,0.5059837415291493,0.3465542105761905,7.0
823078,2026-04-01,home,Matthew Liberatore,669461,4.867735328680116,0.3608449191474679,0.21874342320456927,2.0
823157,2026-04-01,away,Cam Schlittler,693645,6.476683253512409,0.6275606884495317,0.46980114011451374,7.0
823157,2026-04-01,home,George Kirby,669923,7.549829072374213,0.7639683741530079,0.6286237176598886,6.0
823321,2026-04-01,away,Adrian Houser,605288,4.619651777160678,0.3176337785397692,0.18457802154771047,4.0
823321,2026-04-01,home,Nick Pivetta,601713,5.714561506732678,0.5074559165870548,0.34795527165586143,8.0
823483,2026-04-01,away,Cade Cavalli,676917,4.514328488837831,0.2995191846652308,0.17078956162841344,3.0
823483,2026-04-01,home,Cristopher Sánchez,650911,6.874110381290796,0.6829253603798909,0.5313675555438632,7.0
823806,2026-04-01,away,Drew Rasmussen,656876,4.020615811698193,0.21809997552831573,0.11283310785980812,8.0
823806,2026-04-01,home,Jacob Misiorowski,694819,5.4768711028957995,0.46711289267009826,0.3103339520376041,7.0
823889,2026-04-01,away,Shane Smith,681343,5.097202817918954,0.40108994936524517,0.25216346625947333,1.0
823889,2026-04-01,home,Sandy Alcantara,645261,6.283036348564241,0.5986475355480274,0.43906075224884633,7.0
823970,2026-04-01,away,Gavin Williams,668909,6.1156396323035915,0.5727112975468215,0.41226478691654084,10.0
823970,2026-04-01,home,Yoshinobu Yamamoto,808967,7.4306299746574345,0.7508883813859992,0.6122958844015159,2.0
824211,2026-04-01,away,Garrett Crochet,676979,6.577498328436789,0.6421237091676921,0.4856430189264267,7.0
824211,2026-04-01,home,Mike Burrows,681347,5.861719748448955,0.5318615429480286,0.37149813870257786,6.0
824536,2026-04-01,away,Paul Skenes,694973,5.767044604050787,0.5162157456458151,0.3563366373172952,5.0
824536,2026-04-01,home,Andrew Abbott,671096,5.486264179339499,0.46872552612956847,0.3118072450953986,5.0
824698,2026-04-01,away,Yusei Kikuchi,579328,4.069338772863498,0.22579855891780734,0.11802326695590273,5.0
824698,2026-04-01,home,Matthew Boyd,571510,5.04759888886033,0.39239076926481903,0.2448091824071481,10.0
824860,2026-04-01,away,Nathan Eovaldi,543135,6.092392461197419,0.5690441724915075,0.4085340935311037,5.0
824860,2026-04-01,home,Trevor Rogers,669432,5.7711024849666135,0.5168905402222468,0.3569854605532005,3.0
824940,2026-04-01,away,Luis Severino,622663,4.335839934335899,0.26931203754019445,0.14850962939313736,7.0
824940,2026-04-01,home,Chris Sale,519242,7.411722799926208,0.7487659517113501,0.6096707336753244,3.0
825106,2026-04-01,away,Tarik Skubal,669373,5.6189525801714675,0.4913522273417739,0.33274622976854246,3.0
825106,2026-04-01,home,Zac Gallen,668678,6.077217492143067,0.5666421214624344,0.40609809289143284,2.0
823242,2026-04-02,away,David Peterson,656849,4.373819553485967,0.2756791192865739,0.1531309077864646,5.0
823242,2026-04-02,home,Robbie Ray,592662,5.883312442621337,0.5354002474155778,0.37496165178843605,7.0
824133,2026-04-02,away,Taj Bradley,671737,5.403899451960412,0.4545417065159008,0.29893534460721183,3.0
824133,2026-04-02,home,Cole Ragans,666142,6.476517729433346,0.6275364969036427,0.4697750269515167,8.0
825105,2026-04-02,away,Reynaldo López,625643,4.443581569369996,0.28746319141590343,0.1617897555263655,3.0
825105,2026-04-02,home,Ryne Nelson,669194,4.472522648228394,0.2923829994013614,0.16544522254476204,3.0
822758,2026-04-03,away,Emmet Sheehan,686218,5.56353849102909,0.48193926272886567,0.32397457282283765,2.0
822758,2026-04-03,home,Miles Mikolas,571945,4.684209938435277,0.3288181416257373,0.1932495506212691,4.0
822919,2026-04-03,away,Brady Singer,663903,5.042328072774574,0.3914660990873105,0.24403169453077306,5.0
822919,2026-04-03,home,MacKenzie Gore,669022,5.583279334200205,0.48529885980379706,0.3270953056654116,9.0
823240,2026-04-03,away,Nolan McLean,690997,5.870717515974254,0.5333375151711848,0.3729412010835286,4.0
823240,2026-04-03,home,Tyler Mahle,641816,5.010015940346806,0.3857968100043123,0.23928255794433914,4.0
823406,2026-04-03,away,Kyle Bradish,680694,5.7410998764299075,0.5118927881360578,0.35219087431324464,6.0
823406,2026-04-03,home,Mitch Keller,656605,5.025044730688988,0.3884337865379386,0.24148774287402755,4.0
823568,2026-04-03,away,Eury Pérez,691587,6.721647810213786,0.6623403212142478,0.5080468783057306,4.0
823568,2026-04-03,home,Will Warren,701542,4.561194993657595,0.30755732608634406,0.17686878171016404,6.0
823732,2026-04-03,away,Joe Boyle,671212,5.8723647991818275,0.5336075188252069,0.37320542400989937,9.0
823732,2026-04-03,home,Bailey Ober,641927,4.862259020113558,0.3598857878007234,0.217965727978185,4.0
824056,2026-04-03,away,Bryan Woo,693433,6.399817702397471,0.6162292348178482,0.4576422250324348,6.0
824056,2026-04-03,home,Reid Detmers,672282,6.499019779883377,0.6308168068470139,0.4733220037207735,4.0
824299,2026-04-03,away,Michael McGreevy,700241,5.016684330079459,0.3869668735632932,0.24026021432601902,4.0
824299,2026-04-03,home,Framber Valdez,664285,5.130301807473088,0.40689029325212983,0.2571070512907688,5.0
824377,2026-04-03,away,Aaron Nola,605400,5.883338588443357,0.5354045254043208,0.3749658465884899,9.0
824377,2026-04-03,home,Michael Lorenzen,547179,4.959619070533963,0.3769541963555652,0.23193608777434702,2.0
824458,2026-04-03,away,Cade Horton,690990,4.1568844843028785,0.23984511598981098,0.12765276558440067,0.0
824458,2026-04-03,home,Joey Cantillo,676282,4.9827026817289415,0.38100426054800335,0.23529167472480847,6.0
824621,2026-04-03,away,Dylan Cease,656302,6.781177895014487,0.6704765756239701,0.5172019765211855,6.0
824621,2026-04-03,home,Grant Taylor,691799,1.8919067674636527,0.012971047987364535,0.0033677320155102684,1.0
824786,2026-04-03,away,Michael King,650633,4.638652762253233,0.3209199137957163,0.1871133596142375,5.0
824786,2026-04-03,home,Sonny Gray,543243,6.260724256374286,0.5952395003207962,0.43549829219212344,3.0
825026,2026-04-03,away,Cristian Javier,664299,4.916565601267325,0.36940275569830305,0.22572113346394726,2.0
825026,2026-04-03,home,Jeffrey Springs,605488,4.3313868474940245,0.26856787762630374,0.14797214580031812,7.0
825103,2026-04-03,away,Grant Holmes,656550,3.944676269935011,0.20628377120005684,0.10498957286494061,4.0
825103,2026-04-03,home,Eduardo Rodriguez,593958,4.780373004922147,0.3455652406955505,0.20645836468898685,3.0
822757,2026-04-04,away,Tyler Glasnow,607192,5.537951254836525,0.4775747195982669,0.3199368325264281,9.0
822757,2026-04-04,home,Jake Irvin,663623,5.305188888572426,0.43742910845656463,0.2836638042066453,4.0
822920,2026-04-04,away,Rhett Lowder,695076,4.482340726940801,0.2940558833718536,0.1666935934226815,4.0
822920,2026-04-04,home,Kumar Rocker,677958,4.713216866434382,0.3338599528761279,0.19719789208179325,3.0
823239,2026-04-04,away,Clay Holmes,605280,4.307390972538693,0.2645667943915815,0.14509176833302734,4.0
823239,2026-04-04,home,Landen Roupp,694738,5.881496938465463,0.5351031529285623,0.3746703801231503,7.0
823404,2026-04-04,away,Shane Baz,669358,5.166903457940426,0.4132987289374044,0.2626061293229656,5.0
823404,2026-04-04,home,Carmen Mlodzinski,669387,5.351810632447294,0.44552541981324595,0.29085398799368306,5.0
823569,2026-04-04,away,Max Meyer,676974,4.7900479188796,0.3472548263689612,0.20780586862769557,6.0
823569,2026-04-04,home,Ryan Weathers,677960,4.974633767447624,0.37958849476584194,0.2341169033671384,4.0
823730,2026-04-04,away,Steven Matz,571927,5.153613347467221,0.41097260823292553,0.2606055655150159,8.0
823730,2026-04-04,home,Mick Abel,690953,3.965168317192213,0.20944962642203133,0.10707636297664629,3.0
824054,2026-04-04,away,Emerson Hancock,676106,5.2918152900945525,0.4351025080603952,0.28160922168888186,5.0
824054,2026-04-04,home,Jack Kochanowicz,686799,4.91506669017582,0.3691399341611628,0.22550580307118742,7.0
824132,2026-04-04,away,Chad Patrick,694477,4.588771235534563,0.312304205739061,0.18048826874420557,3.0
824134,2026-04-04,away,Logan Henderson,701656,4.826135574251335,0.35356306883866223,0.2128609746078585,3.0
824134,2026-04-04,home,Seth Lugo,607625,4.535089405879385,0.3030751750834218,0.17347120080817624,7.0
824295,2026-04-04,away,Dustin May,669160,5.2033660140325075,0.41967528594983516,0.2681166763293464,4.0
824295,2026-04-04,home,Jack Flaherty,656427,5.16424948048725,0.41283429004780264,0.26220628022450326,6.0
824378,2026-04-04,away,Jesús Luzardo,666200,7.042355547704876,0.7046684700234447,0.5565807540692977,11.0
824378,2026-04-04,home,Brennan Bernardino,657514,1.990810565163088,0.01623424822814405,0.0044242704133139335,0.0
824622,2026-04-04,home,Grant Taylor,691799,1.6437862911297696,0.006849337478736391,0.0015545039164325436,1.0
824782,2026-04-04,away,Randy Vásquez,681190,5.207996225743332,0.4204843981579325,0.26881867301075446,3.0
824782,2026-04-04,home,Connelly Early,813349,6.018619979177742,0.5573064983454883,0.39668798837068225,4.0
825027,2026-04-04,away,Tatsuya Imai,837227,6.061152857987635,0.5640921964142716,0.4035187666182451,9.0
825027,2026-04-04,home,Luis Morales,806960,4.47094856431968,0.29211497328531094,0.16524546555591305,0.0
825104,2026-04-04,away,Bryce Elder,693821,5.709461039016952,0.5066014816557088,0.34714184803437964,8.0
825104,2026-04-04,home,Michael Soroka,647336,5.490225737698639,0.4694052581078109,0.3124290010160064,3.0
822756,2026-04-05,away,Roki Sasaki,808963,4.377878222842796,0.2763616259708928,0.15362866549469412,5.0
822756,2026-04-05,home,Foster Griffin,656492,4.676115064151164,0.3274128562992722,0.1921533899191104,6.0
822917,2026-04-05,away,Chase Burns,695505,5.506448586798689,0.4721862804807322,0.3149774998716885,9.0
822917,2026-04-05,home,Jack Leiter,683004,6.337785808538414,0.6069442409398687,0.4477866174606077,9.0
823238,2026-04-05,away,Kodai Senga,673540,5.359339883513905,0.44683070139342534,0.29201907688136675,7.0
823238,2026-04-05,home,Logan Webb,657277,6.181211304929083,0.5829706452848591,0.4227778116408711,3.0
823405,2026-04-05,away,Chris Bassitt,605135,4.999657190822503,0.3839791933424646,0.237766412225051,0.0
823405,2026-04-05,home,Braxton Ashcraft,677952,4.936929178313808,0.3729739505656497,0.22865352960163035,8.0
823566,2026-04-05,home,Max Fried,608331,6.560293392674652,0.639662785437052,0.48294876272495557,4.0
823729,2026-04-05,away,Nick Martinez,607259,5.324558950562073,0.44079571996867495,0.2866459891211365,4.0
823729,2026-04-05,home,Simeon Woods Richardson,680573,5.724550332139642,0.5091276726465767,0.34954888840875575,4.0
824053,2026-04-05,away,Luis Castillo,622491,6.229038627093683,0.5903733791187012,0.4304335807202512,4.0
824131,2026-04-05,away,Kyle Harrison,690986,4.724334027402609,0.33579468378858585,0.19871948573406864,6.0
824131,2026-04-05,home,Kris Bubic,663460,4.5352035835457265,0.30309475304266714,0.17348599896038405,8.0
824296,2026-04-05,away,Kyle Leahy,681517,4.075019369814398,0.22670183814396472,0.11863631950819728,4.0
824296,2026-04-05,home,Keider Montero,672456,4.414809399605441,0.28258973728213194,0.15819216813117834,3.0
824379,2026-04-05,away,Taijuan Walker,592836,4.640693960237174,0.32127322414798937,0.1873865670541078,4.0
824379,2026-04-05,home,Tomoyuki Sugano,608372,4.211441873575648,0.24872777694339357,0.13384725433470077,5.0
824459,2026-04-05,away,Edward Cabrera,665795,5.413169561438085,0.45614275577154917,0.3003785661538875,4.0
824459,2026-04-05,home,Slade Cecconi,677944,4.8031210231372725,0.3495389895658545,0.20963189914420968,6.0
824460,2026-04-05,away,Shota Imanaga,684007,5.113670311587509,0.40397628488743836,0.25461946652049855,4.0
824460,2026-04-05,home,Parker Messick,800048,5.796066383616692,0.521033743882024,0.36097921706037417,6.0
824620,2026-04-05,away,Eric Lauer,641778,5.772360467710681,0.5170996589325633,0.35718662339302354,0.0
824620,2026-04-05,home,Davis Martin,663436,4.484116226198905,0.294358611104417,0.1669197930227551,6.0
824781,2026-04-05,away,Walker Buehler,621111,4.7020406684841065,0.33191626653900624,0.19567286625311572,4.0
824781,2026-04-05,home,Ranger Suarez,624133,5.448320987375917,0.46220331235984663,0.30586411441335437,2.0
825025,2026-04-05,away,Lance McCullers Jr.,621121,5.573271996339032,0.48359661284858446,0.32551270544977,4.0
825025,2026-04-05,home,Jacob Lopez,682052,5.4784277358633,0.4673802322244596,0.31057801742927355,6.0
825102,2026-04-05,away,Martín Pérez,527048,3.768424911858091,0.17980314694173305,0.08796554063573502,1.0
825102,2026-04-05,home,Brandon Pfaadt,694297,4.50897702596009,0.29860384225373826,0.1701012770698759,2.0
822755,2026-04-06,away,Andre Pallante,669467,4.392823271802532,0.2788781620845987,0.15546798217669364,2.0
822755,2026-04-06,home,Zack Littell,641793,4.217851859843581,0.2497775217945292,0.13458463842094157,6.0
822832,2026-04-06,away,Justin Wrobleski,680736,3.816907790053494,0.18694787655629794,0.09248187748802315,2.0
822832,2026-04-06,home,Max Scherzer,453286,5.319941958867202,0.4399936166456882,0.2859344900062659,2.0
822918,2026-04-06,away,Logan Gilbert,669302,5.368040516239833,0.44833823405493667,0.293366733134317,5.0
822918,2026-04-06,home,Jacob deGrom,594798,6.518903218630838,0.6337012517069313,0.47645112347230645,6.0
823002,2026-04-06,away,Jameson Taillon,592791,4.377552947616974,0.27630691307131033,0.15358874590914687,4.0
823002,2026-04-06,home,Shane McClanahan,663556,5.404661383387217,0.45467334256933944,0.29905391096477546,5.0
823237,2026-04-06,away,Andrew Painter,691725,5.4408293339071525,0.46091308184556423,0.3046933216605505,1.0
823237,2026-04-06,home,Adrian Houser,605288,5.465434723865548,0.4651476795176686,0.30854195540097196,3.0
823401,2026-04-06,away,Germán Márquez,608566,4.090687568155392,0.22919927744931815,0.12033576787626629,4.0
823401,2026-04-06,home,Bubba Chandler,696149,5.096454602354085,0.4009587834184088,0.25205204453222124,4.0
823728,2026-04-06,away,Casey Mize,663554,6.456443174347149,0.624595820387058,0.4666057261491621,4.0
823728,2026-04-06,home,Joe Ryan,657746,6.049007881308562,0.5621596642809037,0.4015684944106796,7.0
823886,2026-04-06,away,Brandon Williamson,682227,3.7635227260821376,0.17908691572341795,0.08751598922131769,4.0
823886,2026-04-06,home,Janson Junk,676083,5.305370011882087,0.43746060630097644,0.2836916550177585,3.0
824052,2026-04-06,away,Chris Sale,519242,5.991046285997021,0.5528811140251189,0.392259047125283,7.0
824052,2026-04-06,home,José Soriano,667755,4.833157974374265,0.3547916165746485,0.2138498832392382,10.0
824376,2026-04-06,home,Ryan Feltner,663372,3.9161214089896093,0.2019012128460009,0.10211869231370065,1.0
824456,2026-04-06,away,Michael Wacha,608379,4.446782703561087,0.28800650719631304,0.16219227846960632,3.0
824456,2026-04-06,home,Tanner Bibee,676440,6.255107940993008,0.5943792191005031,0.4346010309849044,3.0
824619,2026-04-06,away,Brandon Young,687064,4.1507709534234465,0.23885572343134978,0.1269678044407478,2.0
824619,2026-04-06,home,Grant Taylor,691799,1.8651590059161238,0.012174189606832813,0.0031182314133299037,1.0
824783,2026-04-06,away,Brandon Woodruff,605540,5.750792510575852,0.5135095103086539,0.35373914047497956,4.0
824783,2026-04-06,home,Brayan Bello,678394,4.715094613988169,0.33418664882591576,0.19745457468059582,5.0
822754,2026-04-07,away,Matthew Liberatore,669461,4.495663274211999,0.2963289149288717,0.16839420126166896,6.0
822754,2026-04-07,home,Cade Cavalli,676917,4.662658411517381,0.32507850940810634,0.19033672810090146,3.0
822831,2026-04-07,away,Yoshinobu Yamamoto,808967,5.538556993707241,0.4776781707640044,0.3200323223339278,6.0
822831,2026-04-07,home,Kevin Gausman,592332,6.676078605154089,0.6560276283811629,0.5009989468505215,5.0
822916,2026-04-07,away,George Kirby,669923,6.571572060548712,0.6412771819759574,0.4847154318894581,4.0
822916,2026-04-07,home,Nathan Eovaldi,543135,6.553259340340585,0.6386537547901018,0.48184609817308877,7.0
822999,2026-04-07,away,Javier Assad,665871,3.66032135791618,0.16428273238503305,0.07835656689652545,3.0
822999,2026-04-07,home,Mason Englert,669438,3.243574980917481,0.11043534758035684,0.04731862508608213,2.0
823235,2026-04-07,away,Cristopher Sánchez,650911,5.666303876022903,0.49935037946847344,0.3402679678973784,6.0
823235,2026-04-07,home,Robbie Ray,592662,6.031282449959634,0.5593318549555368,0.39872176673134146,7.0
823402,2026-04-07,away,Nick Pivetta,601713,5.647481260572429,0.4961762090774482,0.3372753128951868,8.0
823402,2026-04-07,home,Paul Skenes,694973,5.891326267589223,0.5367106843620201,0.3762474784120079,6.0
823567,2026-04-07,away,Aaron Civale,650644,4.863230400921085,0.3600559066454347,0.218103602063628,6.0
823567,2026-04-07,home,Cam Schlittler,693645,6.697917942489232,0.6590621301807866,0.5043808931619306,7.0
823648,2026-04-07,away,Zac Gallen,668678,4.655924696191892,0.323911247949568,0.18943029280466325,5.0
823648,2026-04-07,home,Freddy Peralta,642547,6.115748972651895,0.5727285089295512,0.4122823301757565,5.0
823727,2026-04-07,away,Tarik Skubal,669373,5.579055103213378,0.4845805340925713,0.32642712303197463,7.0
823727,2026-04-07,home,Taj Bradley,671737,6.292635365756532,0.6001089686722969,0.4405922937993975,10.0
823887,2026-04-07,away,Andrew Abbott,671096,4.237925882043544,0.2530730146018821,0.13690680468335006,2.0
823887,2026-04-07,home,Sandy Alcantara,645261,6.093396389358712,0.5692028550616193,0.40869523288850845,6.0
824051,2026-04-07,away,Reynaldo López,625643,4.8436161400458735,0.3566217893437167,0.21532573070515545,7.0
824051,2026-04-07,home,Yusei Kikuchi,579328,4.508547468954804,0.2985303915992401,0.17004608181351336,8.0
824375,2026-04-07,away,Mike Burrows,681347,5.4393716001299275,0.4606619360267951,0.3044656119134877,3.0
824375,2026-04-07,home,Kyle Freeland,607536,3.9516125449376203,0.2073534481935547,0.10569344626197774,5.0
824457,2026-04-07,away,Noah Cameron,702070,5.762275710739439,0.5154222496178837,0.3555742648609966,5.0
824457,2026-04-07,home,Gavin Williams,668909,7.765574311987367,0.786334162597197,0.6571637903725446,8.0
824618,2026-04-07,away,Trevor Rogers,669432,4.959794016710428,0.37698488869055663,0.2319614586034631,6.0
824618,2026-04-07,home,Shane Smith,681343,6.222196581093267,0.589318590335323,0.42933912891886444,8.0
824780,2026-04-07,away,Jacob Misiorowski,694819,5.836105889500584,0.5276492607349093,0.3673919323678199,10.0
824780,2026-04-07,home,Garrett Crochet,676979,7.210372760915257,0.725349260387071,0.5811414756514559,7.0
822753,2026-04-08,away,Michael McGreevy,700241,4.765350468957545,0.34294326976578543,0.20437264684353723,1.0
822753,2026-04-08,home,Miles Mikolas,571945,5.297715710622557,0.4361292181292937,0.2825152531698561,3.0
822833,2026-04-08,away,Shohei Ohtani,660271,5.20546386563882,0.4200418960186927,0.26843467481504224,2.0
822833,2026-04-08,home,Dylan Cease,656302,6.96462657260653,0.6947511376512516,0.545005000691949,8.0
822915,2026-04-08,away,Bryan Woo,693433,6.543374286992528,0.6372329048272134,0.48029540267874415,2.0
822915,2026-04-08,home,MacKenzie Gore,669022,6.363472142676722,0.6108040029188071,0.4518719293154036,9.0
823000,2026-04-08,away,Colin Rea,607067,4.40587536253096,0.28108021222020474,0.1570825808481277,2.0
823000,2026-04-08,home,Joe Boyle,671212,6.1135760493917415,0.572386402366213,0.41193368581691,3.0
823234,2026-04-08,away,Aaron Nola,605400,5.796059601067713,0.5210326201079665,0.36097813148283614,3.0
823234,2026-04-08,home,Tyler Mahle,641816,5.153052932471004,0.4108745000013016,0.26052130144814034,6.0
823403,2026-04-08,away,Michael King,650633,4.737007009271917,0.3380017041131445,0.20045960034481072,4.0
823403,2026-04-08,home,Mitch Keller,656605,4.745637974598106,0.3395056946863246,0.20164808448508692,4.0
823564,2026-04-08,away,Luis Severino,622663,4.857648671588641,0.3590784374890838,0.2173117804293167,7.0
823564,2026-04-08,home,Will Warren,701542,5.638540728761841,0.494666101647905,0.33585505428154594,5.0
823646,2026-04-08,away,Ryne Nelson,669194,4.505845729191326,0.29806849566914256,0.16969910584751655,5.0
823646,2026-04-08,home,David Peterson,656849,4.587482275921797,0.31208206052429716,0.18031839700982652,6.0
823726,2026-04-08,away,Framber Valdez,664285,5.580792127064365,0.48487595128142763,0.32670185725542417,2.0
823726,2026-04-08,home,Bailey Ober,641927,4.855826953600313,0.3587594535982079,0.21705357690814536,2.0
823885,2026-04-08,away,Brady Singer,663903,4.638094032267152,0.3208232131671684,0.1870386040103791,3.0
823885,2026-04-08,home,Eury Pérez,691587,6.874148114103814,0.6829303518675853,0.5313732742324545,6.0
824050,2026-04-08,away,Grant Holmes,656550,4.623273995120069,0.31825983686928544,0.18506023911279165,6.0
824050,2026-04-08,home,Reid Detmers,672282,6.053871519567922,0.5629340666192828,0.4023495358755701,4.0
824374,2026-04-08,away,Cristian Javier,664299,4.728546719550985,0.3365281537801022,0.1992972694413053,1.0
824374,2026-04-08,home,Michael Lorenzen,547179,4.17652125663887,0.24303132105173555,0.129865430626608,4.0
824455,2026-04-08,away,Cole Ragans,666142,5.840989345729816,0.5284535663841549,0.3681745951349312,2.0
824455,2026-04-08,home,Joey Cantillo,676282,5.34823392675368,0.4449051298993673,0.2903008938577165,9.0
824617,2026-04-08,away,Kyle Bradish,680694,5.885237561882557,0.5357151911901765,0.37527052108266373,7.0
824617,2026-04-08,home,Sean Burke,680732,5.726498557660748,0.5094534873402803,0.34985979840546344,3.0
824779,2026-04-08,home,Sonny Gray,543243,6.316822888381171,0.6037786838413528,0.4444483809811009,2.0
823319,2026-04-09,away,Jimmy Herget,623474,1.8599630840252177,0.01202348218390725,0.0030714476889517326,0.0
823319,2026-04-09,home,Randy Vásquez,681190,6.161471121517371,0.5798953443027867,0.4196146928509884,8.0
823565,2026-04-09,away,Jeffrey Springs,605488,5.003490949635753,0.38465189266876965,0.2383271714762591,6.0
823565,2026-04-09,home,Ryan Weathers,677960,5.914383202640567,0.5404721094272112,0.3799479984568998,7.0
823645,2026-04-09,away,Eduardo Rodriguez,593958,4.585756438730509,0.3117846621529654,0.18009105482091972,3.0
823645,2026-04-09,home,Nolan McLean,690997,6.3941200851307665,0.6153815880981427,0.45673849683275247,8.0
823724,2026-04-09,away,Jack Flaherty,656427,5.881148276870182,0.5350460876523582,0.3746144435733224,6.0
823724,2026-04-09,home,Mick Abel,690953,5.347315232862889,0.4447457821066916,0.29015886784533457,6.0
823884,2026-04-09,away,Rhett Lowder,695076,3.8536469020268305,0.19243425102636125,0.09598887000885445,2.0
823884,2026-04-09,home,Max Meyer,676974,5.209144815171618,0.42068508683566747,0.2689928898657135,4.0
824130,2026-04-09,away,Anthony Kay,641743,4.9909611214530285,0.38245332124590026,0.23649604508103517,6.0
824130,2026-04-09,home,Seth Lugo,607625,5.881367350307128,0.5350819436449361,0.37464958996273756,4.0
822829,2026-04-10,away,Simeon Woods Richardson,680573,5.010514608294776,0.38588430903657617,0.23935562350481993,2.0
822829,2026-04-10,home,Patrick Corbin,571578,4.841435771913762,0.3562401738081918,0.2150177335150052,3.0
822997,2026-04-10,away,Luis Gil,661563,3.6271260584754383,0.15963577499964832,0.07553450229154406,2.0
822997,2026-04-10,home,Steven Matz,571927,5.8686316798403935,0.5329955343346621,0.37260664838173874,7.0
823076,2026-04-10,away,Connelly Early,813349,5.35459530915906,0.44600825126646376,0.29128477045187884,5.0
823076,2026-04-10,home,Dustin May,669160,4.7917403192134636,0.3475504545492261,0.20804192251325163,4.0
823156,2026-04-10,away,Tatsuya Imai,837227,6.066808569284982,0.5649907451135358,0.40442689687863664,0.0
823156,2026-04-10,home,Emerson Hancock,676106,4.755169999040115,0.3411675072074621,0.20296379806623327,5.0
823318,2026-04-10,away,Tomoyuki Sugano,608372,4.189126168233856,0.24508308973085868,0.13129579595840277,3.0
823318,2026-04-10,home,Walker Buehler,621111,5.079525576505889,0.39799057094590173,0.24953500546262988,4.0
823482,2026-04-10,away,Michael Soroka,647336,5.469751433956572,0.46588968481286575,0.30921811922063797,10.0
823482,2026-04-10,home,Jesús Luzardo,666200,7.124560730928448,0.7149164017722163,0.56867893710352,8.0
823643,2026-04-10,away,J.T. Ginn,669372,4.3766602285178395,0.27615676631627006,0.15347921118379962,4.0
823643,2026-04-10,home,Clay Holmes,605280,5.524085323643253,0.47520497245424215,0.3177523140015488,3.0
823808,2026-04-10,away,Jake Irvin,663623,5.3238662996615895,0.440675401042673,0.28653922186370834,5.0
823808,2026-04-10,home,Aaron Ashby,676879,4.189233158557604,0.24510052668305252,0.13130797037932382,4.0
823968,2026-04-10,away,Kumar Rocker,677958,4.425237678240787,0.2843539948498916,0.15949184514387124,5.0
823968,2026-04-10,home,Tyler Glasnow,607192,5.923202116387988,0.5419072694326761,0.381363733967181,7.0
824128,2026-04-10,away,Davis Martin,663436,4.808507382969603,0.3504804678290065,0.2103859940943593,3.0
824128,2026-04-10,home,Kris Bubic,663460,5.125858299303827,0.40611185928095567,0.25644173934269104,11.0
824297,2026-04-10,away,Chris Paddack,663978,4.370747890601388,0.27516285123628004,0.1527546960446666,4.0
824297,2026-04-10,home,Keider Montero,672456,4.550721195426581,0.3057576529179063,0.1755022421863702,7.0
824534,2026-04-10,away,Jack Kochanowicz,686799,4.494962909769413,0.29620933648540504,0.16830461083783807,2.0
824534,2026-04-10,home,Chase Burns,695505,6.865478478291053,0.6817821394751602,0.5300586070986436,2.0
824695,2026-04-10,away,Carmen Mlodzinski,669387,4.902835705408237,0.36699559846935187,0.223751396444753,2.0
824695,2026-04-10,home,Shota Imanaga,684007,5.492068865098009,0.4697214236943492,0.31271835298255785,9.0
824858,2026-04-10,away,Landen Roupp,694738,5.4608882344769105,0.4643658821944141,0.30783010791651294,4.0
824858,2026-04-10,home,Shane Baz,669358,4.816692725412487,0.3519115631385372,0.21153387570691565,4.0
824941,2026-04-10,away,Slade Cecconi,677944,4.6446549395127406,0.32195898789500227,0.1879171967034268,3.0
824941,2026-04-10,home,Bryce Elder,693821,6.330957158606066,0.6059145933662919,0.4466995892297171,3.0
822830,2026-04-11,away,Joe Ryan,657746,5.179340519619117,0.4154746407356406,0.2644821720280454,5.0
822830,2026-04-11,home,Eric Lauer,641778,5.824145578818401,0.5256770239420551,0.36547553484576706,3.0
822996,2026-04-11,away,Max Fried,608331,5.555773064578556,0.4806158491375994,0.3227482855978942,6.0
822996,2026-04-11,home,Nick Martinez,607259,5.551920092291786,0.47995882841379833,0.3221401202282629,4.0
823074,2026-04-11,away,Ranger Suarez,624133,4.108920090520285,0.23211641705251906,0.12232905418620385,6.0
823074,2026-04-11,home,Kyle Leahy,681517,4.3317460554737375,0.2686278863276558,0.14801546774659696,2.0
823155,2026-04-11,away,Lance McCullers Jr.,621121,5.542410499872568,0.4783361492271406,0.3206399088174801,4.0
823155,2026-04-11,home,Luis Castillo,622491,5.892154711822103,0.5368460628612313,0.37638041424268537,3.0
823316,2026-04-11,away,Ryan Feltner,663372,3.730989964273573,0.17436313995888217,0.08456576622296534,4.0
823316,2026-04-11,home,Germán Márquez,608566,4.859078245891857,0.3593287687266074,0.2175144804523514,5.0
823480,2026-04-11,away,Brandon Pfaadt,694297,4.76617281914264,0.3430867503544946,0.20448661255799302,6.0
823480,2026-04-11,home,Taijuan Walker,592836,4.219375583317873,0.2500272416333283,0.1347602170121846,6.0
823644,2026-04-11,away,Jacob Lopez,682052,4.947942025788581,0.3749056987689751,0.2302447864885823,5.0
823644,2026-04-11,home,Kodai Senga,673540,6.380561361555224,0.6133601944453273,0.45458660962102926,3.0
823805,2026-04-11,away,Foster Griffin,656492,5.110640283753512,0.40344527244692574,0.25416703017850156,1.0
823805,2026-04-11,home,Kyle Harrison,690986,5.708460664910957,0.5064338344487095,0.346982332811052,1.0
823967,2026-04-11,away,Jack Leiter,683004,5.888911424134853,0.5363159709356272,0.37585999358492034,4.0
823967,2026-04-11,home,Emmet Sheehan,686218,5.553332527031742,0.4801997104455744,0.3223630415454594,6.0
824129,2026-04-11,away,Erick Fedde,607200,4.19087402645099,0.24536799546143848,0.1314947551338837,4.0
824129,2026-04-11,home,Michael Wacha,608379,5.2531276797812545,0.4283626339336663,0.2756865965714399,7.0
824294,2026-04-11,away,Janson Junk,676083,4.450333918439405,0.2886094939371681,0.16263934876227412,4.0
824294,2026-04-11,home,Casey Mize,663554,6.15303031881951,0.5785768551601382,0.41826164839235525,5.0
824535,2026-04-11,away,George Klassen,691946,5.403529002538011,0.45447770264030846,0.29887770149836473,2.0
824535,2026-04-11,home,Brandon Williamson,682227,5.272676264080952,0.4317699306383636,0.2786753070924122,3.0
824697,2026-04-11,away,Braxton Ashcraft,677952,4.845442686922057,0.3569414985609017,0.21558387082336647,9.0
824697,2026-04-11,home,Edward Cabrera,665795,5.154854770845809,0.4111899303566137,0.2607922536968304,4.0
824857,2026-04-11,away,Logan Webb,657277,5.603881045960159,0.48879758032111725,0.3303570324395143,6.0
824857,2026-04-11,home,Chris Bassitt,605135,4.355588479970376,0.27261830720520186,0.15090431593218703,2.0
824939,2026-04-11,away,Parker Messick,800048,4.944735080060517,0.37434314766787175,0.22978102512114765,5.0
824939,2026-04-11,home,Martín Pérez,527048,3.957739725567907,0.20829999013017153,0.10631732419372757,2.0
822828,2026-04-12,away,Taj Bradley,671737,5.882332487470341,0.53523989469658,0.3748044306924814,7.0
822828,2026-04-12,home,Max Scherzer,453286,5.258837656640872,0.42935821894417975,0.2765587261428148,3.0
822998,2026-04-12,away,Cam Schlittler,693645,5.680155758572139,0.5016818318177334,0.3424724446576522,8.0
822998,2026-04-12,home,Drew Rasmussen,656876,5.662660536686981,0.49873652409476504,0.3396884391037132,7.0
823075,2026-04-12,away,Brayan Bello,678394,4.257965636034236,0.25637476899927036,0.13924442020869615,2.0
823075,2026-04-12,home,Andre Pallante,669467,4.514300884393584,0.2995144616977717,0.17078600813485265,2.0
823154,2026-04-12,away,Cody Bolton,675989,5.277912333934448,0.43268199683316005,0.2794772100072427,1.0
823154,2026-04-12,home,Logan Gilbert,669302,5.615012381486197,0.49068476359063934,0.3321213744182324,7.0
823317,2026-04-12,home,Nick Pivetta,601713,6.374640451498543,0.6124756147187165,0.4536463603030096,4.0
823479,2026-04-12,away,Zac Gallen,668678,5.008132933389859,0.3854664064534948,0.2390067219476599,2.0
823642,2026-04-12,away,Aaron Civale,650644,4.619205497168122,0.317556657102386,0.18451864538496193,3.0
823642,2026-04-12,home,Freddy Peralta,642547,6.723831859149939,0.6626410422614486,0.5083838231944826,6.0
823804,2026-04-12,away,Zack Littell,641793,4.494605890192718,0.29614838349092876,0.16825894907637515,3.0
823804,2026-04-12,home,Brandon Woodruff,605540,5.641409915480058,0.4951508913682873,0.33631075461848575,6.0
823966,2026-04-12,away,Jacob deGrom,594798,5.224122065334409,0.4233011401275079,0.2712673880412022,9.0
823966,2026-04-12,home,Roki Sasaki,808963,4.5791687103836445,0.310649884748423,0.1792243755941354,6.0
824126,2026-04-12,away,Grant Taylor,691799,1.4015771562981836,0.00321861555073955,0.0006263926582713794,2.0
824126,2026-04-12,home,Noah Cameron,702070,6.079807638039956,0.5670525760344618,0.4065139184302248,4.0
824293,2026-04-12,away,Sandy Alcantara,645261,5.103191273189397,0.40213968703643355,0.2530557777440684,4.0
824293,2026-04-12,home,Tarik Skubal,669373,5.885280246077431,0.5357221731644894,0.3752773695370788,7.0
824533,2026-04-12,away,José Soriano,667755,5.110519543531721,0.40342411199270384,0.2541490064797833,10.0
824533,2026-04-12,home,Andrew Abbott,671096,5.2761497507920865,0.43237500194901224,0.279207206419022,1.0
824696,2026-04-12,away,Bubba Chandler,696149,5.1996688693895745,0.41902911843093826,0.26755650106413065,4.0
824696,2026-04-12,home,Jameson Taillon,592791,5.054335812179075,0.39357257407907004,0.24580405865487628,10.0
824859,2026-04-12,away,Adrian Houser,605288,4.326226391474391,0.26770614841491,0.14735043589848487,3.0
824859,2026-04-12,home,Cade Povich,700249,4.31954868473929,0.26659208635850223,0.14654777496035792,5.0
824938,2026-04-12,away,Tanner Bibee,676440,4.81730493421945,0.35201861766093784,0.21161982262512527,4.0
824938,2026-04-12,home,Chris Sale,519242,5.574086805045604,0.4837352776159513,0.3256415176092176,6.0
823073,2026-04-13,away,Gavin Williams,668909,6.826524753272921,0.6765897043764113,0.5241340667597686,4.0
823073,2026-04-13,home,Matthew Liberatore,669461,4.395006546847362,0.27924623375867114,0.15573752811612246,2.0
823153,2026-04-13,away,Mike Burrows,681347,5.439237222187822,0.4606387832186623,0.3044446227182536,3.0
823153,2026-04-13,home,George Kirby,669923,6.146164021120064,0.5775027704751685,0.4171607838339992,6.0
823400,2026-04-13,home,Paul Skenes,694973,5.229746129783025,0.42428305858899024,0.2721227918703649,6.0
823481,2026-04-13,away,Javier Assad,665871,4.0499250078914715,0.22272044727876616,0.11594059652821097,3.0
823481,2026-04-13,home,Cristopher Sánchez,650911,6.8646858258169345,0.6816770248925994,0.5299383370581162,8.0
823563,2026-04-13,away,Yusei Kikuchi,579328,5.2985196803616,0.43626908768116457,0.28263876072775684,3.0
823563,2026-04-13,home,Will Warren,701542,5.422487427100371,0.4577509118122789,0.30183068494111526,6.0
823725,2026-04-13,away,Garrett Crochet,676979,6.270342630500571,0.5967105384727379,0.4370344315999407,0.0
823725,2026-04-13,home,Bailey Ober,641927,4.168600870265875,0.2417446779358449,0.128970664242981,7.0
823964,2026-04-13,away,David Peterson,656849,4.1994175979252075,0.2467620010315631,0.13246943150996152,7.0
823964,2026-04-13,home,Justin Wrobleski,680736,4.100359299682126,0.23074526649697713,0.12139104071538954,2.0
824856,2026-04-13,away,Ryne Nelson,669194,4.530473213716404,0.3022838326297819,0.1728733704034508,7.0
824856,2026-04-13,home,Dean Kremer,665152,3.803729180220971,0.18499491509019547,0.0912416418213261,9.0
824937,2026-04-13,away,Eury Pérez,691587,5.4193818836466825,0.4572150594008106,0.30134654812877326,2.0
824937,2026-04-13,home,Grant Holmes,656550,4.207099910547071,0.24801742094800602,0.1333489074973621,3.0
825024,2026-04-13,away,Nathan Eovaldi,543135,6.062616052568583,0.5643247463026871,0.4037537150426442,7.0
825024,2026-04-13,home,Luis Severino,622663,5.785039490921982,0.5192053632639502,0.3592146616888528,7.0
823072,2026-04-14,away,Joey Cantillo,676282,5.406396253444235,0.45497304156938095,0.2993239162274314,4.0
823072,2026-04-14,home,Michael McGreevy,700241,3.9827388098957415,0.21217765636916772,0.10888321005178091,2.0
823315,2026-04-14,away,Bryan Woo,693433,5.632980784187232,0.4937262223572769,0.3349722318567442,3.0
823315,2026-04-14,home,Michael King,650633,5.232623562565627,0.42478534280738517,0.27256071546643573,5.0
823398,2026-04-14,away,PJ Poulin,676571,1.4790600594690841,0.0041674633613923,0.0008543618807529447,1.0
823398,2026-04-14,home,Mitch Keller,656605,4.535963368355673,0.30322503860877026,0.17358448580395305,3.0
823478,2026-04-14,home,Aaron Nola,605400,6.059963692603244,0.5639031549156354,0.4033278171157388,5.0
823562,2026-04-14,away,Reid Detmers,672282,6.013417418213659,0.5564730896227923,0.3958523546803611,9.0
823562,2026-04-14,home,Ryan Weathers,677960,5.789217833855525,0.5198985024300841,0.35988320925521894,10.0
823723,2026-04-14,away,Sonny Gray,543243,4.967546411670265,0.3783449999514266,0.23308664923736674,1.0
823723,2026-04-14,home,Mick Abel,690953,5.591138584307938,0.48663447160334133,0.32833902924707237,10.0
823802,2026-04-14,away,Kevin Gausman,592332,5.857625828686371,0.5311893386100045,0.37084165581422157,5.0
823802,2026-04-14,home,Jacob Misiorowski,694819,5.93990015903204,0.5446192413849568,0.384044765704299,5.0
823965,2026-04-14,away,Nolan McLean,690997,6.208089897760945,0.5871393925904855,0.42708179240790844,8.0
823965,2026-04-14,home,Yoshinobu Yamamoto,808967,5.4178027788139085,0.45694254004719786,0.3011004362495693,7.0
824210,2026-04-14,away,Michael Lorenzen,547179,4.257668143534319,0.25632566879527313,0.13920957692904043,3.0
824292,2026-04-14,away,Cole Ragans,666142,5.729253549913257,0.5099140855145717,0.35029950660811693,1.0
824292,2026-04-14,home,Framber Valdez,664285,5.247005600697363,0.42729489107216295,0.2747523097349921,1.0
824531,2026-04-14,away,Robbie Ray,592662,5.475564152576705,0.46688840617198707,0.31012906255170974,6.0
824531,2026-04-14,home,Brady Singer,663903,5.094862849186716,0.40067973493152015,0.2518150552228847,1.0
824616,2026-04-14,away,Shane McClanahan,663556,4.81406274790847,0.35145169789803266,0.2111648048983902,4.0
824853,2026-04-14,away,Merrill Kelly,518876,3.749674194900199,0.17706982460733534,0.0862530872127438,3.0
824853,2026-04-14,home,Trevor Rogers,669432,4.826079876132228,0.3535533258457197,0.21285313781894097,6.0
824935,2026-04-14,away,Max Meyer,676974,4.055338425250328,0.2235773671934247,0.11651939341386156,5.0
824935,2026-04-14,home,Reynaldo López,625643,4.310055271657755,0.2650102906541581,0.14541025210689704,6.0
825022,2026-04-14,away,MacKenzie Gore,669022,5.727163058141064,0.5095645977621264,0.3499658501698613,5.0
825022,2026-04-14,home,Jeffrey Springs,605488,5.339449778692961,0.4433811293662515,0.2889435576573994,5.0
823071,2026-04-15,away,Slade Cecconi,677944,4.774641687712253,0.34456469987733507,0.20566168281617606,4.0
823071,2026-04-15,home,Dustin May,669160,4.036646605123173,0.22062315341433336,0.1145272688939355,4.0
823314,2026-04-15,away,Emerson Hancock,676106,4.616210400111398,0.3170391493659594,0.18412036211496036,6.0
823314,2026-04-15,home,Randy Vásquez,681190,5.371493090047675,0.44893620313201693,0.29390189221073487,6.0
823399,2026-04-15,away,Jake Irvin,663623,5.5566887896233315,0.4807719642153004,0.32289285416819713,5.0
823477,2026-04-15,away,Shota Imanaga,684007,5.184313694166712,0.4163444580481184,0.2652333791722015,11.0
823477,2026-04-15,home,Jesús Luzardo,666200,7.272789931069249,0.73276767514535,0.5900948603899167,4.0
823561,2026-04-15,away,Jack Kochanowicz,686799,4.647860049370956,0.32251404033191405,0.18834701613359095,6.0
823561,2026-04-15,home,Luis Gil,661563,4.5616193753178855,0.30763028453689617,0.1769242472436012,5.0
823722,2026-04-15,away,Connelly Early,813349,5.31690356013919,0.4394656382948778,0.2854664879974066,5.0
823722,2026-04-15,home,Simeon Woods Richardson,680573,4.5469620851849495,0.3051121904070236,0.17501289104934603,3.0
823803,2026-04-15,away,Dylan Cease,656302,6.273845594997279,0.5972455725439292,0.4375937289227866,6.0
823803,2026-04-15,home,Chad Patrick,694477,4.930269558078213,0.37180592467108303,0.22769310095603507,2.0
823963,2026-04-15,away,Clay Holmes,605280,4.748384349310481,0.33998441188118084,0.20202683046566022,4.0
823963,2026-04-15,home,Shohei Ohtani,660271,5.192083601725187,0.41770311977435054,0.266408213619386,10.0
824209,2026-04-15,away,Jose Quintana,500779,3.5264577893799567,0.14590306942663386,0.06734722814081796,1.0
824209,2026-04-15,home,Spencer Arrighetti,681293,5.0836987695803995,0.39872234773288356,0.25015477309789996,10.0
824291,2026-04-15,away,Seth Lugo,607625,4.654310383607251,0.3236314994462785,0.1892132491098424,7.0
824291,2026-04-15,home,Jack Flaherty,656427,5.409572024482254,0.4555215550225033,0.29981830823071715,7.0
824532,2026-04-15,away,Tyler Mahle,641816,4.877969076738298,0.3626376556025799,0.2201993799033068,6.0
824532,2026-04-15,home,Rhett Lowder,695076,4.051667299650004,0.2229961259395575,0.11612671620740266,4.0
824615,2026-04-15,home,Sean Burke,680732,4.6849292870686865,0.32894305931056755,0.19334708155307134,2.0
824855,2026-04-15,away,Eduardo Rodriguez,593958,4.506612121886654,0.29819950613971236,0.16979749970963856,3.0
824855,2026-04-15,home,Kyle Bradish,680694,5.993680966231169,0.5533048418587485,0.3926822356614535,4.0
824936,2026-04-15,away,Chris Paddack,663978,3.988395571281327,0.21305855778107985,0.10946835877900452,4.0
824936,2026-04-15,home,Bryce Elder,693821,5.454551409129406,0.4632757254229583,0.3068384795974291,7.0
825021,2026-04-15,away,Kumar Rocker,677958,4.560167334623888,0.30738066630440025,0.17673450021991902,6.0
825021,2026-04-15,home,J.T. Ginn,669372,5.114951582849726,0.4042008169973179,0.25481085435831097,3.0
823313,2026-04-16,away,Luis Castillo,622491,4.795496950035672,0.34820673957425013,0.20856625253971967,3.0
823313,2026-04-16,home,Walker Buehler,621111,4.524277749078421,0.30122235497023303,0.1720724190227279,7.0
823396,2026-04-16,away,Foster Griffin,656492,4.3006064547140275,0.26343831063670975,0.14428226944481,7.0
823396,2026-04-16,home,Braxton Ashcraft,677952,5.12972342556801,0.40678897459040225,0.2570204236219555,7.0
823560,2026-04-16,away,Brent Suter,608718,3.089366681540314,0.09319472774086142,0.038216675233727224,2.0
823560,2026-04-16,home,Max Fried,608331,5.5792225538058,0.48460901488553704,0.3264536060816234,3.0
823801,2026-04-16,away,Patrick Corbin,571578,4.6182633925406735,0.31739386176203327,0.18439332731047128,6.0
823801,2026-04-16,home,Brandon Sproat,687075,3.7425088050294857,0.17602980053789383,0.0856037494101178,6.0
824289,2026-04-16,away,Kris Bubic,663460,5.064026613600495,0.3952724014201568,0.24723734772047143,3.0
824289,2026-04-16,home,Keider Montero,672456,5.204630945373073,0.41989634265019266,0.2683084061179185,5.0
824453,2026-04-16,away,Shane Baz,669358,4.133070815254421,0.2359982012360559,0.1249951967217763,6.0
824453,2026-04-16,home,Parker Messick,800048,5.864478000001663,0.5323142082551499,0.3719404756043008,9.0
824530,2026-04-16,away,Landen Roupp,694738,5.201592764814556,0.41936537831811244,0.2678479616520956,6.0
824530,2026-04-16,home,Chase Burns,695505,5.412828504607226,0.45608387145444745,0.30032544269530576,4.0
824614,2026-04-16,away,Steven Matz,571927,5.1597777079236415,0.41205165355632783,0.261532950196606,4.0
824614,2026-04-16,home,Jordan Leasure,673929,1.9162944263332014,0.013728772850689625,0.0036082062527737963,0.0
825023,2026-04-16,away,Jack Leiter,683004,5.932663212177028,0.5434447437385731,0.3828827410277114,3.0
825023,2026-04-16,home,Jacob Lopez,682052,5.679941465791178,0.5016457928130281,0.34243832744121117,5.0
822752,2026-04-17,away,Logan Webb,657277,5.286807674949944,0.43423088935212245,0.2808408445651451,6.0
822752,2026-04-17,home,Zack Littell,641793,4.138637687921918,0.23689578988419505,0.125613912773595,4.0
823152,2026-04-17,away,Jacob deGrom,594798,5.776331137165473,0.5177594856169361,0.3578216346145213,3.0
823152,2026-04-17,home,Logan Gilbert,669302,6.244111013305071,0.5926919536195479,0.432843573161513,7.0
823397,2026-04-17,away,Nick Martinez,607259,4.2798925849313125,0.26000068037751495,0.1418242174609841,3.0
823397,2026-04-17,home,Bubba Chandler,696149,4.978424177988357,0.3802535513000744,0.23466851555294818,3.0
823476,2026-04-17,away,Martín Pérez,527048,3.7294830338554887,0.1741455831642236,0.08443050983795385,4.0
823476,2026-04-17,home,Taijuan Walker,592836,4.438520262685074,0.2866046007703279,0.16115424802574743,4.0
823559,2026-04-17,away,Michael Wacha,608379,5.3774018998379995,0.4499592484908228,0.2948182761038128,6.0
823559,2026-04-17,home,Cam Schlittler,693645,6.558328709106049,0.6393811223731225,0.4826408434539015,6.0
823720,2026-04-17,away,Brandon Williamson,682227,4.562733377152982,0.30782181461509733,0.1770698795769359,2.0
823720,2026-04-17,home,Joe Ryan,657746,6.20702510727774,0.5869746603141381,0.42691136156208875,6.0
823883,2026-04-17,home,Janson Junk,676083,4.861605105158459,0.35977126968698414,0.21787293143000871,3.0
824048,2026-04-17,away,Matt Waldron,663362,4.629748188029324,0.31937928511053937,0.18592342911616885,4.0
824048,2026-04-17,home,José Soriano,667755,5.9801134700905525,0.5511208517224934,0.3905030158366688,8.0
824207,2026-04-17,away,Kyle Leahy,681517,3.5878095034061253,0.1542070656929005,0.07227047498209695,6.0
824207,2026-04-17,home,Peter Lambert,663567,3.566770426220792,0.15133617268554822,0.07055879850515807,8.0
824373,2026-04-17,away,Tyler Glasnow,607192,6.296782244016147,0.6007394336059457,0.4412537259632601,7.0
824373,2026-04-17,home,Tomoyuki Sugano,608372,4.175713539660974,0.24290001742686693,0.1297740407343312,3.0
824454,2026-04-17,away,Chris Bassitt,605135,3.7721249450896663,0.18034449903662877,0.08830571504111877,2.0
824454,2026-04-17,home,Tanner Bibee,676440,5.145743572406396,0.4095947501467921,0.25942297786496277,5.0
824693,2026-04-17,away,Kodai Senga,673540,5.322658839070642,0.44046564349539313,0.28635312278062025,3.0
824693,2026-04-17,home,Edward Cabrera,665795,4.95549396557691,0.37623050626657584,0.23133813201992917,4.0
824778,2026-04-17,away,Casey Mize,663554,5.390307662519919,0.4521922560180848,0.29682197377752634,7.0
824778,2026-04-17,home,Ranger Suarez,624133,4.285327929642725,0.26090157600060615,0.14246724832893823,4.0
825019,2026-04-17,away,Davis Martin,663436,4.685455415166234,0.3290344273259697,0.19341842767424494,4.0
825019,2026-04-17,home,Aaron Civale,650644,4.682822996893176,0.3285773109508121,0.19306156154884577,4.0
825101,2026-04-17,away,Braydon Fisher,680755,2.439349816289511,0.038091885177477976,0.01256981790793212,0.0
825101,2026-04-17,home,Michael Soroka,647336,6.008629509165533,0.5557054588164823,0.39508331359010535,5.0
822751,2026-04-18,away,Adrian Houser,605288,4.104815191154014,0.23145863083450535,0.12187881399716737,1.0
822751,2026-04-18,home,Cade Cavalli,676917,4.809940913961784,0.35073106803199305,0.21058685951927844,5.0
823151,2026-04-18,away,Nathan Eovaldi,543135,6.214007760286825,0.5880543145519668,0.42802889648405457,3.0
823151,2026-04-18,home,George Kirby,669923,6.416292719859181,0.6186743114964424,0.46025358739904493,5.0
823394,2026-04-18,away,Drew Rasmussen,656876,4.839193325131,0.35584772148253335,0.2147011347305199,3.0
823394,2026-04-18,home,Paul Skenes,694973,4.923345741178387,0.37059167831294704,0.22669604123639125,5.0
823474,2026-04-18,away,Chris Sale,519242,5.111874634180256,0.4036615966422363,0.2543513116212081,7.0
823474,2026-04-18,home,Cristopher Sánchez,650911,6.887235846240405,0.684658564124705,0.5333551558116153,8.0
823558,2026-04-18,away,Noah Cameron,702070,4.953835204557799,0.37593950801936415,0.23109783223486446,3.0
823558,2026-04-18,home,Will Warren,701542,5.508842543816739,0.4725963192584886,0.3153538912446662,11.0
823721,2026-04-18,away,Andrew Abbott,671096,4.076083763176146,0.22687121860574422,0.11875137264319198,3.0
823721,2026-04-18,home,Taj Bradley,671737,6.807209780636258,0.67399487410655,0.5211859680882355,5.0
823882,2026-04-18,away,Brandon Woodruff,605540,5.371841689801595,0.44899657100745377,0.29395593823537514,4.0
823882,2026-04-18,home,Sandy Alcantara,645261,5.1951947076963565,0.4182470254136883,0.26687902188748197,1.0
824049,2026-04-18,away,Germán Márquez,608566,4.384439950037478,0.2774658790990849,0.15443498369235337,5.0
824049,2026-04-18,home,Yusei Kikuchi,579328,5.307644141591228,0.4378560557425297,0.28404139755946683,8.0
824206,2026-04-18,away,Andre Pallante,669467,4.0959902786144715,0.23004648644839398,0.12091375354491221,5.0
824206,2026-04-18,home,Lance McCullers Jr.,621121,5.299240239245363,0.43639444055883364,0.2827494657029365,4.0
824372,2026-04-18,away,Emmet Sheehan,686218,5.535505407545952,0.47715694350306914,0.3195513137393965,4.0
824372,2026-04-18,home,Ryan Feltner,663372,3.905377175610254,0.2002610887637767,0.10104967256563546,5.0
824451,2026-04-18,away,Dean Kremer,665152,4.2630919401713365,0.257221248380927,0.13984549522466647,7.0
824451,2026-04-18,home,Gavin Williams,668909,7.2189234682063015,0.7263740027615556,0.58237366793869,11.0
824694,2026-04-18,away,Freddy Peralta,642547,5.855523068310711,0.53084391747673,0.3705044917201391,3.0
824694,2026-04-18,home,Jameson Taillon,592791,5.600082474862273,0.48815305844748735,0.3297552658233508,4.0
824775,2026-04-18,away,Tarik Skubal,669373,5.802074442718809,0.5220287837803718,0.3619409347307066,10.0
824775,2026-04-18,home,Brayan Bello,678394,4.257464681646277,0.25629208951523613,0.13918574925989624,4.0
825020,2026-04-18,away,Erick Fedde,607200,4.219854612229312,0.2501057632285037,0.13481543883031497,3.0
825020,2026-04-18,home,Luis Severino,622663,5.980323191297764,0.5511546481255207,0.3905367008148149,3.0
825098,2026-04-18,away,Max Scherzer,453286,4.246457007023343,0.25447717175821943,0.13789958884946674,1.0
825098,2026-04-18,home,Zac Gallen,668678,4.1245142248894355,0.2346206027603961,0.12404722671252488,3.0
822750,2026-04-19,away,Robbie Ray,592662,5.422677219938169,0.45778365581461705,0.3018602777824944,7.0
822750,2026-04-19,home,PJ Poulin,676571,1.5789380675821207,0.005676961524147213,0.001239506270470668,0.0
823150,2026-04-19,away,MacKenzie Gore,669022,5.879935446323464,0.5348475610427408,0.37441986956751405,5.0
823150,2026-04-19,home,Bryan Woo,693433,5.95636814101168,0.5472868401205234,0.386689303292287,6.0
823393,2026-04-19,away,Shane McClanahan,663556,4.706325732207236,0.3326613351926025,0.19625702283895605,5.0
823393,2026-04-19,home,Mitch Keller,656605,4.461571684283077,0.29051937089052565,0.16405773609804136,5.0
823475,2026-04-19,away,Grant Holmes,656550,4.300189478347778,0.2633689945037934,0.14423258828527613,4.0
823475,2026-04-19,home,Andrew Painter,691725,4.4768528248307415,0.29312057367341776,0.1659952916589697,4.0
823556,2026-04-19,away,Cole Ragans,666142,5.188934385350208,0.41715248764724183,0.2659318701208547,6.0
823556,2026-04-19,home,Ryan Weathers,677960,6.531688010393311,0.6355488744730633,0.4784605032807184,8.0
823718,2026-04-19,away,Brady Singer,663903,4.391924305235657,0.27872664030998195,0.1553570587979222,2.0
823718,2026-04-19,home,Bailey Ober,641927,4.691168413642858,0.3300267598482865,0.19419382176872219,10.0
823881,2026-04-19,away,Jacob Misiorowski,694819,5.877316547654918,0.5344187541512313,0.37399973701693306,9.0
823881,2026-04-19,home,Eury Pérez,691587,6.177367917473776,0.5823727924844628,0.4221620940645266,7.0
824047,2026-04-19,away,Michael King,650633,4.786615177667687,0.34665526330343616,0.20732738416638571,6.0
824205,2026-04-19,away,Matthew Liberatore,669461,4.267221820682176,0.25790373967669417,0.14033065066018327,4.0
824205,2026-04-19,home,Mike Burrows,681347,4.868008886724239,0.3608928344292685,0.21878229744853886,7.0
824371,2026-04-19,away,Roki Sasaki,808963,4.8547476608364395,0.3585704769250447,0.21690065423429247,2.0
824371,2026-04-19,home,Michael Lorenzen,547179,4.7992226037977925,0.3488577167480089,0.2090867478298677,3.0
824452,2026-04-19,away,Trevor Rogers,669432,4.364456390772613,0.2741061247026168,0.15198546911545777,5.0
824452,2026-04-19,home,Joey Cantillo,676282,6.219073772463444,0.5888366977576727,0.4288395159450122,6.0
824691,2026-04-19,away,Tobias Myers,668964,3.771049620241935,0.18018710085942402,0.08820677487971869,2.0
824691,2026-04-19,home,Javier Assad,665871,4.371458671387057,0.27528229507076013,0.1528417129342524,3.0
824777,2026-04-19,away,Framber Valdez,664285,4.598072160285287,0.3139079252660737,0.18171602892688157,7.0
824777,2026-04-19,home,Garrett Crochet,676979,5.375910776851138,0.44970111674084773,0.29458696181943267,8.0
825018,2026-04-19,away,Noah Schultz,702273,4.339229555549063,0.26987882117352174,0.1489193700240212,6.0
825018,2026-04-19,home,Jeffrey Springs,605488,5.138862382836188,0.40838972360399484,0.25839020929037,7.0
825100,2026-04-19,away,Kevin Gausman,592332,5.8438769441473335,0.528928888270145,0.3686374345171976,4.0
825100,2026-04-19,home,Ryne Nelson,669194,5.33672626323819,0.4429084408439234,0.2885230155040352,1.0
822749,2026-04-20,away,Bryce Elder,693821,5.078242186229492,0.397765516463544,0.24934450119889676,6.0
822749,2026-04-20,home,Jake Irvin,663623,5.333681120552993,0.4423798351052391,0.28805297896021526,4.0
822994,2026-04-20,away,Rhett Lowder,695076,3.9116295738477436,0.20121493027234968,0.10167102150279785,3.0
822994,2026-04-20,home,Jesse Scholtens,669947,4.147927514776789,0.23839597204280846,0.12664985958484376,6.0
823149,2026-04-20,away,J.T. Ginn,669372,4.5364248101424005,0.30330417017348077,0.17364431182666262,6.0
823149,2026-04-20,home,Emerson Hancock,676106,6.115333190711986,0.5726630584144473,0.41221561929012973,3.0
823879,2026-04-20,away,Michael McGreevy,700241,4.1482044992669795,0.2384407454681022,0.12668081343876678,3.0
823879,2026-04-20,home,Max Meyer,676974,5.432966224527183,0.45955803589220173,0.3034654473649607,8.0
824046,2026-04-20,away,Dylan Cease,656302,6.545099451622156,0.6374811143198592,0.48056612629517004,12.0
824046,2026-04-20,home,Reid Detmers,672282,6.242909029317818,0.5925073077702889,0.4326514334605442,5.0
824125,2026-04-20,away,Kyle Bradish,680694,5.439265882551291,0.46064372131131953,0.304449099306279,7.0
824125,2026-04-20,home,Seth Lugo,607625,5.7859515953319365,0.5193567045202762,0.35936059238260964,7.0
824370,2026-04-20,away,Justin Wrobleski,680736,4.189955174772183,0.2452182080909395,0.1313901432694901,3.0
824370,2026-04-20,home,Jose Quintana,500779,3.9475627305157257,0.20672866626418784,0.1052821743933766,1.0
824450,2026-04-20,away,Spencer Arrighetti,681293,5.091925461049217,0.40016476305418786,0.25137789609900707,3.0
824450,2026-04-20,home,Slade Cecconi,677944,4.593439962778584,0.3131090498086721,0.1811041227849797,2.0
824692,2026-04-20,away,Aaron Nola,605400,5.668926207063758,0.49979204553669626,0.34068516676767613,5.0
824692,2026-04-20,home,Colin Rea,607067,5.215788523390868,0.42184573369901507,0.2700011953517121,5.0
824776,2026-04-20,away,Jack Flaherty,656427,5.2144688578259,0.421615214995404,0.2698008312344552,3.0
824776,2026-04-20,home,Sonny Gray,543243,4.391117576058325,0.2785906812998567,0.15525754765774624,2.0
822747,2026-04-21,away,Reynaldo López,625643,4.005287023433256,0.21569648525062998,0.11122559097768028,1.0
822747,2026-04-21,home,Foster Griffin,656492,4.76810571329983,0.34342401726336275,0.20475457894625806,3.0
822914,2026-04-21,away,Carmen Mlodzinski,669387,4.962363838597144,0.3774357398936668,0.23233424333766353,6.0
822914,2026-04-21,home,Kumar Rocker,677958,5.220476411140282,0.4226645099716011,0.27071327584983307,5.0
822995,2026-04-21,away,Chase Burns,695505,5.189697698546405,0.41728595677003394,0.2660473056974836,8.0
822995,2026-04-21,home,Steven Matz,571927,5.860623022621539,0.531681504800553,0.3713222662966385,4.0
823148,2026-04-21,away,Jacob Lopez,682052,4.941019548880279,0.37369140759290387,0.22924411324778868,1.0
823148,2026-04-21,home,Luis Castillo,622491,5.793329805405913,0.5205802459986932,0.36054123651344244,6.0
823236,2026-04-21,away,Yoshinobu Yamamoto,808967,5.147748028233794,0.409945724614117,0.2597240405920254,7.0
823236,2026-04-21,home,Landen Roupp,694738,5.9391706030306075,0.5445009011806539,0.38392761806602815,7.0
823640,2026-04-21,away,Simeon Woods Richardson,680573,4.2067202409664155,0.24795533363446876,0.1333053748731891,2.0
823640,2026-04-21,home,Nolan McLean,690997,6.908194218602401,0.6874131907270964,0.5365219227421322,10.0
823880,2026-04-21,away,Dustin May,669160,4.272537667087875,0.2587829323507434,0.14095632521750226,5.0
823880,2026-04-21,home,Chris Paddack,663978,5.0470612469580045,0.3922964516529272,0.24472984038741294,7.0
824045,2026-04-21,away,Patrick Corbin,571578,5.041661180508518,0.3913491017759306,0.243933377894894,3.0
824045,2026-04-21,home,Jack Kochanowicz,686799,4.0464130405854615,0.22216509970284506,0.11556590636342086,1.0
824127,2026-04-21,away,Shane Baz,669358,5.181318490090787,0.4158206095475494,0.26478087743473905,4.0
824127,2026-04-21,home,Kris Bubic,663460,6.072033411145451,0.5658200459807408,0.40526579283833714,3.0
824290,2026-04-21,away,Kyle Harrison,690986,4.580256308153346,0.31083718323420784,0.17936733779747047,3.0
824290,2026-04-21,home,Keider Montero,672456,4.9818971478019325,0.38086292006798855,0.23517430794788205,3.0
824369,2026-04-21,away,Randy Vásquez,681190,5.043437357431859,0.3916607067596097,0.24419525847522222,5.0
824369,2026-04-21,home,Jimmy Herget,623474,1.5141331948809347,0.004658852758395084,0.0009769501495021174,3.0
824448,2026-04-21,away,Ryan Weiss,680802,3.552021918789577,0.1493380532437448,0.06937344627976397,4.0
824448,2026-04-21,home,Parker Messick,800048,5.925050502297765,0.5422078200177444,0.381660483903005,4.0
824690,2026-04-21,away,Jesús Luzardo,666200,6.3468059096308505,0.6083020491630221,0.4492218873810616,3.0
824690,2026-04-21,home,Shota Imanaga,684007,6.616937903429807,0.6477266777490551,0.4918036572590082,1.0
824773,2026-04-21,away,Luis Gil,661563,3.9963403842104763,0.21429790095513843,0.11029301138681523,2.0
824773,2026-04-21,home,Connelly Early,813349,5.653407028758619,0.49717625407028515,0.33821709590140564,4.0
825099,2026-04-21,away,Sean Burke,680732,4.334410535303337,0.26907311369185677,0.14833700192474253,3.0
825099,2026-04-21,home,Merrill Kelly,518876,4.411070029774063,0.2819577014228408,0.15772731209075339,5.0
822748,2026-04-22,away,Didier Fuentes,800311,3.674777788886222,0.16632429336422683,0.07960449006582701,7.0
822748,2026-04-22,home,Zack Littell,641793,4.4712117607057325,0.29215978540785026,0.16527885865460573,1.0
822913,2026-04-22,away,Braxton Ashcraft,677952,5.618024748217099,0.4911950800146912,0.33259907468944533,5.0
822913,2026-04-22,home,Jack Leiter,683004,7.0070134139714755,0.7001865560964331,0.5513334379447755,5.0
822993,2026-04-22,away,Brandon Williamson,682227,4.190353299531502,0.24528310546492263,0.13143546493728034,3.0
822993,2026-04-22,home,Nick Martinez,607259,4.730963728298992,0.3369490583937385,0.19962906540910969,6.0
823147,2026-04-22,away,Aaron Civale,650644,4.568742731598903,0.3088553528279367,0.17785635708440964,5.0
823147,2026-04-22,home,Logan Gilbert,669302,6.528806027199197,0.6351328604302621,0.4780077242148343,3.0
823231,2026-04-22,away,Shohei Ohtani,660271,5.42152880713866,0.4575855185435435,0.3016812243336796,7.0
823231,2026-04-22,home,Tyler Mahle,641816,5.853660300559541,0.5305378313454354,0.37020582350245945,5.0
823641,2026-04-22,home,Clay Holmes,605280,4.7260306937273535,0.3360900681016669,0.19895210985904851,3.0
823878,2026-04-22,away,Kyle Leahy,681517,4.066450483150009,0.22533973742506874,0.1177121940294674,2.0
823878,2026-04-22,home,Janson Junk,676083,4.986233190642445,0.3816237346205476,0.2358062995004581,2.0
824044,2026-04-22,away,Eric Lauer,641778,4.52760173290017,0.3017917724446506,0.17250194389466042,3.0
824044,2026-04-22,home,José Soriano,667755,6.208627974488415,0.5872226247231964,0.42716791490032485,4.0
824123,2026-04-22,away,Chris Bassitt,605135,4.356474513325902,0.27276687457563026,0.151012176623253,3.0
824123,2026-04-22,home,Michael Wacha,608379,6.111272504460389,0.5720235827519469,0.4115640679187124,5.0
824286,2026-04-22,away,DL Hall,669084,2.753082938917767,0.06109394584665265,0.02255191936967299,2.0
824286,2026-04-22,home,Casey Mize,663554,6.054281497257024,0.5629993145107086,0.4024153718299946,7.0
824367,2026-04-22,away,Walker Buehler,621111,4.113269906885024,0.2328140890332511,0.12280708685763324,2.0
824367,2026-04-22,home,Tomoyuki Sugano,608372,3.783429731828883,0.18200253708826405,0.08934966575622041,4.0
824449,2026-04-22,away,Peter Lambert,663567,4.432645187091127,0.28560865342176583,0.16041798015596243,8.0
824449,2026-04-22,home,Tanner Bibee,676440,4.94073354090673,0.37364124020510814,0.22920280143617483,3.0
824688,2026-04-22,home,Matthew Boyd,571510,4.5138275098369,0.2994334721174807,0.17072507610737034,5.0
824774,2026-04-22,away,Max Fried,608331,4.719876819399981,0.3350188375815129,0.19810888112444652,9.0
824774,2026-04-22,home,Ranger Suarez,624133,4.570520628791991,0.3091612430150711,0.17808932466730623,4.0
825097,2026-04-22,away,Anthony Kay,641743,4.924530529639896,0.37079944855334007,0.22686654920479943,1.0
825097,2026-04-22,home,Eduardo Rodriguez,593958,4.788314973627676,0.3469521385343876,0.20756426413358234,4.0
822745,2026-04-23,home,Cade Cavalli,676917,4.496108200197448,0.2964048853410703,0.16845112697713424,10.0
822912,2026-04-23,away,Bubba Chandler,696149,4.924271861655223,0.3707540869592967,0.22682931942347517,4.0
822912,2026-04-23,home,Jacob deGrom,594798,6.530508263309493,0.6353786120416236,0.4782751698400312,10.0
823233,2026-04-23,away,Tyler Glasnow,607192,5.8661267547381,0.5325847027179196,0.37220489757205216,9.0
823233,2026-04-23,home,Logan Webb,657277,6.214963439020679,0.5882019667106162,0.4281818268526361,5.0
823639,2026-04-23,away,Joe Ryan,657746,5.250257372158161,0.4278620665555539,0.27524845891445554,5.0
823639,2026-04-23,home,Christian Scott,681035,3.8107808337524287,0.18603891266452977,0.09190410287923734,1.0
824288,2026-04-23,away,Brandon Sproat,687075,3.885334140447379,0.19721470546719955,0.09907187667707447,4.0
824288,2026-04-23,home,Tarik Skubal,669373,6.462113996255603,0.6254278825146562,0.467501479578942,5.0
824368,2026-04-23,away,Matt Waldron,663362,4.759899268958413,0.34199231265570457,0.20361780482701186,3.0
824368,2026-04-23,home,Ryan Feltner,663372,3.893051570201588,0.19838564257926092,0.09983087699543168,3.0
824689,2026-04-23,away,Cristopher Sánchez,650911,6.211079109746663,0.58760166702625,0.4275602144255339,4.0
824689,2026-04-23,home,Edward Cabrera,665795,5.1620757950985405,0.4124538717409833,0.2618789199605413,5.0
824770,2026-04-23,away,Cam Schlittler,693645,5.866582926622688,0.5326595305867006,0.37227805871039354,5.0
824770,2026-04-23,home,Payton Tolle,801139,4.362725911287417,0.2738156409143544,0.15177421036569935,11.0
825096,2026-04-23,away,Davis Martin,663436,4.48220479840009,0.29403270971946344,0.16667628165086087,7.0
825096,2026-04-23,home,Michael Soroka,647336,5.934704871957859,0.54377622422531,0.3832105577704263,6.0
822827,2026-04-24,away,Gavin Williams,668909,5.920094949780619,0.5414018439570774,0.38086490864003497,4.0
822827,2026-04-24,home,Max Scherzer,453286,3.977515254439227,0.21136534543241184,0.10834435985324904,0.0
822909,2026-04-24,away,Luis Severino,622663,5.815437391488512,0.524238953573832,0.36408065677844753,5.0
822909,2026-04-24,home,Nathan Eovaldi,543135,5.927898300729517,0.5426707069472483,0.382117698484604,3.0
822992,2026-04-24,away,Taj Bradley,671737,5.859918390236001,0.5315658172801297,0.3712092729322493,3.0
822992,2026-04-24,home,Drew Rasmussen,656876,5.504445381839812,0.4718431006087554,0.31466260677490265,6.0
823069,2026-04-24,away,George Kirby,669923,5.464650050193197,0.46501277150185505,0.3084190757302746,2.0
823069,2026-04-24,home,Andre Pallante,669467,4.577134149052549,0.3102995571214269,0.1789570667712126,8.0
823232,2026-04-24,away,Sandy Alcantara,645261,4.70379139761955,0.33222065160649605,0.1959114491562872,4.0
823232,2026-04-24,home,Adrian Houser,605288,4.438458169910342,0.28659407086922856,0.16114645855033422,3.0
823638,2026-04-24,away,Michael Lorenzen,547179,4.356494524212376,0.2727702301646944,0.15101461305188826,3.0
823638,2026-04-24,home,Freddy Peralta,642547,6.017119817837251,0.5570662596277308,0.3964470341472775,8.0
823800,2026-04-24,away,Paul Skenes,694973,4.748935377811556,0.3400804693980444,0.20210285454483537,7.0
823800,2026-04-24,home,Brandon Woodruff,605540,5.865721462274762,0.5325182165948119,0.3721398971466713,3.0
823962,2026-04-24,away,Jameson Taillon,592791,5.637723075653857,0.4945279187074905,0.3357252053409096,4.0
823962,2026-04-24,home,Emmet Sheehan,686218,4.911450597870038,0.3685059108438417,0.2249866163117645,10.0
824124,2026-04-24,away,Yusei Kikuchi,579328,5.234770908517659,0.42516014135986985,0.2728876458233681,5.0
824124,2026-04-24,home,Noah Cameron,702070,5.231141385048582,0.42452662210715003,0.27233511608392375,6.0
824204,2026-04-24,away,Will Warren,701542,5.34644686911299,0.44459515535353766,0.29002463729006883,6.0
824204,2026-04-24,home,Lance McCullers Jr.,621121,5.632477928557053,0.49364118823844083,0.33489240282720095,3.0
824529,2026-04-24,away,Framber Valdez,664285,4.780723704561157,0.345626472474683,0.2065071516024897,4.0
824529,2026-04-24,home,Andrew Abbott,671096,4.163660936925224,0.24094322757371156,0.12841417300171495,4.0
824611,2026-04-24,away,PJ Poulin,676571,1.2465386361772475,0.0018129959353915667,0.00031490865774304045,1.0
824854,2026-04-24,away,Brayan Bello,678394,4.66063855957335,0.32472831623851445,0.19006464852301522,2.0
824854,2026-04-24,home,Brandon Young,687064,3.743325968795777,0.17614828207853175,0.08567766051356722,5.0
824932,2026-04-24,away,Andrew Painter,691725,4.594124622985657,0.3132271067657923,0.1811945107782425,1.0
824932,2026-04-24,home,Grant Holmes,656550,4.496966740745311,0.29655149049390406,0.16856099623781584,4.0
822826,2026-04-25,away,Joey Cantillo,676282,4.6795405292084284,0.3280074285000289,0.19261694098708979,4.0
822826,2026-04-25,home,Kevin Gausman,592332,6.54162317559153,0.6369808589112178,0.4800205676670032,3.0
822910,2026-04-25,away,Jeffrey Springs,605488,5.459687533565734,0.4641593639635939,0.30764216641793224,4.0
822910,2026-04-25,home,MacKenzie Gore,669022,6.390773946800989,0.6148832846987551,0.456207600503222,7.0
822989,2026-04-25,away,Bailey Ober,641927,4.849605031482204,0.35767012282488914,0.2161725414128935,3.0
822989,2026-04-25,home,Shane McClanahan,663556,5.025622696165972,0.3885351941331063,0.24157267737515728,7.0
823070,2026-04-25,away,Bryan Woo,693433,5.139073171711266,0.40842664010780866,0.25842182807762776,1.0
823070,2026-04-25,home,Matthew Liberatore,669461,4.595680869226025,0.3134954791164925,0.18140003492090706,3.0
823229,2026-04-25,away,Eury Pérez,691587,4.992879961054061,0.38279001277311453,0.2367761679728577,6.0
823229,2026-04-25,home,Robbie Ray,592662,6.437495113129214,0.6218079157592431,0.4636101400841235,4.0
823799,2026-04-25,away,Mitch Keller,656605,4.097013443723078,0.2302100709292287,0.12102544090046978,6.0
823799,2026-04-25,home,Jacob Misiorowski,694819,7.136475851194242,0.7163812003355274,0.5704197317319312,9.0
823960,2026-04-25,away,Colin Rea,607067,5.3792659557765585,0.4502819015244914,0.2951074987290321,4.0
823960,2026-04-25,home,Roki Sasaki,808963,4.504169609743588,0.2977820109851168,0.1694840032298348,5.0
824121,2026-04-25,away,Walbert Ureña,700712,5.774056562285415,0.517381550723364,0.35745786007267466,3.0
824121,2026-04-25,home,Cole Ragans,666142,5.004196069957863,0.38477561809386746,0.23843035525382048,11.0
824203,2026-04-25,away,Ryan Weathers,677960,5.983659629340524,0.5516921560368567,0.39107259541927114,4.0
824203,2026-04-25,home,Mike Burrows,681347,5.350183495358369,0.4452432516857579,0.29060234119074435,8.0
824527,2026-04-25,away,Jack Flaherty,656427,5.249845875880533,0.42779029802013363,0.2751856608284744,4.0
824527,2026-04-25,home,Brady Singer,663903,4.149755042515024,0.23869143153352987,0.1268541620095344,3.0
824613,2026-04-25,away,Jake Irvin,663623,4.844795524338017,0.3568282204627215,0.21549239651038873,9.0
824613,2026-04-25,home,Noah Schultz,702273,4.8826382332885805,0.36345574805094155,0.22086480317036195,8.0
824851,2026-04-25,away,Garrett Crochet,676979,5.338862848178168,0.44327926964198555,0.28885291682578007,7.0
824851,2026-04-25,home,Trevor Rogers,669432,5.188109844417085,0.41700830838160496,0.2658071905695267,2.0
824933,2026-04-25,away,Zack Wheeler,554430,5.313695462933314,0.4389080679064928,0.2849725457332957,6.0
824933,2026-04-25,home,Bryce Elder,693821,5.5390979376741445,0.4777705507762704,0.32011760182542787,2.0
825093,2026-04-25,away,Germán Márquez,608566,4.04941552891914,0.22263985491685012,0.11588620111282395,2.0
825093,2026-04-25,home,Zac Gallen,668678,4.258332016775464,0.25643524248937605,0.1392873377288695,3.0
822824,2026-04-26,away,Slade Cecconi,677944,3.914767965435459,0.20169433769046416,0.10198369094079895,5.0
822824,2026-04-26,home,Patrick Corbin,571578,4.523668633005049,0.30111803142620486,0.17199375953660834,4.0
822911,2026-04-26,away,J.T. Ginn,669372,4.573605679789024,0.3096921523559993,0.17849388317986264,2.0
822911,2026-04-26,home,Kumar Rocker,677958,4.80076179278759,0.34912668636551425,0.2093019231745036,3.0
822991,2026-04-26,away,Simeon Woods Richardson,680573,3.8523727054695343,0.19224295108021427,0.09586602324624356,2.0
822991,2026-04-26,home,Griffin Jax,643377,2.7516787722110165,0.0609760668989885,0.022497844740566098,2.0
823068,2026-04-26,away,Emerson Hancock,676106,5.220289959796935,0.42263194785924457,0.27068494473252896,4.0
823068,2026-04-26,home,Michael McGreevy,700241,4.22251550205275,0.25054205819031444,0.13512238580044772,6.0
823230,2026-04-26,away,Max Meyer,676974,5.096098130883969,0.40089629152500156,0.25199896520564397,5.0
823230,2026-04-26,home,Landen Roupp,694738,6.287932179285671,0.5993932759898758,0.43984197550010756,6.0
823635,2026-04-26,away,Jose Quintana,500779,3.7983561816928857,0.1842009942247914,0.09073868720513165,5.0
823635,2026-04-26,home,Nolan McLean,690997,7.096224452999146,0.7114119100710021,0.5645258967313636,7.0
823637,2026-04-26,away,Chase Dollander,801403,4.520490986835606,0.3005739034512365,0.1715836611736072,7.0
823637,2026-04-26,home,Kodai Senga,673540,5.670211809739328,0.5000085232596337,0.3408897226652517,1.0
823797,2026-04-26,away,Carmen Mlodzinski,669387,4.960140251383292,0.37704563178992695,0.23201167256621313,4.0
823797,2026-04-26,home,Kyle Harrison,690986,6.001566819882451,0.5545719932951201,0.3939488851012249,12.0
823959,2026-04-26,away,Shota Imanaga,684007,5.811054550623961,0.5235145055020284,0.36337875766637734,6.0
823959,2026-04-26,home,Justin Wrobleski,680736,4.318778335369405,0.266463641764266,0.1464553127594428,6.0
824122,2026-04-26,away,Reid Detmers,672282,5.412748536753387,0.45607006458223315,0.300312987082068,5.0
824122,2026-04-26,home,Seth Lugo,607625,5.812864673368746,0.5238137579568045,0.36366863152796647,3.0
824202,2026-04-26,away,Luis Gil,661563,3.8420495113322723,0.19069577441918154,0.09487397002056418,0.0
824202,2026-04-26,home,Spencer Arrighetti,681293,5.853013114509151,0.5304314676043863,0.3701020597042444,8.0
824528,2026-04-26,away,Keider Montero,672456,5.063522680697571,0.39518401329298886,0.24716275146089858,5.0
824528,2026-04-26,home,Rhett Lowder,695076,4.046645463506922,0.22220183857379802,0.11559068384942692,7.0
824612,2026-04-26,away,Foster Griffin,656492,4.440224321101216,0.2868936129637178,0.16136808681444498,8.0
824612,2026-04-26,home,Bryan Hudson,663542,1.5609506499681485,0.005379516455611335,0.0011616746490404894,1.0
824852,2026-04-26,away,Connelly Early,813349,4.945020877734966,0.37439328048628034,0.22982234189944298,4.0
824852,2026-04-26,home,Kyle Bradish,680694,5.513850268790361,0.4734537525935527,0.3161414932385999,3.0
824934,2026-04-26,away,Aaron Nola,605400,5.014480059036282,0.38658010530822146,0.23993690299717335,6.0
824934,2026-04-26,home,Chris Sale,519242,5.407959399447178,0.45524304175385516,0.299567239395179,9.0
825094,2026-04-26,away,Michael King,650633,4.96894917968685,0.3785911150414047,0.23329044269628743,8.0
825094,2026-04-26,home,Ryne Nelson,669194,4.963747756184814,0.3776785389633687,0.23253508089279254,4.0
822825,2026-04-27,away,Ranger Suarez,624133,3.759306971125329,0.17847189677715422,0.08713043227188635,10.0
822825,2026-04-27,home,Dylan Cease,656302,6.846874994252645,0.6793091450911811,0.5272327292227998,5.0
822906,2026-04-27,away,Max Fried,608331,5.625827485086517,0.4925161314692537,0.3338368835115105,5.0
822906,2026-04-27,home,Jack Leiter,683004,6.135272375537237,0.5757961857480629,0.4154141750412032,4.0
823311,2026-04-27,away,Matthew Boyd,571510,5.365923114193568,0.4479714401580599,0.2930386371068002,4.0
823311,2026-04-27,home,Randy Vásquez,681190,5.947854959305954,0.5459086897289313,0.3853221527035821,4.0
823395,2026-04-27,away,Dustin May,669160,5.163111408199412,0.4126351184237343,0.2620348704545713,2.0
823395,2026-04-27,home,Mason Montgomery,682254,1.54367068466814,0.0051046572327656005,0.001090560966821859,1.0
823719,2026-04-27,away,Luis Castillo,622491,4.970040964451555,0.3787826697416894,0.2334490977194896,3.0
823719,2026-04-27,home,Connor Prielipp,687570,5.170190636831711,0.41387392110564886,0.2631016139506274,5.0
823961,2026-04-27,away,Chris Paddack,663978,5.13606282553562,0.407899403391699,0.2579703756660074,1.0
823961,2026-04-27,home,Yoshinobu Yamamoto,808967,5.698661993901951,0.5047906320650738,0.3454203154860712,4.0
824446,2026-04-27,away,Steven Matz,571927,4.608730140943747,0.3157472381117033,0.1831272116552037,2.0
824446,2026-04-27,home,Parker Messick,800048,5.28302990066015,0.4335731781509715,0.2802615195248547,9.0
824609,2026-04-27,away,Jack Kochanowicz,686799,4.51157532563961,0.2990482028986557,0.1704353086127722,5.0
824609,2026-04-27,home,Anthony Kay,641743,5.676339699331772,0.5010399222503138,0.34186495774926084,2.0
822823,2026-04-28,away,Payton Tolle,801139,5.032103689624076,0.38967230224368254,0.24252573755861997,4.0
822823,2026-04-28,home,Trey Yesavage,702056,4.4475879929353255,0.2881432198817051,0.16229360957832545,3.0
822908,2026-04-28,away,Cam Schlittler,693645,6.130540366999653,0.5750536651410851,0.41465520685697205,8.0
822908,2026-04-28,home,Jacob deGrom,594798,6.50778729675172,0.6320903290426225,0.47470237486530176,5.0
823310,2026-04-28,away,Edward Cabrera,665795,4.529800292851996,0.3021685069789412,0.17278629690846384,7.0
823310,2026-04-28,home,Walker Buehler,621111,5.000698422955596,0.3841618956039483,0.23791866952390733,4.0
823390,2026-04-28,away,Kyle Leahy,681517,4.640407310660106,0.32122360467992295,0.18734819011175885,7.0
823390,2026-04-28,home,Braxton Ashcraft,677952,5.873895506956702,0.5338583555642137,0.3734509568112454,7.0
823473,2026-04-28,away,Tyler Mahle,641816,5.000675724156592,0.3841579127055781,0.23791534998584138,3.0
823473,2026-04-28,home,Jesús Luzardo,666200,6.447565940129922,0.6232911533668122,0.465202773543807,8.0
823636,2026-04-28,away,Zack Littell,641793,4.208562784872866,0.24825668610045226,0.1335167054001805,1.0
823636,2026-04-28,home,Clay Holmes,605280,5.017283150873542,0.3870719440487526,0.240348070478876,6.0
823716,2026-04-28,away,Logan Gilbert,669302,5.081249765683526,0.3982929165049822,0.2497910109042259,4.0
823716,2026-04-28,home,Joe Ryan,657746,5.30345975040892,0.43712839005192916,0.28339795288285746,6.0
823798,2026-04-28,away,Merrill Kelly,518876,4.288300026150639,0.2613945399467086,0.1428194557947918,1.0
823798,2026-04-28,home,Chad Patrick,694477,4.256524376675105,0.256136917389779,0.13907565477803874,5.0
823956,2026-04-28,away,Janson Junk,676083,3.9662945943350794,0.20962412232768748,0.10719169696110845,4.0
823956,2026-04-28,home,Shohei Ohtani,660271,6.274643178337835,0.597367340289588,0.437721062355014,9.0
824447,2026-04-28,away,Nick Martinez,607259,4.286793127819635,0.2611445692323799,0.14264082894672084,4.0
824447,2026-04-28,home,Tanner Bibee,676440,4.666166341139684,0.32568682047057773,0.19080963038312332,6.0
824526,2026-04-28,away,Kyle Freeland,607536,4.191009093580786,0.24539001578297093,0.1315101361139973,4.0
824526,2026-04-28,home,Chase Burns,695505,5.9397482729114435,0.5445946052867797,0.3840203766888772,9.0
824610,2026-04-28,away,José Soriano,667755,6.22924109904839,0.5904045711006651,0.43046596392329084,6.0
824610,2026-04-28,home,Davis Martin,663436,5.627712926574662,0.49283517684063693,0.334136082674757,7.0
824849,2026-04-28,away,Kai-Wei Teng,678906,5.102453957071862,0.4020104469815515,0.25294586289828264,2.0
824849,2026-04-28,home,Shane Baz,669358,5.047956223053071,0.3924534555352137,0.24486192013194144,6.0
824931,2026-04-28,away,Casey Mize,663554,5.235358542861432,0.4252627009975533,0.27297713021359854,3.0
824931,2026-04-28,home,Martín Pérez,527048,3.705240821103847,0.17066114395974818,0.08227167975178441,5.0
825017,2026-04-28,away,Kris Bubic,663460,5.212180506076922,0.4212154569220597,0.2694534864638818,6.0
825017,2026-04-28,home,Aaron Civale,650644,4.56254408512218,0.30778926823632685,0.17704513001554503,3.0
822821,2026-04-29,away,Brayan Bello,678394,4.021150136120034,0.21818391836782491,0.1128893619155831,2.0
822821,2026-04-29,home,Eric Lauer,641778,4.585370857604818,0.31171822467147997,0.18004027927091126,1.0
822907,2026-04-29,home,Nathan Eovaldi,543135,5.368149888023322,0.44835717889617555,0.2933836827528766,7.0
823312,2026-04-29,away,Jameson Taillon,592791,4.751295538848296,0.34049193379801146,0.20242860511431596,6.0
823312,2026-04-29,home,Matt Waldron,663362,4.369026695665592,0.2748736620546437,0.15254407535459355,1.0
823392,2026-04-29,away,Andre Pallante,669467,5.1390599931984795,0.40842433209550383,0.2584198512394763,6.0
823392,2026-04-29,home,Bubba Chandler,696149,4.647328058768607,0.3224219022433146,0.1882756460614421,6.0
823633,2026-04-29,away,Cade Cavalli,676917,4.8102268579643015,0.3507810565323517,0.2106269343326243,10.0
823633,2026-04-29,home,David Peterson,656849,4.804143869579857,0.34971775640962854,0.20977502084616373,5.0
823717,2026-04-29,away,George Kirby,669923,4.606148871392943,0.3153016180435878,0.18278501706726089,5.0
823717,2026-04-29,home,Taj Bradley,671737,5.807961332825636,0.5230029547362883,0.36288344796982264,7.0
823796,2026-04-29,away,Eduardo Rodriguez,593958,4.484788229003268,0.2944732056614207,0.16700544199224218,4.0
823796,2026-04-29,home,Brandon Sproat,687075,4.431021821668528,0.28533359092533145,0.1602148082900891,5.0
823958,2026-04-29,away,Sandy Alcantara,645261,4.674904862432927,0.32720283019826835,0.19198972673084833,4.0
823958,2026-04-29,home,Tyler Glasnow,607192,6.823579355175211,0.6761948743755666,0.5236849442211012,9.0
824445,2026-04-29,away,Drew Rasmussen,656876,4.958850578811267,0.3768193736642082,0.23182465154331564,6.0
824445,2026-04-29,home,Gavin Williams,668909,6.806697097480615,0.6739258168398041,0.5211076231550743,9.0
824525,2026-04-29,away,Tomoyuki Sugano,608372,4.741489823921088,0.33878276949427305,0.20107654416860024,2.0
824525,2026-04-29,home,Brandon Williamson,682227,4.564621889713199,0.3081465528308312,0.1773168796671183,4.0
824608,2026-04-29,away,Yusei Kikuchi,579328,5.193322273055464,0.4179196806477419,0.2665956363331115,1.0
824608,2026-04-29,home,Erick Fedde,607200,4.842479756060231,0.35642289213050954,0.21516518591499026,6.0
824930,2026-04-29,away,Tarik Skubal,669373,5.424728646126702,0.4581375470878481,0.30218017797031116,7.0
824930,2026-04-29,home,JR Ritchie,702275,5.166242021942065,0.41318298312445423,0.2625064611293299,4.0
825015,2026-04-29,away,Michael Wacha,608379,4.97937117499435,0.380419710952368,0.23480639753741203,5.0
825015,2026-04-29,home,Luis Severino,622663,5.9194666604800386,0.5412996139454508,0.38076404543003334,8.0
823391,2026-04-30,away,Hunter Dobbins,690928,3.8334321089368832,0.18940793018093013,0.09405023421992789,4.0
823391,2026-04-30,home,Paul Skenes,694973,5.806431867350578,0.5227499331154797,0.3626385569216143,9.0
823471,2026-04-30,away,Adrian Houser,605288,3.768363095223071,0.17979410809726704,0.08795986364785423,2.0
823472,2026-04-30,away,Logan Webb,657277,4.829662428355081,0.35418004329760416,0.21335742300735072,6.0
823472,2026-04-30,home,Cristopher Sánchez,650911,6.235000518743666,0.5912913208348153,0.431387019087602,7.0
823634,2026-04-30,away,Miles Mikolas,571945,3.8221383371284654,0.18772522125406124,0.09297672524622451,3.0
823634,2026-04-30,home,Freddy Peralta,642547,6.5759278231638,0.6418994901589457,0.48539724824715647,6.0
823714,2026-04-30,away,Kevin Gausman,592332,5.135046966104698,0.4077214746555029,0.2578180818673613,2.0
823714,2026-04-30,home,Bailey Ober,641927,5.281143938056752,0.4332447817908897,0.279972416506062,2.0
823795,2026-04-30,away,Michael Soroka,647336,5.959417684611198,0.5477800559770093,0.3871790578246853,2.0
823795,2026-04-30,home,Brandon Woodruff,605540,4.698995628673079,0.33138693073949405,0.19525817416005586,2.0
824524,2026-04-30,away,Michael Lorenzen,547179,4.562888910410523,0.30784855704019193,0.17709021634947594,5.0
824524,2026-04-30,home,Andrew Abbott,671096,4.689848233959025,0.3297974147488536,0.19401453091870377,5.0
824848,2026-04-30,away,Peter Lambert,663567,5.03810035142987,0.39072439136954956,0.24340863356886172,3.0
824848,2026-04-30,home,Chris Bassitt,605135,4.20397461362104,0.24750647401673795,0.13299077309120189,7.0
824850,2026-04-30,away,Lance McCullers Jr.,621121,4.721877429210781,0.3353670495792929,0.1983828588013789,9.0
824850,2026-04-30,home,Brandon Young,687064,4.1333087199453535,0.23603653901757907,0.1250216062761665,2.0
824929,2026-04-30,away,Framber Valdez,664285,4.305158358483073,0.26419530219480286,0.14482514375631375,8.0
824929,2026-04-30,home,Bryce Elder,693821,5.068679173405798,0.39608841751008456,0.2479263852969836,5.0
825016,2026-04-30,away,Noah Cameron,702070,4.123124027117002,0.23439701836717233,0.12389355644507441,5.0
825016,2026-04-30,home,Jeffrey Springs,605488,5.739223324009391,0.5115795464642434,0.3518911980125309,4.0
822744,2026-05-01,away,Jacob Misiorowski,694819,6.194620606728862,0.5850530680016264,0.4249254534351504,8.0
822744,2026-05-01,home,Jake Irvin,663623,5.2875258435977175,0.434355907450243,0.28095100982054466,5.0
822990,2026-05-01,away,Robbie Ray,592662,5.616691889274819,0.4909693050121859,0.3323876981753096,5.0
822990,2026-05-01,home,Shane McClanahan,663556,5.623151080033923,0.49206312814911174,0.33341223146333065,5.0
823066,2026-05-01,away,Emmet Sheehan,686218,5.275564636988708,0.4322730844898624,0.2791175894257077,8.0
823066,2026-05-01,home,Matthew Liberatore,669461,4.261193256899991,0.256907641105508,0.13962272206731915,4.0
823146,2026-05-01,away,Cole Ragans,666142,5.707305176931546,0.5062401666535102,0.34679809396140565,8.0
823146,2026-05-01,home,Bryan Woo,693433,4.517320508604327,0.3000311856426055,0.1711749127280717,2.0
823309,2026-05-01,away,Noah Schultz,702273,5.062146446085271,0.3949426235616634,0.24695906541514373,2.0
823309,2026-05-01,home,Germán Márquez,608566,4.491013625786618,0.29553522230590634,0.16779981297142088,2.0
823389,2026-05-01,away,Brady Singer,663903,4.9812181424810245,0.38074378085296107,0.2350753914699697,1.0
823389,2026-05-01,home,Mitch Keller,656605,5.2182481260179365,0.4222753425524224,0.2703747415603239,6.0
823557,2026-05-01,away,Cade Povich,700249,4.265317483803665,0.25758897451637514,0.14010683848228125,4.0
823557,2026-05-01,home,Will Warren,701542,6.654648714994319,0.6530338002017354,0.4976731260296704,9.0
823713,2026-05-01,away,Patrick Corbin,571578,4.25682576398876,0.256186650512185,0.13911093773510236,4.0
823713,2026-05-01,home,Simeon Woods Richardson,680573,3.7941224605664576,0.18357636392264187,0.09034347947012496,2.0
823877,2026-05-01,away,Zack Wheeler,554430,5.8538277847545555,0.530565355405186,0.37023267663592385,8.0
823877,2026-05-01,home,Eury Pérez,691587,5.267675513112086,0.4308986237588432,0.27790998368992365,6.0
824041,2026-05-01,away,Christian Scott,681035,4.126235457170946,0.2348975185835707,0.124237623643275,8.0
824041,2026-05-01,home,Walbert Ureña,700712,4.99040275335785,0.3823553467168712,0.23641455179564264,4.0
824287,2026-05-01,away,MacKenzie Gore,669022,5.972745225181207,0.5499327288493704,0.3893195605817854,3.0
824287,2026-05-01,home,Jack Flaherty,656427,5.753922401441632,0.5140311374155221,0.3542392380619387,4.0
824366,2026-05-01,away,Grant Holmes,656550,4.080931870005112,0.22764323031002234,0.119276148661866,4.0
824366,2026-05-01,home,Jose Quintana,500779,3.5169552804211444,0.1446355203828913,0.06660323818174943,3.0
824686,2026-05-01,away,Zac Gallen,668678,3.9736963270570995,0.21077215654894543,0.10795131229560237,3.0
824686,2026-05-01,home,Colin Rea,607067,5.6270200048049706,0.49271793172859213,0.3340261191395464,6.0
824772,2026-05-01,away,Mike Burrows,681347,5.136361807489126,0.40795176945201067,0.25801520286666185,3.0
825012,2026-05-01,away,Joey Cantillo,676282,5.0715425824359075,0.39659060769851046,0.2483507452857135,2.0
825012,2026-05-01,home,J.T. Ginn,669372,4.344257509396157,0.2707200913589284,0.14952813329989648,4.0
822746,2026-05-02,away,Kyle Harrison,690986,5.789838668910024,0.5200014582019614,0.3599825534801321,5.0
822746,2026-05-02,home,Foster Griffin,656492,5.025954535206205,0.3885934171976238,0.241621446844294,3.0
822988,2026-05-02,away,Landen Roupp,694738,5.5569809156458785,0.4808217635723134,0.3229389753019726,6.0
822988,2026-05-02,home,Griffin Jax,643377,2.2040138580438415,0.02510124417672629,0.0075316240285220395,2.0
823067,2026-05-02,away,Roki Sasaki,808963,5.110787066187006,0.4034709968817782,0.25418894188199814,4.0
823067,2026-05-02,home,Michael McGreevy,700241,4.052530204415975,0.22313270294752732,0.11621895346165831,3.0
823144,2026-05-02,away,Seth Lugo,607625,5.329167104396172,0.44159606284938263,0.2873565419234101,6.0
823144,2026-05-02,home,Emerson Hancock,676106,5.1918840730974605,0.41766823461605584,0.2663780264230477,14.0
823308,2026-05-02,away,Sean Burke,680732,4.42283986439742,0.28394811902143247,0.15919257673941106,8.0
823308,2026-05-02,home,Michael King,650633,5.720037806563881,0.5083727047158185,0.3488288636835849,5.0
823388,2026-05-02,away,Rhett Lowder,695076,4.949029833559964,0.37509652253928033,0.23040216794568205,1.0
823388,2026-05-02,home,Carmen Mlodzinski,669387,5.448261136645258,0.4621930078587467,0.3058547574264807,10.0
823554,2026-05-02,away,Kyle Bradish,680694,5.443282079149084,0.4613355863367448,0.3050765371538939,4.0
823554,2026-05-02,home,Ryan Weathers,677960,6.390961996587541,0.6149112985057388,0.4562374392601877,5.0
823715,2026-05-02,away,Dylan Cease,656302,6.586846865094228,0.6434566393160893,0.4871052812535489,7.0
823715,2026-05-02,home,Connor Prielipp,687570,4.683622257871492,0.32871609310813504,0.19316988617217087,4.0
823876,2026-05-02,away,Andrew Painter,691725,4.542010354967447,0.3042623168982533,0.17436918461209996,7.0
823876,2026-05-02,home,Max Meyer,676974,5.34242064741644,0.44389665474087053,0.2894024555911194,7.0
824042,2026-05-02,away,Nolan McLean,690997,6.805673797660747,0.6737879525592605,0.5209512348456102,6.0
824042,2026-05-02,home,Reid Detmers,672282,5.525689247131748,0.4754792507513741,0.318004873446698,8.0
824284,2026-05-02,away,Kumar Rocker,677958,4.228825471059269,0.2515775306888555,0.13585164683482978,2.0
824284,2026-05-02,home,Keider Montero,672456,4.638303781360216,0.3208595144105156,0.18706666607491543,2.0
824365,2026-05-02,away,Chris Sale,519242,5.757230568987508,0.5145822435743466,0.35476789365903977,11.0
824365,2026-05-02,home,Brennan Bernardino,657514,1.5744279523078935,0.0056012809185023394,0.0012196188365310033,1.0
824685,2026-05-02,away,Ryne Nelson,669194,4.438466365216283,0.2865954606519723,0.16114748663337888,4.0
824685,2026-05-02,home,Shota Imanaga,684007,6.168796939953656,0.5810379693377761,0.42078876543795957,5.0
824771,2026-05-02,away,Spencer Arrighetti,681293,5.777982483768225,0.5180337948589603,0.3580857558640801,4.0
824771,2026-05-02,home,Connelly Early,813349,4.524347713327882,0.3012343382021293,0.17208145500416613,3.0
825014,2026-05-02,away,Slade Cecconi,677944,4.085183188918887,0.22832090380253903,0.11973731200942468,3.0
825014,2026-05-02,home,Jacob Lopez,682052,4.374441470172576,0.2757836752727099,0.15320713137473696,5.0
822742,2026-05-03,away,Logan Henderson,701656,4.824803322218278,0.35333003003813884,0.21267355433895418,8.0
822742,2026-05-03,home,PJ Poulin,676571,1.9540107783255274,0.014960540024011931,0.004005521034376385,2.0
822987,2026-05-03,away,Tyler Mahle,641816,4.4629793446552135,0.2907587889490383,0.16423579432220595,5.0
822987,2026-05-03,home,Steven Matz,571927,5.205177639359629,0.4199918783254091,0.2683912817922375,1.0
823065,2026-05-03,away,Justin Wrobleski,680736,5.141664120282499,0.40888038851688036,0.2588105670923329,0.0
823065,2026-05-03,home,Dustin May,669160,4.369280085242301,0.274916231182413,0.15257507386275274,3.0
823145,2026-05-03,away,Kris Bubic,663460,5.640682664787759,0.495028027004077,0.3361952406909352,7.0
823145,2026-05-03,home,Luis Castillo,622491,5.363871072726493,0.44761591801927975,0.2927207471600473,5.0
823307,2026-05-03,away,Anthony Kay,641743,5.322884471477542,0.44050484105680915,0.2863878960587621,5.0
823307,2026-05-03,home,Griffin Canning,656288,3.9918283851255865,0.21359375119289356,0.1098242724083636,7.0
823387,2026-05-03,away,Chase Burns,695505,5.926685179301634,0.5424735489274147,0.3819229296348278,7.0
823387,2026-05-03,home,Braxton Ashcraft,677952,6.513073803764208,0.6328569700107571,0.4755342352596008,6.0
823555,2026-05-03,home,Max Fried,608331,5.60935466090096,0.4897258507134894,0.3312244419568353,6.0
823711,2026-05-03,away,Trey Yesavage,702056,4.591121473152059,0.312709322469316,0.18079817942350168,6.0
823711,2026-05-03,home,Joe Ryan,657746,5.018841430599963,0.38734536238932377,0.24057674218957872,1.0
823875,2026-05-03,away,Jesús Luzardo,666200,6.208219831683509,0.5871594921533843,0.4271025892744391,10.0
823875,2026-05-03,home,Chris Paddack,663978,5.023186649989991,0.3881077729138227,0.241214754513405,1.0
824043,2026-05-03,away,Clay Holmes,605280,5.224748117048027,0.4234104557719299,0.271362573455966,6.0
824043,2026-05-03,home,Jack Kochanowicz,686799,4.793237499001907,0.34781199977417426,0.20825083127856994,6.0
824285,2026-05-03,away,Jack Leiter,683004,4.87038785420845,0.361309539317435,0.21912046724315656,10.0
824285,2026-05-03,home,Tyler Holton,663947,2.027864931060944,0.017590382928795757,0.004878464342583744,1.0
824364,2026-05-03,away,Spencer Strider,675911,4.547152859866955,0.30514494179731294,0.17503771145833966,6.0
824364,2026-05-03,home,Kyle Freeland,607536,3.955154339429043,0.2079004063921818,0.10605383553487571,7.0
824687,2026-05-03,away,Merrill Kelly,518876,4.375641033012289,0.27598537078672875,0.1533542024076615,5.0
824687,2026-05-03,home,Matthew Boyd,571510,5.966006993452239,0.548844945983951,0.3882373298516862,5.0
824769,2026-05-03,away,Cody Bolton,675989,3.5544345871720964,0.14966410344514552,0.06956653475508172,3.0
824769,2026-05-03,home,Ranger Suarez,624133,5.262961198000211,0.43007702124772984,0.2771889839055803,3.0
825013,2026-05-03,away,Parker Messick,800048,5.478938026239627,0.46746786270711893,0.31065803403344655,6.0
825013,2026-05-03,home,Aaron Civale,650644,4.765180460180744,0.3429136079934245,0.20434908914029504,3.0
822984,2026-05-04,away,Eric Lauer,641778,4.043175434830634,0.22165354389483627,0.11522105001508302,2.0
822984,2026-05-04,home,Nick Martinez,607259,4.277673135180945,0.2596330482134234,0.14156204775632436,4.0
823064,2026-05-04,away,Chad Patrick,694477,4.482096923441641,0.2940143190152548,0.16666254333240996,4.0
823064,2026-05-04,home,Kyle Leahy,681517,4.373415699557888,0.2756112287690354,0.15308141992574573,5.0
823143,2026-05-04,away,JR Ritchie,702275,4.9295036193132535,0.37167159408714867,0.22758272853198766,2.0
823143,2026-05-04,home,Logan Gilbert,669302,5.404700549938291,0.4546801090256036,0.2990600060543393,4.0
823228,2026-05-04,away,Randy Vásquez,681190,5.007820724021714,0.3854116242451027,0.23896099727595135,2.0
823228,2026-05-04,home,Trevor McDonald,686790,5.386667209611847,0.4515625785617075,0.29625647227547247,8.0
823552,2026-05-04,away,Shane Baz,669358,5.014504631745077,0.3865844169264192,0.23994050642658166,4.0
823552,2026-05-04,home,Cam Schlittler,693645,6.590321799829558,0.6439513372773318,0.4876485077730019,4.0
823874,2026-05-04,away,Aaron Nola,605400,5.270595467725229,0.4314074098032024,0.27835679412073955,5.0
823874,2026-05-04,home,Janson Junk,676083,4.289668917296401,0.26162167164093914,0.14298181651403705,6.0
824039,2026-05-04,away,Davis Martin,663436,5.676873547011929,0.5011297397949701,0.3419499342273639,10.0
824039,2026-05-04,home,José Soriano,667755,7.164251677790497,0.7197755986206237,0.5744649178770695,5.0
824120,2026-05-04,away,Tanner Bibee,676440,4.668526789745881,0.32609623256787923,0.1911281084097463,4.0
824120,2026-05-04,home,Michael Wacha,608379,5.225264176397461,0.42350056330391106,0.27144104219069637,3.0
824201,2026-05-04,away,Yoshinobu Yamamoto,808967,5.010100027666176,0.385811564436011,0.23929487803739408,8.0
824201,2026-05-04,home,Steven Okert,595345,1.7198275776444252,0.008436318339863148,0.001999587801678305,1.0
824283,2026-05-04,away,Payton Tolle,801139,4.964771117737247,0.37785808247567493,0.23268363098869638,8.0
824283,2026-05-04,home,Tyler Holton,663947,2.0219576734862907,0.017369161357746566,0.0048038051751342825,1.0
824363,2026-05-04,away,Huascar Brazobán,623211,1.962807346824645,0.015258476993954743,0.004102768608673057,0.0
824363,2026-05-04,home,Tomoyuki Sugano,608372,3.998704606131266,0.2146671841879351,0.11053904773237032,1.0
824684,2026-05-04,away,Chase Petty,695534,4.534506391299926,0.30297520958228374,0.17339564691737933,1.0
824684,2026-05-04,home,Edward Cabrera,665795,5.459268639821154,0.46408731013582655,0.30757660370232065,8.0
822743,2026-05-05,away,Taj Bradley,671737,6.048978659147133,0.5621550094683399,0.40156380158903415,8.0
822743,2026-05-05,home,Cade Cavalli,676917,6.194977928293009,0.585108485514827,0.4249826701634958,2.0
822986,2026-05-05,away,Kevin Gausman,592332,4.23460847039215,0.25252757417257343,0.13652169943710915,3.0
822986,2026-05-05,home,Drew Rasmussen,656876,5.2363541853718125,0.42543646398507867,0.2731287632208379,5.0
823142,2026-05-05,away,Bryce Elder,693821,4.845614940035445,0.35697164981013035,0.21560822061451698,9.0
823142,2026-05-05,home,George Kirby,669923,4.764162297715223,0.3427359723524186,0.20420802656440523,5.0
823227,2026-05-05,away,Walker Buehler,621111,4.921445131095474,0.37025838615839146,0.2264226086060466,5.0
823227,2026-05-05,home,Logan Webb,657277,5.869882154946601,0.5332005672142618,0.3728072134888932,4.0
823469,2026-05-05,away,Luis Severino,622663,5.404950747610266,0.45472333298111206,0.2990989423782321,3.0
823469,2026-05-05,home,Cristopher Sánchez,650911,6.038376163183697,0.5604645791307656,0.39986106610374594,10.0
823553,2026-05-05,away,Jacob deGrom,594798,5.444045714616332,0.4614671112933495,0.3051958667634416,7.0
823553,2026-05-05,home,Elmer Rodríguez,695684,4.211160788751997,0.24868177323841956,0.1338149650906921,2.0
823873,2026-05-05,away,Chris Bassitt,605135,4.547117252413548,0.30513882881311744,0.17503307869755078,3.0
823873,2026-05-05,home,Sandy Alcantara,645261,5.5902066652705145,0.4864761577304006,0.32819151574134475,5.0
824040,2026-05-05,away,Erick Fedde,607200,5.325801239512898,0.44101150262806127,0.2868375027079569,2.0
824040,2026-05-05,home,Sam Aldegheri,691951,4.0026878646706825,0.2152898496356331,0.11095423031873079,0.0
824119,2026-05-05,away,Gavin Williams,668909,6.187921713837519,0.5840134209227353,0.42385266406376004,7.0
824119,2026-05-05,home,Stephen Kolek,663568,4.490276735219253,0.2954094737418818,0.16770569760748127,3.0
824200,2026-05-05,away,Shohei Ohtani,660271,5.952868944680283,0.5467206024074782,0.38612734837676527,8.0
824200,2026-05-05,home,Peter Lambert,663567,5.2261326505982275,0.4236522003787995,0.2715731104609063,4.0
824281,2026-05-05,home,Framber Valdez,664285,4.835358168097865,0.35517659572289584,0.21416006466590384,3.0
824682,2026-05-05,away,Andrew Abbott,671096,3.9642736079440253,0.20931104424622493,0.10698478970000098,4.0
824682,2026-05-05,home,Jameson Taillon,592791,6.072466705936803,0.565888785385568,0.4053353599808026,5.0
825092,2026-05-05,away,Bubba Chandler,696149,4.038010873375498,0.22083833221945218,0.11467206015759224,4.0
825092,2026-05-05,home,Eduardo Rodriguez,593958,5.0342175197474255,0.39004316983757975,0.2428368435856612,7.0
822740,2026-05-06,away,Bailey Ober,641927,5.010019432937386,0.3857974228338534,0.23928306965881216,3.0
822740,2026-05-06,home,Miles Mikolas,571945,4.3055561528875455,0.2642614827640102,0.1448726322553077,3.0
822985,2026-05-06,away,Patrick Corbin,571578,3.9822374818890216,0.21209964811600715,0.10883143222779575,1.0
822985,2026-05-06,home,Shane McClanahan,663556,4.82212681334117,0.3528618867081139,0.2122972088374014,4.0
823063,2026-05-06,away,Brandon Sproat,687075,4.192277096773912,0.24559676939786504,0.1316545756752667,5.0
823063,2026-05-06,home,Andre Pallante,669467,4.562266237698931,0.3077414969439293,0.17700880468370667,3.0
823141,2026-05-06,away,Martín Pérez,527048,4.546207968588589,0.3049827329569762,0.17491479283191014,5.0
823141,2026-05-06,home,Bryan Woo,693433,4.235433133391354,0.2526631326975038,0.13661738163283277,9.0
823226,2026-05-06,home,Adrian Houser,605288,4.739036523861265,0.33835529369833456,0.2007388195377729,3.0
823470,2026-05-06,away,Jeffrey Springs,605488,4.583163924674792,0.31133800415871604,0.17974977385222782,4.0
823470,2026-05-06,home,Zack Wheeler,554430,6.450805765706362,0.6237676052027454,0.46571489460151494,4.0
823550,2026-05-06,away,Nathan Eovaldi,543135,4.8921054002610935,0.365114787610134,0.22221619374870638,8.0
823550,2026-05-06,home,Will Warren,701542,6.829865561986429,0.677037162610598,0.5246432887658503,7.0
823872,2026-05-06,away,Brandon Young,687064,4.527266649042332,0.30173436168340495,0.17245862332075212,5.0
823872,2026-05-06,home,Eury Pérez,691587,5.943366282268666,0.5451812893799085,0.38460134619583675,6.0
824036,2026-05-06,away,Noah Schultz,702273,5.37122819336444,0.44889032934962064,0.2938608247725298,3.0
824036,2026-05-06,home,Walbert Ureña,700712,5.496471835747176,0.4704764869235341,0.3134097732164031,5.0
824118,2026-05-06,away,Joey Cantillo,676282,4.5793689603465895,0.3106843689927869,0.1792506943650584,1.0
824118,2026-05-06,home,Cole Ragans,666142,5.935675243892176,0.5439337348452346,0.3833663670143336,4.0
824198,2026-05-06,away,Tyler Glasnow,607192,6.583572375086626,0.6429900978691889,0.48659323573289026,2.0
824198,2026-05-06,home,Lance McCullers Jr.,621121,4.930179380483908,0.37179010922005307,0.227680105335425,4.0
824282,2026-05-06,away,Sonny Gray,543243,3.636137866690464,0.16089163657598507,0.07629464066549034,2.0
824282,2026-05-06,home,Jack Flaherty,656427,5.219420306443185,0.4224800670516269,0.2705528120970518,10.0
824361,2026-05-06,away,Freddy Peralta,642547,5.446956268557938,0.4619683361001446,0.305650770122352,1.0
824361,2026-05-06,home,Michael Lorenzen,547179,3.737196966646648,0.1752604245915682,0.08512419049966505,2.0
824683,2026-05-06,away,Brady Singer,663903,3.6112284626454425,0.15743076945937873,0.07420444835338748,6.0
824683,2026-05-06,home,Colin Rea,607067,5.7329607256614015,0.5105336211997124,0.35089127749090165,5.0
825091,2026-05-06,away,Paul Skenes,694973,5.4042488471124575,0.45460207114578904,0.29898971376319156,7.0
825091,2026-05-06,home,Michael Soroka,647336,5.7645164249876055,0.5157951445127545,0.35593245501935666,6.0
822741,2026-05-07,away,Simeon Woods Richardson,680573,4.502851550672841,0.2975567635971165,0.16931493589673138,2.0
822741,2026-05-07,home,Jake Irvin,663623,5.525732655141168,0.4754866731396042,0.3180117091086859,2.0
823306,2026-05-07,away,Matthew Liberatore,669461,4.278882287810882,0.2598333165683882,0.14170484836357106,6.0
823306,2026-05-07,home,Michael King,650633,5.739338630025921,0.5115987959928668,0.35190961108810476,6.0
823467,2026-05-07,away,J.T. Ginn,669372,4.115290506518371,0.23313839814184978,0.12302946995265236,8.0
823467,2026-05-07,home,Andrew Painter,691725,4.797744711517234,0.3485994748812915,0.2088802196000111,2.0
823551,2026-05-07,away,MacKenzie Gore,669022,5.595170159081925,0.48731917326156937,0.3289773029095177,3.0
823551,2026-05-07,home,Paul Blackburn,621112,3.769567733379304,0.17997028348728994,0.08807053014098835,0.0
823870,2026-05-07,away,Cade Povich,700249,4.730986064096905,0.3369529482822308,0.19963213256991083,1.0
823870,2026-05-07,home,Max Meyer,676974,5.685297983057179,0.5025463551359582,0.3432912529346609,5.0
824117,2026-05-07,away,Slade Cecconi,677944,4.210643748376079,0.2485971582299934,0.13375558083547726,3.0
824117,2026-05-07,home,Seth Lugo,607625,5.164939794657517,0.4129550969611779,0.2623102666806441,5.0
824362,2026-05-07,away,Christian Scott,681035,4.673869683737531,0.3270231927280998,0.19184977754660779,6.0
824362,2026-05-07,home,Jose Quintana,500779,3.6737496068949445,0.16617873810474112,0.07951535533072829,2.0
824681,2026-05-07,away,Rhett Lowder,695076,3.868486878080327,0.1946675535013589,0.09742602706412405,1.0
824681,2026-05-07,home,Shota Imanaga,684007,6.577517048983357,0.6421263813667497,0.4856459483280675,10.0
824767,2026-05-07,away,Griffin Jax,643377,1.938647799909906,0.014449916791337948,0.003839878249324251,3.0
824767,2026-05-07,home,Jake Bennett,687562,3.6910232939314036,0.16863123917092257,0.08102053508336637,1.0
825090,2026-05-07,away,Mitch Keller,656605,4.658069447113254,0.3242829691166755,0.18971881020419398,4.0
825090,2026-05-07,home,Zac Gallen,668678,4.786800592601774,0.34668764557186815,0.2073532182429933,5.0
822822,2026-05-08,away,Reid Detmers,672282,4.847783803116376,0.3573513025088902,0.215914897698051,3.0
822822,2026-05-08,home,Dylan Cease,656302,7.4348175678832025,0.7513566901589837,0.6128760193223942,10.0
822904,2026-05-08,away,Ben Brown,676962,3.6687541581575456,0.16547232356562566,0.07908311762435197,3.0
822904,2026-05-08,home,Kumar Rocker,677958,4.430972000700258,0.28532515018293303,0.160208574806173,3.0
823225,2026-05-08,away,Carmen Mlodzinski,669387,5.276759517797424,0.4324812102801054,0.27930060699246,1.0
823225,2026-05-08,home,Robbie Ray,592662,6.372062494730574,0.6120901165269444,0.45323687439927485,7.0
823303,2026-05-08,away,Michael McGreevy,700241,3.982410492129026,0.2121265679376556,0.10884929946971145,9.0
823303,2026-05-08,home,Griffin Canning,656288,4.452139077036093,0.2889161065399614,0.1628668162986881,5.0
823466,2026-05-08,away,Chase Dollander,801403,4.6872804270925785,0.32935138598934877,0.19366599182729,5.0
823466,2026-05-08,home,Jesús Luzardo,666200,6.802258910236775,0.6733276102613486,0.5204292092809969,6.0
823794,2026-05-08,away,Max Fried,608331,5.1942530378700615,0.4180824026721542,0.26673649360664947,5.0
823794,2026-05-08,home,Jacob Misiorowski,694819,6.909969026264285,0.6876457296414119,0.5367896944625536,11.0
823871,2026-05-08,away,Foster Griffin,656492,4.780946236443204,0.3456653268124204,0.20653811096525945,9.0
823957,2026-05-08,away,Chris Sale,519242,6.118879825604932,0.5732211941417112,0.41278464855393643,7.0
823957,2026-05-08,home,Emmet Sheehan,686218,5.818133229676306,0.5246843328137484,0.3645124360088653,7.0
824116,2026-05-08,away,Keider Montero,672456,4.288908307701879,0.26149546200248314,0.14289159158636613,4.0
824116,2026-05-08,home,Kris Bubic,663460,6.128898458519856,0.5747958743766635,0.4143918426832333,5.0
824443,2026-05-08,away,Connor Prielipp,687570,4.57241657009739,0.3094874991939979,0.17833790298172272,6.0
824443,2026-05-08,home,Parker Messick,800048,5.911181459881371,0.5399505835211991,0.3794340536079685,7.0
824522,2026-05-08,away,Mike Burrows,681347,4.943849378035438,0.3741877844476442,0.22965299826072022,6.0
824522,2026-05-08,home,Nick Lodolo,666157,5.296319055640654,0.4358862219453827,0.2823007273351903,2.0
824607,2026-05-08,away,Emerson Hancock,676106,5.92329725218867,0.5419227407850803,0.3813790074143877,4.0
824607,2026-05-08,home,Sean Burke,680732,5.192739038276472,0.41781771308471366,0.2665073828863481,4.0
824768,2026-05-08,away,Jesse Scholtens,669947,3.882537887644904,0.19679107859161712,0.09879765338408919,4.0
824768,2026-05-08,home,Connelly Early,813349,4.143662467639374,0.237706866517268,0.12617371117627177,8.0
824846,2026-05-08,away,Jacob Lopez,682052,4.477771667619639,0.2932771315327093,0.16611211806262552,5.0
824846,2026-05-08,home,Kyle Bradish,680694,5.013632446425776,0.3864313798867829,0.23981261672562723,10.0
825088,2026-05-08,away,Nolan McLean,690997,5.857857412258698,0.5312273744224991,0.37087878980786987,6.0
825088,2026-05-08,home,Ryne Nelson,669194,4.618326985778167,0.3174048502519701,0.18440178532550652,7.0
822820,2026-05-09,away,Jack Kochanowicz,686799,4.115734953531552,0.23320975143520672,0.12307841251721773,0.0
822820,2026-05-09,home,Trey Yesavage,702056,5.612577193547817,0.4902721022467813,0.33173527507175565,6.0
822905,2026-05-09,away,Edward Cabrera,665795,5.184862556600261,0.4164404457403041,0.2653163219470352,6.0
822905,2026-05-09,home,Jack Leiter,683004,5.382424280189008,0.45082848509809276,0.29559767898260253,6.0
823224,2026-05-09,away,Braxton Ashcraft,677952,5.72757602919723,0.5096336454925462,0.3500317604812183,6.0
823224,2026-05-09,home,Landen Roupp,694738,6.291494909265784,0.5999354866988156,0.44041036715381904,8.0
823304,2026-05-09,away,Dustin May,669160,4.451093711827857,0.2887385392276108,0.16273507270522702,7.0
823304,2026-05-09,home,Randy Vásquez,681190,5.194253508695159,0.4180824849832597,0.2667365648641043,6.0
823468,2026-05-09,away,Kyle Freeland,607536,4.763738765012706,0.3426620825525017,0.2041493586724666,4.0
823468,2026-05-09,home,Aaron Nola,605400,6.0137748958127055,0.5565303780972095,0.3959097729719438,4.0
823792,2026-05-09,away,Cam Schlittler,693645,5.399719760764843,0.453819463821026,0.2982851083656972,6.0
823792,2026-05-09,home,Kyle Harrison,690986,5.521973045537108,0.4748436995159155,0.3174197605066721,6.0
823869,2026-05-09,home,Janson Junk,676083,4.926747202518081,0.37118818512565177,0.2271856785334075,6.0
823955,2026-05-09,away,Spencer Strider,675911,4.909117427363185,0.36809684895133526,0.22465184796604185,8.0
823955,2026-05-09,home,Blake Snell,605483,6.2704897098204,0.5967330106449967,0.43705791657865756,5.0
824115,2026-05-09,home,Michael Wacha,608379,5.011984303636144,0.3861421893492494,0.2395710072675669,6.0
824444,2026-05-09,away,Joe Ryan,657746,4.211943811797226,0.24880993260794282,0.13390492340548274,5.0
824444,2026-05-09,home,Tanner Bibee,676440,4.744023442762702,0.3392243004672226,0.20142555649586572,9.0
824523,2026-05-09,away,Spencer Arrighetti,681293,6.049236879863815,0.5621961407574005,0.40160526952239906,5.0
824523,2026-05-09,home,Chase Burns,695505,5.757140516097944,0.5145672448741285,0.3547535019423644,2.0
824606,2026-05-09,away,Luis Castillo,622491,5.159325355062201,0.4119724780028962,0.2614648651386187,6.0
824606,2026-05-09,home,Anthony Kay,641743,4.884147393692244,0.3637201909405763,0.2210800329216984,5.0
824847,2026-05-09,away,Aaron Civale,650644,4.33917375248065,0.26986948788553367,0.14891262018757542,6.0
824847,2026-05-09,home,Shane Baz,669358,5.222541926692275,0.4230252171744811,0.2710271818434484,5.0
825089,2026-05-09,away,Clay Holmes,605280,4.709406264124972,0.33319708826283323,0.19667739845379664,6.0
825089,2026-05-09,home,Merrill Kelly,518876,4.816912537853469,0.35195000058045417,0.21156473330214634,6.0
822819,2026-05-10,away,José Soriano,667755,5.0581547879179105,0.39424246924695744,0.24636858436905956,7.0
822902,2026-05-10,away,Jameson Taillon,592791,5.298553623372871,0.4362749927315346,0.28264397541539277,4.0
822902,2026-05-10,home,Jacob deGrom,594798,6.67923563640668,0.6564673203812879,0.5014882989044946,10.0
823221,2026-05-10,away,Bubba Chandler,696149,4.3716186581826415,0.27530918188792114,0.1528613023943857,3.0
823221,2026-05-10,home,Tyler Mahle,641816,5.656959291706579,0.49777541345174897,0.33878182189663136,8.0
823305,2026-05-10,away,Kyle Leahy,681517,4.563644284946075,0.3079784419806169,0.17718899961793794,5.0
823305,2026-05-10,home,Walker Buehler,621111,4.870351697671146,0.36130320586453313,0.21911532620022425,2.0
823463,2026-05-10,away,Tomoyuki Sugano,608372,3.9551552829429983,0.2079005521670335,0.10605393162855999,2.0
823463,2026-05-10,home,Cristopher Sánchez,650911,7.390840590852444,0.7464065919176615,0.6067603572357444,7.0
823793,2026-05-10,away,Carlos Rodón,607074,4.149201374690763,0.23860190742800255,0.12679224895528432,4.0
823793,2026-05-10,home,Logan Henderson,701656,5.258773121889171,0.429346968291129,0.27654886531033174,5.0
823868,2026-05-10,away,Cade Cavalli,676917,5.786941699556914,0.5195209667003312,0.3595190081058196,4.0
823868,2026-05-10,home,Sandy Alcantara,645261,5.550642598313037,0.4797409305624874,0.32193851818255975,3.0
823954,2026-05-10,away,Bryce Elder,693821,5.0693343317163535,0.39620332218389276,0.24802346072487982,8.0
823954,2026-05-10,home,Justin Wrobleski,680736,5.162884108106421,0.412595338255718,0.262000639634858,7.0
824113,2026-05-10,away,Brenan Hanifee,669724,1.8706486939970028,0.012334853921594129,0.0031682491081072286,0.0
824113,2026-05-10,home,Noah Cameron,702070,4.6719081277506715,0.32668283402431386,0.19158470114351903,4.0
824440,2026-05-10,home,Gavin Williams,668909,6.763599996302638,0.6680872034737214,0.5145050196151155,6.0
824520,2026-05-10,away,Kai-Wei Teng,678906,5.199697983653681,0.41903420722958956,0.26756091108779867,1.0
824520,2026-05-10,home,Andrew Abbott,671096,4.591660275550067,0.3128022092444532,0.18086925933882075,5.0
824605,2026-05-10,away,Logan Gilbert,669302,5.222950944741032,0.4230966414716195,0.2710893536756583,9.0
824605,2026-05-10,home,Davis Martin,663436,6.4365377288139465,0.6216667376261604,0.4634586790910355,9.0
824765,2026-05-10,away,Nick Martinez,607259,4.334099798505888,0.2690211810142847,0.14829948701204904,3.0
824765,2026-05-10,home,Payton Tolle,801139,4.719820168854138,0.33500897798853413,0.19810112516026712,4.0
824845,2026-05-10,away,Luis Severino,622663,5.377586243437136,0.4499911587635423,0.2948468756542072,4.0
824845,2026-05-10,home,Keegan Akin,669211,2.504449345582094,0.04231892008905445,0.01431153997669056,2.0
825085,2026-05-10,away,Huascar Brazobán,623211,1.6229333783732105,0.006454830801505769,0.0014471037788003915,0.0
825085,2026-05-10,home,Eduardo Rodriguez,593958,4.704480224030766,0.33234042147581166,0.19600535144488812,4.0
822818,2026-05-11,away,Drew Rasmussen,656876,4.64733953616034,0.32242389003042465,0.18827718571314556,6.0
822818,2026-05-11,home,Kevin Gausman,592332,4.130537787266269,0.23559012846017516,0.12471418390569981,5.0
822901,2026-05-11,away,Michael Soroka,647336,5.1094833964679545,0.40324251868669636,0.25399434946973487,5.0
822901,2026-05-11,home,Jakob Junis,596001,3.785616759266295,0.18232400030611207,0.08955242993316807,2.0
823953,2026-05-11,away,Trevor McDonald,686790,5.432479746844254,0.4594741733805057,0.30338951373249495,4.0
823953,2026-05-11,home,Roki Sasaki,808963,4.65035110330529,0.3229455276193953,0.18868135446212245,5.0
824199,2026-05-11,away,George Kirby,669923,4.734740870908869,0.3376069361451372,0.2001480051212289,7.0
824199,2026-05-11,home,Peter Lambert,663567,5.906060140608128,0.5391158463861577,0.3786120294549215,6.0
824441,2026-05-11,away,Brent Suter,608718,2.6486922241077977,0.052698566498008866,0.01877167532182742,1.0
824441,2026-05-11,home,Joey Cantillo,676282,4.638723463308692,0.32093215048314566,0.18712281997699057,4.0
824844,2026-05-11,away,Ryan Weathers,677960,5.878470555119009,0.5346077269163807,0.37418486398268774,9.0
824844,2026-05-11,home,Brandon Young,687064,4.205689269888677,0.24778676150756287,0.13318720005908213,5.0
822817,2026-05-12,away,Shane McClanahan,663556,4.199353801163412,0.24675158322768306,0.1324621401138559,7.0
822817,2026-05-12,home,Patrick Corbin,571578,4.019340711262485,0.21789970027608543,0.11269892416532586,1.0
822903,2026-05-12,away,Zac Gallen,668678,3.92280480583637,0.20292391108194796,0.10278676382291564,4.0
822903,2026-05-12,home,MacKenzie Gore,669022,5.517563794743051,0.47408933227221595,0.3167257717776931,5.0
823385,2026-05-12,away,Michael Lorenzen,547179,4.5385878226933345,0.30367514977629867,0.17392486554429462,5.0
823385,2026-05-12,home,Paul Skenes,694973,7.1080576875690085,0.7128789704701755,0.5662624408724661,10.0
823632,2026-05-12,away,Jack Flaherty,656427,5.124340828142148,0.4058460021790043,0.2562146486566945,2.0
823632,2026-05-12,home,Freddy Peralta,642547,5.454054203576393,0.46319016413032577,0.3067607000643665,7.0
823712,2026-05-12,away,Eury Pérez,691587,5.200293523154626,0.41913829861974644,0.2676511235522422,8.0
823712,2026-05-12,home,Bailey Ober,641927,4.918901354576484,0.3698123238075808,0.22605682459821394,7.0
823790,2026-05-12,away,Bradgley Rodriguez,699134,1.3280565658660521,0.0024767959962998447,0.00045750315680990436,1.0
823790,2026-05-12,home,Brandon Sproat,687075,4.948917556268923,0.37507682670234793,0.23038592224920248,6.0
823951,2026-05-12,away,Adrian Houser,605288,3.603088981366239,0.15630701265340016,0.07352885309343161,4.0
823951,2026-05-12,home,Yoshinobu Yamamoto,808967,6.033014217199744,0.559608510638129,0.3989999047484905,8.0
824197,2026-05-12,away,Bryan Woo,693433,4.298712272355992,0.2631234687968077,0.14405665066475998,9.0
824197,2026-05-12,home,Tatsuya Imai,837227,5.288082464324395,0.4344528000859414,0.2810364013674445,3.0
824442,2026-05-12,away,Walbert Ureña,700712,4.309885427721298,0.26498201296781637,0.14538993944194673,4.0
824442,2026-05-12,home,Slade Cecconi,677944,4.973325791462762,0.3793590032557776,0.23392665567867368,7.0
824521,2026-05-12,away,Miles Mikolas,571945,4.302028373478172,0.263674718857338,0.14445174724525897,2.0
824521,2026-05-12,home,Brady Singer,663903,4.327804149930931,0.2679695403930149,0.1475403860851414,2.0
824604,2026-05-12,away,Stephen Kolek,663568,4.748791797035663,0.34005543954665823,0.20208304398652746,6.0
824604,2026-05-12,home,Erick Fedde,607200,4.3445532707087935,0.27076959766810893,0.1495639792126464,2.0
824764,2026-05-12,away,Zack Wheeler,554430,5.526817565319349,0.4756721732851488,0.3181825632479417,4.0
824764,2026-05-12,home,Jovani Morán,663558,3.8566643230233395,0.19288755693131399,0.09628013082648901,2.0
824843,2026-05-12,away,Will Warren,701542,6.407274834322211,0.6173370529166957,0.4588245522537141,6.0
824843,2026-05-12,home,Trevor Rogers,669432,4.199799378636304,0.24682434722856003,0.13251306977967256,3.0
824927,2026-05-12,away,Colin Rea,607067,4.737101715007394,0.33801820321518755,0.20047262653536152,1.0
824927,2026-05-12,home,Grant Holmes,656550,4.214885903761208,0.24929163993059344,0.1342431955480202,5.0
825011,2026-05-12,away,Andre Pallante,669467,4.648064874743588,0.3225495160436865,0.18837449776303145,4.0
825011,2026-05-12,home,Jeffrey Springs,605488,4.783787090458849,0.34616137805144925,0.20693349411927234,5.0
822815,2026-05-13,away,Griffin Jax,643377,3.0878142094923344,0.0930290415291972,0.03813138575524482,1.0
822815,2026-05-13,home,Dylan Cease,656302,6.71355829834742,0.6612250133444565,0.5067981793061567,9.0
822900,2026-05-13,away,Ryne Nelson,669194,4.886468955078783,0.364127005369315,0.221411268564776,8.0
822900,2026-05-13,home,Kumar Rocker,677958,4.388507482273245,0.27815090345423205,0.15493579060249993,3.0
823386,2026-05-13,away,Jose Quintana,500779,3.939547492944887,0.20549411192150627,0.10447075191681097,2.0
823386,2026-05-13,home,Mitch Keller,656605,5.96915897897285,0.5493539332550109,0.38874356713679564,3.0
823631,2026-05-13,away,Framber Valdez,664285,4.180250964084927,0.24363789851987486,0.1302878497942745,7.0
823631,2026-05-13,home,Christian Scott,681035,5.909085076104199,0.5396089679651958,0.3790975547007795,5.0
823710,2026-05-13,away,Max Meyer,676974,5.195312240432198,0.41826757208108206,0.2668968127450079,9.0
823710,2026-05-13,home,Simeon Woods Richardson,680573,4.358469141108966,0.2731013987985144,0.15125512327210208,1.0
823791,2026-05-13,away,Michael King,650633,5.371129330806273,0.4488732084991712,0.2938454982478093,5.0
823791,2026-05-13,home,Jacob Misiorowski,694819,7.296642541135876,0.7355647612625376,0.5934908498997866,10.0
823952,2026-05-13,away,Robbie Ray,592662,5.444473314021817,0.4615407554129815,0.3052626897132564,2.0
823952,2026-05-13,home,Shohei Ohtani,660271,6.555282699829455,0.6389441771437996,0.48216334930524324,8.0
824195,2026-05-13,away,Bryce Miller,682243,3.9548131368759143,0.20784769227680236,0.10601908829000362,3.0
824195,2026-05-13,home,Lance McCullers Jr.,621121,5.651074406084433,0.4967826772387131,0.3378463307393637,6.0
824438,2026-05-13,away,Reid Detmers,672282,4.915354634043761,0.3691904221882736,0.2255471629527157,6.0
824438,2026-05-13,home,Parker Messick,800048,6.147270906492791,0.57767601207241,0.4173382616919862,7.0
824519,2026-05-13,away,Jake Irvin,663623,5.03505089607655,0.3901893827301229,0.24295953165739076,4.0
824519,2026-05-13,home,Nick Lodolo,666157,5.5807432550916385,0.4848676403110586,0.32669412698960487,6.0
824603,2026-05-13,away,Seth Lugo,607625,5.820447589749976,0.5250665534329703,0.36488314480216727,4.0
824603,2026-05-13,home,Noah Schultz,702273,4.541447622069241,0.304165760891058,0.1742960960759083,3.0
824763,2026-05-13,away,Andrew Painter,691725,4.356775401364999,0.272817330988778,0.15104881323472535,4.0
824763,2026-05-13,home,Sonny Gray,543243,3.852733248623567,0.19229707342520017,0.09590077477982265,6.0
824841,2026-05-13,away,Max Fried,608331,5.710303348785145,0.5067426235689507,0.34727616531707867,2.0
824841,2026-05-13,home,Kyle Bradish,680694,5.484441548531775,0.46841271526935985,0.31152126543868935,7.0
824928,2026-05-13,away,Shota Imanaga,684007,5.747465027698443,0.5129547187599972,0.3532075458105535,6.0
824928,2026-05-13,home,JR Ritchie,702275,4.231361147711265,0.25199397425000275,0.1361452460285561,4.0
825010,2026-05-13,away,Matthew Liberatore,669461,4.156965315961308,0.239858205746984,0.1276618344406556,5.0
825010,2026-05-13,home,J.T. Ginn,669372,4.5345704779953255,0.3029861977947522,0.17340395132934036,3.0
823383,2026-05-14,away,Chase Dollander,801403,4.728288748635269,0.33648323344820513,0.19926186909230884,0.0
823383,2026-05-14,home,Mason Montgomery,682254,1.818542236237492,0.010868665058346348,0.0027174003269296097,3.0
823630,2026-05-14,away,Keider Montero,672456,4.163084897806919,0.240849823157721,0.12834936009897915,2.0
823630,2026-05-14,home,Nolan McLean,690997,6.860776379272865,0.6811582574785782,0.5293449768768069,7.0
823709,2026-05-14,away,Braxton Garrett,666129,3.54724348825043,0.14869323825328037,0.06899197013323108,3.0
823709,2026-05-14,home,Zebby Matthews,805673,4.0441601191041805,0.22180908690000692,0.11532587738856884,5.0
823789,2026-05-14,away,Griffin Canning,656288,4.326862066824639,0.2678122606781353,0.14742695246526097,2.0
823789,2026-05-14,home,Kyle Harrison,690986,5.906716397696477,0.5392228481388078,0.37871736177092863,7.0
823950,2026-05-14,away,Landen Roupp,694738,5.577506821204814,0.484317171494675,0.32618227127188343,7.0
823950,2026-05-14,home,Emmet Sheehan,686218,6.696140783794421,0.6588158252648361,0.5041059746222676,6.0
824196,2026-05-14,away,Luis Castillo,622491,4.94819981079689,0.37495091934524605,0.23028207892497551,6.0
824196,2026-05-14,home,Mike Burrows,681347,6.181146960071051,0.5829606398202332,0.4227675040460119,4.0
824517,2026-05-14,away,Foster Griffin,656492,5.758357540463832,0.5147699305446439,0.3549480041455584,7.0
824517,2026-05-14,home,Chase Burns,695505,5.867557288592208,0.5328193425521291,0.37243433004428267,7.0
824602,2026-05-14,away,Kris Bubic,663460,5.195782864608228,0.41834984406579595,0.2669680540798017,4.0
824602,2026-05-14,home,Anthony Kay,641743,4.427742328151826,0.28477808971459945,0.15980472042849786,4.0
824762,2026-05-14,away,Jesús Luzardo,666200,5.696639617173361,0.5044512400324672,0.3450980259404362,4.0
824762,2026-05-14,home,Ranger Suarez,624133,5.077897885888287,0.3977051394200692,0.24929340138967584,8.0
824926,2026-05-14,away,Ben Brown,676962,3.85344237974718,0.19240354043514785,0.09596914590315112,7.0
824926,2026-05-14,home,Chris Sale,519242,6.977018284041528,0.6963469446518193,0.5468590142682033,8.0
825008,2026-05-14,away,Michael McGreevy,700241,4.776424161358435,0.34487584534548427,0.20590933038806586,3.0
825008,2026-05-14,home,Jacob Lopez,682052,4.700483627310611,0.33164558478906225,0.1954607752750134,2.0
822739,2026-05-15,away,Shane Baz,669358,5.391532446136903,0.45240406566832037,0.29701228192573265,4.0
822739,2026-05-15,home,Zack Littell,641793,4.221247648392145,0.25033414682052374,0.13497608960269258,3.0
822983,2026-05-15,away,Janson Junk,676083,4.203109321016191,0.24736506288427743,0.132891701819266,4.0
822983,2026-05-15,home,Ian Seymour,693855,5.274447243284093,0.4320784437424979,0.27894646757612723,2.0
823061,2026-05-15,away,Michael Wacha,608379,4.723609543094015,0.33566856222921276,0.19862018661935002,5.0
823061,2026-05-15,home,Dustin May,669160,4.635711365298248,0.3204108871554602,0.18671995140842199,3.0
823140,2026-05-15,away,Randy Vásquez,681190,5.269705925462812,0.4312524199952014,0.27822065751339337,3.0
823140,2026-05-15,home,Emerson Hancock,676106,6.445874789026295,0.623042313336567,0.46493540653094184,6.0
823384,2026-05-15,away,Aaron Nola,605400,5.078726033923794,0.39785036420632863,0.24941631751781065,2.0
823384,2026-05-15,home,Braxton Ashcraft,677952,5.479115076210743,0.4674982660013043,0.31068579744279345,5.0
823629,2026-05-15,away,Cam Schlittler,693645,5.157398903067979,0.4116352777737651,0.26117496499050824,9.0
823629,2026-05-15,home,Clay Holmes,605280,5.542770558179289,0.4783976158118277,0.32069668950249264,8.0
823707,2026-05-15,away,Coleman Crow,689441,3.432962027830082,0.13365487862693848,0.06024321998776994,3.0
823707,2026-05-15,home,Joe Ryan,657746,4.766768996717669,0.34319077281173915,0.20456924922738914,7.0
824037,2026-05-15,home,Jack Kochanowicz,686799,4.444342159907564,0.2875922637521962,0.1618853542832059,4.0
824194,2026-05-15,away,Jack Leiter,683004,5.445549857065463,0.4617261536947294,0.30543093901168883,6.0
824194,2026-05-15,home,Spencer Arrighetti,681293,5.858494539227812,0.5313320109476641,0.3709809530041016,5.0
824280,2026-05-15,away,Trey Yesavage,702056,4.864789965673682,0.36032904441013097,0.2183250262087065,6.0
824280,2026-05-15,home,Brenan Hanifee,669724,1.6099864648036901,0.006218349084454966,0.001383392090119309,1.0
824360,2026-05-15,away,Merrill Kelly,518876,5.330733632867271,0.4418680853507116,0.28759818632804207,3.0
824360,2026-05-15,home,Kyle Freeland,607536,4.6302962262205805,0.3194740727813493,0.18599657395300254,3.0
824439,2026-05-15,away,Andrew Abbott,671096,4.04544738939517,0.2220124816874284,0.11546299272296708,2.0
824439,2026-05-15,home,Tanner Bibee,676440,5.8694112269411,0.5331233564401469,0.3727316801614638,2.0
824601,2026-05-15,away,Edward Cabrera,665795,5.78416409284703,0.5190600949018032,0.3590746084177328,2.0
824601,2026-05-15,home,Sean Burke,680732,4.341887118606643,0.27032340100250707,0.14924099081118,5.0
824925,2026-05-15,away,Connelly Early,813349,4.7716045870695725,0.34403460933749014,0.2052399849095071,6.0
824925,2026-05-15,home,Spencer Strider,675911,5.767406160822854,0.5162758845782157,0.3563944431135165,4.0
825009,2026-05-15,away,Tyler Mahle,641816,4.800301985628943,0.34904633435149085,0.20923763444021362,6.0
825009,2026-05-15,home,Aaron Civale,650644,4.658867433419255,0.3244212884351267,0.189826202900898,2.0
822737,2026-05-16,away,Chris Bassitt,605135,4.149710831630888,0.2386842825782981,0.12684921763370252,4.0
822737,2026-05-16,home,Cade Cavalli,676917,6.195453270341227,0.5851822010736072,0.4250587841267288,8.0
822981,2026-05-16,away,Sandy Alcantara,645261,4.365350507939026,0.27425624275101274,0.1520946775802427,6.0
822981,2026-05-16,home,Nick Martinez,607259,4.735788989674351,0.337789515314551,0.20029209857770577,4.0
823060,2026-05-16,away,Noah Cameron,702070,4.696273997702039,0.3309139021967425,0.19488782159858023,4.0
823060,2026-05-16,home,Kyle Leahy,681517,4.990078007585907,0.38229836497393715,0.23636715969655236,2.0
823139,2026-05-16,away,Walker Buehler,621111,5.025030392378264,0.38843127078945644,0.24148563591892463,6.0
823139,2026-05-16,home,Logan Gilbert,669302,6.312420603627023,0.6031121408278497,0.44374688651716615,5.0
823382,2026-05-16,away,Cristopher Sánchez,650911,6.087782367225502,0.5683151267694706,0.40779410154026285,13.0
823382,2026-05-16,home,Bubba Chandler,696149,4.360253537702827,0.27340074785467416,0.15147261839111595,2.0
823627,2026-05-16,away,Carlos Rodón,607074,4.653710584701704,0.3235275672425562,0.18913263218217632,6.0
823627,2026-05-16,home,Huascar Brazobán,623211,2.024309831798334,0.017457017585097896,0.004833429334890291,2.0
823706,2026-05-16,away,Logan Henderson,701656,4.623822756694849,0.31835470010409694,0.1851333399053648,7.0
823706,2026-05-16,home,Connor Prielipp,687570,5.0215783194791666,0.38782557749100516,0.2409785389553117,8.0
824038,2026-05-16,away,Justin Wrobleski,680736,5.111507808548367,0.40359730978484576,0.2542965425271152,5.0
824038,2026-05-16,home,José Soriano,667755,5.907557450988953,0.5393599648809851,0.37885235633249864,6.0
824193,2026-05-16,away,Jacob deGrom,594798,6.141392992647003,0.576755634979268,0.41639574471106633,4.0
824193,2026-05-16,home,Kai-Wei Teng,678906,5.458974868157075,0.46403677701673335,0.3075306259607024,7.0
824278,2026-05-16,away,Mason Fluharty,689254,1.9614028108351478,0.015210632543996147,0.004087122633600503,3.0
824278,2026-05-16,home,Casey Mize,663554,4.100377582229256,0.23074819201298738,0.12139303999764339,4.0
824359,2026-05-16,away,Eduardo Rodriguez,593958,5.315300640044235,0.43918706249980205,0.28521966510312463,6.0
824359,2026-05-16,home,Tomoyuki Sugano,608372,3.6237991067222146,0.15917321939055984,0.07525500592239723,1.0
824435,2026-05-16,away,Chris Paddack,663978,3.5404669670004805,0.14778095761538476,0.068453138142876,3.0
824435,2026-05-16,home,Joey Cantillo,676282,4.289247304575433,0.2615517105413941,0.14293180064635963,4.0
824600,2026-05-16,away,Jameson Taillon,592791,4.639871598521613,0.32113087506752036,0.18727647705621048,2.0
824600,2026-05-16,home,Davis Martin,663436,6.555486710053069,0.638973451961487,0.48219533392059033,7.0
824924,2026-05-16,away,Payton Tolle,801139,5.137310254157906,0.40811788513628294,0.2581574210386492,3.0
824924,2026-05-16,home,Bryce Elder,693821,5.695414027042087,0.5042455225900723,0.34490273059601745,3.0
825007,2026-05-16,away,Trevor McDonald,686790,5.351289202208289,0.4454349998614103,0.2907733401794101,5.0
825007,2026-05-16,home,Luis Severino,622663,4.902038965669798,0.366855931405586,0.22363727827340327,7.0
822738,2026-05-17,away,Brandon Young,687064,4.185364184667118,0.24447020321725152,0.13086807825205063,3.0
822738,2026-05-17,home,Richard Lovelady,663992,3.38550560431353,0.12763236759030205,0.05682110737553803,1.0
822982,2026-05-17,away,Eury Pérez,691587,5.730225910926848,0.510076612850261,0.3504547131632748,5.0
822982,2026-05-17,home,Drew Rasmussen,656876,5.692958413856258,0.5038332510351983,0.3445114720990859,2.0
823058,2026-05-17,away,Stephen Kolek,663568,4.296943711979828,0.26282959504308995,0.14384614752185892,3.0
823058,2026-05-17,home,Andre Pallante,669467,5.090910123044738,0.39998675140657247,0.2512268408207427,7.0
823138,2026-05-17,away,Lucas Giolito,608337,4.7952294475982375,0.34816000328241775,0.2085288996240673,3.0
823138,2026-05-17,home,George Kirby,669923,5.744098214368174,0.5123931252358904,0.3526697468638121,6.0
823381,2026-05-17,away,Zack Wheeler,554430,5.173257912518748,0.41441057839697665,0.2635641878717558,8.0
823381,2026-05-17,home,Paul Skenes,694973,6.42175163894387,0.619482520792791,0.4611182395582404,7.0
823628,2026-05-17,away,Elmer Rodríguez,695684,3.72962124679405,0.174165532431802,0.08444291014355475,1.0
823628,2026-05-17,home,Freddy Peralta,642547,5.764342162190811,0.5157661480392711,0.3559045969991649,4.0
823708,2026-05-17,away,Robert Gasser,688107,3.370917128744789,0.1258079535505808,0.055793895412249946,3.0
823708,2026-05-17,home,Bailey Ober,641927,4.914179445248566,0.36898436637520476,0.22537837689958076,1.0
824034,2026-05-17,away,Roki Sasaki,808963,5.408020430174618,0.4552535828673019,0.29957674043438065,8.0
824034,2026-05-17,home,Grayson Rodriguez,680570,5.302557307887477,0.4369714323656692,0.2832592282248,4.0
824192,2026-05-17,away,Nathan Eovaldi,543135,5.259521441027733,0.4294774241617601,0.27666321308317904,8.0
824192,2026-05-17,home,Peter Lambert,663567,5.660504850494798,0.4983731956210337,0.3393456034066257,6.0
824279,2026-05-17,away,Kevin Gausman,592332,5.101104861892377,0.40177396662252,0.2527447844606599,5.0
824279,2026-05-17,home,Jack Flaherty,656427,5.592375438935182,0.4868445636678013,0.3285348265423548,4.0
824358,2026-05-17,away,Michael Soroka,647336,4.898287178302482,0.36619827992723386,0.22310017835604085,8.0
824358,2026-05-17,home,Michael Lorenzen,547179,3.7307871966195085,0.1743338597274943,0.08454755934280674,5.0
824436,2026-05-17,away,Brady Singer,663903,3.552549003327215,0.14940925658058804,0.06941560204291722,6.0
824436,2026-05-17,home,Gavin Williams,668909,6.792831936510244,0.6720546492180905,0.5189870412775256,7.0
824599,2026-05-17,away,Colin Rea,607067,4.65818909623199,0.32430370803511316,0.1897349109647006,4.0
824599,2026-05-17,home,Erick Fedde,607200,4.411490058786833,0.2820286798886214,0.15777949640572206,2.0
824923,2026-05-17,away,Brayan Bello,678394,3.6928953897600776,0.16889794578932504,0.0811846467531898,1.0
824923,2026-05-17,home,Grant Holmes,656550,4.581288210981471,0.31101490758660394,0.1795030235949288,4.0
825006,2026-05-17,away,Adrian Houser,605288,3.6758955820156416,0.16648259572456942,0.07970145914554382,3.0
825006,2026-05-17,home,Jeffrey Springs,605488,4.832220717050349,0.35462762872478626,0.21371779951669284,3.0
822734,2026-05-18,away,Christian Scott,681035,5.041473138516354,0.3913161122112921,0.24390565804394665,5.0
822734,2026-05-18,home,Jake Irvin,663623,5.041021363761563,0.3912368538954054,0.24383906458276597,6.0
822980,2026-05-18,away,Trevor Rogers,669432,4.502467337567828,0.29749111033951475,0.16926566685332076,3.0
822980,2026-05-18,home,Shane McClanahan,663556,6.066654831947564,0.5649663319560614,0.40440221219924366,6.0
823137,2026-05-18,away,Noah Schultz,702273,4.5650623853310766,0.3082223064542459,0.1773745135558432,6.0
823137,2026-05-18,home,Bryan Woo,693433,5.866902246522451,0.5327119070261781,0.37232927189171827,8.0
823301,2026-05-18,away,Yoshinobu Yamamoto,808967,6.065390967581946,0.564765608015191,0.4041992795297183,8.0
823301,2026-05-18,home,Michael King,650633,5.846265076221003,0.5293218442975566,0.3690202438267151,9.0
823465,2026-05-18,away,Nick Lodolo,666157,5.411395164240056,0.45583638491356065,0.3001022052230447,3.0
823465,2026-05-18,home,Andrew Painter,691725,4.696065451207169,0.3308776595443984,0.19485945465746626,3.0
823549,2026-05-18,away,Patrick Corbin,571578,3.9078579004697755,0.20063933913453016,0.10129595249670972,3.0
823549,2026-05-18,home,Ryan Weathers,677960,5.902986987068819,0.5386146299653685,0.3781187887704714,7.0
823705,2026-05-18,away,Tatsuya Imai,837227,5.163521652087533,0.412706915166871,0.26209665533967436,5.0
823867,2026-05-18,away,JR Ritchie,702275,4.347918835623041,0.2713331015228753,0.14997216602092853,4.0
823867,2026-05-18,home,Max Meyer,676974,6.643770992781944,0.6515080211147495,0.4959822557615923,6.0
824035,2026-05-18,away,J.T. Ginn,669372,5.040207023728215,0.39109398723355165,0.24371904196218439,10.0
824035,2026-05-18,home,Walbert Ureña,700712,4.758812807927122,0.34180281152219777,0.20346748759951366,4.0
824114,2026-05-18,away,Sonny Gray,543243,3.444371238962307,0.13512255495385617,0.061084362794901155,9.0
824114,2026-05-18,home,Seth Lugo,607625,5.275763863306449,0.4323077868756245,0.2791481024483668,5.0
824277,2026-05-18,away,Slade Cecconi,677944,4.559531820632545,0.30727142699655846,0.17665148108457276,4.0
824277,2026-05-18,home,Framber Valdez,664285,5.384338849322449,0.4511597631800353,0.29589491170125787,3.0
824357,2026-05-18,away,MacKenzie Gore,669022,5.0520472052690755,0.39317111106532465,0.2454659470731628,2.0
824357,2026-05-18,home,Jose Quintana,500779,3.508328741512897,0.14348920677308127,0.06593213945614385,4.0
824680,2026-05-18,away,Brandon Sproat,687075,4.729388062051158,0.33667466090051174,0.199412740673877,5.0
824680,2026-05-18,home,Shota Imanaga,684007,5.3966592644627775,0.4532904740150372,0.29780917716694527,2.0
825087,2026-05-18,away,Robbie Ray,592662,4.7760739265727326,0.34481470692045274,0.2058606616640434,1.0
825087,2026-05-18,home,Zac Gallen,668678,4.701329426262741,0.33179261825947176,0.19557597370855717,5.0
822736,2026-05-19,away,Nolan McLean,690997,5.705491530724866,0.5059361310599266,0.3465089359280032,5.0
822736,2026-05-19,home,Foster Griffin,656492,5.609133059375161,0.48968827999934333,0.33118931807389745,5.0
822979,2026-05-19,away,Kyle Bradish,680694,5.115812291859817,0.4043516454516969,0.25493944521680406,6.0
822979,2026-05-19,home,Griffin Jax,643377,4.523545171119107,0.3010968868767855,0.1719778179316586,6.0
823059,2026-05-19,away,Mitch Keller,656605,4.3622458500078105,0.27373506930140445,0.15171562827834872,3.0
823059,2026-05-19,home,Matthew Liberatore,669461,4.863690484717052,0.36013648318217184,0.21816891553014134,9.0
823136,2026-05-19,away,Anthony Kay,641743,4.458401736490869,0.2899803680846535,0.1636570785304249,5.0
823136,2026-05-19,home,Bryce Miller,682243,5.332492379143355,0.4421734543322398,0.28786953786615044,7.0
823302,2026-05-19,away,Emmet Sheehan,686218,6.198200404617844,0.5856080913558863,0.42549864550661515,2.0
823302,2026-05-19,home,Griffin Canning,656288,5.256842494342454,0.42901037623842386,0.2762539092573762,5.0
823464,2026-05-19,away,Chase Burns,695505,5.722498503737326,0.5087844448843418,0.34922147633161477,9.0
823464,2026-05-19,home,Jesús Luzardo,666200,6.196319177899076,0.5853164677554059,0.42519743430714463,5.0
823548,2026-05-19,away,Dylan Cease,656302,6.528071607486828,0.6350268020924054,0.4778923249867254,9.0
823548,2026-05-19,home,Will Warren,701542,6.589205924957808,0.6437925245039939,0.48747408466122655,3.0
823704,2026-05-19,away,Jason Alexander,669920,3.4100044737533763,0.13072477403954882,0.0585723261308471,4.0
823704,2026-05-19,home,Zebby Matthews,805673,4.402848338773963,0.280569166851525,0.15670744271837114,6.0
823865,2026-05-19,away,Martín Pérez,527048,3.9498869032495434,0.20708714391007313,0.1055180959966374,10.0
823865,2026-05-19,home,Braxton Garrett,666129,4.70058657236888,0.33166348030821163,0.19547479502766213,2.0
824033,2026-05-19,away,Jacob Lopez,682052,4.63073081591535,0.31954924155930975,0.18605458562680285,2.0
824033,2026-05-19,home,Reid Detmers,672282,5.627480420250971,0.49279583685810985,0.33409918441562675,8.0
824112,2026-05-19,away,Ranger Suarez,624133,4.918127679505287,0.3696766601789358,0.22594561401037436,3.0
824112,2026-05-19,home,Bailey Falter,663559,3.777801359695296,0.1811762831804495,0.08882904091086223,2.0
824276,2026-05-19,away,Parker Messick,800048,5.8767084959754685,0.5343191704606158,0.37390219458422325,6.0
824276,2026-05-19,home,Keider Montero,672456,3.7639375334334977,0.17914747634855574,0.08755397819628316,1.0
824356,2026-05-19,away,Tyler Alexander,641302,2.9766372813282804,0.08158090656743626,0.032344555609025195,1.0
824677,2026-05-19,away,Jacob Misiorowski,694819,6.844795188790926,0.6790318991303383,0.5269163992060033,8.0
824677,2026-05-19,home,Ben Brown,676962,4.497025878014549,0.2965615893455818,0.16856856532093673,6.0
825086,2026-05-19,away,Landen Roupp,694738,5.383664400742731,0.45104306843157566,0.2957901975820874,3.0
825086,2026-05-19,home,Ryne Nelson,669194,5.072640816380798,0.3967832127437656,0.24851356369421782,3.0
822735,2026-05-20,home,Zack Littell,641793,4.003802525671793,0.21546420495926666,0.11107056150474444,3.0
822977,2026-05-20,away,Shane Baz,669358,4.415140607489562,0.28264573384666164,0.1582333720366366,6.0
822977,2026-05-20,home,Steven Matz,571927,4.582254829179489,0.3111814031903006,0.17963016439766516,5.0
823057,2026-05-20,away,Carmen Mlodzinski,669387,4.0309662742494226,0.21972797904556343,0.11392544210894921,1.0
823057,2026-05-20,home,Michael McGreevy,700241,5.017441808042627,0.38709978236762405,0.24037134963497536,1.0
823134,2026-05-20,away,Sean Burke,680732,4.7692533397002395,0.3436242793608935,0.20491374324050712,5.0
823134,2026-05-20,home,Emerson Hancock,676106,6.543703552318734,0.6372802859510134,0.48034707605000043,4.0
823299,2026-05-20,away,Shohei Ohtani,660271,6.569660472189602,0.6410038683634119,0.48441612541470513,4.0
823299,2026-05-20,home,Randy Vásquez,681190,4.670469127919713,0.3264331762651232,0.19139033472874972,0.0
823462,2026-05-20,away,Andrew Abbott,671096,4.446476361000794,0.2879545035061096,0.16215373827882354,3.0
823462,2026-05-20,home,Aaron Nola,605400,5.0414609157727455,0.39131396788534506,0.2439038562858538,5.0
823547,2026-05-20,away,Trey Yesavage,702056,5.179009552411652,0.4154167486062745,0.2644321997828495,8.0
823547,2026-05-20,home,Cam Schlittler,693645,6.014904687453126,0.5567114130063451,0.3960912405476836,7.0
823703,2026-05-20,away,Mike Burrows,681347,5.520654318715455,0.4746181148213096,0.3172121731970528,2.0
823703,2026-05-20,home,Joe Ryan,657746,5.239256036866294,0.42594286052332114,0.27357083094752566,9.0
823866,2026-05-20,away,Chris Sale,519242,6.3802252545490665,0.6133100105963598,0.45453324417202623,8.0
823866,2026-05-20,home,Janson Junk,676083,5.204688873141493,0.41990646572055956,0.26831718730766785,3.0
824032,2026-05-20,away,Aaron Civale,650644,4.583616030272699,0.3114158887805614,0.17980926978477546,2.0
824032,2026-05-20,home,Jack Kochanowicz,686799,4.613785916490792,0.3166203293680746,0.18379821985895833,7.0
824111,2026-05-20,away,Connelly Early,813349,4.457213207868299,0.28977832976604245,0.16350697054221414,5.0
824111,2026-05-20,home,Michael Wacha,608379,4.984165629380529,0.381260953059891,0.23550487643003634,8.0
824273,2026-05-20,away,Tanner Bibee,676440,5.110984083194493,0.4035055250754123,0.2542183534897919,5.0
824355,2026-05-20,away,Jack Leiter,683004,5.9745659075584046,0.5502264452361492,0.38961198733438396,5.0
824355,2026-05-20,home,Kyle Freeland,607536,4.3678085876450075,0.27466904320656665,0.1523950985896912,4.0
824678,2026-05-20,away,Kyle Harrison,690986,5.506971154511283,0.4722757939921525,0.3150596540278068,11.0
824678,2026-05-20,home,Edward Cabrera,665795,5.375171979175449,0.44957321178830867,0.2944723687586955,2.0
825084,2026-05-20,away,Tyler Mahle,641816,4.52476418079883,0.30130567111710566,0.17213524663163024,6.0
825084,2026-05-20,home,Merrill Kelly,518876,4.901942222435707,0.3668389726391803,0.2236234229878354,4.0
822733,2026-05-21,away,David Peterson,656849,4.260433178027007,0.25678212708959863,0.13953359010415026,3.0
822733,2026-05-21,home,Cade Cavalli,676917,6.055002699868155,0.5631140824995831,0.4025311850126845,9.0
823056,2026-05-21,away,Braxton Ashcraft,677952,4.6872710040543275,0.3293497493453153,0.19366471326031792,9.0
823056,2026-05-21,home,Dustin May,669160,4.86228339893142,0.3598900572291553,0.21796918783134286,7.0
823545,2026-05-21,away,Braydon Fisher,680755,2.0468975865618444,0.018316258534818882,0.005124950545591975,4.0
823545,2026-05-21,home,Carlos Rodón,607074,5.1104251826641605,0.4034075746414118,0.2541349208669939,7.0
823864,2026-05-21,away,Spencer Strider,675911,5.277086077845947,0.43253808863872384,0.2793506307770047,9.0
823864,2026-05-21,home,Sandy Alcantara,645261,5.297331992402209,0.436062459040182,0.2824563101920513,3.0
824031,2026-05-21,away,Luis Severino,622663,5.617757591008404,0.49114982849957917,0.33255670500825707,10.0
824031,2026-05-21,home,José Soriano,667755,5.801723612119669,0.5219707027491834,0.36188477135099284,7.0
824274,2026-05-21,away,Joey Cantillo,676282,4.47895804133437,0.2934792977028764,0.16626301370829286,6.0
824274,2026-05-21,home,Casey Mize,663554,5.014810076355173,0.386638011339542,0.23998529936289845,4.0
825083,2026-05-21,home,Eduardo Rodriguez,593958,5.349314494673542,0.4450925426013675,0.29046796522872137,4.0
822816,2026-05-22,away,Bubba Chandler,696149,4.204227872397071,0.24754786741831955,0.1330197767663825,11.0
822816,2026-05-22,home,Kevin Gausman,592332,5.081324800039084,0.39830607398231116,0.24980215372459696,8.0
823223,2026-05-22,away,Davis Martin,663436,6.2896931597660615,0.5996613285393435,0.44012293087594007,7.0
823223,2026-05-22,home,Trevor McDonald,686790,6.145466767568631,0.5773936230913985,0.41704898388889905,4.0
823298,2026-05-22,away,Jeffrey Springs,605488,4.545658760636115,0.3048884578309378,0.1748433647583854,3.0
823298,2026-05-22,home,Walker Buehler,621111,4.7785994294730285,0.3452555914777391,0.20621170399357996,4.0
823461,2026-05-22,away,Gavin Williams,668909,6.086947698640423,0.5681830670093704,0.40766011887950926,11.0
823461,2026-05-22,home,Cristopher Sánchez,650911,6.755350890237088,0.6669621124031064,0.5132375156480207,6.0
823546,2026-05-22,away,Nick Martinez,607259,4.792021954335871,0.34759965263622744,0.20808121441076527,1.0
823546,2026-05-22,home,Gerrit Cole,543037,4.4462245763929396,0.2879117628765106,0.1621220649757438,2.0
823788,2026-05-22,away,Justin Wrobleski,680736,4.349030138899575,0.27151923200435923,0.15010706329641257,4.0
823788,2026-05-22,home,Logan Henderson,701656,5.611427894388642,0.4900773065322412,0.331553076064553,7.0
823863,2026-05-22,away,Tobias Myers,668964,3.3774979778668155,0.12662936314411313,0.05625583005945127,0.0
823863,2026-05-22,home,Eury Pérez,691587,6.060493158282962,0.5639873288784992,0.4034128360227531,5.0
824029,2026-05-22,away,Jacob deGrom,594798,6.203178198600836,0.5863792262162111,0.4262955734016462,3.0
824029,2026-05-22,home,Grayson Rodriguez,680570,5.033710060275378,0.3899541374834874,0.24276214597789,5.0
824110,2026-05-22,away,Logan Gilbert,669302,4.3885074995280435,0.2781509063609862,0.15493579272855193,6.0
824110,2026-05-22,home,Noah Cameron,702070,5.2707950557600505,0.43144218414540597,0.27838734161418605,8.0
824679,2026-05-22,away,Spencer Arrighetti,681293,5.170498687286341,0.4139278207531532,0.2631480605764184,5.0
824679,2026-05-22,home,Jameson Taillon,592791,4.7637957286859685,0.34267202038294914,0.20415724892433182,5.0
824761,2026-05-22,away,Connor Prielipp,687570,5.197932240318783,0.41872556775780523,0.2672934844966312,1.0
824761,2026-05-22,home,Payton Tolle,801139,5.628899146614831,0.4930358689385064,0.3343243420986419,9.0
824842,2026-05-22,away,Jack Flaherty,656427,5.719013716434785,0.5082013095547803,0.34866548051074026,7.0
824842,2026-05-22,home,Keegan Akin,669211,2.3104083337694745,0.030538825856208693,0.00957829064802075,2.0
824922,2026-05-22,away,Richard Lovelady,663992,1.833519346055471,0.011276757293087365,0.0028416007011886715,0.0
824922,2026-05-22,home,Bryce Elder,693821,5.167902250848116,0.41347350472136046,0.2627566521370362,4.0
825082,2026-05-22,away,Tomoyuki Sugano,608372,3.3891071883212294,0.12808474008269546,0.057076494787173214,3.0
825082,2026-05-22,home,Michael Soroka,647336,5.500140603150133,0.47110541279622353,0.31398611104531093,2.0
822814,2026-05-23,away,Paul Skenes,694973,6.526642247799931,0.6348203344529272,0.477667710325282,2.0
822814,2026-05-23,home,Patrick Corbin,571578,4.633533736076231,0.32003411090222633,0.18642891545316534,7.0
823222,2026-05-23,away,Bryan Hudson,663542,1.5804526427091496,0.005702542871561616,0.0012462413948501566,1.0
823222,2026-05-23,home,Adrian Houser,605288,5.112198141151613,0.4037182913975688,0.2543996158965811,5.0
823300,2026-05-23,away,J.T. Ginn,669372,5.345317042767853,0.44439916249971284,0.2898500115135008,4.0
823300,2026-05-23,home,Lucas Giolito,608337,4.732793623971938,0.33726776001836584,0.19988040831355347,2.0
823458,2026-05-23,away,Slade Cecconi,677944,4.939367882664752,0.37340169854858835,0.22900557678096733,5.0
823458,2026-05-23,home,Zack Wheeler,554430,5.812600402925311,0.5237700730531701,0.3636263100845088,6.0
823787,2026-05-23,away,Roki Sasaki,808963,4.46950065043981,0.29186847476253874,0.16506181492803276,4.0
823787,2026-05-23,home,Robert Gasser,688107,4.314302811156689,0.26571772226213625,0.14591868076069764,4.0
823862,2026-05-23,away,Freddy Peralta,642547,5.118143211177264,0.404760094998188,0.25528778308976835,9.0
823862,2026-05-23,home,Max Meyer,676974,6.3980852006434805,0.6159715984287996,0.45736745791050487,8.0
824030,2026-05-23,away,Nathan Eovaldi,543135,5.472031796587325,0.46628154863456306,0.3095754266342775,6.0
824030,2026-05-23,home,Walbert Ureña,700712,4.3612059589313645,0.2735605574356808,0.1515887661237381,6.0
824109,2026-05-23,away,George Kirby,669923,4.696977418260489,0.3310361510897967,0.19498351448094944,3.0
824109,2026-05-23,home,Stephen Kolek,663568,4.693347200968578,0.33040530808682994,0.19448986275831728,2.0
824516,2026-05-23,away,Kyle Leahy,681517,4.3253444269025065,0.2675589408886588,0.14724430453670717,8.0
824516,2026-05-23,home,Chase Petty,695534,3.454743390332473,0.13646340525708045,0.06185525369061122,1.0
824518,2026-05-23,away,Andre Pallante,669467,5.423272894691389,0.4578864214325969,0.3019531603462971,3.0
824518,2026-05-23,home,Chris Paddack,663978,4.318527971280277,0.2664219005398288,0.14642526844768064,5.0
824674,2026-05-23,away,Kai-Wei Teng,678906,4.815793560882496,0.3517543343328701,0.21140766701398167,6.0
824674,2026-05-23,home,Colin Rea,607067,4.93127444822574,0.371982164828842,0.22783793429535454,4.0
824760,2026-05-23,away,Taj Bradley,671737,5.084537137509023,0.39886935104644133,0.25027933679549114,7.0
824760,2026-05-23,home,Jovani Morán,663558,3.2967488713589663,0.11673244765041219,0.05075084537602035,1.0
824920,2026-05-23,away,Jake Irvin,663623,5.052644374906956,0.39327586634177975,0.24555415705315525,7.0
824920,2026-05-23,home,Grant Holmes,656550,4.381065666348496,0.27689790331431147,0.15402010076875355,10.0
825080,2026-05-23,away,Michael Lorenzen,547179,3.786432992400363,0.18244403328252265,0.08962817123929277,5.0
825080,2026-05-23,home,Zac Gallen,668678,4.822946173399806,0.35300519461959984,0.21241239344293894,6.0
822813,2026-05-24,away,Mitch Keller,656605,4.3600127664090325,0.2733603516603402,0.15144326292675575,5.0
822813,2026-05-24,home,Dylan Cease,656302,7.46733267989209,0.7549711071535177,0.6173645506229561,8.0
823220,2026-05-24,away,Noah Schultz,702273,4.299420700800015,0.26324120897747505,0.14414101280903233,1.0
823220,2026-05-24,home,Robbie Ray,592662,5.317822586082088,0.4396253462899549,0.28560802556321196,3.0
823297,2026-05-24,away,Luis Medina,665622,4.394746435491578,0.27920237656578456,0.1557054036251194,1.0
823297,2026-05-24,home,Michael King,650633,6.306255157282908,0.6021776145417352,0.4427641796033458,4.0
823459,2026-05-24,away,Parker Messick,800048,6.393956073965279,0.6153571721943195,0.4567124774629559,6.0
823459,2026-05-24,home,Andrew Painter,691725,4.1306624611808775,0.23561020844026317,0.12472800763374184,3.0
823544,2026-05-24,away,Drew Rasmussen,656876,5.446475164785745,0.46188549373726046,0.305575566989053,6.0
823544,2026-05-24,home,Ryan Weathers,677960,5.690799237132174,0.5034706461961801,0.3441674883010682,4.0
823786,2026-05-24,away,Yoshinobu Yamamoto,808967,6.147241446882881,0.5776714017333142,0.4173335382027391,3.0
823786,2026-05-24,home,Brandon Sproat,687075,5.105525946594704,0.4025489062207918,0.2534039113212709,7.0
823861,2026-05-24,away,Christian Scott,681035,5.312302620045224,0.43866595753138,0.2847581570351952,5.0
823861,2026-05-24,home,Tyler Phillips,663969,3.621099429688162,0.15879830477903975,0.07502865438127522,4.0
824028,2026-05-24,away,MacKenzie Gore,669022,4.417206213787012,0.2829950165936573,0.15849045423605243,7.0
824028,2026-05-24,home,Reid Detmers,672282,5.833126826361866,0.5271583321959413,0.36691453576247035,14.0
824108,2026-05-24,away,Bryan Woo,693433,5.382337901272408,0.45081353788178197,0.29558427038019797,4.0
824108,2026-05-24,home,Seth Lugo,607625,4.825959664486106,0.3535322978913535,0.21283622426502397,3.0
824676,2026-05-24,away,Peter Lambert,663567,5.402528025372973,0.4543047513727086,0.2987219580601498,5.0
824676,2026-05-24,home,Shota Imanaga,684007,5.778326749591016,0.5180909740217834,0.3581408208713409,6.0
824759,2026-05-24,away,Bailey Ober,641927,4.060145552491737,0.22433922067671966,0.11703462761539699,3.0
824759,2026-05-24,home,Sonny Gray,543243,4.973850932678058,0.37945114195305657,0.23400303233742276,4.0
824839,2026-05-24,away,Framber Valdez,664285,5.134907228729996,0.4076969991500019,0.25779713500732904,5.0
824839,2026-05-24,home,Brandon Young,687064,5.130618476754796,0.40694576549824163,0.25715448431537885,4.0
824840,2026-05-24,away,Troy Melton,675512,3.9517478696482584,0.20737433691754056,0.10570720385483422,3.0
824840,2026-05-24,home,Trevor Rogers,669432,5.077743531597323,0.3976780715078582,0.2492704937221481,2.0
824921,2026-05-24,away,Foster Griffin,656492,5.849119843885257,0.5297914047998196,0.3694778847204469,6.0
824921,2026-05-24,home,Martín Pérez,527048,5.008170830120276,0.38547305604896304,0.23901227231166938,2.0
825081,2026-05-24,away,Jose Quintana,500779,3.632530842330502,0.16038845953736172,0.07598985503167839,0.0
825081,2026-05-24,home,Ryne Nelson,669194,5.171653159687664,0.4141298141334206,0.26332214776052887,3.0
822812,2026-05-25,away,Janson Junk,676083,4.687634709402163,0.3294129203952271,0.19371406514672102,3.0
822812,2026-05-25,home,Trey Yesavage,702056,5.634516069665921,0.49398581315009277,0.33521597672590014,6.0
822899,2026-05-25,away,Tatsuya Imai,837227,4.881205804205317,0.36320475929138213,0.22066058524489723,2.0
822899,2026-05-25,home,Kumar Rocker,677958,4.309719361403372,0.2649543649689616,0.14537007987333345,5.0
823219,2026-05-25,away,Merrill Kelly,518876,4.468874166050331,0.2917618327313039,0.16498238105743293,4.0
823219,2026-05-25,home,Landen Roupp,694738,5.660039819311141,0.49829480530342657,0.3392716516489737,7.0
823296,2026-05-25,away,Jesús Luzardo,666200,6.136794814078322,0.5760349402845037,0.415658342682533,6.0
823296,2026-05-25,home,Griffin Canning,656288,5.604977997641274,0.48898365637770147,0.3305308407966489,5.0
823380,2026-05-25,away,Ben Brown,676962,4.782667730939077,0.3459659152036518,0.20677767024389201,7.0
823380,2026-05-25,home,Carmen Mlodzinski,669387,5.100646090644059,0.4016935480275246,0.25267641692082315,2.0
823625,2026-05-25,away,Nick Lodolo,666157,5.5157594451857035,0.47378054069013986,0.31644185533409974,7.0
823625,2026-05-25,home,Nolan McLean,690997,6.229782652955218,0.5904879945042376,0.43055257843710565,6.0
823784,2026-05-25,away,Matthew Liberatore,669461,4.970403457858264,0.37884626984398123,0.23350178215966436,10.0
823784,2026-05-25,home,Jacob Misiorowski,694819,7.501950524280838,0.7587768174819435,0.6221119259034882,12.0
823948,2026-05-25,away,Tanner Gordon,685299,4.2950274957328665,0.2625112819516607,0.14361823610948207,3.0
823948,2026-05-25,home,Emmet Sheehan,686218,5.605287132312762,0.48903609095474126,0.33057982458919105,8.0
824107,2026-05-25,away,Will Warren,701542,5.149450386336546,0.41024378679066237,0.2599798077059922,3.0
824107,2026-05-25,home,Michael Wacha,608379,5.831152620536219,0.5268328818970195,0.36659819049559195,5.0
824437,2026-05-25,away,PJ Poulin,676571,1.9511300840343473,0.014863855030522536,0.003974056973746758,0.0
824437,2026-05-25,home,Tanner Bibee,676440,5.5219211803684445,0.47483482786178505,0.31741159570585414,3.0
824598,2026-05-25,away,Zebby Matthews,805673,4.99685748877466,0.3834879371693296,0.2373571747628502,6.0
824598,2026-05-25,home,Anthony Kay,641743,5.213885473457502,0.4215133056323297,0.26971226898882367,5.0
824838,2026-05-25,away,Shane McClanahan,663556,5.4087960894864064,0.4553875490666475,0.29969749775080945,3.0
824838,2026-05-25,home,Kyle Bradish,680694,5.662509219548788,0.4987110234517708,0.33966437251114706,3.0
825005,2026-05-25,away,Luis Castillo,622491,5.054961022072106,0.3936822454932818,0.2458964503949112,6.0
825005,2026-05-25,home,Aaron Civale,650644,4.125568947889417,0.2347902770435721,0.12416387895878797,2.0
822811,2026-05-26,away,Sandy Alcantara,645261,4.633095641650733,0.3199583190592523,0.18637038754325785,4.0
822811,2026-05-26,home,Braydon Fisher,680755,2.1600997474292902,0.0230589446900071,0.006788817811442937,1.0
822898,2026-05-26,away,Jason Alexander,669920,3.8331506225221172,0.1893659196606499,0.09402339445913702,4.0
822898,2026-05-26,home,Jack Leiter,683004,6.320715977211575,0.6043676209103745,0.44506860721348956,4.0
823216,2026-05-26,away,Eduardo Rodriguez,593958,4.9474990129414005,0.37482798586226446,0.23018070286472136,6.0
823216,2026-05-26,home,Tyler Mahle,641816,5.2254300812954595,0.42352953102104546,0.27146626992028877,3.0
823294,2026-05-26,away,Aaron Nola,605400,4.708036143183297,0.33295878998616885,0.19649038509539163,5.0
823294,2026-05-26,home,Randy Vásquez,681190,4.662817631462165,0.3251061164519427,0.19035818216972827,2.0
823379,2026-05-26,away,Jordan Wicks,696136,3.99825112700983,0.21459633536199196,0.11049183315525202,5.0
823624,2026-05-26,away,Chase Burns,695505,5.855684259200491,0.5308704001154804,0.37053033702621974,8.0
823624,2026-05-26,home,David Peterson,656849,5.713032520988769,0.5071998365587539,0.3477114067733969,4.0
823785,2026-05-26,away,Michael McGreevy,700241,4.37529657207082,0.2759274492948836,0.15331196346088707,6.0
823785,2026-05-26,home,Kyle Harrison,690986,6.882536237515255,0.6840387004195556,0.532643874035097,2.0
823949,2026-05-26,away,Kyle Freeland,607536,4.396461272779561,0.27949154300599366,0.15591724714658808,4.0
823949,2026-05-26,home,Eric Lauer,641778,3.5310996424561516,0.14652408580980522,0.06771246645082961,4.0
824106,2026-05-26,away,Cam Schlittler,693645,5.772042703619169,0.5170468392576021,0.3571358090911056,6.0
824106,2026-05-26,home,Bailey Falter,663559,4.491419147633954,0.29560442809349147,0.16785161599931514,0.0
824275,2026-05-26,away,Jack Kochanowicz,686799,4.819894805832327,0.3524715256195135,0.2119835529984346,4.0
824275,2026-05-26,home,Keider Montero,672456,4.287587309908033,0.26127630373929966,0.1427349574285051,7.0
824434,2026-05-26,away,Cade Cavalli,676917,5.259353634554715,0.42944817056496265,0.27663757017232743,7.0
824434,2026-05-26,home,Joey Cantillo,676282,4.480006841257793,0.2936580436004797,0.16639646189357135,1.0
824597,2026-05-26,away,Joe Ryan,657746,5.813070128625007,0.523847719372201,0.3637015342947289,9.0
824597,2026-05-26,home,Sean Burke,680732,5.290377382826923,0.43485225233125097,0.2813885338273351,8.0
824758,2026-05-26,away,Spencer Strider,675911,5.479087597134604,0.4674935472828104,0.3106814883866588,5.0
824758,2026-05-26,home,Ranger Suarez,624133,5.567991404632974,0.4826976766062397,0.3246780983640458,4.0
824837,2026-05-26,away,Griffin Jax,643377,4.029106713403848,0.21943519229830422,0.1137287852261708,3.0
824837,2026-05-26,home,Shane Baz,669358,5.2760850777246295,0.4323637370891375,0.2791973006317966,9.0
825004,2026-05-26,away,Emerson Hancock,676106,5.512621029080352,0.47324331647160384,0.31594812925078547,3.0
822809,2026-05-27,away,Eury Pérez,691587,5.525526407199098,0.4754514062804383,0.3179792305089416,9.0
822809,2026-05-27,home,Kevin Gausman,592332,5.1273351922466475,0.40637059767108563,0.25666281390730544,5.0
822897,2026-05-27,away,Mike Burrows,681347,4.852050716931464,0.35809828754033984,0.2165187003033974,6.0
822897,2026-05-27,home,Jacob deGrom,594798,5.898547285384088,0.5378901201459941,0.3774062615120755,6.0
823217,2026-05-27,away,Michael Soroka,647336,4.47146266280105,0.29220250558884525,0.1653106947104396,3.0
823217,2026-05-27,home,Trevor McDonald,686790,5.273900306117592,0.43198316768078376,0.27886271715847283,6.0
823295,2026-05-27,away,Cristopher Sánchez,650911,6.515627645580093,0.6332269871583662,0.4759359721640875,9.0
823295,2026-05-27,home,Walker Buehler,621111,5.034854319326037,0.3901548941189063,0.2429305902368942,2.0
823376,2026-05-27,away,Jameson Taillon,592791,4.697350300190339,0.3311009572514533,0.19503424867435534,4.0
823626,2026-05-27,away,Andrew Abbott,671096,4.744120222224378,0.3392411673186258,0.2014388927549731,4.0
823626,2026-05-27,home,Huascar Brazobán,623211,2.1057988524946256,0.020691727789220734,0.00594716191550274,2.0
823783,2026-05-27,away,Dustin May,669160,4.534793436806727,0.303024426554437,0.1734328438738091,9.0
823783,2026-05-27,home,Chad Patrick,694477,3.869387571267201,0.19480341486088704,0.09751363357645064,4.0
823947,2026-05-27,away,Tomoyuki Sugano,608372,3.6145238490756935,0.15788674154121562,0.07447901015682663,3.0
823947,2026-05-27,home,Shohei Ohtani,660271,6.185570583612344,0.5836482155154789,0.42347609187799906,7.0
824104,2026-05-27,away,Gerrit Cole,543037,3.9352403225665595,0.204831793858787,0.10403611735323118,10.0
824104,2026-05-27,home,Noah Cameron,702070,5.347799618256881,0.4448298001176351,0.29023374970170046,4.0
824270,2026-05-27,away,José Soriano,667755,6.090451430079597,0.5687372888598519,0.40822253391921043,4.0
824270,2026-05-27,home,Casey Mize,663554,5.104319463257917,0.4023374374849044,0.25322398939615615,6.0
824432,2026-05-27,away,PJ Poulin,676571,2.002596337192413,0.016657491318431944,0.0045651201313170065,1.0
824432,2026-05-27,home,Gavin Williams,668909,6.797725518281236,0.6727158447481014,0.5197358758727139,4.0
824596,2026-05-27,away,Connor Prielipp,687570,5.024623755778901,0.3883599237183599,0.24142588480317495,5.0
824756,2026-05-27,away,Bryce Elder,693821,5.180190276035324,0.4156232754061386,0.26461048748185384,1.0
824756,2026-05-27,home,Connelly Early,813349,5.0255300834700405,0.388518944686329,0.24155906690247875,7.0
824836,2026-05-27,away,Steven Matz,571927,4.258251446275551,0.2564219434807714,0.13927789921913952,2.0
824836,2026-05-27,home,Trey Gibson,694346,3.639392357253334,0.16134622008637317,0.07657025202962667,1.0
825003,2026-05-27,away,Logan Gilbert,669302,5.216053529189548,0.42189202330102127,0.27004143583644413,6.0
825003,2026-05-27,home,Jeffrey Springs,605488,4.728015296288098,0.33643561807033473,0.19922434696810987,7.0
822896,2026-05-28,away,Spencer Arrighetti,681293,5.148574143306113,0.41009036913374614,0.25984814947319,3.0
822896,2026-05-28,home,Nathan Eovaldi,543135,6.195307723782982,0.585159630580251,0.42503547866100516,6.0
823378,2026-05-28,away,Colin Rea,607067,4.640329312908763,0.32121010334389144,0.1873377482497773,5.0
823378,2026-05-28,home,Paul Skenes,694973,6.765745505921379,0.6683794323502619,0.5148344917299451,10.0
824272,2026-05-28,away,Grayson Rodriguez,680570,5.303011152965466,0.43705036856894725,0.28332899183377946,5.0
824272,2026-05-28,home,Jack Flaherty,656427,6.259410237025968,0.5950383119646261,0.43528838341994897,9.0
824595,2026-05-28,away,Simeon Woods Richardson,680573,3.7228873359996024,0.1731946722662189,0.08383996462481856,4.0
824595,2026-05-28,home,Davis Martin,663436,7.0943498932534865,0.7111790345381845,0.5642505102712306,5.0
824757,2026-05-28,away,Chris Sale,519242,6.627808084267424,0.6492615193051843,0.49349770552045324,8.0
824757,2026-05-28,home,Payton Tolle,801139,5.259316648073791,0.429441722702465,0.27663191826069045,7.0
824834,2026-05-28,away,Patrick Corbin,571578,4.369219596507029,0.2749060690100315,0.1525676736844091,4.0
824834,2026-05-28,home,Chris Bassitt,605135,4.269058360800785,0.2582073963272833,0.14054665884998901,2.0
822732,2026-05-29,away,Lucas Giolito,608337,4.198686737678154,0.24664266151963474,0.13238591270374844,1.0
822732,2026-05-29,home,Paxton Schultz,687606,2.9412165593415858,0.07810794832058583,0.030631808922903948,1.0
822894,2026-05-29,away,Stephen Kolek,663568,4.291301008056726,0.2618925417142591,0.14317551051176386,5.0
822894,2026-05-29,home,MacKenzie Gore,669022,4.5137319956110105,0.2994171311037262,0.170712782817866,3.0
822978,2026-05-29,away,Walbert Ureña,700712,4.442844429723899,0.28733811042908625,0.1616971286151432,5.0
822978,2026-05-29,home,Nick Martinez,607259,4.9530567785974,0.3758029494484923,0.23098509298393693,5.0
823055,2026-05-29,away,Shota Imanaga,684007,4.9707000276399365,0.3788983036331228,0.23354488826654765,2.0
823055,2026-05-29,home,Andre Pallante,669467,5.321840775978792,0.44032352254499135,0.28622705558054673,3.0
823135,2026-05-29,away,Zac Gallen,668678,4.56597488068452,0.308379241688753,0.17749392867890199,2.0
823135,2026-05-29,home,George Kirby,669923,5.081237416263459,0.3982907509992361,0.24978917699386052,4.0
823377,2026-05-29,away,Taj Bradley,671737,5.687476165745698,0.5029123951896195,0.3436381605033915,6.0
823377,2026-05-29,home,Jared Jones,683003,4.57841870030188,0.31052073415725767,0.17912581660839796,6.0
823623,2026-05-29,away,Max Meyer,676974,6.1399920481497725,0.5765361233353659,0.41617108579386936,6.0
823623,2026-05-29,home,Freddy Peralta,642547,5.781804732277905,0.5186684838434465,0.35869716164745474,5.0
823946,2026-05-29,away,Zack Wheeler,554430,5.214646047858,0.4216461672149527,0.2698277315889758,4.0
823946,2026-05-29,home,Justin Wrobleski,680736,5.10204271980392,0.4019383626485042,0.2528845642035333,9.0
824191,2026-05-29,away,Coleman Crow,689441,3.5415790290014915,0.14793049326395782,0.06854138967237074,1.0
824191,2026-05-29,home,Kai-Wei Teng,678906,5.266586075137105,0.43070877579870676,0.2777433246839099,7.0
824353,2026-05-29,away,Logan Webb,657277,3.904179511930154,0.2000785681715186,0.10093088882195857,5.0
824353,2026-05-29,home,Michael Lorenzen,547179,4.0700670752331165,0.22591430185325834,0.11810177351657138,2.0
824433,2026-05-29,home,Slade Cecconi,677944,4.849383446945657,0.35763133174642214,0.21614118856096615,3.0
824515,2026-05-29,away,Grant Holmes,656550,5.221353055748233,0.42281760491993853,0.2708464917949957,5.0
824515,2026-05-29,home,Chris Paddack,663978,4.516358251899358,0.29986650425653977,0.17105093949954925,0.0
824594,2026-05-29,away,Troy Melton,675512,4.2039529379207705,0.2475029313651136,0.1329882908946855,1.0
824835,2026-05-29,home,Trevor Rogers,669432,4.2269122604171905,0.2512634444207324,0.13563032757288823,3.0
825002,2026-05-29,away,Carlos Rodón,607074,5.201991107241125,0.4194349977811891,0.2679083193123604,3.0
825002,2026-05-29,home,Luis Severino,622663,6.170927933743197,0.5813700481181284,0.42113024549948314,1.0
822731,2026-05-30,away,Michael King,650633,5.385074712292017,0.45128707758814585,0.29600917016063055,2.0
822731,2026-05-30,home,Foster Griffin,656492,5.696497076902507,0.5044273159827308,0.3450753117763602,5.0
822893,2026-05-30,away,Seth Lugo,607625,4.707146392078564,0.3328040508674876,0.19636897700797507,6.0
822893,2026-05-30,home,Kumar Rocker,677958,4.435049466402742,0.2860161386732126,0.1607191013922758,2.0
822975,2026-05-30,away,Reid Detmers,672282,6.259517908600429,0.5950547994668267,0.4353055839078937,7.0
822975,2026-05-30,home,Drew Rasmussen,656876,5.988499587373998,0.5524713604454984,0.391849991981062,4.0
823054,2026-05-30,away,Ben Brown,676962,4.638987919441788,0.3209779222081385,0.1871582080481587,6.0
823054,2026-05-30,home,Kyle Leahy,681517,5.681478746306314,0.5019043067456311,0.34268308455844315,4.0
823132,2026-05-30,away,Ryne Nelson,669194,4.857412068511449,0.35903700718415094,0.21727823893524062,3.0
823132,2026-05-30,home,Bryan Woo,693433,5.893784624456656,0.5371123620811084,0.3766419631120939,9.0
823375,2026-05-30,away,Bailey Ober,641927,4.6030492531859295,0.3147666423420143,0.1823744589588286,3.0
823375,2026-05-30,home,Mitch Keller,656605,4.770637460249826,0.3438658247412975,0.20510576962017457,5.0
823622,2026-05-30,away,Tyler Phillips,663969,3.0833234921312878,0.0925506702386763,0.037885377746587144,2.0
823622,2026-05-30,home,Christian Scott,681035,5.870047804457617,0.5332277249190873,0.3728337826182675,8.0
823945,2026-05-30,away,Jesús Luzardo,666200,5.384413802281658,0.451172731378291,0.2959065493112042,6.0
823945,2026-05-30,home,Roki Sasaki,808963,5.579660076979422,0.48468342857006497,0.3265228038792513,7.0
824190,2026-05-30,away,Brandon Sproat,687075,5.279785476554905,0.43300821699257547,0.27976422116163624,4.0
824190,2026-05-30,home,Peter Lambert,663567,5.153207582241146,0.4109015737005029,0.2605445538312286,3.0
824352,2026-05-30,away,Adrian Houser,605288,3.8915413880239327,0.19815630524058667,0.09968210217405585,4.0
824352,2026-05-30,home,Ryan Feltner,663372,3.34397020149543,0.12247177154885053,0.05392703843041883,2.0
824431,2026-05-30,away,Sonny Gray,543243,4.4648112680133885,0.29107042733202426,0.16446764784313134,7.0
824431,2026-05-30,home,Parker Messick,800048,5.740344800802586,0.5117667569915356,0.352070289345587,4.0
824513,2026-05-30,away,Martín Pérez,527048,5.003637565716192,0.38467761897409836,0.2383486253465629,2.0
824513,2026-05-30,home,Brady Singer,663903,4.205703263948584,0.24778904943015231,0.1331888037769978,2.0
824593,2026-05-30,away,Framber Valdez,664285,5.15583321766284,0.41136121040325846,0.26093942162339623,4.0
824593,2026-05-30,home,Anthony Kay,641743,5.36115596652293,0.44714544196595957,0.2923002581305387,3.0
824833,2026-05-30,away,Trey Yesavage,702056,5.547306245650907,0.4791717300049798,0.321412104968834,4.0
824833,2026-05-30,home,Brandon Young,687064,4.398136953557979,0.2797741724021525,0.15612438148027974,7.0
825000,2026-05-30,away,Ryan Weathers,677960,5.145752330758542,0.40959628375267315,0.2594242931231832,10.0
825000,2026-05-30,home,J.T. Ginn,669372,5.6780689465773735,0.5013308398213109,0.3421402241631009,4.0
822729,2026-05-31,away,Griffin Canning,656288,4.705538949251965,0.33252451769567576,0.19614971385828864,3.0
822729,2026-05-31,home,Zack Littell,641793,4.152324958207879,0.23910710128912563,0.1271417389810686,5.0
822895,2026-05-31,away,Michael Wacha,608379,5.340254920152915,0.44352085264764307,0.28906790793938714,5.0
822895,2026-05-31,home,Jack Leiter,683004,5.844451146133495,0.5290233829238153,0.36872947489337543,10.0
822976,2026-05-31,away,Jack Kochanowicz,686799,4.3227504680996285,0.2671261041592648,0.14693237010456364,1.0
822976,2026-05-31,home,Shane McClanahan,663556,5.2655584190813896,0.43052968450101586,0.2775861400652978,3.0
823053,2026-05-31,away,Jordan Wicks,696136,3.514669874126729,0.14433142296876983,0.06642504658688946,1.0
823053,2026-05-31,home,Matthew Liberatore,669461,6.582001383473926,0.642766136262332,0.4863475204802229,4.0
823133,2026-05-31,away,Merrill Kelly,518876,4.536195313123164,0.3032648138037468,0.17361455637732431,2.0
823133,2026-05-31,home,Bryce Miller,682243,4.074517700909014,0.2266220200843342,0.11858211282181129,6.0
823373,2026-05-31,away,Zebby Matthews,805673,5.132031537954405,0.40719329171112095,0.2573661738895572,7.0
823373,2026-05-31,home,Braxton Ashcraft,677952,5.842777753497367,0.5287479759946848,0.36846124624314724,11.0
823621,2026-05-31,home,Nolan McLean,690997,6.073050523923443,0.5659813959991593,0.4054290936309791,2.0
823944,2026-05-31,away,Andrew Painter,691725,3.767197880467253,0.17962376426543694,0.08785289395250465,3.0
823944,2026-05-31,home,Yoshinobu Yamamoto,808967,6.44549867015263,0.6229869574674989,0.46487593876585637,10.0
824187,2026-05-31,away,Jacob Misiorowski,694819,7.122210126265392,0.7146268117594315,0.5683351268972554,8.0
824187,2026-05-31,home,Tatsuya Imai,837227,4.8214823404351135,0.35274916999390665,0.21220662584263458,5.0
824354,2026-05-31,away,Robbie Ray,592662,4.097262626378046,0.23024991604577472,0.12105264939089601,6.0
824354,2026-05-31,home,Tanner Gordon,685299,4.1395215081019465,0.23703839073806107,0.1257122854880662,2.0
824430,2026-05-31,away,Ranger Suarez,624133,4.899265602776129,0.3663697832678064,0.22324020444203702,10.0
824430,2026-05-31,home,Tanner Bibee,676440,4.912900147533925,0.36876006107223386,0.2251946880607096,5.0
824512,2026-05-31,away,Spencer Strider,675911,5.952846828563542,0.546717022581878,0.3861237966779226,8.0
824512,2026-05-31,home,Nick Lodolo,666157,5.966855702696781,0.5489820223912497,0.3883736393470629,4.0
824592,2026-05-31,away,Keider Montero,672456,4.284335170994817,0.26073696741012997,0.14234969498157463,4.0
824592,2026-05-31,home,Sean Burke,680732,6.308319869204675,0.6024907059805967,0.44309330588664236,6.0
824832,2026-05-31,away,Spencer Miles,693686,2.704773395927247,0.05711603859013373,0.020742574874495906,2.0
824832,2026-05-31,home,Kyle Bradish,680694,6.075972258480813,0.5664447249863019,0.4058981764896406,4.0
825001,2026-05-31,away,Will Warren,701542,5.212504772739558,0.4212721061758473,0.2695026990173797,5.0
825001,2026-05-31,home,Jacob Lopez,682052,4.310822029565208,0.2651379594128034,0.14550197016568708,3.0
822730,2026-06-01,away,Sandy Alcantara,645261,4.488482049047752,0.2951032589943061,0.16747657857636772,5.0
822730,2026-06-01,home,Cade Cavalli,676917,5.779495241213131,0.5182850291951976,0.3583277254667383,6.0
822974,2026-06-01,away,Ty Madden,680744,3.497171784325391,0.14201287225127648,0.06507026650939915,4.0
822974,2026-06-01,home,Griffin Jax,643377,4.646217798542695,0.3222296227619485,0.18812673287973378,5.0
823050,2026-06-01,away,Jacob deGrom,594798,4.892279167046132,0.36514524207678795,0.2222410252665016,8.0
823050,2026-06-01,home,Michael McGreevy,700241,4.534613678780004,0.3029936049798415,0.1734095494231452,1.0
823131,2026-06-01,home,Emerson Hancock,676106,6.1392552797628515,0.5764206574169259,0.416052932913159,7.0
823702,2026-06-01,away,David Sandlin,689818,3.785729403117473,0.18234056352912142,0.08956288042441654,4.0
823702,2026-06-01,home,Joe Ryan,657746,6.117204436366164,0.5729575823398059,0.4125158505374341,9.0
823781,2026-06-01,away,Landen Roupp,694738,5.601363958631419,0.4883705233754574,0.32995825930130396,4.0
823781,2026-06-01,home,Shane Drohan,675660,3.190191419350272,0.10429321667946735,0.044025404048953616,5.0
824027,2026-06-01,away,Kyle Freeland,607536,4.710602791677532,0.33340521079384144,0.19684077479795234,4.0
824027,2026-06-01,home,José Soriano,667755,5.880059946117964,0.5348679419078696,0.3744398428075137,7.0
824510,2026-06-01,away,Luinder Avila,679883,4.717238575630464,0.3345597067831323,0.19774780859465443,5.0
824510,2026-06-01,home,Lyon Richardson,680689,3.730598170843462,0.17430656568178204,0.08453058839336058,2.0
825078,2026-06-01,away,Emmet Sheehan,686218,5.0318690924638165,0.38963114229056983,0.2424912181713,3.0
825078,2026-06-01,home,Eduardo Rodriguez,593958,5.381874677874749,0.4507333790222226,0.29551236646318185,3.0
822728,2026-06-02,away,Lake Bachar,669199,2.5696532251804602,0.046836686702282075,0.0162220998592875,3.0
822728,2026-06-02,home,Richard Lovelady,663992,1.931376059650385,0.014212499981190023,0.00376331057981196,2.0
822971,2026-06-02,away,Jack Flaherty,656427,5.297413448703097,0.4360766308837715,0.28246882244832333,6.0
822971,2026-06-02,home,Steven Matz,571927,4.342818888377998,0.27047931785092383,0.14935383181063416,2.0
823052,2026-06-02,away,Nathan Eovaldi,543135,5.3299617134463855,0.44173404738648453,0.28747910816965544,7.0
823052,2026-06-02,home,Dustin May,669160,5.483508203305475,0.4682525094391709,0.3113748379809053,9.0
823129,2026-06-02,away,Huascar Brazobán,623211,1.8172451671710304,0.0108338214498932,0.0027068433294458456,0.0
823129,2026-06-02,home,Logan Gilbert,669302,6.251543411128228,0.593832717554986,0.4340314556464692,8.0
823460,2026-06-02,away,Randy Vásquez,681190,4.228560551713702,0.25153403310072897,0.13582099051033497,3.0
823460,2026-06-02,home,Aaron Nola,605400,4.52027590289958,0.3005370799125151,0.1715559184211349,8.0
823541,2026-06-02,away,Joey Cantillo,676282,4.060108190030239,0.22433329604223903,0.11703061848745425,4.0
823541,2026-06-02,home,Cam Schlittler,693645,6.3480900971560805,0.6084951487371817,0.4494261689645316,3.0
823700,2026-06-02,away,Davis Martin,663436,6.186549582401314,0.5838003052204063,0.42363289788639164,2.0
823700,2026-06-02,home,Connor Prielipp,687570,5.316277819946974,0.43935689238359926,0.28537012841419446,7.0
823782,2026-06-02,away,Trevor McDonald,686790,4.707324792911284,0.33283507637272153,0.19639331773506136,4.0
823782,2026-06-02,home,Kyle Harrison,690986,5.9928966676904905,0.5531787247713601,0.39255625964005364,12.0
824026,2026-06-02,away,Tomoyuki Sugano,608372,3.86517189856821,0.19416782750742476,0.09710396784853062,5.0
824026,2026-06-02,home,Grayson Rodriguez,680570,4.852190814375958,0.3581228152897893,0.2165385355704707,3.0
824189,2026-06-02,away,Bubba Chandler,696149,5.054808826286214,0.39365554808407516,0.2458739583396925,3.0
824189,2026-06-02,home,Mike Burrows,681347,5.450660812967049,0.462606120330819,0.3062299641395498,3.0
824511,2026-06-02,away,Noah Cameron,702070,5.276537757972272,0.4324425848685964,0.2792666382049568,8.0
824511,2026-06-02,home,Andrew Abbott,671096,4.679723322897961,0.32803916069440286,0.19264169015206994,5.0
824675,2026-06-02,away,Gage Jump,695611,4.748922256187857,0.3400781819509822,0.2021010440576238,5.0
824675,2026-06-02,home,Jameson Taillon,592791,4.46664799648116,0.2913829518474454,0.1647002561764364,6.0
824754,2026-06-02,away,Shane Baz,669358,5.450760202932897,0.4626232288879202,0.30624550643821064,6.0
824754,2026-06-02,home,Connelly Early,813349,5.5724544682061445,0.4834574736066824,0.32538347145567587,6.0
824918,2026-06-02,away,Kevin Gausman,592332,4.912474806808681,0.3686854851996215,0.22513362673479273,8.0
824918,2026-06-02,home,Bryce Elder,693821,4.984184097490914,0.3812641935293195,0.23550756827441482,6.0
825079,2026-06-02,away,Eric Lauer,641778,3.523949378937313,0.14556797910911257,0.06715035119717624,1.0
825079,2026-06-02,home,Michael Soroka,647336,4.814226071737165,0.35148025456535387,0.2111877175517816,6.0
822727,2026-06-03,away,Max Meyer,676974,5.928744188886221,0.5428081596042896,0.38225350906887223,7.0
822727,2026-06-03,home,Andrew Alvarez,674841,3.980419450929807,0.21181684051653601,0.10864377390009201,5.0
822973,2026-06-03,away,Troy Melton,675512,3.925446850768093,0.20332871746473757,0.10305151569736985,5.0
822973,2026-06-03,home,Nick Martinez,607259,4.797444135751178,0.3485469552598768,0.20883822495953658,1.0
823051,2026-06-03,away,MacKenzie Gore,669022,3.912818610217858,0.2013965132641695,0.10178942039633938,5.0
823051,2026-06-03,home,Andre Pallante,669467,4.611667120256951,0.31625438523585,0.1835168864898832,5.0
823130,2026-06-03,away,Freddy Peralta,642547,5.178310806220622,0.4152945231308343,0.26432670574911776,6.0
823130,2026-06-03,home,George Kirby,669923,5.976026817447844,0.5504620592902066,0.3898466312999379,5.0
823456,2026-06-03,away,Walker Buehler,621111,4.268506101467379,0.25811607478230697,0.1404816868851704,6.0
823456,2026-06-03,home,Cristopher Sánchez,650911,6.950465454285061,0.692920624671633,0.5428823557457646,8.0
823540,2026-06-03,away,Gavin Williams,668909,5.7747846399012905,0.517502537943794,0.35757429858890794,6.0
823540,2026-06-03,home,Gerrit Cole,543037,4.704724656115769,0.33238292341388775,0.19603867723182025,2.0
823701,2026-06-03,away,Erick Fedde,607200,3.7001562747795753,0.1699340323474716,0.08182296714181624,2.0
823701,2026-06-03,home,Taj Bradley,671737,6.041270226056333,0.5609263068443273,0.40032585838682716,5.0
823780,2026-06-03,away,Logan Webb,657277,4.651775480382499,0.3231922870992651,0.18887263678910013,4.0
823780,2026-06-03,home,Robert Gasser,688107,3.94072997923552,0.20567607862232654,0.10459024759219157,5.0
824024,2026-06-03,away,Michael Lorenzen,547179,4.340491981326275,0.2700899881492628,0.14907210923700023,5.0
824024,2026-06-03,home,Walbert Ureña,700712,5.010854015532004,0.3859438632528405,0.239405358067677,7.0
824188,2026-06-03,away,Paul Skenes,694973,6.193182817958331,0.5848300406896256,0.4246952185614347,7.0
824188,2026-06-03,home,Spencer Arrighetti,681293,5.3236264214246845,0.44063373111799814,0.2865022485120719,3.0
824509,2026-06-03,away,Stephen Kolek,663568,5.0318601302515145,0.3896295698737384,0.24248989947319902,8.0
824509,2026-06-03,home,Chase Burns,695505,6.193134452467034,0.5848225372436682,0.4246874735562474,9.0
824671,2026-06-03,away,Jeffrey Springs,605488,4.518298028271491,0.3001984964821796,0.17130089247193167,3.0
824671,2026-06-03,home,Colin Rea,607067,4.418694727508273,0.28324677517901986,0.15867583039718872,3.0
824755,2026-06-03,away,Chris Bassitt,605135,3.994490446741315,0.2140091000008181,0.11010069808588131,1.0
824755,2026-06-03,home,Payton Tolle,801139,5.8641266398504746,0.5322565556578672,0.3718841268943161,5.0
824917,2026-06-03,away,Patrick Corbin,571578,4.036572045038775,0.2206113954649809,0.1145193585192686,1.0
824917,2026-06-03,home,Grant Holmes,656550,5.273606059521005,0.4319319090149421,0.2788176628997876,4.0
825077,2026-06-03,away,Shohei Ohtani,660271,5.73220460140939,0.5104072830441154,0.350770570170944,6.0
825077,2026-06-03,home,Zac Gallen,668678,4.5593438237513855,0.3072391132585741,0.176626925671381,1.0
823457,2026-06-04,away,Lucas Giolito,608337,4.174547570487451,0.24271051273956512,0.1296421729319103,5.0
823457,2026-06-04,home,Zack Wheeler,554430,5.493435544003984,0.46995582676813213,0.31293293931539173,8.0
823542,2026-06-04,away,Slade Cecconi,677944,4.365119880712316,0.27421751966032404,0.15206650501385396,4.0
823542,2026-06-04,home,Carlos Rodón,607074,5.212069257746402,0.4211960217117241,0.2694366033399859,7.0
823698,2026-06-04,away,Seth Lugo,607625,4.437081918190451,0.28636070273735365,0.1609738528654112,4.0
823698,2026-06-04,home,Andrew Morris,702193,1.5875327349562556,0.005823242702167373,0.001278106184277719,2.0
823779,2026-06-04,away,Adrian Houser,605288,4.135564512000771,0.23640014956878266,0.12527216041102177,5.0
823779,2026-06-04,home,Coleman Crow,689441,3.845727058028638,0.19124639343310545,0.095226723047829,2.0
824185,2026-06-04,away,Jared Jones,683003,5.039041134020924,0.3908894435840183,0.2435472381119868,4.0
824185,2026-06-04,home,Kai-Wei Teng,678906,5.507212189576774,0.4723170807696255,0.3150975490392015,1.0
824672,2026-06-04,away,J.T. Ginn,669372,5.38764398159298,0.4517315438885217,0.29640817935961294,8.0
824672,2026-06-04,home,Shota Imanaga,684007,4.877272420471496,0.36251560113754694,0.2201001573381019,5.0
824753,2026-06-04,away,Trevor Rogers,669432,4.0000343891746715,0.21487498779551473,0.11067756163525659,3.0
824753,2026-06-04,home,Brayan Bello,678394,3.5746359952625535,0.15240665799363418,0.07119586309445823,4.0
824919,2026-06-04,away,Mason Fluharty,689254,1.8707187308990092,0.012336913222889122,0.003168891158339391,1.0
824919,2026-06-04,home,Chris Sale,519242,7.119403001195849,0.7142807134645163,0.567924377073515,6.0
825076,2026-06-04,away,Justin Wrobleski,680736,4.553986615644074,0.30631854032847394,0.17592780186021567,4.0
825076,2026-06-04,home,Ryne Nelson,669194,4.8773306899341575,0.36252580988959376,0.2201084558651412,3.0
822810,2026-06-05,away,Brandon Young,687064,4.572557447291401,0.30951174384692476,0.17835637937514662,4.0
822810,2026-06-05,home,Trey Yesavage,702056,5.789868211351087,0.5200063571359107,0.35998728083172854,5.0
822892,2026-06-05,away,Parker Messick,800048,5.507106593939636,0.47229899345781456,0.31508094742101644,4.0
822892,2026-06-05,home,Kumar Rocker,677958,4.52206845008195,0.30084399938244294,0.17178719105056262,5.0
823049,2026-06-05,away,Brady Singer,663903,4.071535638496826,0.2261477467535923,0.11826015815433967,6.0
823049,2026-06-05,home,Kyle Leahy,681517,5.4292697482759875,0.4589207295363418,0.302888566372535,1.0
823293,2026-06-05,away,Christian Scott,681035,5.4456342912207445,0.4617406939441297,0.3054441357228371,3.0
823293,2026-06-05,home,Michael King,650633,5.707602432040864,0.5062899913215764,0.34684548929328335,4.0
823455,2026-06-05,away,Anthony Kay,641743,4.3594065371894315,0.27325864588656745,0.15136936165275278,4.0
823455,2026-06-05,home,Jesús Luzardo,666200,6.2809788478526185,0.5983339111843965,0.4387323871467242,2.0
823538,2026-06-05,away,Sonny Gray,543243,5.007098803994701,0.3852849515415395,0.23885527919823737,3.0
823538,2026-06-05,home,Ryan Weathers,677960,6.407350579256856,0.6173482961545216,0.4588365587438123,4.0
823699,2026-06-05,away,Michael Wacha,608379,5.360792471920994,0.44708244874838127,0.2922439739613096,2.0
823699,2026-06-05,home,Zebby Matthews,805673,5.7448818228027925,0.51252385513736,0.3527949096326878,2.0
823860,2026-06-05,away,Drew Rasmussen,656876,4.702616847442857,0.33201643838118905,0.1957513730755174,9.0
823860,2026-06-05,home,Ryan Gusto,687473,4.349046703356963,0.27152200659426623,0.15010907442943064,1.0
823943,2026-06-05,away,Reid Detmers,672282,5.510385874051991,0.4728606139945102,0.31559658491601256,6.0
823943,2026-06-05,home,Roki Sasaki,808963,5.362746244853431,0.4474210173092894,0.29254652838269674,10.0
824186,2026-06-05,away,Jack Perkins,678022,4.243646724973566,0.2540143848853476,0.13757216312739823,6.0
824186,2026-06-05,home,Peter Lambert,663567,5.026163706733102,0.3886301174915716,0.24165218981881703,4.0
824271,2026-06-05,away,Bryan Woo,693433,6.096731385042032,0.5697297847971579,0.4092305112742471,7.0
824271,2026-06-05,home,Framber Valdez,664285,4.641948226112839,0.32149035237574847,0.18755452735837783,5.0
824350,2026-06-05,away,Brandon Sproat,687075,5.072676017095578,0.39678938609192876,0.2485187829086378,2.0
824350,2026-06-05,home,Ryan Feltner,663372,3.4009541927813554,0.12957822967310115,0.05792156999603632,4.0
824673,2026-06-05,away,Robbie Ray,592662,4.833294571543542,0.3548155168327656,0.2138691357984819,4.0
824673,2026-06-05,home,Edward Cabrera,665795,4.471343399515986,0.29218219890799946,0.1652955614847247,6.0
824914,2026-06-05,away,Mitch Keller,656605,3.9931183925724265,0.21379499010106764,0.10995817924048498,4.0
824914,2026-06-05,home,Martín Pérez,527048,4.915567771555305,0.3692277938433104,0.2255777794394522,5.0
825073,2026-06-05,away,Foster Griffin,656492,5.172177058307666,0.41422147601204334,0.2634011590030118,4.0
825073,2026-06-05,home,Merrill Kelly,518876,4.490393852510743,0.29542945881719235,0.16772065422231822,4.0
822808,2026-06-06,away,Kyle Bradish,680694,5.2104207503528945,0.42090801530149385,0.26918645801268554,3.0
822808,2026-06-06,home,Braydon Fisher,680755,1.7761029199890226,0.009769145296415245,0.002387986040719131,2.0
822891,2026-06-06,away,Tanner Bibee,676440,4.711532595157917,0.3335669502349908,0.1969677690407298,3.0
822891,2026-06-06,home,Jack Leiter,683004,6.478449029918836,0.6278187019966444,0.4700796900814456,2.0
823048,2026-06-06,away,Nick Lodolo,666157,4.571440805279239,0.30931958100446677,0.17820995131686482,3.0
823048,2026-06-06,home,Matthew Liberatore,669461,6.71473132259958,0.6613868821721574,0.5069793144302807,4.0
823292,2026-06-06,away,Nolan McLean,690997,4.942924327404423,0.37402552065842426,0.2295193094803143,5.0
823292,2026-06-06,home,Griffin Canning,656288,5.073606127848364,0.3969525037353512,0.24865670271135792,6.0
823454,2026-06-06,away,Brandon Eisert,685126,1.4948818266485238,0.004384142908038063,0.0009080630254759949,2.0
823454,2026-06-06,home,Andrew Painter,691725,4.251662017713948,0.25533492275055875,0.1385070280753812,4.0
823697,2026-06-06,away,Luinder Avila,679883,4.770863433506235,0.3439052612720126,0.20513712659459798,3.0
823697,2026-06-06,home,Joe Ryan,657746,7.121649597295005,0.7145577256971611,0.5682531225490255,5.0
823859,2026-06-06,away,Shane McClanahan,663556,4.620052986115216,0.317703113691118,0.18463140790840485,6.0
823859,2026-06-06,home,Lake Bachar,669199,3.099600077518432,0.09429085752475552,0.038782002115137625,3.0
823942,2026-06-06,away,Jack Kochanowicz,686799,3.5342025133077666,0.14693987698191988,0.06795727399598119,1.0
823942,2026-06-06,home,Yoshinobu Yamamoto,808967,6.785108222938611,0.6710093223780406,0.5178042593989824,4.0
824184,2026-06-06,home,Tatsuya Imai,837227,4.475149339156898,0.2928303682192332,0.16577879833644552,8.0
824269,2026-06-06,away,Bryce Miller,682243,4.134443150384365,0.23621937610920066,0.12514757725236966,9.0
824269,2026-06-06,home,Keider Montero,672456,4.141016306188913,0.23727963005098374,0.12587875142736668,1.0
824351,2026-06-06,away,Jacob Misiorowski,694819,6.596028084102321,0.6447627944907988,0.48854018757871004,8.0
824351,2026-06-06,home,Zach Agnos,688642,3.302717047921021,0.11745023937925637,0.05114559906329756,1.0
824669,2026-06-06,away,Landen Roupp,694738,5.364529630934349,0.44773002054513505,0.2928227586282239,5.0
824669,2026-06-06,home,Ben Brown,676962,5.5107340699288745,0.47292023719104903,0.31565134444937853,5.0
824915,2026-06-06,away,Braxton Ashcraft,677952,5.745162242122917,0.5125706344473485,0.3528397009937731,5.0
824915,2026-06-06,home,Spencer Strider,675911,6.674517262006328,0.6558100451981019,0.5007568747569925,3.0
825075,2026-06-06,away,Zack Littell,641793,3.552702395937021,0.14942998111194108,0.06942787312670289,4.0
825075,2026-06-06,home,Eduardo Rodriguez,593958,5.1412697723569725,0.40881132911207946,0.2587513893178175,5.0
822807,2026-06-07,away,Shane Baz,669358,5.3750731706276405,0.4495561049772543,0.29445704355764857,3.0
822807,2026-06-07,home,Kevin Gausman,592332,6.165563635623229,0.5805338583372922,0.4202706082143059,5.0
822890,2026-06-07,away,Joey Cantillo,676282,4.474906166178231,0.2927889460466322,0.16574790410778048,7.0
822890,2026-06-07,home,Jacob deGrom,594798,5.91876588427373,0.5411855776970294,0.38065154646120825,6.0
823047,2026-06-07,away,Rhett Lowder,695076,3.391399193777224,0.1283730282352731,0.05723938976869698,4.0
823047,2026-06-07,home,Michael McGreevy,700241,5.218049112052577,0.42224058322401575,0.2703445116700708,5.0
823291,2026-06-07,away,Huascar Brazobán,623211,1.8422700178034894,0.011520133312976242,0.0029161510619618034,0.0
823291,2026-06-07,home,Randy Vásquez,681190,4.657147881805739,0.32412323925852704,0.18959481700884143,3.0
823453,2026-06-07,away,Tyler Gilbert,656457,2.069077241502437,0.019187667887215435,0.005423850636720928,1.0
823453,2026-06-07,home,Aaron Nola,605400,5.1248440910698365,0.4059341736592175,0.256289955807129,4.0
823537,2026-06-07,away,Ranger Suarez,624133,5.143165186778115,0.4091432529532124,0.259035860080319,6.0
823537,2026-06-07,home,Cam Schlittler,693645,5.976103774585146,0.5504744693006457,0.3898589918053887,5.0
823696,2026-06-07,away,Noah Cameron,702070,5.237134796876625,0.42557269355534083,0.27324766312938553,7.0
823696,2026-06-07,home,Connor Prielipp,687570,5.129910785656382,0.4068217957545576,0.2570484847168403,7.0
823857,2026-06-07,away,Griffin Jax,643377,4.400088765238512,0.2801034572369944,0.15636580834121916,4.0
823857,2026-06-07,home,Sandy Alcantara,645261,5.038842383913167,0.39085457468621226,0.24351795438777973,7.0
823941,2026-06-07,away,José Soriano,667755,5.370703492232443,0.44879946115940617,0.29377948311491414,2.0
823941,2026-06-07,home,Emmet Sheehan,686218,5.15505470137037,0.4112249292041721,0.26082232327599353,2.0
824183,2026-06-07,away,Gage Jump,695611,4.581655218717072,0.3110781212755526,0.1795512922162578,3.0
824183,2026-06-07,home,Mike Burrows,681347,4.870834831036107,0.36138783566649596,0.21918402575746582,3.0
824268,2026-06-07,away,Luis Castillo,622491,4.659069880510002,0.324456380979574,0.1898534520783448,5.0
824268,2026-06-07,home,Jack Flaherty,656427,5.48015727177242,0.46767722388573313,0.3108492347920797,7.0
824349,2026-06-07,away,Shane Drohan,675660,4.47866959591801,0.2934301420672664,0.16622632055161385,4.0
824349,2026-06-07,home,Kyle Freeland,607536,3.9403660443117245,0.20562006839361924,0.10455346242626895,2.0
824670,2026-06-07,away,Trevor McDonald,686790,4.299300936784946,0.26322130334903193,0.14412674922919802,6.0
824670,2026-06-07,home,Jameson Taillon,592791,4.679417976395673,0.32798615408388615,0.1926003487889299,2.0
824916,2026-06-07,away,Mason Montgomery,682254,1.5066463997675268,0.004550557571439899,0.0009496886304720597,2.0
824916,2026-06-07,home,Bryce Elder,693821,5.105569134486013,0.40255647596583427,0.25341035260346784,4.0
825074,2026-06-07,away,Cade Cavalli,676917,5.202541961596453,0.4195312704225027,0.2679917919690253,2.0
825074,2026-06-07,home,Michael Soroka,647336,4.995622817343996,0.3832712929300317,0.23717677365496173,6.0
822806,2026-06-08,away,Cristopher Sánchez,650911,5.648141057042121,0.49628759142188095,0.33738015730307297,10.0
822806,2026-06-08,home,Patrick Corbin,571578,4.571824599492751,0.3093856258567998,0.1782602734513356,3.0
822972,2026-06-08,away,Connelly Early,813349,5.795102757889973,0.5208740740099769,0.3608249870195145,6.0
822972,2026-06-08,home,Ian Seymour,693855,4.594616175830174,0.31331187034373087,0.18125941665717246,5.0
823218,2026-06-08,away,Richard Lovelady,663992,1.7742118785398848,0.009722073238534435,0.0023740593178309603,1.0
823218,2026-06-08,home,Logan Webb,657277,4.920845354219443,0.370153211003117,0.2263363449035344,7.0
823289,2026-06-08,away,Andrew Abbott,671096,4.767166479517046,0.3432601282264021,0.20462435173142396,6.0
823289,2026-06-08,home,Walker Buehler,621111,5.21425126231673,0.42157720428695994,0.2697677976477952,4.0
824025,2026-06-08,away,Spencer Arrighetti,681293,4.374686029729878,0.2758247929188888,0.15323711000215132,7.0
824025,2026-06-08,home,Grayson Rodriguez,680570,5.248017596531513,0.42747141321072385,0.2749066933964588,6.0
824427,2026-06-08,away,Will Warren,701542,4.310903754255258,0.2651515678771875,0.1455117475363756,5.0
824427,2026-06-08,home,Gavin Williams,668909,6.3863134730786175,0.6142184712686742,0.4554997356003124,5.0
824829,2026-06-08,away,Emerson Hancock,676106,4.450825969647641,0.2886930638168758,0.16270133783406768,3.0
824829,2026-06-08,home,Trey Gibson,694346,3.96826774504384,0.20992994915458205,0.10739391380066739,0.0
824998,2026-06-08,away,Kyle Harrison,690986,6.161330018789981,0.579873320661946,0.4195920767721176,4.0
824998,2026-06-08,home,Jeffrey Springs,605488,4.65783940441802,0.3242430960653316,0.189687855728196,3.0
822805,2026-06-09,away,Zack Wheeler,554430,5.154808643253241,0.4111818554588325,0.26078531624031165,5.0
822805,2026-06-09,home,Dylan Cease,656302,6.096203570917858,0.5696464111340389,0.4091457971366843,11.0
822969,2026-06-09,away,Payton Tolle,801139,5.279416888076403,0.43294402742701615,0.2797077386106059,3.0
822969,2026-06-09,home,Nick Martinez,607259,4.461237345676591,0.29046251179704463,0.16401545752863525,2.0
823214,2026-06-09,away,Andrew Alvarez,674841,4.429726047435231,0.2851140765074349,0.1600527197968796,4.0
823214,2026-06-09,home,Adrian Houser,605288,4.776539295233584,0.34489594380736444,0.20592533037738886,6.0
823290,2026-06-09,away,Chase Burns,695505,5.804907548902437,0.5224977094926274,0.3623945024149327,7.0
823290,2026-06-09,home,Lucas Giolito,608337,4.992043074670156,0.38264316735674164,0.23665398129113616,3.0
823374,2026-06-09,away,Eric Lauer,641778,4.018308287861423,0.21773758703421323,0.11259034005338335,5.0
823374,2026-06-09,home,Paul Skenes,694973,6.631607949148839,0.6497970856704247,0.49408948026490346,7.0
823620,2026-06-09,away,Dustin May,669160,5.95067528314104,0.5463654636675008,0.38577506423903285,6.0
823620,2026-06-09,home,Freddy Peralta,642547,6.308286582375411,0.6024856594523929,0.44308800004828486,5.0
823858,2026-06-09,away,Zac Gallen,668678,4.350190096399992,0.27171354453327884,0.15024792725391808,3.0
823858,2026-06-09,home,Max Meyer,676974,6.309526771508574,0.6026736577137772,0.44328567729520163,5.0
824023,2026-06-09,away,Kai-Wei Teng,678906,4.953906672547894,0.37595204563493073,0.23110818385643003,5.0
824023,2026-06-09,home,Walbert Ureña,700712,5.874480715696012,0.5339542385001824,0.3735448292116021,7.0
824105,2026-06-09,away,Nathan Eovaldi,543135,5.29707722312094,0.4360181336236188,0.2824171767252438,3.0
824105,2026-06-09,home,Stephen Kolek,663568,4.9908325535412565,0.3824307619597595,0.2364772799027259,3.0
824267,2026-06-09,away,Taj Bradley,671737,5.499747228042037,0.4710379876899029,0.31392430532811283,3.0
824267,2026-06-09,home,Troy Melton,675512,4.2097472866991685,0.24845046937435047,0.13365264937475338,5.0
824347,2026-06-09,away,Colin Rea,607067,4.088055909954442,0.2287791901213251,0.12004945232609658,2.0
824347,2026-06-09,home,Tomoyuki Sugano,608372,3.808727992582178,0.18573475156524755,0.09171097302529141,3.0
824429,2026-06-09,away,Gerrit Cole,543037,4.361682499545075,0.27364052596848054,0.15164689583975852,4.0
824429,2026-06-09,home,Slade Cecconi,677944,4.467712285750359,0.291564075045269,0.16483510783551178,7.0
824591,2026-06-09,away,Grant Holmes,656550,5.111521353281867,0.4035996835331181,0.25429856476859924,2.0
824591,2026-06-09,home,Brandon Eisert,685126,1.741540226275113,0.008934066955977071,0.0021431682108932447,1.0
824830,2026-06-09,away,Logan Gilbert,669302,5.691431563456247,0.5035768467938467,0.3442682216104804,5.0
824830,2026-06-09,home,Trevor Rogers,669432,4.052232509833528,0.2230855819618456,0.11618712809432717,3.0
824999,2026-06-09,away,Robert Gasser,688107,4.483330825342632,0.29422469035742904,0.16681971575531324,7.0
824999,2026-06-09,home,J.T. Ginn,669372,5.634121100887583,0.4939190348977098,0.33515326840116755,5.0
822804,2026-06-10,away,Jesús Luzardo,666200,4.487763751385402,0.294980718423336,0.16738491571913813,8.0
822804,2026-06-10,home,Max Scherzer,453286,3.8460470587699973,0.19129433418505107,0.09525745216742887,4.0
822970,2026-06-10,away,Jake Bennett,687562,3.552851007999624,0.1494500609894692,0.06943976301354886,4.0
822970,2026-06-10,home,Drew Rasmussen,656876,5.2226872535465025,0.42305059484867574,0.2710492714786996,13.0
823215,2026-06-10,away,Foster Griffin,656492,5.020153663770898,0.38757560775871674,0.24076936153404363,5.0
823215,2026-06-10,home,Robbie Ray,592662,4.833970289655979,0.354933748150271,0.21396438358694256,3.0
823287,2026-06-10,away,Brady Singer,663903,4.9835741226659085,0.38115716563898855,0.2354186659299437,5.0
823287,2026-06-10,home,Michael King,650633,5.698245525935803,0.5047207479492357,0.34535394358564914,3.0
823372,2026-06-10,away,Shohei Ohtani,660271,5.876773445789716,0.5343298080503287,0.3739126136441061,6.0
823372,2026-06-10,home,Jared Jones,683003,4.675444641179859,0.32729650465460325,0.19206271747306541,4.0
823618,2026-06-10,away,Andre Pallante,669467,4.716990225638279,0.33451649042213516,0.19771383250818525,5.0
823618,2026-06-10,home,Austin Warren,681810,1.9887945179137003,0.01616259938574719,0.00440050923241192,1.0
823856,2026-06-10,away,Ryne Nelson,669194,4.795094579505941,0.3481364402059803,0.2085100681625578,2.0
823856,2026-06-10,home,Ryan Gusto,687473,4.039194973782026,0.22102515080954788,0.11479780784248149,4.0
824022,2026-06-10,away,Peter Lambert,663567,5.119993719627073,0.4050843459937195,0.2555644269304261,6.0
824022,2026-06-10,home,Reid Detmers,672282,6.958444080891345,0.6939528653517706,0.5440788006758235,9.0
824103,2026-06-10,away,MacKenzie Gore,669022,4.50907250135114,0.2986201682137518,0.17011354609620813,6.0
824103,2026-06-10,home,Seth Lugo,607625,4.628058841477389,0.31908712502684144,0.18569803230885715,2.0
824266,2026-06-10,home,Framber Valdez,664285,5.001824239455099,0.38435943963044866,0.2380833310740644,2.0
824348,2026-06-10,away,Shota Imanaga,684007,4.2000078058991255,0.24685838608265062,0.13253689643060498,7.0
824348,2026-06-10,home,Michael Lorenzen,547179,4.137630994920392,0.23673339594486942,0.12550191145025874,7.0
824428,2026-06-10,away,Carlos Rodón,607074,5.138137173941424,0.40826271255996605,0.2582814349201293,7.0
824428,2026-06-10,home,Parker Messick,800048,5.349008281932566,0.4450394346874862,0.2904206180950017,4.0
824590,2026-06-10,away,Chris Sale,519242,6.449223151765415,0.6235349078240313,0.4654647443604664,6.0
824590,2026-06-10,home,Davis Martin,663436,5.501833692518863,0.4713955834021699,0.31425214850659033,6.0
824831,2026-06-10,away,George Kirby,669923,4.685346862805934,0.3290155757328088,0.19340370646156654,10.0
824831,2026-06-10,home,Brandon Young,687064,4.867502480145156,0.36080413465343564,0.218710335975542,5.0
824996,2026-06-10,away,Brandon Sproat,687075,5.109828091716682,0.4033029298171041,0.2540457961496486,3.0
824996,2026-06-10,home,Jack Perkins,678022,5.443104546450644,0.4613050077731882,0.3050487963151172,4.0
823371,2026-06-11,away,Justin Wrobleski,680736,5.234922666708229,0.4251866279284071,0.2729107546780711,1.0
823371,2026-06-11,home,Mitch Keller,656605,4.550051136414192,0.3056425820272853,0.175414972688169,3.0
823619,2026-06-11,away,Hunter Dobbins,690928,3.4223721077960816,0.13229941688449168,0.05946887375658981,5.0
823619,2026-06-11,home,Christian Scott,681035,5.541103240014985,0.4781129649544369,0.32043376998857853,6.0
823855,2026-06-11,away,Merrill Kelly,518876,4.430006147620705,0.28516152459831473,0.16008775124508304,1.0
823855,2026-06-11,home,Tyler Phillips,663969,4.07243202212769,0.22629027560436984,0.11835688735065533,5.0
824101,2026-06-11,away,Kumar Rocker,677958,4.068400321459754,0.22564944719887625,0.11792214760010464,3.0
824101,2026-06-11,home,Michael Wacha,608379,4.679399998392402,0.32798303322787753,0.1925979148286542,2.0
824265,2026-06-11,away,Zebby Matthews,805673,5.057873821056092,0.3941931851936367,0.24632703779461337,4.0
824265,2026-06-11,home,Keider Montero,672456,4.045638170495847,0.2220426312619945,0.11548332128858804,4.0
824346,2026-06-11,away,Edward Cabrera,665795,4.784249686713184,0.34624215961951704,0.20699790420379882,5.0
824346,2026-06-11,home,Ryan Feltner,663372,3.68246129845866,0.16741372086479075,0.0802724219358609,3.0
824827,2026-06-11,away,Bryan Woo,693433,5.827470270558652,0.5262255972704736,0.3660081819744912,4.0
824827,2026-06-11,home,Kyle Bradish,680694,4.673019658998842,0.3268756952443432,0.1917348906582538,5.0
822726,2026-06-12,away,Bryce Miller,682243,4.858704719061443,0.3592633598341202,0.21746151133391686,7.0
822726,2026-06-12,home,Zack Littell,641793,4.037128582240072,0.22069916511511065,0.11457841067596773,0.0
822803,2026-06-12,away,Ryan Weathers,677960,5.706926299601061,0.5061766581467559,0.34673768556168605,2.0
822803,2026-06-12,home,Trey Yesavage,702056,5.347815639825809,0.444832579058692,0.2902362265753977,3.0
823211,2026-06-12,away,Javier Assad,665871,3.7453541865329565,0.17644249619751518,0.0858612668053916,5.0
823211,2026-06-12,home,Landen Roupp,694738,5.649564617460737,0.49652787845782326,0.33760638165308576,5.0
823370,2026-06-12,away,Sandy Alcantara,645261,5.20581586274197,0.4201034063084245,0.26848804155108535,7.0
823370,2026-06-12,home,Braxton Ashcraft,677952,6.203126771154536,0.5863712631357498,0.4262873407012545,4.0
823617,2026-06-12,away,Spencer Strider,675911,5.478346564690991,0.46736629260676127,0.31056528965886043,3.0
823617,2026-06-12,home,Nolan McLean,690997,5.097705776177398,0.4011781194233355,0.25223837339971467,6.0
823695,2026-06-12,away,Kyle Leahy,681517,4.003010955340229,0.21534038251195423,0.11098794290111011,5.0
823695,2026-06-12,home,Joe Ryan,657746,7.101417932653141,0.7120564198283106,0.5652884399140068,8.0
823778,2026-06-12,away,Tanner Banks,621383,2.4975675910930293,0.04185874857237188,0.01411972419756862,2.0
823778,2026-06-12,home,Jacob Misiorowski,694819,7.321159040400177,0.7384178963233914,0.5969663892260311,15.0
824020,2026-06-12,away,Shane McClanahan,663556,4.654245647695015,0.3236202818869602,0.18920454750322144,7.0
824020,2026-06-12,home,Sam Aldegheri,691951,3.8522542704508003,0.19222517366962869,0.09585460921981266,4.0
824102,2026-06-12,away,Tatsuya Imai,837227,4.675196714384608,0.3272534784270074,0.19202919057113524,1.0
824102,2026-06-12,home,Luinder Avila,679883,4.950688914716032,0.37538756346686647,0.23064226988973996,0.0
824425,2026-06-12,away,Jack Flaherty,656427,5.609648669060008,0.4897756959801178,0.33127104314118627,1.0
824425,2026-06-12,home,Tanner Bibee,676440,4.517909978239074,0.30013207631579275,0.17125087693530888,8.0
824507,2026-06-12,away,Eduardo Rodriguez,593958,5.402077665706317,0.4542269329257314,0.29865189159057615,3.0
824507,2026-06-12,home,Nick Lodolo,666157,4.762624864295762,0.3424677581011566,0.20399509155683554,5.0
824588,2026-06-12,away,Roki Sasaki,808963,5.539396805805615,0.4778215880651166,0.32016471985343875,4.0
824588,2026-06-12,home,Anthony Kay,641743,4.320160631611292,0.26669413074213394,0.14662124444477,7.0
824752,2026-06-12,away,Jack Leiter,683004,5.0870903943187935,0.3993170382082927,0.250658812383235,3.0
824752,2026-06-12,home,Sonny Gray,543243,5.596793514967119,0.4875947927581617,0.3292343631912536,7.0
824826,2026-06-12,away,Griffin Canning,656288,4.206185168050474,0.24786784078222138,0.13324403578229668,6.0
824826,2026-06-12,home,Shane Baz,669358,5.3770143748266195,0.44989216573353796,0.29475815644576453,1.0
824997,2026-06-12,home,Gage Jump,695611,4.764670074770555,0.3428245615205407,0.2042783725088418,6.0
822725,2026-06-13,away,Luis Castillo,622491,5.077932640837952,0.39771123411660586,0.24929855944843737,4.0
822725,2026-06-13,home,Cade Cavalli,676917,5.74577434492962,0.5126727390006702,0.3529374740726599,5.0
822802,2026-06-13,away,Cam Schlittler,693645,5.095590283575726,0.400807261683873,0.25192335150561934,7.0
822802,2026-06-13,home,Kevin Gausman,592332,5.98905663420266,0.5525610017740737,0.39193946565206367,7.0
823213,2026-06-13,away,Ben Brown,676962,5.27377633650805,0.4319615718873922,0.2788437350380119,3.0
823213,2026-06-13,home,Trevor McDonald,686790,5.290968981891545,0.4349552175953018,0.2814793264208457,4.0
823369,2026-06-13,away,Lake Bachar,669199,3.430069884226192,0.13328404403114494,0.06003113249599298,4.0
823369,2026-06-13,home,Bubba Chandler,696149,4.96683615347794,0.37822038628835375,0.2329834859205436,6.0
823616,2026-06-13,away,Martín Pérez,527048,4.451890619444062,0.28887390108713934,0.16283549974824368,4.0
823616,2026-06-13,home,Sean Manaea,640455,4.752405760526741,0.34068550459938557,0.20258190837086737,6.0
823694,2026-06-13,away,Matthew Liberatore,669461,5.398574986782984,0.45362160997397694,0.2981070680195154,4.0
823694,2026-06-13,home,Connor Prielipp,687570,5.267653561756262,0.4308947985688449,0.2779066253869729,2.0
823776,2026-06-13,away,Aaron Nola,605400,4.764641232454539,0.34281952949516553,0.20427437653081634,3.0
823776,2026-06-13,home,Shane Drohan,675660,4.692007515462706,0.3301725411981532,0.19430781277323134,7.0
824019,2026-06-13,away,Griffin Jax,643377,4.177753010561605,0.24323159698302801,0.13000486063236757,5.0
824019,2026-06-13,home,José Soriano,667755,5.414076200284847,0.4562992817855073,0.3005197949555198,5.0
824100,2026-06-13,away,Mike Burrows,681347,4.255060006545209,0.2558953131183525,0.1389042851814812,5.0
824100,2026-06-13,home,Noah Cameron,702070,6.505434344942528,0.6317488054108549,0.4743320146450435,1.0
824426,2026-06-13,away,Tarik Skubal,669373,5.512932246445586,0.4732965967007295,0.31599708291784195,4.0
824426,2026-06-13,home,Joey Cantillo,676282,5.141114281980006,0.40878409895984097,0.25872805674422006,4.0
824508,2026-06-13,away,Michael Soroka,647336,5.3292832753835295,0.44161623646314757,0.2873744602118512,7.0
824508,2026-06-13,home,Rhett Lowder,695076,4.15006124620418,0.23874094683011557,0.12688840933164286,6.0
824587,2026-06-13,away,Yoshinobu Yamamoto,808967,5.75819790599404,0.5147433465510584,0.35492249114255026,7.0
824587,2026-06-13,home,Sean Burke,680732,5.049929700547781,0.3927996540280594,0.24515324287239987,6.0
824749,2026-06-13,away,Jacob deGrom,594798,5.071111906355585,0.3965150761748281,0.2482869044400726,5.0
824749,2026-06-13,home,Ranger Suarez,624133,5.993667671050658,0.5533027040984215,0.392680100154925,7.0
824828,2026-06-13,away,Randy Vásquez,681190,3.777135917632328,0.18107869447585423,0.08876760119881855,5.0
824828,2026-06-13,home,Trey Gibson,694346,3.9561605343467243,0.20805588621717072,0.10615633968978688,7.0
824995,2026-06-13,away,Kyle Freeland,607536,4.193388654230407,0.24577805538810968,0.13178125931915977,4.0
824995,2026-06-13,home,Joey Estes,683155,3.4892925563593815,0.14097451220694335,0.0644657273379983,4.0
822722,2026-06-14,away,Emerson Hancock,676106,4.280889977141294,0.26016593429417734,0.14194210936537438,2.0
822722,2026-06-14,home,PJ Poulin,676571,2.121603751456089,0.0213629450409851,0.006183623891844836,0.0
822801,2026-06-14,away,Will Warren,701542,4.303251109386187,0.26387805455852703,0.1445975606240745,1.0
822801,2026-06-14,home,Patrick Corbin,571578,4.6841139810255354,0.3288014787063665,0.19323654198575985,3.0
823212,2026-06-14,away,Ryan Rolison,669020,1.505517504711645,0.004534390463475862,0.0009456304648874499,0.0
823212,2026-06-14,home,Logan Webb,657277,5.639781762558039,0.49487581124776353,0.3360521519890994,7.0
823368,2026-06-14,away,Max Meyer,676974,6.149498447492228,0.5780245419962377,0.4176954110280226,9.0
823368,2026-06-14,home,Paul Skenes,694973,6.539115619181917,0.6366197530741086,0.47962694008005585,10.0
823615,2026-06-14,away,Bryce Elder,693821,4.270319732432106,0.25841600898235345,0.14069511071216742,2.0
823615,2026-06-14,home,Freddy Peralta,642547,5.97362445203592,0.5500745784941241,0.3894607762727712,2.0
823693,2026-06-14,away,Michael McGreevy,700241,4.068729675385533,0.22570177500929303,0.11795763078310714,2.0
823693,2026-06-14,home,Taj Bradley,671737,5.850857405051733,0.5300771087058992,0.3697564454854616,7.0
823777,2026-06-14,away,Cristopher Sánchez,650911,6.60821033351046,0.6464914122008634,0.4904422767454598,3.0
823777,2026-06-14,home,Kyle Harrison,690986,6.718868996907339,0.6619574639965162,0.5076180617437702,3.0
824021,2026-06-14,away,Casey Legumina,668984,1.9430156433988124,0.0145938407592243,0.0038864336764980285,1.0
824021,2026-06-14,home,Grayson Rodriguez,680570,5.0603255792307404,0.3946232396698952,0.24668965253950817,1.0
824099,2026-06-14,away,Spencer Arrighetti,681293,4.536198521986023,0.3032653640842377,0.17361497240743531,7.0
824099,2026-06-14,home,Stephen Kolek,663568,5.042603971540893,0.39151450163772356,0.24407237256674655,4.0
824506,2026-06-14,away,Zac Gallen,668678,4.719101905031633,0.33488397255709823,0.1980027987830361,4.0
824506,2026-06-14,home,Andrew Abbott,671096,4.748846676337748,0.3400650064092485,0.20209061587004465,5.0
824586,2026-06-14,away,Emmet Sheehan,686218,4.184355831811198,0.24430600276618705,0.13075355226809957,8.0
824586,2026-06-14,home,Bryan Hudson,663542,1.6726681053207166,0.007424166024359493,0.0017133833911648425,0.0
824751,2026-06-14,away,Nathan Eovaldi,543135,4.88786240358163,0.36437119425581227,0.2216101671558222,6.0
824751,2026-06-14,home,Connelly Early,813349,5.825731138143455,0.5259386730914111,0.3657295498722312,3.0
824823,2026-06-14,away,Walker Buehler,621111,4.06396497673592,0.22494514381974373,0.1174448431925899,5.0
824823,2026-06-14,home,Trevor Rogers,669432,4.221110175192366,0.2503116059395506,0.13496023142078856,4.0
824994,2026-06-14,away,Tomoyuki Sugano,608372,4.210651172215814,0.24859837310274424,0.13375643340228766,2.0
824994,2026-06-14,home,Jeffrey Springs,605488,4.7634931111722665,0.34261922632939923,0.2041153335745622,5.0
822724,2026-06-15,away,Mitch Spence,687765,3.4305303831670155,0.1333430570145069,0.060064871203525154,1.0
822724,2026-06-15,home,Andrew Alvarez,674841,4.966007281562222,0.3780749627855007,0.23286311351339947,5.0
822887,2026-06-15,away,Mike Paredes,702474,4.737882724421859,0.33815426959815614,0.20058006210720508,2.0
822887,2026-06-15,home,MacKenzie Gore,669022,5.304101233971936,0.437239955417396,0.28349657258431515,10.0
823046,2026-06-15,away,Wandy Peralta,593974,1.8671295692335996,0.012231691107284627,0.0031361157679703085,1.0
823046,2026-06-15,home,Dustin May,669160,6.242899317774664,0.5925058157267089,0.4326498810130288,9.0
823452,2026-06-15,away,Ryan Gusto,687473,4.6232065820644195,0.31824818361156176,0.18505125981102463,1.0
823452,2026-06-15,home,Zack Wheeler,554430,6.227629865198965,0.5901563166651449,0.43020825780259125,9.0
823938,2026-06-15,away,Nick Martinez,607259,3.789631749249695,0.18291473609089356,0.0899253441732193,6.0
823938,2026-06-15,home,Eric Lauer,641778,4.11581657408488,0.23322285586452932,0.1230874016659853,4.0
824181,2026-06-15,away,Drew Anderson,623454,4.002607246302713,0.21527724118378289,0.11094581912056757,5.0
824181,2026-06-15,home,Kai-Wei Teng,678906,5.31027554306162,0.43831356626020085,0.2844462150511993,9.0
824505,2026-06-15,away,Tobias Myers,668964,2.846746854747393,0.06926210895807212,0.026364394892543174,1.0
824505,2026-06-15,home,Chase Burns,695505,7.08634630961941,0.7101833036970503,0.5630738308192409,7.0
824666,2026-06-15,away,Michael Lorenzen,547179,4.834852830153279,0.3550881715924503,0.2140888079993313,5.0
824666,2026-06-15,home,Shota Imanaga,684007,4.643608759188971,0.32177784255457725,0.18777698622907762,3.0
824993,2026-06-15,away,Jared Jones,683003,4.75507651531784,0.34115120524635234,0.20295087842716472,4.0
824993,2026-06-15,home,J.T. Ginn,669372,6.1497411816263465,0.5780625123804948,0.4177343282659156,3.0
825071,2026-06-15,away,Walbert Ureña,700712,5.380796904639558,0.45054686470787236,0.295345083770829,3.0
825071,2026-06-15,home,Ryne Nelson,669194,4.7853821925330315,0.34643993226039954,0.2071556218180433,5.0
822723,2026-06-16,away,Michael Wacha,608379,4.218243614307202,0.2498417188786565,0.134629769481872,3.0
822723,2026-06-16,home,Foster Griffin,656492,4.843536724994842,0.3566078893743614,0.2153145097778251,6.0
822888,2026-06-16,away,Zebby Matthews,805673,4.759221554905392,0.34187410417429837,0.2035240347588978,4.0
822888,2026-06-16,home,Kumar Rocker,677958,4.35159844550419,0.27194951211572865,0.15041903892198985,4.0
823045,2026-06-16,away,Michael King,650633,4.36687512633892,0.2745122639714794,0.1522809805034659,1.0
823045,2026-06-16,home,Andre Pallante,669467,4.5905604406672875,0.31261260807780317,0.18072417935851753,6.0
823128,2026-06-16,away,Brandon Young,687064,4.4094840837766585,0.2816897367676519,0.15753034569436733,2.0
823128,2026-06-16,home,Logan Gilbert,669302,6.225460009691014,0.5898218667520871,0.42986117990473655,10.0
823451,2026-06-16,away,Tyler Phillips,663969,4.830183169829006,0.3542711463748623,0.21343075981234866,4.0
823451,2026-06-16,home,Jesús Luzardo,666200,6.063681109857374,0.5644939815435923,0.40392473144397434,9.0
823535,2026-06-16,away,Davis Martin,663436,5.103355868658887,0.40216853780122697,0.2530803166349804,4.0
823535,2026-06-16,home,Gerrit Cole,543037,4.670765520820727,0.3264845965702618,0.19143036215675482,6.0
823775,2026-06-16,away,Slade Cecconi,677944,4.211114506495827,0.24867419869221555,0.13380964884791158,4.0
823775,2026-06-16,home,Robert Gasser,688107,5.284284454348896,0.4337916110252929,0.2804538735953001,5.0
823939,2026-06-16,away,Drew Rasmussen,656876,5.65309719926527,0.4971239835188624,0.33816784613385836,7.0
823939,2026-06-16,home,Justin Wrobleski,680736,4.641814464368045,0.32146719563680437,0.1875366122192907,5.0
824182,2026-06-16,away,Framber Valdez,664285,4.738532038876422,0.33826739674347545,0.20066939875307788,6.0
824182,2026-06-16,home,Hunter Brown,686613,5.6045510996137615,0.48891124422632243,0.330463198620179,7.0
824504,2026-06-16,away,Kodai Senga,673540,4.221967695305662,0.25045221910881765,0.13505916541586496,5.0
824504,2026-06-16,home,Brady Singer,663903,5.52538803000189,0.4754277444244304,0.317957440080095,5.0
824667,2026-06-16,away,Ryan Feltner,663372,3.9047074969297793,0.20015902405048014,0.10098324472771336,7.0
824667,2026-06-16,home,Edward Cabrera,665795,4.988142615484762,0.3819587708560943,0.23608478094400306,3.0
824750,2026-06-16,away,Dylan Cease,656302,6.999536018733079,0.6992324617563115,0.5502198073618435,7.0
824750,2026-06-16,home,Payton Tolle,801139,5.120225448522066,0.4051249491585407,0.25559907570598317,6.0
824912,2026-06-16,away,Adrian Houser,605288,4.468803193209089,0.29174975202424724,0.16497338326893746,2.0
824912,2026-06-16,home,Grant Holmes,656550,4.906373320737893,0.36761576254521516,0.2242583397010704,2.0
824991,2026-06-16,away,Mitch Keller,656605,4.377937707006068,0.27637163177454066,0.15363596624260836,7.0
824991,2026-06-16,home,Jack Perkins,678022,4.9470388826803235,0.374747270621355,0.23011414953055806,6.0
825070,2026-06-16,away,Reid Detmers,672282,5.898981778075311,0.5379610461747829,0.37747599083587996,3.0
825070,2026-06-16,home,Merrill Kelly,518876,4.517602925430379,0.30007952190102655,0.17121130559423764,4.0
822721,2026-06-17,away,Luinder Avila,679883,3.882314693731795,0.19675727982269609,0.09877578317924063,5.0
822721,2026-06-17,home,Zack Littell,641793,4.151159758545984,0.2389186095696654,0.12701131080436148,2.0
823044,2026-06-17,away,Bradgley Rodriguez,699134,1.442550574707495,0.0036977298659740016,0.0007399759512094405,1.0
823044,2026-06-17,home,Kyle Leahy,681517,4.211595730670987,0.24875295896698146,0.13386493009567177,7.0
823127,2026-06-17,away,Kyle Bradish,680694,4.154105195663343,0.23939517285503806,0.1273411428454514,12.0
823127,2026-06-17,home,George Kirby,669923,6.2237809713050165,0.5895629706966223,0.42959259162477165,5.0
823450,2026-06-17,away,Sandy Alcantara,645261,5.31157658459288,0.438539746834548,0.28464641976879324,6.0
823450,2026-06-17,home,Andrew Painter,691725,4.361640782176437,0.2736335251319398,0.15164180662639265,3.0
823536,2026-06-17,away,Anthony Kay,641743,4.669360791223725,0.3262409038313083,0.1912406854093535,2.0
823536,2026-06-17,home,Carlos Rodón,607074,5.967477965986086,0.549082513168755,0.3884735802194221,7.0
823774,2026-06-17,away,Gavin Williams,668909,5.637476820637371,0.49448629923571685,0.335686099685595,4.0
823774,2026-06-17,home,Brandon Sproat,687075,4.9643781104267966,0.3777891312114329,0.232626578706018,6.0
823940,2026-06-17,away,Shane McClanahan,663556,4.7805119392400774,0.3455894983598622,0.2064776917504453,3.0
823940,2026-06-17,home,Shohei Ohtani,660271,6.217301971724183,0.5885631531588658,0.42855602399621867,5.0
824178,2026-06-17,away,Casey Mize,663554,4.357780544995217,0.2729859014317086,0.15117123128139284,3.0
824178,2026-06-17,home,Peter Lambert,663567,5.369696495429556,0.4486250593777715,0.2936233877073065,5.0
824503,2026-06-17,away,Nolan McLean,690997,5.623582932125296,0.4921362317319291,0.3334807461759164,9.0
824503,2026-06-17,home,Nick Lodolo,666157,5.465035318037585,0.4650790112719929,0.3084794073841358,2.0
824668,2026-06-17,away,Sean Sullivan,807743,2.9345203640493676,0.07746094208133743,0.030315005435945477,2.0
824668,2026-06-17,home,Javier Assad,665871,4.423654691265739,0.28408602982909176,0.1592942456736705,1.0
824746,2026-06-17,away,Braydon Fisher,680755,1.623678027258583,0.006468627627429234,0.0014508365233884687,0.0
824746,2026-06-17,home,Jake Bennett,687562,3.9025104029113673,0.19982430296388187,0.10076547468318164,5.0
824913,2026-06-17,away,Carson Whisenhunt,687931,3.0826704828491613,0.09248121979414947,0.03784969182778875,2.0
824913,2026-06-17,home,JR Ritchie,702275,3.850134735590367,0.19190713198771014,0.09565046915103696,4.0
824992,2026-06-17,away,Braxton Ashcraft,677952,5.379818875917758,0.45037759939140454,0.2951933005180309,7.0
824992,2026-06-17,home,Aaron Civale,650644,3.939496677802326,0.20548629353930892,0.1044656184685879,2.0
825072,2026-06-17,away,Sam Aldegheri,691951,3.603262251775633,0.1563308979708217,0.0735431969256567,1.0
825072,2026-06-17,home,Eduardo Rodriguez,593958,5.281632925150618,0.43332993065255826,0.28004736720821055,5.0
822889,2026-06-18,away,Joe Ryan,657746,6.670394644705833,0.6552351223918143,0.5001175169407531,7.0
822889,2026-06-18,home,Jack Leiter,683004,5.1851045743395066,0.41648277036571485,0.26535289736156215,4.0
823125,2026-06-18,away,Shane Baz,669358,4.8528301872429935,0.3582347556860938,0.21662906756191183,9.0
823125,2026-06-18,home,Bryan Woo,693433,6.586278878921931,0.6433757403790759,0.48701647359781675,9.0
823448,2026-06-18,away,Sean Manaea,640455,4.982703766611627,0.38100445090380647,0.23529183280588742,5.0
823448,2026-06-18,home,Aaron Nola,605400,5.616184624865429,0.49088337003867394,0.3323072567632015,6.0
823533,2026-06-18,away,Bryan Hudson,663542,1.3800001683345942,0.0029857322237796364,0.0005724068355800211,2.0
823533,2026-06-18,home,Ryan Weathers,677960,5.306482272055905,0.4376540242144071,0.2838626985447663,8.0
823772,2026-06-18,away,Parker Messick,800048,4.519137040856827,0.30034211455931387,0.17140905405931922,9.0
823772,2026-06-18,home,Shane Drohan,675660,5.253477040145722,0.42842355593307674,0.27573993685198106,3.0
824098,2026-06-18,away,Matthew Liberatore,669461,5.265055215976719,0.43044198708744674,0.2775091811003888,2.0
824098,2026-06-18,home,Noah Cameron,702070,5.599093881173845,0.487985275902373,0.32959868029757794,6.0
824748,2026-06-18,away,Trey Yesavage,702056,4.866509781737658,0.3606302618582416,0.21856929598210809,6.0
824748,2026-06-18,home,Sonny Gray,543243,5.840930445480516,0.528443868871455,0.3681651546711365,4.0
824989,2026-06-18,away,Ryan Johnson,696270,3.2089237103577677,0.10642777490222662,0.045163683554396775,2.0
824989,2026-06-18,home,Gage Jump,695611,4.900695964622877,0.3666205107456914,0.22344496441277936,7.0
822886,2026-06-19,away,Randy Vásquez,681190,3.7893015210450605,0.18286612012642334,0.08989463941064661,1.0
822886,2026-06-19,home,Jacob deGrom,594798,5.850327368091645,0.529989963374291,0.36967147018323937,9.0
822966,2026-06-19,away,PJ Poulin,676571,1.7560109251200546,0.009277231155509678,0.0022431895947939047,1.0
822966,2026-06-19,home,Griffin Jax,643377,5.228155310442125,0.42400533810812724,0.2718807607527261,5.0
823124,2026-06-19,away,Ranger Suarez,624133,5.310647978265606,0.43837831430665,0.28450352205531615,5.0
823124,2026-06-19,home,Bryce Miller,682243,5.981636155798771,0.5513662048811705,0.390747586923208,7.0
823534,2026-06-19,away,Rhett Lowder,695076,4.77905417373072,0.3453349830349772,0.20627493707718214,5.0
823534,2026-06-19,home,Cam Schlittler,693645,5.917022667763825,0.5409018529221334,0.38037170425951194,13.0
823853,2026-06-19,away,Landen Roupp,694738,5.369422017349521,0.44857752041926896,0.2935808438315327,7.0
823853,2026-06-19,home,Lake Bachar,669199,3.85494884029422,0.1926297908491247,0.0961144814639903,1.0
823936,2026-06-19,away,Trey Gibson,694346,3.864912918640925,0.19412880729894624,0.09707883205509284,8.0
823936,2026-06-19,home,Roki Sasaki,808963,6.280781895756159,0.5983038829163717,0.43870095315352076,6.0
824097,2026-06-19,away,Michael McGreevy,700241,3.871978366904733,0.19519441204900156,0.09776587127991825,2.0
824097,2026-06-19,home,Seth Lugo,607625,4.159557886085151,0.24027815634810765,0.12795287852508805,0.0
824179,2026-06-19,away,Tanner Bibee,676440,4.767402605210116,0.3433013296289294,0.20465708819965736,7.0
824179,2026-06-19,home,Tatsuya Imai,837227,5.180069277305672,0.4156021112484867,0.2645922153013123,11.0
824264,2026-06-19,away,Brandon Eisert,685126,1.7994246339518978,0.01036306853748302,0.0025649598446460344,2.0
824264,2026-06-19,home,Tarik Skubal,669373,6.446287870575009,0.6231031038627183,0.46500071664351783,8.0
824345,2026-06-19,away,Bubba Chandler,696149,4.929894257222672,0.37174010410497416,0.2276390174923458,1.0
824345,2026-06-19,home,Kyle Freeland,607536,4.356570062738102,0.2727828971717205,0.15102381042275007,8.0
824663,2026-06-19,away,Kevin Gausman,592332,6.110512576626189,0.5719038570398676,0.41144212942541075,3.0
824663,2026-06-19,home,Ben Brown,676962,5.308157477509301,0.4379453127590736,0.28412035879117625,4.0
824910,2026-06-19,away,Jacob Misiorowski,694819,6.193709701457195,0.5849117771232295,0.4247795902628715,7.0
824910,2026-06-19,home,Martín Pérez,527048,4.443864640557174,0.2875112272066393,0.1618253318185651,5.0
824990,2026-06-19,away,José Soriano,667755,4.963962807494402,0.377716268497663,0.23256629488414088,6.0
824990,2026-06-19,home,Jeffrey Springs,605488,5.254129152791762,0.428537269594069,0.275839508382654,4.0
825069,2026-06-19,away,Connor Prielipp,687570,4.08524083770654,0.2283300976416509,0.1197435718064227,4.0
825069,2026-06-19,home,Michael Soroka,647336,5.086888502623322,0.39928163929367594,0.2506288000657114,0.0
822885,2026-06-20,away,Walker Buehler,621111,4.427556848603718,0.28474667904368633,0.15978154118780627,7.0
822885,2026-06-20,home,MacKenzie Gore,669022,6.308422722410133,0.6025062990630847,0.44310970037897185,6.0
822967,2026-06-20,away,Cade Cavalli,676917,5.313882929608327,0.43894065271041316,0.28500140386313405,1.0
822967,2026-06-20,home,Ian Seymour,693855,4.364078439745722,0.2740426743857876,0.1519393167570686,4.0
823126,2026-06-20,away,Connelly Early,813349,5.12225221564433,0.40548006657679986,0.2559021825575598,7.0
823126,2026-06-20,home,Emerson Hancock,676106,4.503100728735166,0.2975993439343863,0.16934689227052677,6.0
823447,2026-06-20,away,Freddy Peralta,642547,6.08922702739768,0.5685436517518039,0.4080259974438102,2.0
823447,2026-06-20,home,Cristopher Sánchez,650911,6.610168764823645,0.6467688295265321,0.490747860690123,5.0
823532,2026-06-20,away,Andrew Abbott,671096,4.936302010056173,0.3728639475821795,0.2285630225276881,6.0
823532,2026-06-20,home,Will Warren,701542,5.0695150737262225,0.3962350213669778,0.24805024349517793,8.0
823854,2026-06-20,away,Trevor McDonald,686790,5.094782127328167,0.4006655834503106,0.25180303867543313,1.0
823854,2026-06-20,home,Max Meyer,676974,6.476301475344939,0.627504889729591,0.4697409101172663,7.0
823937,2026-06-20,away,Trevor Rogers,669432,4.087334611252782,0.22866409339687574,0.1199710389367371,6.0
823937,2026-06-20,home,Yoshinobu Yamamoto,808967,6.388894510130368,0.6146032417404543,0.4559093624928115,6.0
824180,2026-06-20,away,Joey Cantillo,676282,5.034915065008082,0.3901655517129152,0.24293953352971606,9.0
824180,2026-06-20,home,Spencer Arrighetti,681293,5.723147200652622,0.5088929678650218,0.34932498596383865,8.0
824263,2026-06-20,away,Sean Newcomb,656794,3.996336530255475,0.2142972991595978,0.11029261055703841,4.0
824263,2026-06-20,home,Troy Melton,675512,4.51490307219896,0.29961749587788516,0.17086353452047054,5.0
824342,2026-06-20,away,Paul Skenes,694973,6.052873359075212,0.5627751900487442,0.4021892460337275,8.0
824342,2026-06-20,home,Tomoyuki Sugano,608372,4.387371050466481,0.27795947461862525,0.15479579425127513,5.0
824665,2026-06-20,away,Patrick Corbin,571578,4.365751410678892,0.2743235587656408,0.15214365616230394,4.0
824665,2026-06-20,home,Colin Rea,607067,4.306030417377118,0.264340391116858,0.14492925943131943,3.0
824909,2026-06-20,away,Kyle Harrison,690986,5.234432070215516,0.4251010027882603,0.2728360513475344,7.0
824909,2026-06-20,home,Chris Sale,519242,6.661215428928254,0.6539528953037677,0.49869300468543154,7.0
824988,2026-06-20,away,Walbert Ureña,700712,5.715259005456787,0.5075727199254704,0.3480665250885388,6.0
824988,2026-06-20,home,J.T. Ginn,669372,5.693614372191687,0.5039433915997872,0.3446159823952883,5.0
825068,2026-06-20,away,Taj Bradley,671737,5.100285482413367,0.40163033604143994,0.2526226818254382,4.0
825068,2026-06-20,home,Zac Gallen,668678,4.281294508904496,0.26023296743529006,0.14198993854214045,2.0
822883,2026-06-21,away,Wandy Peralta,593974,1.6897740365551277,0.007780580907174979,0.001813254952283827,0.0
822883,2026-06-21,home,Nathan Eovaldi,543135,5.522568099488982,0.47494548172402395,0.31751343865539866,9.0
822968,2026-06-21,away,Andrew Alvarez,674841,4.838140834290365,0.3556635343139843,0.21455259799893162,6.0
822968,2026-06-21,home,Nick Martinez,607259,4.143272832893415,0.23764394328005686,0.12613025777660533,5.0
823123,2026-06-21,away,Payton Tolle,801139,5.48776740204766,0.4689834802356545,0.31204314480357453,2.0
823123,2026-06-21,home,Logan Gilbert,669302,6.812298015140507,0.6746797382026098,0.5219632606807325,8.0
823449,2026-06-21,away,David Peterson,656849,4.567522695303408,0.3086454732262305,0.17769656410492615,5.0
823449,2026-06-21,home,Zack Wheeler,554430,6.3811285877013555,0.6134448782183339,0.454676668625518,7.0
823531,2026-06-21,away,Chase Burns,695505,6.577414413944546,0.6421117309390609,0.48562988788038924,7.0
823531,2026-06-21,home,Elmer Rodríguez,695684,3.993995560557094,0.2139318641735722,0.11004928164204707,4.0
823852,2026-06-21,away,Logan Webb,657277,5.507534771744179,0.4723723342757977,0.3151482659882952,5.0
823852,2026-06-21,home,Ryan Gusto,687473,3.62995656521527,0.16002976736276464,0.07577277190246776,6.0
823934,2026-06-21,away,Brandon Young,687064,4.612946648418289,0.3164753688877125,0.18368676056010752,5.0
823934,2026-06-21,home,Emmet Sheehan,686218,5.574699169100081,0.48383948254006653,0.3257383308088625,4.0
824095,2026-06-21,away,Dustin May,669160,6.1218277947124635,0.5736848421770413,0.4132575968802927,2.0
824095,2026-06-21,home,Stephen Kolek,663568,4.195791756183995,0.24617011421545634,0.1320553470113733,0.0
824177,2026-06-21,away,Slade Cecconi,677944,4.636184754876075,0.32049280218503595,0.1867832437121843,1.0
824177,2026-06-21,home,Kai-Wei Teng,678906,5.905596069249992,0.5390401737309497,0.3785375445059728,4.0
824260,2026-06-21,away,Davis Martin,663436,5.176549614843428,0.41498644051669825,0.2640608597106114,4.0
824260,2026-06-21,home,Keider Montero,672456,4.661541119807249,0.3248847918716276,0.19018620635375436,3.0
824343,2026-06-21,away,Jared Jones,683003,4.743254625934573,0.3390903131948278,0.2013196252865667,3.0
824343,2026-06-21,home,Michael Lorenzen,547179,5.015472805993609,0.38675429610499984,0.2400824967872674,5.0
824908,2026-06-21,away,Robert Gasser,688107,4.793124433434623,0.3477922475409048,0.2082350519404786,7.0
824908,2026-06-21,home,Bryce Elder,693821,4.725734710631139,0.33603853627071806,0.1989115209609629,6.0
824987,2026-06-21,away,Reid Detmers,672282,6.229081215147258,0.59037994015949,0.4304403922396204,4.0
824987,2026-06-21,home,Jack Perkins,678022,5.568361294996246,0.4827606603416866,0.3247365491217233,8.0
825067,2026-06-21,away,Mike Paredes,702474,3.4234158989325425,0.13243272470540768,0.0595449235143217,1.0
822720,2026-06-22,away,Tim Mayza,641835,2.280149878467584,0.028920659171437293,0.008959242370814554,2.0
822720,2026-06-22,home,Foster Griffin,656492,5.729267526403902,0.5099164217871749,0.35030173746052246,9.0
822800,2026-06-22,away,Hunter Brown,686613,5.811630630623702,0.5236097521992688,0.36347100953103134,4.0
822800,2026-06-22,home,Dylan Cease,656302,7.274918999919665,0.7330181918216542,0.5903985640257557,8.0
822964,2026-06-22,away,Michael Wacha,608379,3.95454922920366,0.20780692310008023,0.10599221677398808,5.0
822964,2026-06-22,home,Drew Rasmussen,656876,6.833286184553892,0.6774948960904996,0.5251644622455209,5.0
823040,2026-06-22,away,Merrill Kelly,518876,3.602006260833363,0.15615779602561589,0.07343925975791359,2.0
823040,2026-06-22,home,Andre Pallante,669467,4.448682778050642,0.2883291017230946,0.1624314141780768,2.0
823288,2026-06-22,away,Grant Holmes,656550,4.758710604824898,0.3417849857368182,0.2034533494887051,4.0
823288,2026-06-22,home,Michael King,650633,4.473126615643678,0.2924858527792886,0.1655218967318683,5.0
823692,2026-06-22,away,Will Klein,694361,2.0885086532344195,0.019973946680357044,0.00569627489925463,2.0
823692,2026-06-22,home,Zebby Matthews,805673,4.984707688639716,0.38135606446353926,0.2355838892245432,5.0
823851,2026-06-22,away,Tyler Alexander,641302,2.0797926073316577,0.019618602036938354,0.0055728424142753715,1.0
823851,2026-06-22,home,Tyler Phillips,663969,4.607446312528939,0.31552559085043863,0.18295698329891866,4.0
824016,2026-06-22,away,Kyle Bradish,680694,5.300212256868313,0.43656353067029835,0.28289882091981344,9.0
824016,2026-06-22,home,Sam Aldegheri,691951,4.445201489322051,0.2877381068589753,0.1619933941720308,3.0
824261,2026-06-22,away,Gerrit Cole,543037,4.708771027714183,0.3330866022627348,0.19659068372565916,5.0
824261,2026-06-22,home,Framber Valdez,664285,4.75730402800606,0.3415396666117631,0.20325881112305058,8.0
824344,2026-06-22,away,Jake Bennett,687562,3.63092685856412,0.16016492430066925,0.0758545518006378,9.0
824344,2026-06-22,home,Ryan Feltner,663372,3.874927253986126,0.19563981082914592,0.09805340982168324,2.0
824502,2026-06-22,away,Brandon Woodruff,605540,3.6098913616016692,0.15724592369340026,0.0740932155661932,10.0
824502,2026-06-22,home,Brady Singer,663903,5.377605283339059,0.44999445458790593,0.29484982958939604,7.0
824585,2026-06-22,away,Gavin Williams,668909,5.3320688360050585,0.4420999181060084,0.28780418523398027,8.0
824585,2026-06-22,home,Anthony Kay,641743,5.163957370059718,0.4127831691054964,0.2621622812522939,8.0
822718,2026-06-23,away,Jesús Luzardo,666200,5.547008511557283,0.4791209257695605,0.3213651351206122,13.0
822718,2026-06-23,home,PJ Poulin,676571,1.8974084074718327,0.013139364205161258,0.0034208823980066802,1.0
822799,2026-06-23,away,Peter Lambert,663567,4.478064684765651,0.2933270610538747,0.16614938144769156,6.0
822799,2026-06-23,home,Shane Bieber,669456,3.66877558671472,0.16547535108367026,0.07908496883299408,2.0
822963,2026-06-23,away,Luinder Avila,679883,4.105971087389247,0.23164379705912755,0.12200551068928094,6.0
822963,2026-06-23,home,Shane McClanahan,663556,4.86497012386909,0.3603605975729955,0.21835060993410169,4.0
823043,2026-06-23,away,Eduardo Rodriguez,593958,4.053964108803026,0.22335971634992668,0.1163723103678037,5.0
823043,2026-06-23,home,Kyle Leahy,681517,4.612238122120012,0.3163529983989249,0.18359268636257522,3.0
823210,2026-06-23,away,Aaron Civale,650644,3.7031191653418745,0.17035758075227936,0.08208427095184781,5.0
823210,2026-06-23,home,Robbie Ray,592662,4.942825880909629,0.37400825219028616,0.2295050835001067,6.0
823286,2026-06-23,away,JR Ritchie,702275,4.257863089022457,0.25635784364906505,0.13923240909340745,7.0
823286,2026-06-23,home,Wandy Peralta,593974,1.5812204855757859,0.00571554389083197,0.0012496668095193677,2.0
823365,2026-06-23,away,George Kirby,669923,5.471338531462602,0.46616242417733567,0.3094667913801318,5.0
823365,2026-06-23,home,Mitch Keller,656605,5.271968547490316,0.43164663508893764,0.2785669647778279,4.0
823614,2026-06-23,away,Edward Cabrera,665795,4.452791962126981,0.2890270181786683,0.16294912133994596,4.0
823614,2026-06-23,home,Kodai Senga,673540,5.026261248381732,0.3886472316962452,0.24166652642366254,6.0
823690,2026-06-23,away,Justin Wrobleski,680736,3.9006160884802044,0.1995358754583159,0.10057792165334056,3.0
823690,2026-06-23,home,Kendry Rojas,696070,3.151577878925686,0.09996450709541117,0.04173771254553551,4.0
823849,2026-06-23,away,Cal Quantrill,615698,3.4920580570257918,0.14133856027911615,0.06467752295738248,1.0
823849,2026-06-23,home,Sandy Alcantara,645261,5.935948323618754,0.5439780567603795,0.3834102147720261,4.0
824017,2026-06-23,away,Shane Baz,669358,5.7353347088600675,0.5109302023354034,0.3512702866225824,5.0
824017,2026-06-23,home,Ryan Johnson,696270,3.8373798086695974,0.18999748452776422,0.09442709763448966,8.0
824262,2026-06-23,away,Carlos Rodón,607074,5.985261694799724,0.5519501478031607,0.3913299190138559,5.0
824262,2026-06-23,home,Casey Mize,663554,4.649816965841317,0.3228530003036849,0.18860964449650375,6.0
824340,2026-06-23,away,Sonny Gray,543243,4.3785935017205375,0.2764819483045799,0.15371646542087913,11.0
824340,2026-06-23,home,Sean Sullivan,807743,3.3704434023421506,0.12574892443236804,0.055760734031518974,3.0
824501,2026-06-23,away,Brandon Sproat,687075,4.8881334223631185,0.3644186886858108,0.22164885926827488,10.0
824501,2026-06-23,home,Nick Lodolo,666157,4.864549048621293,0.36028685010148537,0.21829081598093178,6.0
824584,2026-06-23,away,Parker Messick,800048,5.423430570405887,0.45791362279701014,0.30197774744076594,10.0
824584,2026-06-23,home,Sean Burke,680732,6.31078142870477,0.6028637999311475,0.44348564840976223,6.0
822719,2026-06-24,away,Aaron Nola,605400,4.869476523451365,0.36114990558377097,0.21899089966677493,5.0
822719,2026-06-24,home,Carson Palmquist,687223,3.7300181841999325,0.1742228304842688,0.08447852871122243,3.0
822798,2026-06-24,away,Mike Burrows,681347,4.349370352588683,0.27157622006657534,0.15014837204545878,3.0
822798,2026-06-24,home,Trey Yesavage,702056,4.910699925155014,0.36837429764501955,0.2248788892576084,5.0
822965,2026-06-24,away,Noah Cameron,702070,4.981796871462412,0.38084532542365923,0.23515969897684239,5.0
822965,2026-06-24,home,Griffin Jax,643377,5.124898868313539,0.40594377054705344,0.256298152943257,7.0
823041,2026-06-24,home,Matthew Liberatore,669461,4.784560479038299,0.3462964331443325,0.20704118195846763,3.0
823208,2026-06-24,away,Gage Jump,695611,4.812959241826872,0.3512587579943795,0.2110100185069998,9.0
823208,2026-06-24,home,Tyler Mahle,641816,4.723297047649593,0.33561416323502596,0.1985773614346197,4.0
823284,2026-06-24,away,Martín Pérez,527048,4.045799896572742,0.2220681902672487,0.11550055538092936,4.0
823284,2026-06-24,home,JP Sears,676664,4.16798777627157,0.24164516707684436,0.12890153248476488,5.0
823367,2026-06-24,away,Bryan Woo,693433,5.9375081939993235,0.5442311932710827,0.38366068188341435,4.0
823367,2026-06-24,home,Braxton Ashcraft,677952,5.694977404723859,0.5041722273320425,0.34483315878945364,10.0
823611,2026-06-24,away,Shota Imanaga,684007,4.9108200404226565,0.368395356974804,0.22489612547660362,4.0
823611,2026-06-24,home,Sean Manaea,640455,5.251865575890506,0.4281425377744615,0.2754939208493367,4.0
823613,2026-06-24,away,Javier Assad,665871,4.431496274455588,0.28541397612580127,0.16027417623127324,5.0
823613,2026-06-24,home,Nolan McLean,690997,6.060941606158951,0.5640586166065297,0.4034848451514537,9.0
823691,2026-06-24,away,Shohei Ohtani,660271,4.71176746150261,0.3336078067253156,0.1969998526213647,8.0
823691,2026-06-24,home,Joe Ryan,657746,7.059906962019415,0.7068772750563997,0.5591765136875411,9.0
823850,2026-06-24,away,Jacob deGrom,594798,6.0096287335811285,0.5558657124373239,0.39524381103969974,8.0
823850,2026-06-24,home,Eury Pérez,691587,5.509308108033158,0.4726760509328596,0.3154270992113058,1.0
824018,2026-06-24,away,Trey Gibson,694346,4.649058109472138,0.32272155188781365,0.18850778429658832,5.0
824018,2026-06-24,home,José Soriano,667755,5.693625980462785,0.5039453406405869,0.3446178319116249,4.0
824259,2026-06-24,away,Ryan Weathers,677960,5.33044872871717,0.44181861464835076,0.2875542349797601,6.0
824259,2026-06-24,home,Tarik Skubal,669373,6.351407089527897,0.6089936716089683,0.44995375143231764,9.0
824341,2026-06-24,away,Ranger Suarez,624133,5.743798231008963,0.5123430753049675,0.3526218328285255,9.0
824341,2026-06-24,home,Kyle Freeland,607536,4.025374758831553,0.21884799429998744,0.11333465391557017,4.0
824500,2026-06-24,away,Shane Drohan,675660,4.967104457029779,0.37826745964833525,0.23302245458407653,5.0
824500,2026-06-24,home,Rhett Lowder,695076,5.301190905376635,0.43673376487162524,0.2830492143697076,6.0
824583,2026-06-24,away,Tanner Bibee,676440,5.359865287604243,0.44692176174322884,0.29210041809571824,3.0
822717,2026-06-25,away,Cristopher Sánchez,650911,5.970533393499429,0.5495757942408241,0.38896431312918833,6.0
822717,2026-06-25,home,Cade Cavalli,676917,4.835762109978685,0.35524727864507577,0.21421702991941033,7.0
822797,2026-06-25,away,MacKenzie Gore,669022,5.511895966782499,0.4731191802548751,0.3158340840982758,5.0
822797,2026-06-25,home,Kevin Gausman,592332,5.604424698870128,0.48888980298655366,0.33044317075870816,4.0
822961,2026-06-25,away,Seth Lugo,607625,3.8710808106987065,0.19505892138179223,0.0976784452582917,3.0
822961,2026-06-25,home,Casey Legumina,668984,2.2895130540675233,0.02941522465276593,0.00914757621540678,0.0
823209,2026-06-25,away,Jeffrey Springs,605488,4.91667966130016,0.3694227554473946,0.2257375220004483,6.0
823209,2026-06-25,home,Landen Roupp,694738,6.126127471039555,0.5743606337474867,0.4139473522587611,6.0
823366,2026-06-25,away,Bryce Miller,682243,5.991095901223176,0.5528890952027862,0.39226701642575285,11.0
823366,2026-06-25,home,Bubba Chandler,696149,4.78811841731054,0.3469178081509569,0.2075368672477305,4.0
823612,2026-06-25,away,Matthew Boyd,571510,4.93212509463876,0.37213135526355834,0.22796056136750706,4.0
823612,2026-06-25,home,Freddy Peralta,642547,4.959717383992118,0.37697144433842267,0.23195034515310733,5.0
824258,2026-06-25,away,Tatsuya Imai,837227,4.996387890466682,0.38340553808356187,0.2372885552392576,10.0
824258,2026-06-25,home,Troy Melton,675512,4.49741749364845,0.29662846710172136,0.16861869267015409,6.0
824747,2026-06-25,away,Cam Schlittler,693645,5.91789544845643,0.5410439157239865,0.3805118127282201,9.0
824747,2026-06-25,home,Connelly Early,813349,5.9399235987537855,0.5446230432812333,0.3840485295257747,9.0
822796,2026-06-26,away,Nathan Eovaldi,543135,5.44652282169039,0.46189370003490854,0.3055830162543661,9.0
822796,2026-06-26,home,Patrick Corbin,571578,4.424307936022015,0.28419660316987877,0.15937577473932762,5.0
822962,2026-06-26,away,Zac Gallen,668678,3.7330279799977033,0.17465754738396724,0.08474888808738255,0.0
822962,2026-06-26,home,Nick Martinez,607259,4.179967795587895,0.24359183008244875,0.13025575460969757,3.0
823039,2026-06-26,away,Max Meyer,676974,5.3297969287967035,0.44170543294932346,0.28745368958683754,5.0
823039,2026-06-26,home,Michael McGreevy,700241,4.3639280263636815,0.2740174239995559,0.15192095129587552,4.0
823206,2026-06-26,away,Reynaldo López,625643,3.8517498164938297,0.19214946081893367,0.09580600154380041,1.0
823206,2026-06-26,home,Trevor McDonald,686790,5.046305612665891,0.3921638912058037,0.2446183419520981,3.0
823285,2026-06-26,away,Roki Sasaki,808963,5.400648704878317,0.45398000298877156,0.29842959854595597,2.0
823285,2026-06-26,home,Walker Buehler,621111,5.36544210922578,0.4478881091060339,0.29296411577734,5.0
823363,2026-06-26,away,Andrew Abbott,671096,5.787727033905456,0.5196512410273922,0.3596446649540181,6.0
823363,2026-06-26,home,Paul Skenes,694973,7.933373095102536,0.802584146073889,0.6784204535823506,7.0
823610,2026-06-26,away,Zack Wheeler,554430,6.194536407470255,0.5850400088620146,0.4249119707908909,5.0
823610,2026-06-26,home,Zac Thornton,804267,4.197912583810212,0.24651627090304498,0.13229747508975595,7.0
823688,2026-06-26,away,Tomoyuki Sugano,608372,4.014804388935052,0.21718770272251672,0.11222223314416997,2.0
823688,2026-06-26,home,Taj Bradley,671737,5.227657441444702,0.4239184176608297,0.2718050254259682,7.0
823773,2026-06-26,away,Colin Rea,607067,4.373138501562505,0.2755646322250573,0.15304745665928135,4.0
823773,2026-06-26,home,Jacob Misiorowski,694819,7.246289847990974,0.7296355913012147,0.5863052886309362,8.0
824014,2026-06-26,away,J.T. Ginn,669372,5.4555013955696126,0.46343919335819456,0.3069870999143668,5.0
824014,2026-06-26,home,Walbert Ureña,700712,5.646735520488961,0.4960503081744227,0.33715681688765625,5.0
824255,2026-06-26,away,Spencer Arrighetti,681293,5.545866902076582,0.4789261119661201,0.3211850480167577,7.0
824255,2026-06-26,home,Keider Montero,672456,4.392015041184903,0.2787419330959479,0.15536825303995278,3.0
824423,2026-06-26,away,Luis Castillo,622491,5.104379843701424,0.4023480209101428,0.2532329929799809,4.0
824423,2026-06-26,home,Joey Cantillo,676282,5.252942503930021,0.42833034226705186,0.2756583250284575,9.0
824582,2026-06-26,away,Steven Cruz,674444,1.645877091802143,0.0068898321209466965,0.001565605066588032,3.0
824582,2026-06-26,home,David Sandlin,689818,3.5989180723264957,0.15573253760365782,0.07318407192613828,6.0
824743,2026-06-26,away,Will Warren,701542,4.479165768509715,0.29351469870240426,0.16628944091969208,0.0
824743,2026-06-26,home,Payton Tolle,801139,4.9866550014371995,0.3816977472885809,0.2358678095057168,7.0
824824,2026-06-26,away,Andrew Alvarez,674841,5.431453800338848,0.4592973027208413,0.3032293878082807,5.0
824824,2026-06-26,home,Trevor Rogers,669432,4.51444286947453,0.2995387547078655,0.17080428608178214,7.0
822794,2026-06-27,away,Cal Quantrill,615698,3.2501677666721402,0.11120645462878855,0.04773590623770696,5.0
822794,2026-06-27,home,Dylan Cease,656302,7.23952018570527,0.7288313321224257,0.5853344266493108,10.0
822960,2026-06-27,away,Jose Cabrera,703615,3.112604592966255,0.09569376224596059,0.03950826506278464,4.0
822960,2026-06-27,home,Cole Sulser,642121,2.508349345230041,0.04258111201411202,0.014421066310018247,1.0
823038,2026-06-27,away,Ryan Gusto,687473,3.5067905750054633,0.14328525211774873,0.06581290893309907,4.0
823038,2026-06-27,home,Andre Pallante,669467,4.574050976690173,0.3097687965606425,0.17855230941894767,4.0
823207,2026-06-27,away,Bryce Elder,693821,4.20982654981002,0.2484634382763844,0.13366174876044112,4.0
823207,2026-06-27,home,Logan Webb,657277,5.54915472171213,0.47948711364590363,0.3217037418224599,6.0
823283,2026-06-27,away,Yoshinobu Yamamoto,808967,5.3738590268341895,0.4493458895704214,0.29426874429503963,4.0
823283,2026-06-27,home,Kyle Hart,606996,3.1170448867353784,0.09617531878603165,0.039758259180036205,2.0
823364,2026-06-27,away,Chase Burns,695505,6.649285467881727,0.6522820312360628,0.4968396690342538,10.0
823364,2026-06-27,home,Jared Jones,683003,5.5666878592124815,0.48247569416850217,0.3244721230940451,4.0
823609,2026-06-27,away,Tim Mayza,641835,1.9807327306530604,0.01587826893193071,0.004306454052166712,1.0
823609,2026-06-27,home,Christian Scott,681035,5.140635797324919,0.40870030391389595,0.2586562601008696,6.0
823689,2026-06-27,away,Michael Lorenzen,547179,4.468968529895771,0.29177789511733615,0.16499434464740628,1.0
823689,2026-06-27,home,Mike Paredes,702474,3.7616899667190515,0.17881943719169444,0.087348253147049,2.0
823770,2026-06-27,away,David Peterson,656849,5.027887519880575,0.38893256843107465,0.24190559458869143,2.0
823770,2026-06-27,home,Kyle Harrison,690986,5.60749666113432,0.48941081417875515,0.3309299654608803,9.0
824015,2026-06-27,away,Jack Perkins,678022,5.4540993933486615,0.4631979407291227,0.3067677690922114,5.0
824015,2026-06-27,home,Reid Detmers,672282,5.522255985435482,0.47489209625802903,0.31746430256535507,8.0
824257,2026-06-27,away,Kai-Wei Teng,678906,5.31255249213957,0.4387093929129829,0.2847966149215491,1.0
824257,2026-06-27,home,Framber Valdez,664285,4.924551958354435,0.37080320643137615,0.22686963350902922,2.0
824421,2026-06-27,away,Logan Gilbert,669302,6.896602912032731,0.6858916708415956,0.5347715674122163,7.0
824421,2026-06-27,home,Slade Cecconi,677944,4.449900310884054,0.28853585432542134,0.16258473127949163,4.0
824581,2026-06-27,away,Michael Wacha,608379,4.565350713271233,0.3082718929739731,0.17741224233995134,7.0
824581,2026-06-27,home,Davis Martin,663436,4.574406236723092,0.3098299459592582,0.17859892797369628,3.0
824745,2026-06-27,away,Gerrit Cole,543037,5.116252716246968,0.4044288231640669,0.2550052524976449,5.0
824745,2026-06-27,home,Jake Bennett,687562,4.701771103132481,0.3318694023935208,0.19563614111953087,3.0
824825,2026-06-27,away,Foster Griffin,656492,6.027120310164623,0.5586666040986188,0.3980532781945617,9.0
824825,2026-06-27,home,Brandon Young,687064,4.853877341905816,0.3584180945621356,0.2167773689660349,8.0
822795,2026-06-28,away,Kumar Rocker,677958,4.121034792808429,0.2340611328241201,0.12366279862721741,5.0
822795,2026-06-28,home,Shane Bieber,669456,4.018817964203076,0.217817612352688,0.11264393785244917,4.0
822959,2026-06-28,away,Merrill Kelly,518876,3.6307772284911066,0.1601440783649655,0.07584193704926041,3.0
822959,2026-06-28,home,Drew Rasmussen,656876,6.538180189761951,0.6364849900235378,0.4794800787240721,5.0
823037,2026-06-28,away,Tyler Phillips,663969,3.5561342896464,0.14989399498801734,0.06970275639631233,1.0
823037,2026-06-28,home,Kyle Leahy,681517,4.428922761945765,0.28497801196298495,0.15995227412883167,5.0
823204,2026-06-28,away,Chris Sale,519242,5.958935728541504,0.5477021232334255,0.3871016553263514,10.0
823204,2026-06-28,home,Robbie Ray,592662,5.243711454327183,0.4267202360085001,0.274249931099283,2.0
823281,2026-06-28,away,Emmet Sheehan,686218,4.830871061088155,0.35439149465650943,0.21352765075200916,5.0
823281,2026-06-28,home,Michael King,650633,4.628003939742518,0.31907763083928214,0.18569070907584817,5.0
823362,2026-06-28,away,Brady Singer,663903,5.809576138400578,0.5232700358698099,0.36314201672485436,6.0
823362,2026-06-28,home,Mitch Keller,656605,5.839197023323964,0.528158436273548,0.3678873305789084,4.0
823608,2026-06-28,away,Jesús Luzardo,666200,6.755041409448166,0.6669198554813198,0.5131899400154755,6.0
823686,2026-06-28,away,Ryan Feltner,663372,3.6765453227830562,0.16657464160303187,0.07975785596923209,0.0
823686,2026-06-28,home,Connor Prielipp,687570,4.797220728644728,0.34850791975467293,0.20880701391034817,10.0
823769,2026-06-28,away,Ryan Rolison,669020,1.4487361206090645,0.0037744077639201745,0.0007584508669048307,2.0
823769,2026-06-28,home,Brandon Woodruff,605540,5.11450601748265,0.4041227361099749,0.2547442939311099,6.0
824011,2026-06-28,away,Aaron Civale,650644,4.556554703408912,0.3067597759936912,0.17626279317744498,2.0
824011,2026-06-28,home,Sam Aldegheri,691951,4.2133180518427675,0.24903490334895464,0.1340628765236423,4.0
824256,2026-06-28,away,Hunter Brown,686613,5.56719463891461,0.48256199784354753,0.32455219767543964,4.0
824256,2026-06-28,home,Jack Flaherty,656427,4.969383692807695,0.3786673506376608,0.23335358059064942,9.0
824422,2026-06-28,away,Emerson Hancock,676106,4.652831722807302,0.3233752878266506,0.18901453261316387,6.0
824422,2026-06-28,home,Gavin Williams,668909,5.439335721661403,0.4606557543277708,0.3044600078389515,6.0
824580,2026-06-28,away,Luinder Avila,679883,4.532126918120942,0.30256727979842735,0.17308743443355895,4.0
824580,2026-06-28,home,Anthony Kay,641743,5.001355327171333,0.3842771608463058,0.23801474361970582,2.0
824744,2026-06-28,away,Carlos Rodón,607074,5.281042969675752,0.43322719957270744,0.27995694094983786,6.0
824744,2026-06-28,home,Sonny Gray,543243,6.293990423609945,0.6003150421734038,0.44080844130194535,9.0
824821,2026-06-28,away,Zack Littell,641793,4.684992272477948,0.32895399725953184,0.19335562219672267,3.0
824821,2026-06-28,home,Kyle Bradish,680694,6.2220704232157065,0.5892991281543001,0.4293189462041044,2.0
822792,2026-06-29,away,Sean Manaea,640455,5.016255424573677,0.3868916166793801,0.24019729367748402,4.0
822792,2026-06-29,home,Trey Yesavage,702056,5.343667483929373,0.44411298510759045,0.2895950993711742,3.0
823121,2026-06-29,away,Ryan Johnson,696270,4.163530516463386,0.24092207902308152,0.12839949733254252,3.0
823121,2026-06-29,home,George Kirby,669923,6.529843003648678,0.6352825802546429,0.47817065243427254,7.0
823444,2026-06-29,away,Braxton Ashcraft,677952,6.107722105080174,0.5714640798272237,0.4109943543347331,8.0
823444,2026-06-29,home,Aaron Nola,605400,5.96629471621237,0.5488914186650972,0.38828354035606866,5.0
823529,2026-06-29,away,Casey Mize,663554,4.55393712105659,0.3063100375101116,0.17592134827511616,10.0
823529,2026-06-29,home,Ryan Weathers,677960,5.965904870668767,0.5488284506974781,0.38822092815965675,3.0
823771,2026-06-29,away,Nick Lodolo,666157,4.257395628401721,0.25628069326230973,0.13917766280141905,4.0
823771,2026-06-29,home,Robert Gasser,688107,5.747143003431576,0.5129010148647158,0.35315610370839695,5.0
824176,2026-06-29,away,Zebby Matthews,805673,4.5172870515751855,0.3000254594953943,0.171170601603665,7.0
824176,2026-06-29,home,Peter Lambert,663567,4.439814950631865,0.286824177124225,0.1613167040659611,4.0
824339,2026-06-29,away,Sandy Alcantara,645261,5.21237036450616,0.42124862520307044,0.26948230016660507,3.0
824339,2026-06-29,home,Sean Sullivan,807743,3.532637947269906,0.1467301548854442,0.06783376794328401,5.0
824420,2026-06-29,away,Tyler Alexander,641302,2.056918937464865,0.018706563325483795,0.0052584295985463525,2.0
824420,2026-06-29,home,Parker Messick,800048,6.103144426441915,0.5707421574847014,0.41025974625855294,5.0
824662,2026-06-29,away,Griffin Canning,656288,4.203079546924627,0.2473601974423579,0.13288829350062434,3.0
824662,2026-06-29,home,Shota Imanaga,684007,4.535629482286822,0.3031677836026034,0.17354120296189346,4.0
824741,2026-06-29,away,Miles Mikolas,571945,3.514525993671419,0.14431228797542575,0.06641383795220844,3.0
824741,2026-06-29,home,Ranger Suarez,624133,6.960381298717722,0.6942031450566513,0.5443691006311759,8.0
824822,2026-06-29,away,Sean Burke,680732,5.807119967810188,0.5228637731967671,0.36274873089525583,8.0
824822,2026-06-29,home,Shane Baz,669358,5.274993510065068,0.432173600317099,0.27903012162994345,6.0
824986,2026-06-29,away,Eric Lauer,641778,3.78239151261232,0.18185001209807503,0.08925350102122902,2.0
824986,2026-06-29,home,Gage Jump,695611,5.688041587532679,0.5030073976563686,0.3437282190239329,5.0
825065,2026-06-29,away,Tyler Mahle,641816,4.38372924005204,0.27734622652400853,0.15434755585704382,3.0
825065,2026-06-29,home,Eduardo Rodriguez,593958,4.760793892688957,0.3421483612201963,0.2037416123688361,1.0
822793,2026-06-30,away,Nolan McLean,690997,5.722977735554833,0.5088646182606479,0.3492979448710436,7.0
822793,2026-06-30,home,Kevin Gausman,592332,5.580278054242403,0.48478852801721256,0.3266205458231758,7.0
823122,2026-06-30,away,José Soriano,667755,4.94674105627879,0.374695026649698,0.23007107533399784,9.0
823122,2026-06-30,home,Bryan Woo,693433,6.402918892762667,0.6166901619913859,0.45813398578498604,5.0
823445,2026-06-30,away,Bubba Chandler,696149,4.1150943232972645,0.2331069042748579,0.12300786939888853,6.0
823445,2026-06-30,home,Cristopher Sánchez,650911,6.570901877781579,0.641181375316223,0.48461050384554527,9.0
823528,2026-06-30,away,Tarik Skubal,669373,5.743675293821794,0.5123225636131044,0.35260219720209046,9.0
823528,2026-06-30,home,Cam Schlittler,693645,7.123288800065766,0.7147597275074198,0.5684929144920527,5.0
823768,2026-06-30,away,Rhett Lowder,695076,4.963383954880699,0.37761471222010323,0.23248227951886813,8.0
823768,2026-06-30,home,Brandon Sproat,687075,5.205514556293925,0.4200507540899859,0.2684423599141334,7.0
824096,2026-06-30,away,Griffin Jax,643377,4.537774714196449,0.3035356834496417,0.17381937829896182,5.0
824096,2026-06-30,home,Noah Cameron,702070,5.105469545740314,0.40253902056732843,0.25339549945769135,0.0
824175,2026-06-30,away,Joe Ryan,657746,6.356713574510024,0.6097904709831999,0.45079756991530756,5.0
824175,2026-06-30,home,Mike Burrows,681347,4.287370411887173,0.26124032417570475,0.14270924715877822,3.0
824338,2026-06-30,away,Eury Pérez,691587,4.881249636003275,0.3632124393249884,0.22066683324371875,8.0
824338,2026-06-30,home,Tanner Gordon,685299,3.468196501685817,0.13821182741026164,0.06286394076676612,4.0
824418,2026-06-30,away,Jacob deGrom,594798,6.3424938995405,0.6076532797490959,0.4485358516165408,9.0
824418,2026-06-30,home,Tanner Bibee,676440,5.280414452251273,0.43311775001279235,0.27986061204429535,2.0
824661,2026-06-30,away,JP Sears,676664,4.609596757778548,0.31589686931426636,0.18324215743362562,4.0
824661,2026-06-30,home,Matthew Boyd,571510,5.440808292701926,0.4609094569700522,0.30469003461207034,2.0
824742,2026-06-30,away,Cade Cavalli,676917,4.078805282416891,0.22730448876326279,0.1190458118250537,13.0
824742,2026-06-30,home,Connelly Early,813349,6.173790457434113,0.5818159119542842,0.42158891744802524,5.0
824819,2026-06-30,away,Erick Fedde,607200,3.9420721371441947,0.20588268645137653,0.10472596831292155,3.0
824819,2026-06-30,home,Trey Gibson,694346,4.692652064371616,0.3302845273533878,0.19439539210198445,5.0
824907,2026-06-30,away,Matthew Liberatore,669461,4.098142732312778,0.2303906653499382,0.12114877419136065,9.0
824907,2026-06-30,home,Martín Pérez,527048,3.900054746678848,0.1994504353538696,0.10052238080899298,1.0
824984,2026-06-30,away,Justin Wrobleski,680736,4.373666097767323,0.27565332190233377,0.15311210259909008,11.0
824984,2026-06-30,home,Jeffrey Springs,605488,4.847264869971183,0.3572604625176072,0.21584150618662762,2.0
825066,2026-06-30,away,Landen Roupp,694738,4.829697263470468,0.3541861376058248,0.21336232860028198,4.0
825066,2026-06-30,home,Brandon Pfaadt,694297,3.9782541300781817,0.21148018133225946,0.10842049384816024,2.0
822791,2026-07-01,away,Freddy Peralta,642547,4.2174196372952935,0.2497066985875009,0.13453485400594248,4.0
822791,2026-07-01,home,Braydon Fisher,680755,1.8239364820723898,0.011014422666179064,0.0027616436784566197,1.0
823446,2026-07-01,away,Paul Skenes,694973,6.406408443281895,0.6172084364180697,0.45868721466420315,5.0
823446,2026-07-01,home,Zack Wheeler,554430,6.908228718889292,0.6874177121117578,0.5365271285223608,10.0
823530,2026-07-01,away,Troy Melton,675512,4.791052398199831,0.3474302859991231,0.20794595998765114,7.0
823530,2026-07-01,home,Will Warren,701542,4.898203249097076,0.3661835685405131,0.2230881683594422,7.0
823767,2026-07-01,away,Andrew Abbott,671096,5.445495000598752,0.4617167069104307,0.30542236523239225,3.0
823767,2026-07-01,home,Shane Drohan,675660,5.439419547489214,0.4606701971135367,0.3044731011332638,7.0
824094,2026-07-01,away,Shane McClanahan,663556,4.251578222189777,0.2553211075661412,0.138497238589376,4.0
824094,2026-07-01,home,Seth Lugo,607625,3.721609593716413,0.17301070657255735,0.08372583695325024,7.0
824174,2026-07-01,away,Taj Bradley,671737,5.065000947989287,0.3954432947764274,0.24738159634675605,11.0
824174,2026-07-01,home,Tatsuya Imai,837227,5.254089902385121,0.4285304253143772,0.2758335149501313,2.0
824337,2026-07-01,away,Max Meyer,676974,5.928818607981614,0.5428202514691025,0.3822654574060676,5.0
824337,2026-07-01,home,Kyle Freeland,607536,3.9672575238248227,0.20977335114627185,0.10729035651242329,7.0
824419,2026-07-01,away,MacKenzie Gore,669022,6.473234963121407,0.6270565280728642,0.4692570704963209,7.0
824419,2026-07-01,home,Joey Cantillo,676282,6.148321657881065,0.5778404348812948,0.417506734680377,4.0
824660,2026-07-01,away,Walker Buehler,621111,4.987923960178838,0.38192040453499015,0.23605288552953607,6.0
824660,2026-07-01,home,Colin Rea,607067,4.268277835216893,0.2580783312231873,0.14045483616773174,5.0
824740,2026-07-01,away,Brad Lord,695418,3.57729032154619,0.15276866513973544,0.07141161714482096,1.0
824740,2026-07-01,home,Payton Tolle,801139,4.92322262290613,0.3705700879154845,0.22667832529267282,5.0
824818,2026-07-01,away,Noah Schultz,702273,3.974693834665081,0.21092704173431423,0.10805390295312033,7.0
824818,2026-07-01,home,Dean Kremer,665152,5.053665953598842,0.3934550697818757,0.24570508085125672,4.0
824905,2026-07-01,away,Michael McGreevy,700241,4.242759565164497,0.25386833876683085,0.13746887923554416,3.0
824905,2026-07-01,home,Reynaldo López,625643,4.297078124314352,0.26285192675586605,0.14386214079079654,6.0
824985,2026-07-01,home,J.T. Ginn,669372,5.2050045245694205,0.41996162645298263,0.26836503783367466,4.0
825064,2026-07-01,away,Trevor McDonald,686790,3.695821747564679,0.16931520105636108,0.08144156186591126,5.0
825064,2026-07-01,home,Zac Gallen,668678,3.9783271125282793,0.2114915254325771,0.10842801553614397,4.0
822884,2026-07-02,away,Framber Valdez,664285,4.744974914931308,0.3393901281018314,0.20155668467535,1.0
822884,2026-07-02,home,Nathan Eovaldi,543135,6.361673881659337,0.6105344742139933,0.451586113307454,9.0
823119,2026-07-02,away,Walbert Ureña,700712,5.2642232609832265,0.4302969904617251,0.27738195527958853,6.0
823119,2026-07-02,home,Bryce Miller,682243,6.74503525741935,0.665551772094541,0.511650837958031,8.0
823442,2026-07-02,away,Jared Jones,683003,4.823190232286765,0.3530478819003339,0.212446707387336,6.0
823765,2026-07-02,away,Chase Burns,695505,6.593017607578711,0.6443348317181433,0.4880698192114944,4.0
823765,2026-07-02,home,Jacob Misiorowski,694819,7.435120704324089,0.7513905657345179,0.6129179966321405,10.0
823935,2026-07-02,away,Randy Vásquez,681190,3.8380213872833373,0.1900933653803236,0.09448842463552241,0.0
823935,2026-07-02,home,Roki Sasaki,808963,5.6217778447064894,0.49183064471017784,0.33319437648508893,3.0
824093,2026-07-02,away,Ian Seymour,693855,3.741917107374733,0.1759440298973304,0.0855502540762481,8.0
824093,2026-07-02,home,Stephen Kolek,663568,3.756918531870061,0.17812383660759168,0.08691242403585306,0.0
824335,2026-07-02,away,Ryan Gusto,687473,4.142260872586526,0.23748054258221943,0.126017435943672,2.0
824335,2026-07-02,home,Michael Lorenzen,547179,4.320389838222699,0.2667323543148398,0.14664876717053307,1.0
824416,2026-07-02,away,Davis Martin,663436,4.764634223459112,0.3428183066595376,0.20427340546935513,0.0
824416,2026-07-02,home,Slade Cecconi,677944,4.866881003736421,0.36069528146322627,0.2186220344174474,3.0
824906,2026-07-02,away,Dustin May,669160,5.241869305943066,0.4263988396957843,0.2739690955172315,1.0
824906,2026-07-02,home,Hurston Waldrep,694462,4.05707925708985,0.22385316320478707,0.11670584111983687,4.0
822714,2026-07-03,away,Mitch Keller,656605,4.736762696827789,0.3379591417700785,0.2004259981917788,1.0
822714,2026-07-03,home,Foster Griffin,656492,6.649613477794987,0.6523280372875282,0.4968906548533475,2.0
823120,2026-07-03,away,Dylan Cease,656302,6.746703582675637,0.6657801190696688,0.5119075711018591,9.0
823120,2026-07-03,home,Luis Castillo,622491,5.465449605008982,0.4651502379279881,0.3085442858749109,4.0
823527,2026-07-03,away,Mike Paredes,702474,4.084995197889739,0.2282909237837303,0.11971690016761215,2.0
823527,2026-07-03,home,Gerrit Cole,543037,4.197291357297032,0.24641486117054368,0.1322265288074886,7.0
823933,2026-07-03,away,Michael King,650633,4.245849912640806,0.2543771781179202,0.13782882412575628,5.0
823933,2026-07-03,home,Shohei Ohtani,660271,6.077566216482394,0.566697394007734,0.40615407837751133,9.0
824013,2026-07-03,away,Jake Bennett,687562,4.360844617726639,0.27349992429721925,0.15154469568203166,6.0
824013,2026-07-03,home,Reid Detmers,672282,5.796421820893924,0.5210926334316183,0.36103610676111286,5.0
824173,2026-07-03,away,Nick Martinez,607259,4.216575960284084,0.24956847156166076,0.13443770349507195,3.0
824173,2026-07-03,home,Spencer Arrighetti,681293,5.404719476183832,0.45468337873740233,0.2990629513616893,4.0
824336,2026-07-03,away,Logan Webb,657277,4.876836570672455,0.36243924116039267,0.22003808870978678,2.0
824336,2026-07-03,home,Ryan Feltner,663372,3.645984560367662,0.1622687061179975,0.07713030710722753,9.0
824417,2026-07-03,away,Anthony Kay,641743,5.100152164090128,0.4016069662006285,0.2526028166084377,2.0
824417,2026-07-03,home,Gavin Williams,668909,6.004139779860369,0.5549850734753607,0.3943621617153914,6.0
824498,2026-07-03,away,Trevor Rogers,669432,5.062681381787261,0.3950364510659404,0.24703823102566622,4.0
824498,2026-07-03,home,Brady Singer,663903,6.662618875538688,0.6541491305106232,0.49891088846582976,6.0
824659,2026-07-03,away,Andre Pallante,669467,4.963494861069366,0.377634170023514,0.23249837579024152,2.0
824659,2026-07-03,home,David Peterson,656849,3.9358474586262324,0.20492510716683573,0.10409732378992742,3.0
824904,2026-07-03,away,Christian Scott,681035,5.183023835182441,0.4161188739651041,0.2650384869782314,7.0
824904,2026-07-03,home,Grant Holmes,656550,4.42492560909302,0.28430116401325317,0.15945288168295732,2.0
824982,2026-07-03,away,Tyler Phillips,663969,4.337764896209637,0.26963387729784566,0.1487422553020556,2.0
824982,2026-07-03,home,Jack Perkins,678022,5.32371954196396,0.44064990742153487,0.28651660140375196,8.0
825062,2026-07-03,away,Kyle Harrison,690986,4.939407725793243,0.3734086871286369,0.22901132999881108,3.0
825062,2026-07-03,home,Jose Cabrera,703615,4.311768146490641,0.2652955138511038,0.14561518077865696,3.0
822716,2026-07-04,away,Braxton Ashcraft,677952,6.193913408221657,0.5849433763142353,0.42481221016859727,7.0
822716,2026-07-04,home,Carson Palmquist,687223,4.338672629806885,0.26978567665487624,0.14885201177213422,3.0
822882,2026-07-04,away,Jack Flaherty,656427,5.434268295878932,0.4597824802842725,0.30366870485165753,5.0
822882,2026-07-04,home,Cal Quantrill,615698,3.5834288112826753,0.15360731937770966,0.07191206460615886,2.0
823118,2026-07-04,away,Shane Bieber,669456,4.50983264531562,0.2987501562409968,0.1702112419036487,3.0
823118,2026-07-04,home,Logan Gilbert,669302,6.843247059725611,0.6788254267259471,0.5266808822916509,7.0
823526,2026-07-04,away,Zebby Matthews,805673,5.098376711012627,0.4012957349441817,0.25233830819572706,5.0
823932,2026-07-04,away,Wandy Peralta,593974,1.482728529650361,0.0042169833625788754,0.0008665842172853244,0.0
823932,2026-07-04,home,Yoshinobu Yamamoto,808967,6.139368999713852,0.5764384805728413,0.41607116989940457,10.0
824012,2026-07-04,away,Sonny Gray,543243,6.0998844501704355,0.5702276788571288,0.409736563143207,7.0
824012,2026-07-04,home,Sam Aldegheri,691951,3.9925911844914848,0.21371273864590334,0.10990344288763541,2.0
824092,2026-07-04,away,Jesús Luzardo,666200,6.22724587941654,0.5900971415636764,0.4301468395912846,9.0
824092,2026-07-04,home,Michael Wacha,608379,5.421677056125323,0.4576110971446034,0.3017043371700944,7.0
824171,2026-07-04,away,Drew Rasmussen,656876,6.342395802016424,0.6076385134555513,0.44852024254946504,2.0
824171,2026-07-04,home,Hunter Brown,686613,5.618631677963872,0.4912978778022689,0.33269533330775286,3.0
824334,2026-07-04,away,Robbie Ray,592662,4.515718917723872,0.29975709747201723,0.170968591956092,4.0
824334,2026-07-04,home,Sean Sullivan,807743,3.6314636250373002,0.16023971439507106,0.07589981470657163,4.0
824415,2026-07-04,away,Sean Burke,680732,6.009827909213417,0.5558976526135744,0.3952758030033304,11.0
824415,2026-07-04,home,Parker Messick,800048,6.171465705567375,0.581453829411539,0.42121641730799303,3.0
824499,2026-07-04,away,Brandon Young,687064,5.145728324143384,0.4095920801429613,0.25942068800918044,5.0
824499,2026-07-04,home,Hunter Greene,668881,5.569800241241634,0.48300565682707225,0.32496394999017314,7.0
824658,2026-07-04,away,Kyle Leahy,681517,4.342764646619976,0.27047024075260395,0.1493472618193248,6.0
824658,2026-07-04,home,Shota Imanaga,684007,4.298302329012854,0.26305534278992576,0.14400784397507604,8.0
824903,2026-07-04,away,Sean Manaea,640455,4.771193443351213,0.3439628548887535,0.20518292339182603,4.0
824903,2026-07-04,home,Chris Sale,519242,7.028426717032179,0.7029075361795767,0.5545159457170983,3.0
824983,2026-07-04,away,Sandy Alcantara,645261,5.5061388031493514,0.47213321389598367,0.3149287998381928,8.0
824983,2026-07-04,home,Aaron Civale,650644,3.851126963209566,0.19205599327175646,0.09574600412708287,6.0
825063,2026-07-04,away,Brandon Woodruff,605540,4.110496219434199,0.23236913833445247,0.1225021559736423,6.0
825063,2026-07-04,home,Merrill Kelly,518876,5.015610325362211,0.38677842568526827,0.2401026672727336,6.0
822715,2026-07-05,away,Bubba Chandler,696149,4.413459975619045,0.282361618661267,0.15802434374420443,0.0
822715,2026-07-05,home,Cade Cavalli,676917,6.195152521293926,0.5851355620043686,0.42501062693328795,3.0
822879,2026-07-05,away,Casey Mize,663554,5.368573571079256,0.44843056584500274,0.29344934403411954,4.0
822879,2026-07-05,home,Kumar Rocker,677958,4.597981498403025,0.31389228647020767,0.18170404432638618,4.0
823117,2026-07-05,away,Trey Yesavage,702056,5.30339078701542,0.43711639585110995,0.2833873511582403,7.0
823117,2026-07-05,home,Emerson Hancock,676106,4.846699073090775,0.35716142065505235,0.2157614971662419,5.0
823525,2026-07-05,away,Joe Ryan,657746,6.4513420512649935,0.6238464384003611,0.4657996543988215,9.0
823525,2026-07-05,home,Ryan Weathers,677960,4.752005912803056,0.34061578854076346,0.20252669086074393,6.0
823931,2026-07-05,away,JP Sears,676664,4.964259801675716,0.37776837454148054,0.2326094049176665,5.0
823931,2026-07-05,home,Emmet Sheehan,686218,5.267224144389782,0.430819968482913,0.27784093156998,5.0
824010,2026-07-05,away,Ranger Suarez,624133,6.384070366834024,0.61388390299785,0.4551436885021283,5.0
824010,2026-07-05,home,Ryan Johnson,696270,4.043071779327549,0.221637172339521,0.11521001797811928,6.0
824091,2026-07-05,away,Aaron Nola,605400,4.81191229598142,0.3510757148789497,0.21086320463423353,7.0
824091,2026-07-05,home,Luinder Avila,679883,5.084906472123265,0.3989341112384159,0.2503342180555253,4.0
824172,2026-07-05,away,Mason Englert,669438,2.934351700197578,0.07744468454903687,0.030307054321178285,9.0
824172,2026-07-05,home,Peter Lambert,663567,4.578498635565735,0.31053449846333214,0.1791363198261405,6.0
824333,2026-07-05,away,Tyler Mahle,641816,4.085917277030813,0.22843798517211414,0.119817035645745,5.0
824333,2026-07-05,home,Tanner Gordon,685299,3.6040405544897105,0.15643820674725312,0.07360764749646566,7.0
824413,2026-07-05,away,Chris Murphy,669684,1.700267649827494,0.008005219790952887,0.0018767168871880702,1.0
824413,2026-07-05,home,Tanner Bibee,676440,4.957729398341928,0.3766226774925551,0.23166210543350352,1.0
824497,2026-07-05,away,Kyle Bradish,680694,6.200029117438093,0.5858914727326809,0.4257914311167171,5.0
824497,2026-07-05,home,Nick Lodolo,666157,5.472035162132924,0.4662821269223459,0.30957595403596233,4.0
824656,2026-07-05,away,Matthew Liberatore,669461,5.255319912729436,0.4287449018706178,0.27602135011868517,3.0
824656,2026-07-05,home,Javier Assad,665871,3.787135092304547,0.18254730726943139,0.08969335062045525,2.0
824902,2026-07-05,away,Nolan McLean,690997,6.322166086798879,0.6045868676138975,0.4452995997301142,5.0
824902,2026-07-05,home,Martín Pérez,527048,4.692396823703433,0.3302401803915311,0.1943607089015599,1.0
824980,2026-07-05,away,Eury Pérez,691587,5.167783280566276,0.4134526867644344,0.2627387214823534,8.0
824980,2026-07-05,home,Gage Jump,695611,5.839871908516771,0.5282695741738382,0.3679954961786765,1.0
825061,2026-07-05,away,Brandon Sproat,687075,4.41597561100383,0.2827869168952288,0.15833727236264908,4.0
825061,2026-07-05,home,Eduardo Rodriguez,593958,5.188674518645584,0.41710704780954494,0.2658925737155,3.0
822712,2026-07-06,away,Mike Burrows,681347,4.639278074391368,0.3210281429347415,0.18719703815314867,3.0
822712,2026-07-06,home,Miles Mikolas,571945,4.2126343839654385,0.24892297589095722,0.13398428523706118,3.0
822958,2026-07-06,away,Cam Schlittler,693645,5.484291208907923,0.46838691082825973,0.311497678603825,8.0
822958,2026-07-06,home,Griffin Jax,643377,5.8868241222048665,0.5359746791965835,0.37552508014943964,10.0
823036,2026-07-06,away,Shane Drohan,675660,4.418324553726216,0.2831841615192749,0.15862972055397018,2.0
823036,2026-07-06,home,Dustin May,669160,4.989101190799856,0.38212696736325086,0.23622462574061337,7.0
823205,2026-07-06,away,Kevin Gausman,592332,5.033636641150004,0.3899412562768181,0.24275133934676746,8.0
823205,2026-07-06,home,Landen Roupp,694738,5.69682071415749,0.5044816348639974,0.3451268844660443,5.0
823282,2026-07-06,away,Brandon Pfaadt,694297,4.08985178254594,0.22906583567668373,0.1202447990699732,6.0
823282,2026-07-06,home,Walker Buehler,621111,4.850944643332765,0.35790464389743826,0.21636212335591168,4.0
823930,2026-07-06,away,Kyle Freeland,607536,4.411412513367319,0.2820155756017379,0.15776986158518452,2.0
823930,2026-07-06,home,Eric Lauer,641778,4.504942334472514,0.2979140796229783,0.1695831549918563,3.0
824089,2026-07-06,away,Cristopher Sánchez,650911,5.846168943781844,0.5293060287734191,0.36900483366234266,1.0
824089,2026-07-06,home,Noah Cameron,702070,5.362353000114359,0.44735287566884757,0.29248562622800206,7.0
824900,2026-07-06,away,Freddy Peralta,642547,4.273443274862551,0.2589327911786154,0.14106304944170742,6.0
824900,2026-07-06,home,Reynaldo López,625643,4.9673356942870495,0.3783080298628941,0.23305604144811504,5.0
822713,2026-07-07,away,Tatsuya Imai,837227,5.763751987111707,0.5156679408283791,0.3558102518347859,3.0
822713,2026-07-07,home,Andrew Alvarez,674841,4.880989670075371,0.3631668892471422,0.22062977734702233,3.0
822881,2026-07-07,away,José Soriano,667755,4.93213908520564,0.37213380901072357,0.22796257840169604,4.0
822881,2026-07-07,home,Jacob deGrom,594798,7.040906938283365,0.7044856621666677,0.5563662098182178,7.0
822956,2026-07-07,away,Will Warren,701542,4.115981401927125,0.23324932017894498,0.12310555574014108,3.0
822956,2026-07-07,home,Ian Seymour,693855,6.329928008428559,0.605759286164729,0.4465357286764805,12.0
823035,2026-07-07,away,Robert Gasser,688107,4.943480350723132,0.3741230528983039,0.22959966307970384,4.0
823035,2026-07-07,home,Hunter Dobbins,690928,3.625527714782474,0.15941347989026575,0.07540014983323633,4.0
823062,2026-07-07,away,Jacob Misiorowski,694819,5.730338210956514,0.5100953821791624,0.35047263875472423,11.0
823203,2026-07-07,away,Spencer Miles,693686,3.4053303353712225,0.13013201922983755,0.05823567417280833,1.0
823203,2026-07-07,home,Trevor McDonald,686790,4.571451904686597,0.3093214910017839,0.17821140655857698,0.0
823280,2026-07-07,away,Zac Gallen,668678,3.9915862410535596,0.21355598444544013,0.10979914677468894,5.0
823280,2026-07-07,home,Germán Márquez,608566,3.6186564315901375,0.1584593681744408,0.07482416951475132,4.0
823361,2026-07-07,away,Hurston Waldrep,694462,4.740021957265548,0.33852699384613477,0.20087444918308453,2.0
823361,2026-07-07,home,Paul Skenes,694973,6.673344031902375,0.6556464919608167,0.5005749509306555,4.0
823607,2026-07-07,away,Seth Lugo,607625,4.372148617676353,0.2753982494286447,0.15292620121509554,4.0
823607,2026-07-07,home,Cionel Pérez,672335,1.296226372323073,0.0021989545004364457,0.00039673094569663453,1.0
823687,2026-07-07,away,Joey Cantillo,676282,5.4510516826403785,0.46267340212795754,0.3062910880402531,7.0
823687,2026-07-07,home,Taj Bradley,671737,6.4000275713489865,0.6162604373243206,0.4576755073036804,10.0
823847,2026-07-07,away,Bryan Woo,693433,5.230578327804679,0.4244283335057435,0.2722494271007026,5.0
823847,2026-07-07,home,Max Meyer,676974,6.420136410191549,0.6192434829568434,0.4608624314660949,4.0
823929,2026-07-07,away,Michael Lorenzen,547179,4.09624575824118,0.23008732928337816,0.12094163639030413,5.0
823929,2026-07-07,home,Justin Wrobleski,680736,4.820143248147108,0.3525149746827719,0.21201845721703746,9.0
824254,2026-07-07,away,J.T. Ginn,669372,4.700727360223982,0.33168795444379445,0.19549396911364955,4.0
824254,2026-07-07,home,Tarik Skubal,669373,6.629652133662503,0.6495214886124518,0.49378491657985124,9.0
824495,2026-07-07,away,Zack Wheeler,554430,6.515978346284389,0.6332777817918183,0.475991133468204,14.0
824495,2026-07-07,home,Andrew Abbott,671096,5.941163184063833,0.5448240825145727,0.38424757657326714,8.0
824579,2026-07-07,away,Payton Tolle,801139,4.238251648876441,0.2531265939342415,0.13694465034445297,6.0
824579,2026-07-07,home,Noah Schultz,702273,4.612262922763456,0.3163572816269465,0.18359597891602247,3.0
824820,2026-07-07,away,Matthew Boyd,571510,4.591674565829181,0.3128046728760328,0.18087114470163096,7.0
824820,2026-07-07,home,Shane Baz,669358,5.488754750904495,0.4691528912687776,0.3121981067998731,3.0
822710,2026-07-08,away,Spencer Arrighetti,681293,5.739232302734713,0.5115810454095621,0.3518926318106413,2.0
822710,2026-07-08,home,Foster Griffin,656492,5.8999225054080995,0.5381145932028271,0.37762696472616797,9.0
822880,2026-07-08,away,Walbert Ureña,700712,4.615049172325107,0.3168385412691848,0.18396603999684286,3.0
822880,2026-07-08,home,MacKenzie Gore,669022,6.786051091061411,0.6711370440721346,0.5179487036867682,7.0
822957,2026-07-08,away,Gerrit Cole,543037,4.682751041062573,0.3285648170454685,0.19305181049921916,6.0
822957,2026-07-08,home,Shane McClanahan,663556,5.848672312625095,0.5297178064015667,0.3694061398233254,5.0
823032,2026-07-08,away,Kyle Harrison,690986,4.640534065503045,0.3212455459958559,0.18736515978400012,2.0
823032,2026-07-08,home,Michael McGreevy,700241,4.332373162335549,0.2687326577502839,0.1480911137547076,6.0
823202,2026-07-08,away,Dylan Cease,656302,7.207961608011382,0.7250598144456339,0.5807936982948374,11.0
823202,2026-07-08,home,Logan Webb,657277,5.092607594577769,0.40028435461328926,0.2514793947812299,2.0
823279,2026-07-08,away,Jose Cabrera,703615,3.9439572489417194,0.20617300066759095,0.10491675385345121,2.0
823279,2026-07-08,home,Michael King,650633,4.023681399866586,0.2185817304272789,0.11315605617429447,4.0
823360,2026-07-08,away,Grant Holmes,656550,4.468617541259808,0.29171815158999287,0.16494984773757532,5.0
823360,2026-07-08,home,Jared Jones,683003,4.93886998021038,0.3733143655560007,0.22893368544145903,8.0
823605,2026-07-08,away,Steven Cruz,674444,1.5744580761257088,0.0056017839458362036,0.0012197508345096458,2.0
823605,2026-07-08,home,Christian Scott,681035,5.802212925644732,0.5220517092582301,0.3619631042167999,5.0
823684,2026-07-08,away,Slade Cecconi,677944,4.002617083301578,0.2152787796450033,0.11094684543116715,4.0
823684,2026-07-08,home,Connor Prielipp,687570,5.91919312668245,0.5412551036822618,0.3807201336081293,6.0
823848,2026-07-08,away,George Kirby,669923,5.446292814917459,0.46185409364083047,0.3055470641586416,7.0
823848,2026-07-08,home,Tyler Phillips,663969,4.907177153326221,0.36775668486233354,0.2243735853904247,3.0
823928,2026-07-08,home,Roki Sasaki,808963,5.21398881004186,0.4215313573146557,0.2697279557116485,5.0
824253,2026-07-08,away,Jeffrey Springs,605488,4.796143359968891,0.34831967832692684,0.20865652486414224,4.0
824253,2026-07-08,home,Troy Melton,675512,5.2059353691153145,0.42012428944380753,0.26850616071863104,9.0
824496,2026-07-08,away,Alan Rangel,660604,4.391813334317759,0.2787079373503162,0.15534336864035622,5.0
824496,2026-07-08,home,Chase Burns,695505,6.861186338715897,0.6812126832383572,0.5294072125639888,2.0
824578,2026-07-08,away,Jake Bennett,687562,4.738234819350969,0.33821561301487996,0.2006285035594953,4.0
824578,2026-07-08,home,Davis Martin,663436,4.120229674201845,0.2339317340831144,0.123573931189775,2.0
824815,2026-07-08,away,Colin Rea,607067,4.7340673687066195,0.3374896197211024,0.20005543456097577,2.0
824815,2026-07-08,home,Dean Kremer,665152,5.452215434803547,0.4628737100661319,0.30647308895291353,4.0
822877,2026-07-09,away,Reid Detmers,672282,5.3525127937303365,0.44564717499909423,0.29096259690097254,6.0
822877,2026-07-09,home,Nathan Eovaldi,543135,6.704140093068523,0.6599236133668867,0.5053430303490731,10.0
822954,2026-07-09,away,Paul Blackburn,621112,3.050760019439289,0.08912183969139086,0.036132618177588435,3.0
822954,2026-07-09,home,Drew Rasmussen,656876,7.005236049831924,0.6999599543877683,0.5510688379750612,2.0
823034,2026-07-09,away,Logan Henderson,701656,4.675347731348152,0.3272796864388272,0.1920496121694155,4.0
823034,2026-07-09,home,Andre Pallante,669467,4.626482427994723,0.318814531658978,0.18548780509370988,2.0
823201,2026-07-09,away,Ryan Feltner,663372,4.459731312143565,0.2902064175957377,0.16382507349905032,3.0
823201,2026-07-09,home,Carson Whisenhunt,687931,3.5188243695758454,0.1448844403802169,0.06674918370780958,4.0
823277,2026-07-09,away,Merrill Kelly,518876,4.230633346972964,0.25187442518059233,0.13606094406446329,6.0
823277,2026-07-09,home,Griffin Canning,656288,4.053342304950805,0.22326126404235516,0.11630579511562848,5.0
823359,2026-07-09,away,Bryce Elder,693821,4.846516134941747,0.3571293979958982,0.21573563028901568,3.0
823359,2026-07-09,home,Mitch Keller,656605,4.456199696953235,0.2896060658531023,0.16337901559319498,3.0
823606,2026-07-09,away,Michael Wacha,608379,4.706515862552579,0.3326943988872563,0.19628295811564983,5.0
823606,2026-07-09,home,Sean Manaea,640455,5.252027562865209,0.4281707871550588,0.27551864822225536,6.0
823683,2026-07-09,away,Gavin Williams,668909,5.2737380327024,0.43195489924753705,0.2788378700576159,11.0
823683,2026-07-09,home,Bailey Ober,641927,4.337618441647588,0.269609387821772,0.14872455066933096,5.0
823846,2026-07-09,away,Bryce Miller,682243,5.856748644566376,0.5310452562035485,0.37070100287576047,3.0
823846,2026-07-09,home,Janson Junk,676083,4.93820726101234,0.37319812424365123,0.2288380084063921,5.0
824251,2026-07-09,away,José Suarez,660761,3.706671509987806,0.17086597181879812,0.08239819359833803,2.0
824251,2026-07-09,home,Framber Valdez,664285,4.974799769362152,0.3796176208169346,0.23414105234293317,9.0
824494,2026-07-09,away,Jesús Luzardo,666200,7.340881063458739,0.7406970350188661,0.5997511205573975,11.0
824494,2026-07-09,home,Brady Singer,663903,6.440645469306706,0.6222722615713343,0.4641084659570665,5.0
824577,2026-07-09,away,Patrick Sandoval,663776,3.4406861084709335,0.13464767023346727,0.060811895376603274,5.0
824577,2026-07-09,home,Anthony Kay,641743,4.690358631974048,0.329886080070053,0.19408383917328206,4.0
824816,2026-07-09,away,David Peterson,656849,4.494020709474145,0.2960484824498755,0.16818411798007618,2.0
824816,2026-07-09,home,Trevor Rogers,669432,5.435207095266215,0.45994429123024677,0.3038152715261067,4.0
822709,2026-07-10,away,Ryan Weathers,677960,5.13894136474644,0.4084035561233151,0.25840205661694576,6.0
822709,2026-07-10,home,Carson Palmquist,687223,4.131251852278661,0.23570514289935485,0.12479336933103878,4.0
822878,2026-07-10,away,Hunter Brown,686613,4.883946260055228,0.3636849467151559,0.22105134384714323,4.0
822878,2026-07-10,home,Cal Quantrill,615698,3.934361088279671,0.2046966877969013,0.10394751478156926,1.0
822955,2026-07-10,away,Luis Castillo,622491,4.1957623009105065,0.2461653075819761,0.13205198575098318,4.0
822955,2026-07-10,home,Nick Martinez,607259,5.232536174517074,0.4247700893054243,0.2725474129385547,1.0
823033,2026-07-10,away,Chris Sale,519242,5.564181523415747,0.4820488042761842,0.3240761517951488,5.0
823033,2026-07-10,home,Kyle Leahy,681517,4.927832619408738,0.3713785387217882,0.22734199975908015,2.0
823200,2026-07-10,away,Tanner Gordon,685299,4.450524586545052,0.2886418763680165,0.16266336804852854,1.0
823200,2026-07-10,home,Robbie Ray,592662,5.030462814835514,0.3893844103255007,0.24228432659428664,4.0
823278,2026-07-10,away,Shane Bieber,669456,3.670195210171916,0.16567597396875833,0.07920766595960074,4.0
823278,2026-07-10,home,JP Sears,676664,5.081846226641899,0.3983975071111636,0.2498795912684275,3.0
823604,2026-07-10,away,Sonny Gray,543243,5.726168722609672,0.5093983324914004,0.34980715922771416,3.0
823604,2026-07-10,home,Nolan McLean,690997,6.9603664942188095,0.6942012329005693,0.5443668824109625,7.0
823685,2026-07-10,away,Grayson Rodriguez,680570,3.6917397786981163,0.16873329169701515,0.08108332088538298,0.0
823685,2026-07-10,home,Zebby Matthews,805673,5.447867439470728,0.46212522374650694,0.3057932087262942,3.0
823845,2026-07-10,away,Parker Messick,800048,5.148348396644666,0.4100508434837627,0.25981423342683924,1.0
823845,2026-07-10,home,Sandy Alcantara,645261,6.2869691587605105,0.5992466462316903,0.4396883209386275,8.0
823927,2026-07-10,away,Eduardo Rodriguez,593958,4.282241007176671,0.26038982519329434,0.14210187662427157,5.0
823927,2026-07-10,home,Kyle Hurt,669165,1.7540435271889014,0.00923003227031747,0.00222938370200967,1.0
824252,2026-07-10,away,Aaron Nola,605400,5.1904511948955605,0.417417705715811,0.26616127017025537,8.0
824252,2026-07-10,home,Jack Flaherty,656427,5.705355056467955,0.5059132500603382,0.34648717829666537,6.0
824493,2026-07-10,away,Shota Imanaga,684007,5.155862022993815,0.41136625278613886,0.26094375458302527,5.0
824493,2026-07-10,home,Hunter Greene,668881,6.182876542447354,0.5832295427542864,0.4230445642269199,12.0
824575,2026-07-10,away,Jacob Lopez,682052,3.521306458177275,0.1452153007068748,0.06694329205182764,1.0
824575,2026-07-10,home,Sean Burke,680732,6.865594684009504,0.6817975477504491,0.5300762381115843,9.0
824817,2026-07-10,away,Luinder Avila,679883,4.620676748938117,0.3178109141568464,0.18471442082254524,3.0
824817,2026-07-10,home,Brandon Young,687064,5.331949188164617,0.4420791443081807,0.28778572422110876,5.0
822711,2026-07-11,away,Cam Schlittler,693645,6.347810688518927,0.6084531393472209,0.4493817233772909,6.0
822711,2026-07-11,home,PJ Poulin,676571,1.9830485144867653,0.015959587762796223,0.004333314899445626,3.0
822875,2026-07-11,away,Peter Lambert,663567,5.031001571840197,0.3894789357082096,0.2423635819085976,7.0
822875,2026-07-11,home,Kumar Rocker,677958,4.508835245876634,0.2985795986654725,0.17008305839256047,6.0
822953,2026-07-11,away,Logan Gilbert,669302,5.536839722121948,0.4773848705572265,0.31976162098951916,5.0
822953,2026-07-11,home,Griffin Jax,643377,6.4901418308674295,0.6295246170003868,0.47192329881716644,3.0
823030,2026-07-11,away,Reynaldo López,625643,4.327629456823607,0.267940373836019,0.14751934865200478,3.0
823030,2026-07-11,home,Matthew Liberatore,669461,5.1552543605526555,0.4112598803418576,0.26085235302862614,6.0
823198,2026-07-11,away,Kyle Freeland,607536,4.472104753918601,0.29231183786066817,0.16539217975583576,9.0
823198,2026-07-11,home,Tyler Mahle,641816,4.654078452259953,0.3235913102005061,0.18918207434928427,4.0
823276,2026-07-11,away,Trey Yesavage,702056,4.799835106299245,0.3489647480372691,0.20917236445675716,1.0
823276,2026-07-11,home,Walker Buehler,621111,5.112501665478664,0.40377148381870476,0.2544449389414215,1.0
823356,2026-07-11,away,Shane Drohan,675660,5.334439066749401,0.44251141628803903,0.288169955949524,6.0
823356,2026-07-11,home,Bubba Chandler,696149,4.215383960448307,0.24937321267888238,0.13430050223820905,6.0
823357,2026-07-11,away,Brandon Sproat,687075,5.9331436386862535,0.5435227545674646,0.38295987947999705,3.0
823357,2026-07-11,home,Braxton Ashcraft,677952,6.569016357845043,0.6409117465506533,0.4843152621875963,6.0
823603,2026-07-11,home,Freddy Peralta,642547,5.201944222578183,0.41942680366831975,0.2679012150606625,6.0
823682,2026-07-11,away,Ryan Johnson,696270,4.141126556358238,0.23729742583625724,0.1258910336970327,1.0
823682,2026-07-11,home,Joe Ryan,657746,7.426592559414448,0.7504362595744932,0.6117361115711428,6.0
823844,2026-07-11,away,Tanner Bibee,676440,3.90464799433376,0.20014995627715115,0.10097734360559331,3.0
823844,2026-07-11,home,Eury Pérez,691587,6.424696205781303,0.6199180675309685,0.4615845085846135,6.0
823926,2026-07-11,away,Brandon Pfaadt,694297,3.874445581556155,0.1955670331145893,0.09800641135126374,2.0
823926,2026-07-11,home,Yoshinobu Yamamoto,808967,5.529795420561357,0.4761812343366807,0.31865160416136457,6.0
824249,2026-07-11,away,Cristopher Sánchez,650911,4.969498411061247,0.37868747806049363,0.2333702509308652,7.0
824249,2026-07-11,home,Casey Mize,663554,6.015244251172666,0.5567658170810075,0.39614578130775685,5.0
824492,2026-07-11,away,Javier Assad,665871,4.461792372228324,0.2905569033099051,0.1640856457182148,4.0
824492,2026-07-11,home,Nick Lodolo,666157,5.0977381606471415,0.4011837964867988,0.25224319674823675,4.0
824576,2026-07-11,away,Gage Jump,695611,5.149319687676534,0.4102209035664592,0.2599601686172745,7.0
824576,2026-07-11,home,Bryan Hudson,663542,1.7697475878989053,0.009611587920733073,0.0023414296381245947,0.0
824813,2026-07-11,away,Noah Cameron,702070,4.9314688936057856,0.37201626743406807,0.2278659630655742,9.0
824813,2026-07-11,home,Kyle Bradish,680694,6.472240925687003,0.6269111204271085,0.46910020623242726,5.0
822708,2026-07-12,away,Will Warren,701542,4.256140816075108,0.2560736283118903,0.13903075821714747,2.0
822708,2026-07-12,home,Cade Cavalli,676917,6.332320872078198,0.6061203371531614,0.4469167051266175,5.0
822876,2026-07-12,away,Cristian Javier,664299,3.4583141941076483,0.1369264619883703,0.062122015214584624,4.0
822876,2026-07-12,home,MacKenzie Gore,669022,5.698465961305311,0.5047577378673607,0.3453890738710463,4.0
822951,2026-07-12,away,Emerson Hancock,676106,3.9900556085375047,0.21331730810198588,0.10964039434843977,2.0
822951,2026-07-12,home,Ian Seymour,693855,6.333470169707667,0.6062936861367617,0.4470996719595802,3.0
823029,2026-07-12,home,Dustin May,669160,4.793364810926589,0.3478342409208986,0.20826859936428363,4.0
823199,2026-07-12,away,Michael Lorenzen,547179,4.3722771006797325,0.2754198439211213,0.15294193716804524,1.0
823199,2026-07-12,home,Trevor McDonald,686790,4.294360038936177,0.26240043056837126,0.14353889065188405,4.0
823274,2026-07-12,away,Kevin Gausman,592332,5.530073353330885,0.47622873923701553,0.31869538732501157,8.0
823274,2026-07-12,home,Germán Márquez,608566,4.172860788414919,0.2424364377888216,0.12945152163519905,4.0
823358,2026-07-12,away,Robert Gasser,688107,5.658774324156886,0.4980814592370058,0.3390704162766882,3.0
823358,2026-07-12,home,Paul Skenes,694973,6.424251457294642,0.6198523006083301,0.4615140889390748,7.0
823602,2026-07-12,away,Payton Tolle,801139,4.709004971366284,0.33312729133142155,0.1966226171035361,7.0
823602,2026-07-12,home,Zac Thornton,804267,4.303880512843455,0.26398273733564653,0.14467264549427195,5.0
823681,2026-07-12,away,José Soriano,667755,4.992225400881889,0.38267515945940084,0.23668059943630673,0.0
823681,2026-07-12,home,Taj Bradley,671737,7.24463638042534,0.7294393092742788,0.5860682629355554,6.0
823842,2026-07-12,away,Joey Cantillo,676282,5.241247413791985,0.4262903331135586,0.27387430492006426,9.0
823842,2026-07-12,home,Tyler Phillips,663969,4.435863071928655,0.2861540595365209,0.16082105838540553,1.0
823925,2026-07-12,away,Mitch Bratt,683352,2.914045237692774,0.07550145819217745,0.029359983164760045,0.0
823925,2026-07-12,home,Emmet Sheehan,686218,5.666525650695395,0.499387737143343,0.340303248577443,7.0
824250,2026-07-12,away,Zack Wheeler,554430,7.364250141925619,0.7433791433193087,0.6030378435869435,10.0
824250,2026-07-12,home,Tarik Skubal,669373,6.956913162809431,0.6937549811623172,0.5438493315785429,5.0
824491,2026-07-12,away,Matthew Boyd,571510,4.77766144832691,0.34509183926272685,0.20608129908632233,3.0
824491,2026-07-12,home,Andrew Abbott,671096,5.84346008839769,0.5288602826931338,0.36857061647548495,3.0
824574,2026-07-12,away,J.T. Ginn,669372,4.35350439938468,0.2722689317545011,0.15065075399156985,7.0
824574,2026-07-12,home,Noah Schultz,702273,4.966177183735876,0.37810477163001766,0.23288778575860272,4.0
824814,2026-07-12,away,Seth Lugo,607625,4.271686828438196,0.25864215769939103,0.1408560910318916,6.0
824814,2026-07-12,home,Shane Baz,669358,5.296130339083374,0.435853386749691,0.28227174357279694,9.0
823440,2026-07-16,away,Christian Scott,681035,5.106959897845804,0.40280023797887793,0.25361780482293056,7.0
823440,2026-07-16,home,Aaron Nola,605400,5.986678316053661,0.5521782195257479,0.3915574574278904,6.0
822789,2026-07-17,away,Anthony Kay,641743,3.7595131276088294,0.17850195222487555,0.08714926406392584,5.0
822789,2026-07-17,home,Spencer Miles,693686,3.853980014508136,0.19248427442386262,0.09602100014929724,4.0
823115,2026-07-17,away,Landen Roupp,694738,5.586940871946287,0.48592124381903257,0.32767465286185044,2.0
823115,2026-07-17,home,Bryce Miller,682243,6.063275991149911,0.5644296128041317,0.4038596816988263,6.0
823524,2026-07-17,away,Roki Sasaki,808963,4.84514548265896,0.35688947620542705,0.21554186022148816,5.0
823524,2026-07-17,home,Gerrit Cole,543037,5.189064475566853,0.4171752348336575,0.26595154264374726,8.0
823766,2026-07-17,away,Sandy Alcantara,645261,5.085312216378057,0.3990052551408904,0.25039451380939903,7.0
823766,2026-07-17,home,Logan Henderson,701656,5.040336680763677,0.39111673414278364,0.2437381503965721,4.0
824009,2026-07-17,away,Troy Melton,675512,5.528901757098052,0.47602847877741633,0.3185108310388511,9.0
824009,2026-07-17,home,Reid Detmers,672282,5.511858540212034,0.4731127723124902,0.3158281974662965,7.0
824090,2026-07-17,away,Michael King,650633,4.119967963612207,0.23388967672094793,0.12354505110840167,4.0
824090,2026-07-17,home,Seth Lugo,607625,4.573832175178823,0.3097311361935398,0.17852360003246934,3.0
824170,2026-07-17,away,Dean Kremer,665152,4.956854783642396,0.3764692393022357,0.23153533244560157,5.0
824170,2026-07-17,home,Peter Lambert,663567,5.88390322025295,0.5354969065648741,0.3750564358763288,10.0
824332,2026-07-17,away,Brady Singer,663903,5.191159081842111,0.4175414765327301,0.266268348535631,6.0
824332,2026-07-17,home,Gabriel Hughes,687312,4.888964981652836,0.3645644163423564,0.22176759207149307,6.0
824655,2026-07-17,away,Bailey Ober,641927,4.130510006138004,0.23558565410358154,0.12471110366622766,7.0
824655,2026-07-17,home,Colin Rea,607067,4.096129883263751,0.23006880437968857,0.12092898947615756,6.0
824737,2026-07-17,away,Mason Englert,669438,4.154354557449514,0.2394355320194179,0.1273690863865351,4.0
824737,2026-07-17,home,Eduardo Rivera,700842,3.215666150356562,0.10720157859776351,0.04557796477434312,3.0
824766,2026-07-17,away,Griffin Jax,643377,5.056262853422977,0.39391060429748365,0.24608886597762097,6.0
824766,2026-07-17,home,Jake Bennett,687562,4.601479747016394,0.31449580934986127,0.18216671811382068,3.0
824901,2026-07-17,away,Cal Quantrill,615698,3.662175837661758,0.16454402483581307,0.07851600967092756,3.0
824901,2026-07-17,home,Chris Sale,519242,5.871401644354154,0.5334496576158746,0.3730509335791275,6.0
824981,2026-07-17,away,Cade Cavalli,676917,5.381322484863048,0.45063782090321575,0.29542665722359607,9.0
824981,2026-07-17,home,Gage Jump,695611,5.377172632482405,0.44991956124342436,0.29478270781547034,8.0
825060,2026-07-17,away,Michael McGreevy,700241,4.057950035337244,0.22399116050240153,0.11679916212954264,5.0
825060,2026-07-17,home,Merrill Kelly,518876,4.52301967459213,0.3010068914313155,0.17190997212885042,3.0
822790,2026-07-18,away,Davis Martin,663436,3.7571962554751543,0.17816429432727163,0.08693775769834329,5.0
822790,2026-07-18,home,Shane Bieber,669456,4.068837004251988,0.22571882829101755,0.11796919513453592,6.0
823116,2026-07-18,away,Logan Webb,657277,4.932556379917747,0.3722069968063033,0.22802274301129488,5.0
823116,2026-07-18,home,Bryan Woo,693433,5.151530706433037,0.41060800550098087,0.2602924585427383,7.0
823441,2026-07-18,away,Sean Manaea,640455,5.235312780793513,0.4252547142553913,0.27297016133425483,7.0
823441,2026-07-18,home,Jesús Luzardo,666200,8.043171263318857,0.8126866498869183,0.6918700792065473,7.0
823763,2026-07-18,away,Max Meyer,676974,5.145026799401782,0.4094692403986481,0.2593153451985236,5.0
823763,2026-07-18,home,Shane Drohan,675660,4.133752026884995,0.23610798199028102,0.12507082489247925,9.0
824008,2026-07-18,away,Tarik Skubal,669373,6.347530678975112,0.6084110371099282,0.44933718152107033,9.0
824008,2026-07-18,home,Grayson Rodriguez,680570,4.381036396452055,0.2768929776454542,0.1540165041676491,3.0
824088,2026-07-18,away,Griffin Canning,656288,4.441726371652778,0.2871484156588433,0.16155668222999056,4.0
824088,2026-07-18,home,Randy Dobnak,677976,3.255480037354435,0.11182978479823234,0.048073836914602444,3.0
824169,2026-07-18,away,Trevor Rogers,669432,4.784906107616106,0.34635679100033734,0.20708931466566233,8.0
824169,2026-07-18,home,Spencer Arrighetti,681293,5.577794028784894,0.48436602866480466,0.32622768930783363,6.0
824331,2026-07-18,away,Rhett Lowder,695076,4.572519932335329,0.3095052875749162,0.1783514591162215,2.0
824331,2026-07-18,home,Tomoyuki Sugano,608372,4.0321941111238395,0.21992137300377,0.11405538931847022,3.0
824412,2026-07-18,away,Mason Montgomery,682254,1.63661901373277,0.006711828287315854,0.0015169132253837164,1.0
824412,2026-07-18,home,Logan Allen,671106,4.234950727168723,0.2525838320650013,0.13656140606631312,3.0
824414,2026-07-18,away,Jared Jones,683003,4.955015885397587,0.3761466356896044,0.2312688653383194,9.0
824414,2026-07-18,home,Gavin Williams,668909,6.599091198796506,0.6451979203373972,0.48901864901905784,11.0
824657,2026-07-18,away,Taj Bradley,671737,6.556614533264907,0.639135265428955,0.4823721434672436,6.0
824657,2026-07-18,home,Matthew Boyd,571510,4.591768603276318,0.3128208849274859,0.1808835515727287,4.0
824738,2026-07-18,away,Ian Seymour,693855,5.323990770493557,0.44069702298214497,0.28655840747379807,4.0
824738,2026-07-18,home,Patrick Sandoval,663776,3.583406106094517,0.1536042135850663,0.07191020971422869,5.0
824899,2026-07-18,away,MacKenzie Gore,669022,5.1169470859454265,0.4045504993814471,0.25510901391792856,7.0
824979,2026-07-18,away,Zack Littell,641793,3.91863378989569,0.20228543810549285,0.10236955156045534,4.0
824979,2026-07-18,home,J.T. Ginn,669372,4.857712516977316,0.35908961716435334,0.2173208316445845,7.0
825059,2026-07-18,away,Dustin May,669160,4.775758842201535,0.34475970535418804,0.20581688118379124,6.0
825059,2026-07-18,home,Brandon Pfaadt,694297,4.173569007534008,0.24255150085478397,0.12953155211887166,3.0
822786,2026-07-19,away,Sean Burke,680732,5.542485263293322,0.47834891248302674,0.32065169876423844,5.0
822786,2026-07-19,home,Trey Yesavage,702056,4.473980958312838,0.2926313566145303,0.16563038327090282,9.0
823113,2026-07-19,away,Robbie Ray,592662,5.134471173221845,0.4076206218767087,0.25773177274727116,6.0
823113,2026-07-19,home,Logan Gilbert,669302,6.351612772598721,0.6090245728907376,0.4499864630653205,10.0
823439,2026-07-19,away,Nolan McLean,690997,6.240990462321306,0.5922124906324594,0.43234472783712014,10.0
823439,2026-07-19,home,Alan Rangel,660604,4.249857813000127,0.2550375125497834,0.13829632484636575,4.0
823521,2026-07-19,away,Will Klein,694361,2.7123390593299033,0.05772845110853311,0.021019034243146096,1.0
823521,2026-07-19,home,Ryan Yarbrough,642232,3.166005599149168,0.10157061605325085,0.042583275870107185,1.0
823523,2026-07-19,away,Yoshinobu Yamamoto,808967,6.217378443181598,0.5885749613870811,0.42856825995822867,7.0
823523,2026-07-19,home,Cam Schlittler,693645,6.569533973220865,0.6409857774857288,0.48439631711807596,8.0
823764,2026-07-19,away,Eury Pérez,691587,5.63482343341968,0.49403777777062247,0.3352647773051342,9.0
823764,2026-07-19,home,Robert Gasser,688107,4.634100400976157,0.32013214977448706,0.18650463115314328,5.0
824007,2026-07-19,away,Casey Mize,663554,5.351190802051035,0.44541793618175385,0.29075812153855024,5.0
824007,2026-07-19,home,Ryan Johnson,696270,4.1296160224955765,0.23544168538622925,0.12461200368676557,5.0
824086,2026-07-19,away,Germán Márquez,608566,4.194746319384477,0.2459995321284911,0.13193607405290225,2.0
824086,2026-07-19,home,Noah Cameron,702070,5.630548971422277,0.49331495235120687,0.3345862025312872,1.0
824168,2026-07-19,away,Brandon Young,687064,4.92093179029791,0.37016836812389614,0.22634877598727293,7.0
824168,2026-07-19,home,Hunter Brown,686613,5.381740302870928,0.4507101255001731,0.2954915087999917,4.0
824330,2026-07-19,away,Hunter Greene,668881,5.084868534122472,0.39892745909877675,0.2503285804919051,7.0
824330,2026-07-19,home,Ryan Feltner,663372,4.209897143947085,0.2484749889373913,0.13366985320828786,3.0
824411,2026-07-19,away,Paul Skenes,694973,5.961804260258188,0.5481658783273534,0.38756234730891165,8.0
824411,2026-07-19,home,Joey Cantillo,676282,6.851250333154584,0.6798918866852394,0.5278979347967108,7.0
824653,2026-07-19,away,Zebby Matthews,805673,4.548400905816031,0.30535921638395075,0.17520012362741583,4.0
824653,2026-07-19,home,Shota Imanaga,684007,5.048744822811467,0.39259179692210067,0.24497831943406898,4.0
824739,2026-07-19,away,Shane McClanahan,663556,4.210759044964795,0.24861602610768055,0.13376882200196627,3.0
824739,2026-07-19,home,Sonny Gray,543243,6.004259850488759,0.5550043460782759,0.39438144780853396,5.0
824897,2026-07-19,away,Nathan Eovaldi,543135,6.276679605023342,0.5976781538286683,0.4380461557725784,2.0
824897,2026-07-19,home,Grant Holmes,656550,4.225555774415529,0.2510408205876519,0.1354735175024376,2.0
824978,2026-07-19,away,Foster Griffin,656492,6.177101644458669,0.5823313565181398,0.42211943411580954,2.0
824978,2026-07-19,home,Jacob Lopez,682052,3.821068718238706,0.1875661562522852,0.09287541135012534,6.0
825057,2026-07-19,away,Andre Pallante,669467,4.376040890700903,0.27605261087390603,0.15340324106230782,3.0
825057,2026-07-19,home,Eduardo Rodriguez,593958,4.8101903678919795,0.3507746773358715,0.2106218201216486,3.0
822788,2026-07-20,away,Nick Martinez,607259,3.6023300867268575,0.15620241796985568,0.07346604904917098,0.0
822788,2026-07-20,home,Dylan Cease,656302,6.9070902667549605,0.6872684911844349,0.5363553339639111,7.0
822874,2026-07-20,away,Erick Fedde,607200,3.4374319165362053,0.13422897726682306,0.06057191037858398,6.0
822874,2026-07-20,home,Jacob deGrom,594798,6.115245870794369,0.5726493122767087,0.41220160902143027,6.0
823112,2026-07-20,away,Andrew Abbott,671096,5.164461498769061,0.41287139412370205,0.2622382166641789,6.0
823112,2026-07-20,home,George Kirby,669923,6.566588912262795,0.6405644437577307,0.4839350928279618,6.0
823436,2026-07-20,away,Emmet Sheehan,686218,5.659602297203339,0.49822104830996666,0.33920207641820044,6.0
823436,2026-07-20,home,Cristopher Sánchez,650911,5.387752090918675,0.45175024427661103,0.296424971366977,7.0
823522,2026-07-20,away,Braxton Ashcraft,677952,6.239176279136078,0.5919336101814632,0.43205468829553934,2.0
823522,2026-07-20,home,Ryan Weathers,677960,5.966128324929376,0.5488645435820468,0.388256816617719,5.0
823762,2026-07-20,away,Freddy Peralta,642547,4.9866721486223335,0.3817007560064465,0.2358703100830144,6.0
823762,2026-07-20,home,Jacob Misiorowski,694819,8.00835635881592,0.8095282121868779,0.6876452867532385,6.0
824006,2026-07-20,away,Kyle Leahy,681517,4.546842168644026,0.30509160396123247,0.17499729029032016,4.0
824006,2026-07-20,home,José Soriano,667755,4.787956635490223,0.34688955167987495,0.2075143184070795,7.0
824087,2026-07-20,away,Trevor McDonald,686790,3.6647627010101957,0.1649088043902732,0.0787387361312711,3.0
824087,2026-07-20,home,Michael Wacha,608379,5.280971911318171,0.43321482570622266,0.27994604986967536,5.0
824167,2026-07-20,away,Janson Junk,676083,4.146090227432263,0.23809904648899827,0.12644463409769546,3.0
824167,2026-07-20,home,Ronel Blanco,669854,4.48786971986516,0.29499879586557715,0.16739843709377625,8.0
824328,2026-07-20,away,Andrew Alvarez,674841,4.126863307878327,0.23499855379331844,0.12430711144045863,2.0
824328,2026-07-20,home,Kyle Freeland,607536,4.763920557173966,0.3426937979451757,0.2041745397938561,4.0
824410,2026-07-20,away,Joe Ryan,657746,6.615684925842252,0.6475494979484815,0.4916082778037894,3.0
824410,2026-07-20,home,Tanner Bibee,676440,4.31668780755757,0.2661151552409768,0.14620453412500625,5.0
824654,2026-07-20,away,Jack Flaherty,656427,5.068597725523908,0.39607413273496617,0.2479143179035828,4.0
824654,2026-07-20,home,Jameson Taillon,592791,4.12726581707239,0.23506333357897288,0.1243516698334457,6.0
824736,2026-07-20,away,Shane Baz,669358,5.620242626052282,0.4915706963158941,0.332950847721872,6.0
824736,2026-07-20,home,Payton Tolle,801139,5.271777596453235,0.43161336759257957,0.2785377344414583,9.0
824898,2026-07-20,away,JP Sears,676664,4.002298927929612,0.21522902352485643,0.11091365430091452,3.0
824898,2026-07-20,home,Bryce Elder,693821,4.130461357363905,0.23557781892100574,0.12470570981465388,4.0
825058,2026-07-20,away,Jeffrey Springs,605488,4.400008640209836,0.28008993783449415,0.15635589400298006,2.0
825058,2026-07-20,home,Mitch Bratt,683352,3.4171602903709144,0.13163474955882923,0.059090039165062905,4.0
