game_pk,date,home_team,away_team,predicted_total,p_over_8_5,p_over_9_5,total_runs
824940,2026-04-01,Atlanta Braves,Athletics,7.778881386750071,0.43700716727259425,0.35255029064974386,6.0
824860,2026-04-01,Baltimore Orioles,Texas Rangers,8.815069577171135,0.5276159755208026,0.44014390370632617,11.0
824536,2026-04-01,Cincinnati Reds,Pittsburgh Pirates,6.914272335224453,0.36366697867926034,0.2848284457246025,11.0
823483,2026-04-01,Philadelphia Phillies,Washington Nationals,8.33630272049912,0.48564348929360635,0.3990229280177963,11.0
822835,2026-04-01,Toronto Blue Jays,Colorado Rockies,8.42577639750394,0.4934893558849104,0.4066374868485242,3.0
823889,2026-04-01,Miami Marlins,Chicago White Sox,7.5033462970895535,0.4132677903980831,0.330320012576289,10.0
823078,2026-04-01,St. Louis Cardinals,New York Mets,8.552760812682951,0.5046281022067745,0.417504569048482,3.0
823806,2026-04-01,Milwaukee Brewers,Tampa Bay Rays,10.03762567766976,0.6323550853483313,0.5470511919056148,10.0
824211,2026-04-01,Houston Astros,Boston Red Sox,8.641503883870126,0.5124107920274842,0.42513713905353523,10.0
824698,2026-04-01,Chicago Cubs,Los Angeles Angels,8.340209076184594,0.48598594019921576,0.39935459587123434,8.0
825106,2026-04-01,Arizona Diamondbacks,Detroit Tigers,10.077882544573162,0.6356852349268953,0.5505560766159294,1.0
823157,2026-04-01,Seattle Mariners,New York Yankees,6.238103393815692,0.3094704155718671,0.23661462596614333,8.0
823321,2026-04-01,San Diego Padres,San Francisco Giants,8.083046322965664,0.46347577974232146,0.3776860787422194,8.0
823970,2026-04-01,Los Angeles Dodgers,Cleveland Guardians,7.626125121784257,0.4238123539697086,0.34015771195149974,5.0
824133,2026-04-02,Kansas City Royals,Minnesota Twins,8.061635847243311,0.46160592878256346,0.37589823913515596,6.0
825105,2026-04-02,Arizona Diamondbacks,Atlanta Braves,9.590921471631706,0.5947863423937343,0.507975147679879,19.0
823242,2026-04-02,San Francisco Giants,New York Mets,7.084835105273404,0.37783556676535646,0.2976910000884024,9.0
822758,2026-04-03,Washington Nationals,Los Angeles Dodgers,9.064828309802396,0.549419954010944,0.4618846847723739,19.0
824299,2026-04-03,Detroit Tigers,St. Louis Cardinals,9.020341032272187,0.545545196545299,0.4580019414080305,4.0
823568,2026-04-03,New York Yankees,Miami Marlins,8.058555757174283,0.46133700268702554,0.3756412603011931,10.0
824621,2026-04-03,Chicago White Sox,Toronto Blue Jays,7.752253101578577,0.43470158365017153,0.35037828470155274,9.0
824786,2026-04-03,Boston Red Sox,San Diego Padres,7.795675365205788,0.4384623632904925,0.35392261719068097,7.0
822919,2026-04-03,Texas Rangers,Cincinnati Reds,9.336955075789287,0.573005814789915,0.4857006773296948,8.0
823732,2026-04-03,Minnesota Twins,Tampa Bay Rays,7.691104207335236,0.42941558950570496,0.3454090948311003,14.0
824377,2026-04-03,Colorado Rockies,Philadelphia Phillies,10.118211177789094,0.6390110822000177,0.5540632588859518,11.0
824458,2026-04-03,Cleveland Guardians,Chicago Cubs,8.179661836355674,0.4719229876728652,0.385785882925494,5.0
823406,2026-04-03,Pittsburgh Pirates,Baltimore Orioles,9.496623267790659,0.5867296031605441,0.4997037913156988,9.0
824056,2026-04-03,Los Angeles Angels,Seattle Mariners,8.834040922392566,0.5292759183299088,0.4417898256599504,4.0
825026,2026-04-03,Athletics,Houston Astros,9.596465714391007,0.5952588243237618,0.5084613883202731,15.0
825103,2026-04-03,Arizona Diamondbacks,Atlanta Braves,9.7425741277283,0.6076581787852723,0.5212686439655485,2.0
823240,2026-04-03,San Francisco Giants,New York Mets,7.254715916767486,0.39211283040319667,0.31075930915050526,13.0
824295,2026-04-04,Detroit Tigers,St. Louis Cardinals,6.430895877715053,0.32456890573496944,0.2498877510143044,17.0
824132,2026-04-04,Kansas City Royals,Milwaukee Brewers,8.33463948066069,0.4854976844722926,0.3988817332928828,7.0
824622,2026-04-04,Chicago White Sox,Toronto Blue Jays,6.6942469804526965,0.34566384880358264,0.26863825165778765,9.0
822757,2026-04-04,Washington Nationals,Los Angeles Dodgers,12.190016773588352,0.7914236760725664,0.7229033403786242,15.0
823404,2026-04-04,Pittsburgh Pirates,Baltimore Orioles,8.921008016319393,0.5368783629491416,0.44934738680365305,5.0
825027,2026-04-04,Athletics,Houston Astros,9.202230230629526,0.5613560980874152,0.4738981311298328,11.0
824782,2026-04-04,Boston Red Sox,San Diego Padres,4.981023488019746,0.2195357153025323,0.16019787886182393,5.0
822920,2026-04-04,Texas Rangers,Cincinnati Reds,10.015148510214331,0.6304913602252729,0.545092647921412,2.0
823569,2026-04-04,New York Yankees,Miami Marlins,7.071321301926197,0.3767066766079342,0.29666228228505254,16.0
823730,2026-04-04,Minnesota Twins,Tampa Bay Rays,8.872911570110048,0.5326753780692913,0.44516528822089874,8.0
824134,2026-04-04,Kansas City Royals,Milwaukee Brewers,7.993064060646086,0.4556232290419862,0.3701903645581618,10.0
825104,2026-04-04,Arizona Diamondbacks,Atlanta Braves,10.204532723276493,0.6460943985022964,0.5615556726823997,3.0
824378,2026-04-04,Colorado Rockies,Philadelphia Phillies,10.31981422684504,0.6554754113870984,0.5715269487429284,3.0
823239,2026-04-04,San Francisco Giants,New York Mets,8.023766983882323,0.458300812680109,0.372742609650133,9.0
824054,2026-04-04,Los Angeles Angels,Seattle Mariners,10.34129742247491,0.6572132890742879,0.5733802987205661,1.0
824459,2026-04-05,Cleveland Guardians,Chicago Cubs,6.215307765049712,0.3077056118268383,0.2350712759788006,1.0
824460,2026-04-05,Cleveland Guardians,Chicago Cubs,5.398026025287925,0.24759717455503819,0.18354084371865176,11.0
822756,2026-04-05,Washington Nationals,Los Angeles Dodgers,10.746309928235387,0.6893203492414577,0.6079738435935753,14.0
823405,2026-04-05,Pittsburgh Pirates,Baltimore Orioles,7.343349753695919,0.39962130677178037,0.3176750223222637,10.0
823566,2026-04-05,New York Yankees,Miami Marlins,7.212834127559831,0.3885786221187114,0.30751437282752025,13.0
824781,2026-04-05,Boston Red Sox,San Diego Padres,6.701337666148611,0.3462388781926087,0.26915270922132317,14.0
823729,2026-04-05,Minnesota Twins,Tampa Bay Rays,8.095118269887676,0.4645304231741034,0.3786952821606597,5.0
824131,2026-04-05,Kansas City Royals,Milwaukee Brewers,7.749297372597264,0.4344458001783035,0.35013749276355,13.0
824620,2026-04-05,Chicago White Sox,Toronto Blue Jays,7.620580597932007,0.4233349378718299,0.3397110376361439,3.0
822917,2026-04-05,Texas Rangers,Cincinnati Reds,8.2929983118754,0.48184797175111804,0.39535111532305467,3.0
824379,2026-04-05,Colorado Rockies,Philadelphia Phillies,11.804436532339086,0.7662609807903653,0.6938193766930185,5.0
823238,2026-04-05,San Francisco Giants,New York Mets,8.173622572951846,0.4713945577558804,0.3852780755737094,7.0
825025,2026-04-05,Athletics,Houston Astros,9.074103883863694,0.5502272583392307,0.46269470505096233,22.0
824053,2026-04-05,Los Angeles Angels,Seattle Mariners,8.591701014624748,0.5080435158163839,0.4208500710863065,15.0
825102,2026-04-05,Arizona Diamondbacks,Atlanta Braves,9.685204631858895,0.6028018352016532,0.5162417576423077,11.0
824296,2026-04-05,Detroit Tigers,St. Louis Cardinals,8.199503248952038,0.47365943576445246,0.3874556086216993,8.0
823002,2026-04-06,Tampa Bay Rays,Chicago Cubs,8.761824229825054,0.5229546772937124,0.43553003890344644,10.0
824456,2026-04-06,Cleveland Guardians,Kansas City Royals,6.675484135789272,0.3441439686586664,0.2672793204049304,6.0
823401,2026-04-06,Pittsburgh Pirates,San Diego Padres,8.770274480100296,0.5236946702615435,0.43626170886679827,5.0
823886,2026-04-06,Miami Marlins,Cincinnati Reds,9.608372877551101,0.5962730859526638,0.5095056257563002,2.0
822755,2026-04-06,Washington Nationals,St. Louis Cardinals,9.849722185553018,0.6166829961437135,0.5306476049842889,15.0
824783,2026-04-06,Boston Red Sox,Milwaukee Brewers,8.146123942442655,0.46898910375389863,0.38296837017459917,14.0
822832,2026-04-06,Toronto Blue Jays,Los Angeles Dodgers,8.677909928286445,0.5156023722076587,0.42827663921512243,16.0
823728,2026-04-06,Minnesota Twins,Detroit Tigers,7.061162208550219,0.37585871881051924,0.295890010337681,10.0
824619,2026-04-06,Chicago White Sox,Baltimore Orioles,6.182296323849946,0.3051577911783626,0.23284616799403918,3.0
822918,2026-04-06,Texas Rangers,Seattle Mariners,8.680483768589156,0.5158279756218949,0.4284987704440679,3.0
824376,2026-04-06,Colorado Rockies,Houston Astros,9.748524787659848,0.608160959551197,0.5217898786314998,16.0
824052,2026-04-06,Los Angeles Angels,Atlanta Braves,8.315896466782721,0.48385475172221465,0.39729153181132026,8.0
823237,2026-04-06,San Francisco Giants,Philadelphia Phillies,7.812078100908632,0.439884461898959,0.35526480780654796,10.0
824457,2026-04-07,Cleveland Guardians,Kansas City Royals,5.592884792974006,0.261338461643083,0.19514068811676588,3.0
824618,2026-04-07,Chicago White Sox,Baltimore Orioles,6.365149910110938,0.31938591118637694,0.24531742885089222,6.0
823648,2026-04-07,New York Mets,Arizona Diamondbacks,7.8976611570065725,0.44731659056936235,0.36229664989980304,7.0
822999,2026-04-07,Tampa Bay Rays,Chicago Cubs,8.401272041709095,0.4913402121556321,0.4045484264623178,11.0
823402,2026-04-07,Pittsburgh Pirates,San Diego Padres,7.995436985774307,0.45583010015276115,0.37038741693182775,8.0
823887,2026-04-07,Miami Marlins,Cincinnati Reds,8.230935553717911,0.47641128809880035,0.3901050041474883,9.0
822754,2026-04-07,Washington Nationals,St. Louis Cardinals,9.645432099099466,0.5994256501743278,0.512755205690841,13.0
824780,2026-04-07,Boston Red Sox,Milwaukee Brewers,6.791990705082567,0.3536213604454997,0.2757731921197535,5.0
823567,2026-04-07,New York Yankees,Athletics,8.443197846044418,0.4950174149571426,0.40812433230064615,8.0
822831,2026-04-07,Toronto Blue Jays,Los Angeles Dodgers,8.12485700156825,0.46712954073487345,0.3811849304466854,5.0
823727,2026-04-07,Minnesota Twins,Detroit Tigers,7.2469650523058915,0.3914580900717677,0.31015766290596297,6.0
822916,2026-04-07,Texas Rangers,Seattle Mariners,7.78149783376454,0.43723382653529164,0.3527639690199714,5.0
824375,2026-04-07,Colorado Rockies,Houston Astros,9.480330799118132,0.5853337822087894,0.4982746128133399,6.0
824051,2026-04-07,Los Angeles Angels,Atlanta Braves,8.78318249022768,0.5248248730657651,0.4373797769517605,9.0
823235,2026-04-07,San Francisco Giants,Philadelphia Phillies,7.578301720483281,0.41969822829885406,0.33631243284898604,6.0
823403,2026-04-08,Pittsburgh Pirates,San Diego Padres,7.365776051765322,0.401527135116271,0.3194351082294534,10.0
824455,2026-04-08,Cleveland Guardians,Kansas City Royals,6.627397538146964,0.34026025121148684,0.2638124761825776,12.0
824779,2026-04-08,Boston Red Sox,Milwaukee Brewers,7.0880963653455735,0.3781081564056833,0.29793950215504506,5.0
824617,2026-04-08,Chicago White Sox,Baltimore Orioles,7.108981784843805,0.3798552798555462,0.2995331700691254,8.0
822915,2026-04-08,Texas Rangers,Seattle Mariners,7.020351593829291,0.3724584194826868,0.29279702178153216,3.0
822833,2026-04-08,Toronto Blue Jays,Los Angeles Dodgers,8.450665292508859,0.4956724185895378,0.4087620532490876,7.0
824374,2026-04-08,Colorado Rockies,Houston Astros,10.803851695619253,0.6937742537661327,0.6128268691647967,10.0
823234,2026-04-08,San Francisco Giants,Philadelphia Phillies,8.527278948653679,0.5023929092624376,0.41531853645593164,5.0
822753,2026-04-08,Washington Nationals,St. Louis Cardinals,10.142347204121968,0.6409965502929025,0.5561602463746005,7.0
824050,2026-04-08,Los Angeles Angels,Atlanta Braves,8.31549897472904,0.4838199121315485,0.39725782602682674,10.0
823646,2026-04-08,New York Mets,Arizona Diamondbacks,7.542144866457355,0.4165935366026624,0.3334165099344908,9.0
823000,2026-04-08,Tampa Bay Rays,Chicago Cubs,8.94628014435146,0.5390851895491914,0.45154714481711733,8.0
823885,2026-04-08,Miami Marlins,Cincinnati Reds,8.704552783779443,0.5179374288692051,0.43057709604244065,11.0
823564,2026-04-08,New York Yankees,Athletics,7.856823433138365,0.44376772448155194,0.35893529228353793,5.0
823726,2026-04-08,Minnesota Twins,Detroit Tigers,8.493979729970201,0.49947189892560284,0.4124658265978842,14.0
823884,2026-04-09,Miami Marlins,Cincinnati Reds,9.217093487045512,0.5626441329568557,0.47519928896477126,9.0
823565,2026-04-09,New York Yankees,Athletics,7.877245339684956,0.4455418766496181,0.3606148754582094,1.0
823724,2026-04-09,Minnesota Twins,Detroit Tigers,8.113264052360943,0.4661161626652907,0.3802138079220987,4.0
823645,2026-04-09,New York Mets,Arizona Diamondbacks,7.602583411906677,0.42178605336100755,0.33826271327765345,8.0
824130,2026-04-09,Kansas City Royals,Chicago White Sox,9.324086388706972,0.5718956341315317,0.484572613315396,2.0
823319,2026-04-09,San Diego Padres,Colorado Rockies,7.034998382901164,0.3736776475391916,0.29390535712967136,10.0
824695,2026-04-10,Chicago Cubs,Pittsburgh Pirates,7.812363471042883,0.43990921008694134,0.3552881748125116,2.0
823482,2026-04-10,Philadelphia Phillies,Arizona Diamondbacks,7.72938534168199,0.43272336911980147,0.34851690979200933,9.0
824297,2026-04-10,Detroit Tigers,Miami Marlins,8.194921833780906,0.4732584413602437,0.3870698800380032,2.0
824534,2026-04-10,Cincinnati Reds,Los Angeles Angels,7.892709721989876,0.4468860720594853,0.36188852457877424,12.0
822829,2026-04-10,Toronto Blue Jays,Minnesota Twins,7.474875053054747,0.41083122340161116,0.3280550885687094,14.0
822997,2026-04-10,Tampa Bay Rays,New York Yankees,9.431318084335562,0.5811282949999608,0.4939754155217478,8.0
823643,2026-04-10,New York Mets,Athletics,8.017195054282926,0.4577275152289799,0.37219582966114406,4.0
824858,2026-04-10,Baltimore Orioles,San Francisco Giants,8.915704718651552,0.5364151190825709,0.4488859679139223,9.0
824941,2026-04-10,Atlanta Braves,Cleveland Guardians,8.213410870606323,0.47487688050288673,0.38862722892868146,16.0
823808,2026-04-10,Milwaukee Brewers,Washington Nationals,9.046239984770093,0.5478014973703159,0.4602618767616677,10.0
824128,2026-04-10,Kansas City Royals,Chicago White Sox,7.506255319869528,0.4135169342407761,0.3305517812772897,2.0
823076,2026-04-10,St. Louis Cardinals,Boston Red Sox,8.955985756319258,0.5399323922636277,0.452392348256099,5.0
823156,2026-04-10,Seattle Mariners,Houston Astros,7.472138843258566,0.41059723829637573,0.32783775052722297,15.0
823318,2026-04-10,San Diego Padres,Colorado Rockies,8.108644084479755,0.4657123768193069,0.3798270106576571,7.0
823968,2026-04-10,Los Angeles Dodgers,Texas Rangers,8.5863695884522,0.5075759299719427,0.42039168424238804,15.0
823480,2026-04-11,Philadelphia Phillies,Arizona Diamondbacks,8.56785545354264,0.5059520949573579,0.41880071290840964,7.0
824294,2026-04-11,Detroit Tigers,Miami Marlins,6.992506654672218,0.3701440814078713,0.29069533969441763,7.0
824697,2026-04-11,Chicago Cubs,Pittsburgh Pirates,7.397822799063315,0.40425458638475403,0.32195730550252616,7.0
822830,2026-04-11,Toronto Blue Jays,Minnesota Twins,7.995134719638061,0.4558037479882039,0.3703623142652925,11.0
823644,2026-04-11,New York Mets,Athletics,7.53306880897332,0.415815008221414,0.33269112600519607,17.0
824129,2026-04-11,Kansas City Royals,Chicago White Sox,8.910113048855594,0.5359266323985329,0.4483995337848145,2.0
824535,2026-04-11,Cincinnati Reds,Los Angeles Angels,7.721099686845037,0.43200701768615823,0.34784337585538316,10.0
822996,2026-04-11,Tampa Bay Rays,New York Yankees,9.273726936373784,0.5675457346287096,0.48015939473943775,9.0
823805,2026-04-11,Milwaukee Brewers,Washington Nationals,8.980126873041307,0.542038875617783,0.4544955808197069,4.0
823074,2026-04-11,St. Louis Cardinals,Boston Red Sox,9.206443577030631,0.5617212890653467,0.4742669478434568,8.0
824857,2026-04-11,Baltimore Orioles,San Francisco Giants,8.91727430941183,0.5365522282494802,0.44902252460495273,8.0
824939,2026-04-11,Atlanta Braves,Cleveland Guardians,9.039471974155148,0.5472120184203052,0.45967117513410516,6.0
823316,2026-04-11,San Diego Padres,Colorado Rockies,9.250314643073132,0.565520625917602,0.4781084682303671,14.0
823967,2026-04-11,Los Angeles Dodgers,Texas Rangers,8.833373825995647,0.5292175576078313,0.4417319322760254,9.0
823155,2026-04-11,Seattle Mariners,Houston Astros,7.402090029472754,0.4046181185304166,0.32229377522054115,15.0
823479,2026-04-12,Philadelphia Phillies,Arizona Diamondbacks,9.090300732739376,0.5516364590958601,0.46410951760530317,7.0
824859,2026-04-12,Baltimore Orioles,San Francisco Giants,8.09271638560732,0.46432056687551587,0.3784944207160757,8.0
822828,2026-04-12,Toronto Blue Jays,Minnesota Twins,8.601215740237254,0.5088779646530089,0.42166839712579757,10.0
822998,2026-04-12,Tampa Bay Rays,New York Yankees,8.962895378562912,0.5405354228487673,0.4529941974665671,9.0
823642,2026-04-12,New York Mets,Athletics,8.683511455466437,0.5160933533100586,0.4287600991794609,1.0
824293,2026-04-12,Detroit Tigers,Miami Marlins,6.9687439177639705,0.368172744178908,0.2889073735257218,10.0
824533,2026-04-12,Cincinnati Reds,Los Angeles Angels,8.412875402777622,0.49235785231173473,0.40553730807513894,15.0
823804,2026-04-12,Milwaukee Brewers,Washington Nationals,9.220718984829235,0.5629582147943106,0.47551671262549283,14.0
824126,2026-04-12,Kansas City Royals,Chicago White Sox,7.699688986980322,0.43015695703620216,0.346105144486011,11.0
823075,2026-04-12,St. Louis Cardinals,Boston Red Sox,10.027581113860094,0.6315226087483348,0.5461760991954719,12.0
824696,2026-04-12,Chicago Cubs,Pittsburgh Pirates,9.0965184277566,0.5521772552830084,0.46465276166220365,13.0
823154,2026-04-12,Seattle Mariners,Houston Astros,7.175885313633257,0.38546831359299666,0.3046640776721591,7.0
823317,2026-04-12,San Diego Padres,Colorado Rockies,8.139402574219654,0.4684013180372736,0.3824044479062469,9.0
823966,2026-04-12,Los Angeles Dodgers,Texas Rangers,9.021276470242132,0.5456267173592318,0.45808354427889814,7.0
824938,2026-04-12,Atlanta Braves,Cleveland Guardians,8.510647695656974,0.5009340205661282,0.41389318610785153,14.0
823153,2026-04-13,Seattle Mariners,Houston Astros,7.048378290175491,0.3747925241741466,0.29491951902447855,8.0
824856,2026-04-13,Baltimore Orioles,Arizona Diamondbacks,9.168289294094452,0.558412394740258,0.4709279426688163,16.0
823400,2026-04-13,Pittsburgh Pirates,Washington Nationals,9.872844025964309,0.618622399211843,0.5326694729428717,21.0
823481,2026-04-13,Philadelphia Phillies,Chicago Cubs,9.03346058790742,0.5466883524934111,0.45914658512435025,20.0
823563,2026-04-13,New York Yankees,Los Angeles Angels,9.358003072012023,0.5748203741773191,0.4875459788882817,21.0
824937,2026-04-13,Atlanta Braves,Miami Marlins,8.547313722161492,0.5041503095318668,0.4170370584965032,14.0
823725,2026-04-13,Minnesota Twins,Boston Red Sox,8.9744353010848,0.5415423498076637,0.45399960010572304,19.0
823073,2026-04-13,St. Louis Cardinals,Cleveland Guardians,8.899929593352933,0.5350368699931733,0.4475138478612129,12.0
825024,2026-04-13,Athletics,Texas Rangers,9.47013187063271,0.5844594618756611,0.4973799709399933,9.0
823964,2026-04-13,Los Angeles Dodgers,New York Mets,9.254723976425169,0.5659021560551705,0.4784946849855263,4.0
824853,2026-04-14,Baltimore Orioles,Arizona Diamondbacks,9.049403679206893,0.5480770121932123,0.4605380293421123,7.0
823398,2026-04-14,Pittsburgh Pirates,Washington Nationals,10.31687337000122,0.6552372549259338,0.5712731179959823,9.0
823478,2026-04-14,Philadelphia Phillies,Chicago Cubs,9.395796796579383,0.5780745923433197,0.4908600403446156,14.0
824292,2026-04-14,Detroit Tigers,Kansas City Royals,8.23734937541433,0.47697295133865336,0.39064625045529827,3.0
824531,2026-04-14,Cincinnati Reds,San Francisco Giants,9.310656012447847,0.5707363895348645,0.4833954436507085,3.0
823562,2026-04-14,New York Yankees,Los Angeles Angels,9.118755336013212,0.5541105533615966,0.4665961469698275,8.0
824935,2026-04-14,Atlanta Braves,Miami Marlins,9.601056815340762,0.595649974173983,0.5088640271248733,11.0
823723,2026-04-14,Minnesota Twins,Boston Red Sox,8.950226367067692,0.5394296768891433,0.45189077137068345,6.0
823802,2026-04-14,Milwaukee Brewers,Toronto Blue Jays,9.053190611677845,0.5484067721310432,0.460868608144386,16.0
824616,2026-04-14,Chicago White Sox,Tampa Bay Rays,8.893712948411434,0.5344936146173617,0.4469732957815521,13.0
823072,2026-04-14,St. Louis Cardinals,Cleveland Guardians,9.89494161556455,0.6204731118449817,0.5346009895648483,11.0
824210,2026-04-14,Houston Astros,Colorado Rockies,9.101781341413568,0.5526349317571935,0.4651126373853642,13.0
823315,2026-04-14,San Diego Padres,Seattle Mariners,7.699668398909212,0.43015517878838927,0.34610347459222257,5.0
825022,2026-04-14,Athletics,Texas Rangers,9.098748045303148,0.5523711570618525,0.4648475809011355,3.0
823965,2026-04-14,Los Angeles Dodgers,New York Mets,8.484061708438519,0.4986018876089052,0.411617045609826,3.0
824855,2026-04-15,Baltimore Orioles,Arizona Diamondbacks,9.103530799739397,0.5527870536524878,0.46526551617776335,13.0
823071,2026-04-15,St. Louis Cardinals,Cleveland Guardians,9.251444714088722,0.5656184143641271,0.4782074500380283,8.0
823722,2026-04-15,Minnesota Twins,Boston Red Sox,8.123831700897425,0.46703990712307264,0.38109901240700267,14.0
823399,2026-04-15,Pittsburgh Pirates,Washington Nationals,10.071678439298424,0.6351726755389105,0.5500161784644951,2.0
823477,2026-04-15,Philadelphia Phillies,Chicago Cubs,9.115314076502177,0.5538114499118694,0.46629534626295027,13.0
824291,2026-04-15,Detroit Tigers,Kansas City Royals,8.071451321502302,0.4624630452991788,0.37671753292986976,3.0
824532,2026-04-15,Cincinnati Reds,San Francisco Giants,9.014272099082351,0.5450162594713174,0.45747256156339394,11.0
823561,2026-04-15,New York Yankees,Los Angeles Angels,9.829697623297436,0.615001017154462,0.5288959349274425,9.0
824936,2026-04-15,Atlanta Braves,Miami Marlins,9.752085982349266,0.6084617642651212,0.5221017956982843,9.0
823803,2026-04-15,Milwaukee Brewers,Toronto Blue Jays,9.293337182804846,0.5692406129603225,0.48187766696032025,3.0
824615,2026-04-15,Chicago White Sox,Tampa Bay Rays,7.978479735903993,0.4543520370009305,0.36898000340161524,11.0
824209,2026-04-15,Houston Astros,Colorado Rockies,8.145056684035575,0.4688957671306587,0.3828788106749346,4.0
823314,2026-04-15,San Diego Padres,Seattle Mariners,7.783386420396454,0.4373974450451993,0.3529182338129913,13.0
825021,2026-04-15,Athletics,Texas Rangers,9.128469870977884,0.5549547434788544,0.4674453974720217,11.0
823963,2026-04-15,Los Angeles Dodgers,New York Mets,8.503700294786068,0.5003245917537823,0.41329810673790723,10.0
823396,2026-04-16,Pittsburgh Pirates,Washington Nationals,9.494132316342487,0.5865162669539558,0.4994852838703727,15.0
824530,2026-04-16,Cincinnati Reds,San Francisco Giants,8.137035903284577,0.46819436826640337,0.3822059436832965,3.0
824289,2026-04-16,Detroit Tigers,Kansas City Royals,7.93698638182265,0.450738012625862,0.36554358307435736,19.0
823560,2026-04-16,New York Yankees,Los Angeles Angels,9.42777655382114,0.5808240519446326,0.49366478789939877,15.0
823801,2026-04-16,Milwaukee Brewers,Toronto Blue Jays,9.389699323504006,0.5775499255338509,0.4903253155790661,3.0
824614,2026-04-16,Chicago White Sox,Tampa Bay Rays,9.181281843659432,0.5595396311321099,0.47206474524789394,8.0
825023,2026-04-16,Athletics,Texas Rangers,8.320178976337786,0.4842301151146883,0.3976547206106744,15.0
824453,2026-04-16,Cleveland Guardians,Baltimore Orioles,7.521934792788266,0.41486040311646954,0.33180211925614017,6.0
824208,2026-04-16,Houston Astros,Colorado Rockies,9.439995746591157,0.581873563449833,0.4947365482881965,5.0
823313,2026-04-16,San Diego Padres,Seattle Mariners,8.997116128245326,0.5435206043969115,0.45597649467686296,7.0
824693,2026-04-17,Chicago Cubs,New York Mets,8.944793129350264,0.5389553722627275,0.45141766891813356,16.0
824454,2026-04-17,Cleveland Guardians,Baltimore Orioles,8.374502953167175,0.48899273051982606,0.40226939963301794,10.0
823476,2026-04-17,Philadelphia Phillies,Atlanta Braves,10.35816389626157,0.6585753729977463,0.5748342328759872,9.0
822752,2026-04-17,Washington Nationals,San Francisco Giants,11.086185896391187,0.7152057506027374,0.636370846347379,15.0
823397,2026-04-17,Pittsburgh Pirates,Tampa Bay Rays,9.665716433045079,0.6011484789947289,0.5145335157883779,6.0
823559,2026-04-17,New York Yankees,Kansas City Royals,8.61873233391804,0.5104140792630286,0.42317581645057667,6.0
823883,2026-04-17,Miami Marlins,Milwaukee Brewers,8.880262738945396,0.5333180193950456,0.4458041064421493,12.0
824778,2026-04-17,Boston Red Sox,Detroit Tigers,7.594262499866924,0.4210703413873481,0.33759389405816215,1.0
823720,2026-04-17,Minnesota Twins,Cincinnati Reds,8.9159196630827,0.5364338954760126,0.448904668036248,3.0
824207,2026-04-17,Houston Astros,St. Louis Cardinals,9.220726317860972,0.5629588500247504,0.4755173546711523,13.0
824373,2026-04-17,Colorado Rockies,Los Angeles Dodgers,9.500451570643465,0.5870574261780511,0.5000396120124272,8.0
824048,2026-04-17,Los Angeles Angels,San Diego Padres,9.052751431253505,0.548368530719701,0.4608302686687766,8.0
823152,2026-04-17,Seattle Mariners,Texas Rangers,7.011255093212495,0.3717018505828641,0.2921096599301743,5.0
825019,2026-04-17,Athletics,Chicago White Sox,8.606095680340763,0.5093059243522434,0.42208823407190277,11.0
825101,2026-04-17,Arizona Diamondbacks,Toronto Blue Jays,8.580027662647487,0.507019706058988,0.4198465569944351,9.0
823558,2026-04-18,New York Yankees,Kansas City Royals,8.143334226020455,0.46874513391653616,0.3827342829958875,17.0
823721,2026-04-18,Minnesota Twins,Cincinnati Reds,7.977629475492175,0.45427794129698773,0.3689094797519599,9.0
824694,2026-04-18,Chicago Cubs,New York Mets,8.028672696419571,0.4587288155267959,0.3731509288085416,6.0
823394,2026-04-18,Pittsburgh Pirates,Tampa Bay Rays,10.21315537947731,0.6467992285135465,0.5623029245771003,15.0
822751,2026-04-18,Washington Nationals,San Francisco Giants,11.036772441250662,0.7115069494295154,0.6322843946452509,13.0
825020,2026-04-18,Athletics,Chicago White Sox,9.341757862996644,0.5734200032336041,0.4861217175632135,13.0
823882,2026-04-18,Miami Marlins,Milwaukee Brewers,8.704390400121069,0.517923198879343,0.43056306792971183,7.0
824775,2026-04-18,Boston Red Sox,Detroit Tigers,7.552178460226866,0.4174545815715329,0.33421914835188316,5.0
824451,2026-04-18,Cleveland Guardians,Baltimore Orioles,7.623392072716275,0.42357700835717005,0.33993750575171056,6.0
824206,2026-04-18,Houston Astros,St. Louis Cardinals,9.88473051128511,0.6196182537443747,0.5337085510323287,12.0
823151,2026-04-18,Seattle Mariners,Texas Rangers,8.338938568519422,0.48587455992220885,0.3992467158490907,10.0
823474,2026-04-18,Philadelphia Phillies,Atlanta Braves,8.751434513029912,0.522044735965857,0.43463074172768973,4.0
824372,2026-04-18,Colorado Rockies,Los Angeles Dodgers,10.427838863131761,0.664180078045432,0.5808294051827871,7.0
825098,2026-04-18,Arizona Diamondbacks,Toronto Blue Jays,9.820667319207287,0.6142417989485942,0.5281058144139872,8.0
824049,2026-04-18,Los Angeles Angels,San Diego Padres,8.935022021946118,0.5381022461967083,0.45056701790401543,5.0
822750,2026-04-19,Washington Nationals,San Francisco Giants,9.888942591385666,0.6199709537369379,0.5340767026871212,3.0
823393,2026-04-19,Pittsburgh Pirates,Tampa Bay Rays,8.946015886492503,0.5390621199862087,0.4515241352412678,9.0
823556,2026-04-19,New York Yankees,Kansas City Royals,7.33402883849592,0.398829898356538,0.31694469527514807,7.0
823881,2026-04-19,Miami Marlins,Milwaukee Brewers,8.282317747777892,0.4809120879733156,0.3944469152034011,8.0
824452,2026-04-19,Cleveland Guardians,Baltimore Orioles,6.964894300185762,0.36785370793725375,0.28861820674146854,12.0
823718,2026-04-19,Minnesota Twins,Cincinnati Reds,9.083757045970962,0.5510672055026336,0.46353786371254113,11.0
824205,2026-04-19,Houston Astros,St. Louis Cardinals,9.676337573499936,0.602049791338877,0.5154645489925483,12.0
824691,2026-04-19,Chicago Cubs,New York Mets,8.159685001586025,0.47017522700546155,0.38410689625921784,3.0
824371,2026-04-19,Colorado Rockies,Los Angeles Dodgers,10.39565451788578,0.661595589250764,0.578062351320969,15.0
825018,2026-04-19,Athletics,Chicago White Sox,9.18918523792298,0.560225095961273,0.47275637649765995,11.0
824047,2026-04-19,Los Angeles Angels,San Diego Padres,9.346290243425436,0.5738107977833022,0.4865190665646829,3.0
823150,2026-04-19,Seattle Mariners,Texas Rangers,7.515763192107361,0.41433148028036343,0.33130974886809295,7.0
825100,2026-04-19,Arizona Diamondbacks,Toronto Blue Jays,8.96035880102057,0.5403140562613026,0.45277324119304374,14.0
824777,2026-04-19,Boston Red Sox,Detroit Tigers,7.252720971474435,0.39194428171106466,0.3106044068296442,8.0
823475,2026-04-19,Philadelphia Phillies,Atlanta Braves,8.23973913995711,0.47718223659348924,0.3908479709392371,6.0
824776,2026-04-20,Boston Red Sox,Detroit Tigers,7.435512549955144,0.4074682610042188,0.3249341500009899,14.0
824450,2026-04-20,Cleveland Guardians,Houston Astros,7.080029267604244,0.3774339858072705,0.297324976497364,11.0
822994,2026-04-20,Tampa Bay Rays,Cincinnati Reds,8.520498976021884,0.5017981747850837,0.41473733592948514,7.0
823879,2026-04-20,Miami Marlins,St. Louis Cardinals,8.993243689739003,0.5431829196820065,0.4556388886481072,8.0
822749,2026-04-20,Washington Nationals,Atlanta Braves,9.257792982043595,0.5661676743060374,0.4787635133892805,13.0
824125,2026-04-20,Kansas City Royals,Baltimore Orioles,8.33130355137224,0.4852052523107874,0.39859858155172345,12.0
824692,2026-04-20,Chicago Cubs,Philadelphia Phillies,8.165001674352062,0.47064032464129874,0.3845535340622093,6.0
824370,2026-04-20,Colorado Rockies,Los Angeles Dodgers,10.539623021391195,0.6730958335473102,0.5904082061794976,15.0
824046,2026-04-20,Los Angeles Angels,Toronto Blue Jays,7.703965750559998,0.4305263834215076,0.346452096645788,7.0
823149,2026-04-20,Seattle Mariners,Athletics,8.564946520921614,0.505696949070697,0.41855086017951093,10.0
824448,2026-04-21,Cleveland Guardians,Houston Astros,8.318072603054587,0.4840454890258964,0.39747607331499835,13.0
822995,2026-04-21,Tampa Bay Rays,Cincinnati Reds,8.479087209890366,0.4981655256034285,0.41119148510554915,18.0
823880,2026-04-21,Miami Marlins,St. Louis Cardinals,9.055242530931096,0.5485854359952038,0.46104774095188966,8.0
824290,2026-04-21,Detroit Tigers,Milwaukee Brewers,8.897331833059706,0.534809866803381,0.4472879545023065,16.0
822747,2026-04-21,Washington Nationals,Atlanta Braves,10.46119613942848,0.6668505852474902,0.583693087278088,15.0
824773,2026-04-21,Boston Red Sox,New York Yankees,8.016597123031058,0.4576753594821931,0.3721460949624482,4.0
823640,2026-04-21,New York Mets,Minnesota Twins,7.76968167074353,0.43621037297049603,0.3517993436888322,8.0
824127,2026-04-21,Kansas City Royals,Baltimore Orioles,8.469494846653555,0.49732409209509515,0.41037116896239173,11.0
824690,2026-04-21,Chicago Cubs,Philadelphia Phillies,8.426931239733836,0.4935906459661564,0.4067360062606073,11.0
822914,2026-04-21,Texas Rangers,Pittsburgh Pirates,8.575110942714582,0.506588471571997,0.41942404064584554,6.0
824369,2026-04-21,Colorado Rockies,San Diego Padres,12.209745175182242,0.7926666862394021,0.7243543287168603,1.0
824045,2026-04-21,Los Angeles Angels,Toronto Blue Jays,8.846716916493062,0.5303847528447218,0.4428901357664591,6.0
823148,2026-04-21,Seattle Mariners,Athletics,8.03564262218994,0.45933699448944765,0.37373130444721914,7.0
825099,2026-04-21,Arizona Diamondbacks,Chicago White Sox,9.632512680000335,0.5983273412835708,0.5116224368818405,16.0
823236,2026-04-21,San Francisco Giants,Los Angeles Dodgers,8.221653176075044,0.47559850651443764,0.38932206499054767,4.0
823878,2026-04-22,Miami Marlins,St. Louis Cardinals,9.202180384011479,0.5613517773282113,0.47389376792240495,5.0
822993,2026-04-22,Tampa Bay Rays,Cincinnati Reds,9.717282013892648,0.6055192114572181,0.5190528430325128,7.0
824449,2026-04-22,Cleveland Guardians,Houston Astros,8.377997916023292,0.4892991970020969,0.40256676188192253,2.0
824123,2026-04-22,Kansas City Royals,Baltimore Orioles,8.293492425653238,0.4818912709016527,0.3953929599143081,14.0
824044,2026-04-22,Los Angeles Angels,Toronto Blue Jays,7.974950734948518,0.45404451362207715,0.3686873242642697,10.0
823147,2026-04-22,Seattle Mariners,Athletics,7.61004453989294,0.422428032007406,0.33886285902662133,9.0
824286,2026-04-22,Detroit Tigers,Milwaukee Brewers,8.165183240177836,0.47065620856332663,0.3845687895751847,7.0
822748,2026-04-22,Washington Nationals,Atlanta Braves,10.666402163339205,0.6830890580431934,0.6012066865668172,14.0
824774,2026-04-22,Boston Red Sox,New York Yankees,7.930377983468865,0.45016279752971794,0.36499727159995493,5.0
823641,2026-04-22,New York Mets,Minnesota Twins,7.6486145040859475,0.42574996180260083,0.341971782523009,5.0
824688,2026-04-22,Chicago Cubs,Philadelphia Phillies,7.843878189405732,0.4426436880961604,0.3578720293294253,9.0
822913,2026-04-22,Texas Rangers,Pittsburgh Pirates,7.733722727809987,0.43309845410757924,0.3488696829651504,12.0
824367,2026-04-22,Colorado Rockies,San Diego Padres,11.341183487624914,0.7339249446119788,0.6572040810731657,11.0
825097,2026-04-22,Arizona Diamondbacks,Chicago White Sox,9.363054738331481,0.5752556468776686,0.4879889053399668,18.0
823231,2026-04-22,San Francisco Giants,Los Angeles Dodgers,8.445041159542434,0.49517909917246133,0.4082817289741367,3.0
822745,2026-04-23,Washington Nationals,Atlanta Braves,10.667301237787953,0.6831594629223838,0.6012830002466595,9.0
824288,2026-04-23,Detroit Tigers,Milwaukee Brewers,8.198034460662784,0.4735308752062621,0.38733193304698066,9.0
824689,2026-04-23,Chicago Cubs,Philadelphia Phillies,8.208377213617618,0.4744362167840959,0.38820306075180633,15.0
824368,2026-04-23,Colorado Rockies,San Diego Padres,10.580565518788319,0.6763371236275784,0.5939034355658752,18.0
825096,2026-04-23,Arizona Diamondbacks,Chicago White Sox,9.01750502310634,0.5452980345336799,0.4577545531647961,5.0
823233,2026-04-23,San Francisco Giants,Los Angeles Dodgers,7.916530737982802,0.44895783204970213,0.36385341941084093,3.0
824770,2026-04-23,Boston Red Sox,New York Yankees,7.353840785272749,0.400512559361579,0.3184978815219768,6.0
823639,2026-04-23,New York Mets,Minnesota Twins,7.825919866995161,0.4410851318295149,0.3563988406734221,18.0
822912,2026-04-23,Texas Rangers,Pittsburgh Pirates,8.163328935138562,0.47049399060762903,0.38441299568142906,7.0
824529,2026-04-24,Cincinnati Reds,Detroit Tigers,8.818483077545912,0.52791468405666,0.44043997779629,17.0
824854,2026-04-24,Baltimore Orioles,Boston Red Sox,8.350546424986701,0.48689221369620755,0.40023263503303247,13.0
822827,2026-04-24,Toronto Blue Jays,Cleveland Guardians,8.801735861643063,0.5264490216745896,0.4389877099281592,14.0
822992,2026-04-24,Tampa Bay Rays,Minnesota Twins,9.150902424210745,0.5569031672551099,0.46940702464007095,8.0
823638,2026-04-24,New York Mets,Colorado Rockies,8.46187410787161,0.49665561601996394,0.40971974068503214,7.0
824932,2026-04-24,Atlanta Braves,Philadelphia Phillies,9.705289988516501,0.6045039222880663,0.5180020312394857,8.0
823800,2026-04-24,Milwaukee Brewers,Pittsburgh Pirates,9.045144823854754,0.5477061183562242,0.46016628680758653,6.0
824124,2026-04-24,Kansas City Royals,Los Angeles Angels,8.888543785337541,0.5340418467822453,0.44652389970112166,9.0
824611,2026-04-24,Chicago White Sox,Washington Nationals,9.606581603364656,0.5961205449759652,0.5093485381229728,9.0
822909,2026-04-24,Texas Rangers,Athletics,8.332581851020445,0.4853173088889345,0.39870707658454224,9.0
824204,2026-04-24,Houston Astros,New York Yankees,9.439263358702497,0.5818106746949857,0.4946723085005861,16.0
823069,2026-04-24,St. Louis Cardinals,Seattle Mariners,8.970576323595385,0.5412056603833488,0.4536633579454675,5.0
823232,2026-04-24,San Francisco Giants,Miami Marlins,8.256694831096507,0.47866732014980473,0.3922800446756297,13.0
823962,2026-04-24,Los Angeles Dodgers,Chicago Cubs,8.978175941754735,0.5418686860969595,0.45432556276289016,10.0
824851,2026-04-25,Baltimore Orioles,Boston Red Sox,7.164288909625199,0.3844936479155758,0.30377193936874725,18.0
823070,2026-04-25,St. Louis Cardinals,Seattle Mariners,8.355221531049652,0.48730210190982265,0.4006298975995417,20.0
822826,2026-04-25,Toronto Blue Jays,Cleveland Guardians,8.022921563882994,0.45822705820007265,0.37267225689267786,8.0
823229,2026-04-25,San Francisco Giants,Miami Marlins,6.923144555545585,0.3643996034164492,0.2854909364052605,8.0
822989,2026-04-25,Tampa Bay Rays,Minnesota Twins,9.00145764134662,0.5438991560144086,0.456355033242886,7.0
824613,2026-04-25,Chicago White Sox,Washington Nationals,8.002565784946606,0.45645165916345776,0.37097961086097264,9.0
825093,2026-04-25,Arizona Diamondbacks,San Diego Padres,9.936780140707294,0.6239695817391212,0.5382557625169799,10.0
822910,2026-04-25,Texas Rangers,Athletics,7.644841819854731,0.42542479379172804,0.34166720871319645,7.0
823799,2026-04-25,Milwaukee Brewers,Pittsburgh Pirates,9.027420607315827,0.5461621138691162,0.4586195714357446,9.0
824121,2026-04-25,Kansas City Royals,Los Angeles Angels,8.072228461079357,0.462530914946896,0.37678242424827535,13.0
824203,2026-04-25,Houston Astros,New York Yankees,9.69633827589752,0.6037455742162565,0.517217547595815,11.0
823960,2026-04-25,Los Angeles Dodgers,Chicago Cubs,9.025606345779366,0.5460040288639886,0.4584612836539322,16.0
824527,2026-04-25,Cincinnati Reds,Detroit Tigers,9.161571415366366,0.5578293639363073,0.4703402441211226,11.0
824933,2026-04-25,Atlanta Braves,Philadelphia Phillies,8.864335431551398,0.5319255419950365,0.4444201998941318,13.0
824852,2026-04-26,Baltimore Orioles,Boston Red Sox,7.931681446055677,0.4502762466290264,0.3651050062487951,8.0
824934,2026-04-26,Atlanta Braves,Philadelphia Phillies,9.511412837425057,0.5879957185768359,0.5010011390038179,8.0
822824,2026-04-26,Toronto Blue Jays,Cleveland Guardians,8.555205205276808,0.5048425104930183,0.4177144032832819,6.0
822991,2026-04-26,Tampa Bay Rays,Minnesota Twins,8.955953666158864,0.5399295914105927,0.45238955335916375,6.0
823635,2026-04-26,New York Mets,Colorado Rockies,8.063543221644105,0.46177247257643983,0.3760574032736573,4.0
824528,2026-04-26,Cincinnati Reds,Detroit Tigers,8.104850803359927,0.46538086988206917,0.37950951587379,11.0
823637,2026-04-26,New York Mets,Colorado Rockies,6.892071992189342,0.36183597068056095,0.28317396280676166,3.0
823797,2026-04-26,Milwaukee Brewers,Pittsburgh Pirates,8.686411182633858,0.516347508608541,0.42901041261374995,5.0
824202,2026-04-26,Houston Astros,New York Yankees,9.703222618658932,0.6043288192094837,0.517820863289846,11.0
824612,2026-04-26,Chicago White Sox,Washington Nationals,7.1512993225856505,0.38340275332849494,0.3027740068291796,3.0
823068,2026-04-26,St. Louis Cardinals,Seattle Mariners,9.21730325620918,0.5626623066247224,0.4752176544834911,5.0
822911,2026-04-26,Texas Rangers,Athletics,8.639976422387496,0.5122768664537348,0.4250055196330276,3.0
823230,2026-04-26,San Francisco Giants,Miami Marlins,7.418366362543633,0.4060054787658124,0.32357849414461687,9.0
825094,2026-04-26,Arizona Diamondbacks,San Diego Padres,9.887137451017818,0.6198198118783133,0.5339189301767406,19.0
823959,2026-04-26,Los Angeles Dodgers,Chicago Cubs,8.714535218369239,0.5188121640777426,0.4314396331221121,6.0
824122,2026-04-26,Kansas City Royals,Los Angeles Angels,8.919050320846093,0.5367073637378057,0.4491770474779487,20.0
824446,2026-04-27,Cleveland Guardians,Tampa Bay Rays,8.709118080817131,0.5183374851409728,0.4309715218968378,5.0
823395,2026-04-27,Pittsburgh Pirates,St. Louis Cardinals,8.972129701505825,0.541341193613565,0.4537987035871443,6.0
822825,2026-04-27,Toronto Blue Jays,Boston Red Sox,8.060130476342225,0.4614744909710398,0.375772635774667,5.0
823719,2026-04-27,Minnesota Twins,Seattle Mariners,8.471873018506077,0.49753270223449964,0.4105745081691188,15.0
824609,2026-04-27,Chicago White Sox,Los Angeles Angels,8.003211939570143,0.4565080025857908,0.3710333024713195,15.0
822906,2026-04-27,Texas Rangers,New York Yankees,8.733789176406425,0.5204990796867455,0.43310420086548895,6.0
823311,2026-04-27,San Diego Padres,Chicago Cubs,7.718813295399587,0.4318093827802827,0.34765760139866025,16.0
823961,2026-04-27,Los Angeles Dodgers,Miami Marlins,7.879001396191627,0.44569448542682505,0.36075942707791975,9.0
824447,2026-04-28,Cleveland Guardians,Tampa Bay Rays,8.319051780473787,0.48413131465208076,0.39755911736537985,1.0
824849,2026-04-28,Baltimore Orioles,Houston Astros,8.381337044513405,0.48959200457671226,0.40285091793098915,8.0
823390,2026-04-28,Pittsburgh Pirates,St. Louis Cardinals,9.363633861828905,0.5753055407287978,0.4880396834264926,18.0
823473,2026-04-28,Philadelphia Phillies,San Francisco Giants,8.518125232506787,0.5015899506449357,0.41453389522237427,7.0
824526,2026-04-28,Cincinnati Reds,Colorado Rockies,9.147792158025245,0.5566330999882432,0.4691350002396476,9.0
822823,2026-04-28,Toronto Blue Jays,Boston Red Sox,7.843152020035916,0.44258064834777505,0.3578124176667461,3.0
823636,2026-04-28,New York Mets,Washington Nationals,8.819457073933581,0.527999913645142,0.4405244646669525,8.0
824931,2026-04-28,Atlanta Braves,Detroit Tigers,8.709840437274572,0.5184007834437117,0.4310339373129034,7.0
823716,2026-04-28,Minnesota Twins,Seattle Mariners,9.021044781522086,0.5456065265114466,0.458063332763633,8.0
823798,2026-04-28,Milwaukee Brewers,Arizona Diamondbacks,9.474779675826133,0.5848579549453875,0.49778767134169166,15.0
824610,2026-04-28,Chicago White Sox,Los Angeles Angels,8.028060184968664,0.458675373846987,0.3730999395998811,7.0
822908,2026-04-28,Texas Rangers,New York Yankees,8.059024091673702,0.4613778923573273,0.37568033094752196,5.0
823310,2026-04-28,San Diego Padres,Chicago Cubs,8.788608743581232,0.5252999272209646,0.4378499388976995,11.0
825017,2026-04-28,Athletics,Kansas City Royals,8.820540944014907,0.5280947562276535,0.4406184854381116,5.0
823956,2026-04-28,Los Angeles Dodgers,Miami Marlins,8.305153037761386,0.48291315028806053,0.39638080128280206,3.0
824445,2026-04-29,Cleveland Guardians,Tampa Bay Rays,6.898475696888352,0.36236380390019385,0.28365072613266623,4.0
824608,2026-04-29,Chicago White Sox,Los Angeles Angels,8.042461395835197,0.4599320763935023,0.3742993710907945,5.0
823717,2026-04-29,Minnesota Twins,Seattle Mariners,8.161032908369922,0.47029313682444923,0.3842201153467408,8.0
822907,2026-04-29,Texas Rangers,New York Yankees,8.452642747777846,0.49584587219532206,0.4089309687340351,3.0
822821,2026-04-29,Toronto Blue Jays,Boston Red Sox,8.550637834538438,0.5044418854902414,0.4173223450831381,9.0
823958,2026-04-29,Los Angeles Dodgers,Miami Marlins,8.402045844379476,0.49140807466230957,0.4046143539095679,5.0
823312,2026-04-29,San Diego Padres,Chicago Cubs,9.537225007553511,0.5902032637623857,0.5032653606267796,9.0
823392,2026-04-29,Pittsburgh Pirates,St. Louis Cardinals,8.95828863707485,0.5401333842246098,0.45259292412293695,9.0
824525,2026-04-29,Cincinnati Reds,Colorado Rockies,8.405554407376751,0.49171577878500017,0.4049133149784381,15.0
823633,2026-04-29,New York Mets,Washington Nationals,7.727253450194713,0.43253903131903426,0.34834356438054304,16.0
824930,2026-04-29,Atlanta Braves,Detroit Tigers,9.488182610954961,0.5860066043576618,0.49896337363271526,7.0
823796,2026-04-29,Milwaukee Brewers,Arizona Diamondbacks,9.240895991471444,0.5647054462565672,0.47728355091575625,8.0
825015,2026-04-29,Athletics,Kansas City Royals,8.996055515317394,0.5434281198522365,0.45588402539736284,7.0
824929,2026-04-30,Atlanta Braves,Detroit Tigers,8.964545013329493,0.5406793793877404,0.45313790171685686,7.0
823391,2026-04-30,Pittsburgh Pirates,St. Louis Cardinals,8.248631896869206,0.47796108065130205,0.39159886788475806,15.0
823472,2026-04-30,Philadelphia Phillies,San Francisco Giants,8.007418141202404,0.45687479648366064,0.37138287416118776,5.0
824848,2026-04-30,Baltimore Orioles,Houston Astros,9.140297728296568,0.5559822439431473,0.46847959558867225,13.0
824524,2026-04-30,Cincinnati Reds,Colorado Rockies,8.788911831538158,0.5253264607170339,0.4378762027834778,10.0
824850,2026-04-30,Baltimore Orioles,Houston Astros,8.87365510573629,0.5327403820707424,0.44522989518952655,16.0
823634,2026-04-30,New York Mets,Washington Nationals,8.497726232916264,0.4998005439731817,0.41278655785763807,9.0
823795,2026-04-30,Milwaukee Brewers,Arizona Diamondbacks,8.395602121014859,0.4908429677928653,0.40406543597025885,14.0
825016,2026-04-30,Athletics,Kansas City Royals,8.24780170704018,0.47788836748608965,0.39152875020791084,9.0
823471,2026-04-30,Philadelphia Phillies,San Francisco Giants,8.227435314525797,0.4761047891868977,0.38980971750879934,11.0
823714,2026-04-30,Minnesota Twins,Toronto Blue Jays,8.512718083690947,0.5011156354840652,0.4140705634340439,8.0
824686,2026-05-01,Chicago Cubs,Arizona Diamondbacks,8.159732345038766,0.47017936838850366,0.38411087276322303,11.0
824287,2026-05-01,Detroit Tigers,Texas Rangers,7.957840826091879,0.4525539198186224,0.367269389396019,9.0
822744,2026-05-01,Washington Nationals,Milwaukee Brewers,9.438960595755939,0.581784676405531,0.49464575235705405,7.0
823389,2026-05-01,Pittsburgh Pirates,Cincinnati Reds,9.263943096860741,0.5666996679872208,0.4793022593626017,10.0
823557,2026-05-01,New York Yankees,Baltimore Orioles,8.89025080116703,0.5341910392261127,0.4466722964727791,9.0
822990,2026-05-01,Tampa Bay Rays,San Francisco Giants,7.925381549067314,0.44972796210686655,0.3645844017922667,3.0
823877,2026-05-01,Miami Marlins,Philadelphia Phillies,8.70968225651569,0.5183869224961904,0.43102026951189776,11.0
824772,2026-05-01,Boston Red Sox,Houston Astros,8.0210030007852,0.4580596880055811,0.3725126168551235,4.0
823713,2026-05-01,Minnesota Twins,Toronto Blue Jays,9.229645147979321,0.5637313310312195,0.47629829191432815,10.0
823066,2026-05-01,St. Louis Cardinals,Los Angeles Dodgers,8.693156334996964,0.5169386818786947,0.42959278535611845,9.0
824366,2026-05-01,Colorado Rockies,Atlanta Braves,10.311159411398855,0.6547743513002425,0.5707798515492863,14.0
824041,2026-05-01,Los Angeles Angels,New York Mets,9.062026929098867,0.5491760940471746,0.46164007583370403,7.0
823309,2026-05-01,San Diego Padres,Chicago White Sox,8.723463287459923,0.5195944313364038,0.43221134441529513,10.0
825012,2026-05-01,Athletics,Cleveland Guardians,9.438080022483275,0.581709059445491,0.4945685150678671,13.0
823146,2026-05-01,Seattle Mariners,Kansas City Royals,8.466004391182734,0.49701791522563865,0.41007277057136937,13.0
823554,2026-05-02,New York Yankees,Baltimore Orioles,8.52864499565995,0.5025127373533268,0.41543566076568916,13.0
823715,2026-05-02,Minnesota Twins,Toronto Blue Jays,8.8272569123152,0.5286823922064003,0.44120113940157746,15.0
824685,2026-05-02,Chicago Cubs,Arizona Diamondbacks,7.755686063148387,0.4349987002749629,0.35065803044718497,2.0
822746,2026-05-02,Washington Nationals,Milwaukee Brewers,8.500166378503918,0.5000145948091834,0.41299548558385923,5.0
823388,2026-05-02,Pittsburgh Pirates,Cincinnati Reds,8.607329715532803,0.5094141447672352,0.42219441613610603,24.0
825014,2026-05-02,Athletics,Cleveland Guardians,9.122242975513895,0.5544136565974912,0.4669010212219434,20.0
823876,2026-05-02,Miami Marlins,Philadelphia Phillies,8.777126338546458,0.5242946313277098,0.4368551414038486,4.0
824771,2026-05-02,Boston Red Sox,Houston Astros,7.766013582285025,0.4358927490631819,0.3515000888886962,9.0
822988,2026-05-02,Tampa Bay Rays,San Francisco Giants,8.685682663525364,0.5162836559834759,0.4289475218973628,6.0
823067,2026-05-02,St. Louis Cardinals,Los Angeles Dodgers,8.823638262899003,0.5283657741195561,0.4408871821166534,5.0
824284,2026-05-02,Detroit Tigers,Texas Rangers,8.500673375398934,0.5000590688411728,0.4130388982636151,6.0
824365,2026-05-02,Colorado Rockies,Atlanta Braves,10.410334944205939,0.6627754201034619,0.5793249898497618,10.0
823308,2026-05-02,San Diego Padres,Chicago White Sox,8.78703769279076,0.525162389541581,0.4377138049242828,4.0
824042,2026-05-02,Los Angeles Angels,New York Mets,7.776667571506363,0.43681540359996074,0.35236953048947894,7.0
823144,2026-05-02,Seattle Mariners,Kansas City Royals,8.838557066683924,0.5296709952173011,0.4421817879801979,5.0
823711,2026-05-03,Minnesota Twins,Toronto Blue Jays,9.31143573749509,0.5708037083832131,0.48346378252937955,7.0
822742,2026-05-03,Washington Nationals,Milwaukee Brewers,9.51692721215525,0.5884675632845351,0.5014848604551838,5.0
823387,2026-05-03,Pittsburgh Pirates,Cincinnati Reds,8.833656929814666,0.5292423249346455,0.441756501044178,1.0
823555,2026-05-03,New York Yankees,Baltimore Orioles,8.302284545470473,0.4826617588922916,0.39613773188858536,14.0
824769,2026-05-03,Boston Red Sox,Houston Astros,6.81563169744604,0.3555558262689677,0.2775127816964431,4.0
822987,2026-05-03,Tampa Bay Rays,San Francisco Giants,8.215781046078645,0.4750843845266274,0.3888270011227676,3.0
823875,2026-05-03,Miami Marlins,Philadelphia Phillies,8.460685780946243,0.4965513791401773,0.4096181837338712,9.0
823065,2026-05-03,St. Louis Cardinals,Los Angeles Dodgers,9.697557042232914,0.6038488456726223,0.5173243582134527,5.0
824687,2026-05-03,Chicago Cubs,Arizona Diamondbacks,9.263016625699567,0.5666195346207664,0.4792210986607939,12.0
824364,2026-05-03,Colorado Rockies,Atlanta Braves,10.355356235102617,0.658348777681328,0.5745922751845369,17.0
825013,2026-05-03,Athletics,Cleveland Guardians,9.042398136841348,0.5474668936483046,0.45992655529668475,8.0
824043,2026-05-03,Los Angeles Angels,New York Mets,8.579706460919951,0.5069915344202736,0.41981895182678225,6.0
823145,2026-05-03,Seattle Mariners,Kansas City Royals,8.861815782161747,0.5317052202661774,0.4442013318950536,5.0
823307,2026-05-03,San Diego Padres,Chicago White Sox,8.256781503730902,0.4786749122499423,0.3922873687934696,7.0
824285,2026-05-03,Detroit Tigers,Texas Rangers,8.473642737332469,0.49768794010741363,0.4107258388347938,8.0
824363,2026-05-04,Colorado Rockies,New York Mets,10.376097433780458,0.6600213671027435,0.5763790346000864,6.0
824283,2026-05-04,Detroit Tigers,Boston Red Sox,7.607507701140513,0.42220973130332773,0.3386587590378401,9.0
822984,2026-05-04,Tampa Bay Rays,Toronto Blue Jays,8.36381117573513,0.4880552305134031,0.40136006194435814,6.0
823874,2026-05-04,Miami Marlins,Philadelphia Phillies,9.068247986657003,0.5497176113101993,0.4621833011812805,1.0
823552,2026-05-04,New York Yankees,Baltimore Orioles,8.80370486814086,0.52662136173994,0.43915841400124644,13.0
824684,2026-05-04,Chicago Cubs,Cincinnati Reds,8.61458293199831,0.5100502113014094,0.42281863030475997,9.0
824120,2026-05-04,Kansas City Royals,Cleveland Guardians,9.617125212263335,0.5970182045953321,0.5102731491015968,8.0
823064,2026-05-04,St. Louis Cardinals,Milwaukee Brewers,9.050328287062658,0.5481575286152861,0.4606187401187612,9.0
824201,2026-05-04,Houston Astros,Los Angeles Dodgers,9.75925724956035,0.6090673053456214,0.5227298696562438,11.0
824039,2026-05-04,Los Angeles Angels,Chicago White Sox,8.039937678563435,0.4597118182665955,0.37408909031255716,6.0
823143,2026-05-04,Seattle Mariners,Atlanta Braves,9.259088379346984,0.5662797380139026,0.4788769861402077,9.0
823228,2026-05-04,San Francisco Giants,San Diego Padres,7.217621566738075,0.38898215120698176,0.30788454109167057,5.0
822986,2026-05-05,Tampa Bay Rays,Toronto Blue Jays,8.79391790046972,0.5257646950821989,0.43831003987002887,7.0
823469,2026-05-05,Philadelphia Phillies,Athletics,9.365169697214254,0.5754378533662231,0.48817434783726554,10.0
823873,2026-05-05,Miami Marlins,Baltimore Orioles,8.872720658155565,0.5326586873484689,0.4451486998187447,16.0
824281,2026-05-05,Detroit Tigers,Boston Red Sox,7.903488120820743,0.4478233142414801,0.3627771417937941,13.0
822743,2026-05-05,Washington Nationals,Minnesota Twins,10.492941106034174,0.6693841846196876,0.5864142373510228,14.0
823553,2026-05-05,New York Yankees,Texas Rangers,9.099149728998173,0.5524060887117932,0.4648826800652448,11.0
824119,2026-05-05,Kansas City Royals,Cleveland Guardians,7.733635783769983,0.43309093483769795,0.3488626102500565,8.0
824682,2026-05-05,Chicago Cubs,Cincinnati Reds,8.344151062495175,0.4863315251417799,0.399689362585879,5.0
824200,2026-05-05,Houston Astros,Los Angeles Dodgers,9.69780816560396,0.6038701235601434,0.5173463660861696,3.0
824040,2026-05-05,Los Angeles Angels,Chicago White Sox,8.357472625150805,0.48749947057260457,0.40082121881345395,7.0
823142,2026-05-05,Seattle Mariners,Atlanta Braves,8.312325625101261,0.48354177718161645,0.39698876581973713,5.0
825092,2026-05-05,Arizona Diamondbacks,Pittsburgh Pirates,10.01251606436713,0.630272885681576,0.5448631975658943,9.0
823227,2026-05-05,San Francisco Giants,San Diego Padres,7.842327374371193,0.44250906150153846,0.3577447262330317,15.0
822985,2026-05-06,Tampa Bay Rays,Toronto Blue Jays,8.033325090475437,0.4591347616132144,0.3735382950829046,3.0
823063,2026-05-06,St. Louis Cardinals,Milwaukee Brewers,8.471268008394206,0.49747963146873814,0.41052277611997295,8.0
824198,2026-05-06,Houston Astros,Los Angeles Dodgers,9.459422511697449,0.5835409338252313,0.4964405687772965,14.0
823226,2026-05-06,San Francisco Giants,San Diego Padres,8.573926786319905,0.5064846106987186,0.419322294503931,6.0
824036,2026-05-06,Los Angeles Angels,Chicago White Sox,8.743667158719937,0.5213643883092638,0.4339586475929986,10.0
823141,2026-05-06,Seattle Mariners,Atlanta Braves,9.380853077248934,0.5767884917052547,0.48954956522332216,4.0
823470,2026-05-06,Philadelphia Phillies,Athletics,8.532289863934045,0.502832459917139,0.4157482070209957,9.0
823872,2026-05-06,Miami Marlins,Baltimore Orioles,8.591096618123395,0.5079905085455682,0.4207981007100982,11.0
824282,2026-05-06,Detroit Tigers,Boston Red Sox,9.029118046027769,0.5463100129391115,0.4587676727890305,4.0
822740,2026-05-06,Washington Nationals,Minnesota Twins,10.399199937011275,0.6618806720088655,0.5783673608173482,17.0
823550,2026-05-06,New York Yankees,Texas Rangers,9.351346952349854,0.5742467158629789,0.4869623986693885,7.0
824118,2026-05-06,Kansas City Royals,Cleveland Guardians,7.64977762275716,0.425850221305747,0.34206570339318904,4.0
824683,2026-05-06,Chicago Cubs,Cincinnati Reds,9.267611653853823,0.5670169459113487,0.47962364058827006,13.0
824361,2026-05-06,Colorado Rockies,New York Mets,10.32885826528479,0.6562074292143516,0.5723073704401845,15.0
825091,2026-05-06,Arizona Diamondbacks,Pittsburgh Pirates,9.893495769871649,0.6203521035207624,0.5344746348184592,1.0
823551,2026-05-07,New York Yankees,Texas Rangers,8.63558755635779,0.5118920494910609,0.4246273831742055,11.0
822741,2026-05-07,Washington Nationals,Minnesota Twins,8.912903441548705,0.5361704071272013,0.4486422677667949,12.0
824117,2026-05-07,Kansas City Royals,Cleveland Guardians,8.634999703158758,0.5118405055146387,0.42457674010532753,13.0
824681,2026-05-07,Chicago Cubs,Cincinnati Reds,8.06041015050443,0.4614989097248079,0.37579596990217956,11.0
824362,2026-05-07,Colorado Rockies,New York Mets,10.832091854384984,0.6959497495289986,0.615202237122588,8.0
825090,2026-05-07,Arizona Diamondbacks,Pittsburgh Pirates,9.978090108660316,0.6274119252102375,0.541861198269126,6.0
823467,2026-05-07,Philadelphia Phillies,Athletics,8.430794861403866,0.4939295234067069,0.40706565410371404,13.0
823870,2026-05-07,Miami Marlins,Baltimore Orioles,8.31707809248913,0.4839583201947496,0.39739173361655544,7.0
824767,2026-05-07,Boston Red Sox,Tampa Bay Rays,8.45629304181028,0.49616606183667655,0.40924282357799807,12.0
823306,2026-05-07,San Diego Padres,St. Louis Cardinals,8.289348821325154,0.48152817385304847,0.3950420914318164,3.0
824522,2026-05-08,Cincinnati Reds,Houston Astros,8.153721762999792,0.4696536168245776,0.38360612547683065,10.0
823466,2026-05-08,Philadelphia Phillies,Colorado Rockies,8.298398468588355,0.4823211985562351,0.3958084991449767,16.0
824846,2026-05-08,Baltimore Orioles,Athletics,9.019982285210016,0.5455139322287778,0.45797064660068476,7.0
822822,2026-05-08,Toronto Blue Jays,Los Angeles Angels,8.406149199356689,0.4917679430690063,0.404964002102753,2.0
823871,2026-05-08,Miami Marlins,Washington Nationals,9.11541298615434,0.5538200472558792,0.4663039916938689,5.0
824768,2026-05-08,Boston Red Sox,Tampa Bay Rays,8.61078685483893,0.5097173196422595,0.42249191439461214,2.0
824443,2026-05-08,Cleveland Guardians,Minnesota Twins,7.628360854985238,0.42400489542438824,0.34033788915833363,10.0
823794,2026-05-08,Milwaukee Brewers,New York Yankees,9.017808979847194,0.5453245256131214,0.45778106686901315,6.0
824116,2026-05-08,Kansas City Royals,Detroit Tigers,8.376143211614819,0.48913656078848483,0.4024089508629046,7.0
824607,2026-05-08,Chicago White Sox,Seattle Mariners,8.240842088901744,0.4772788302233971,0.3909410809819076,20.0
822904,2026-05-08,Texas Rangers,Chicago Cubs,8.395990865583954,0.49087705971926765,0.4040985463992919,8.0
825088,2026-05-08,Arizona Diamondbacks,New York Mets,10.684865486483101,0.6845335541028358,0.6027730781961419,4.0
823303,2026-05-08,San Diego Padres,St. Louis Cardinals,8.694648315829758,0.5170694403143612,0.4297216229024206,6.0
823957,2026-05-08,Los Angeles Dodgers,Atlanta Braves,8.843551624476031,0.530107890178678,0.44261533837169187,4.0
823225,2026-05-08,San Francisco Giants,Pittsburgh Pirates,7.445625942204623,0.4083316654325018,0.32573485071020164,7.0
822820,2026-05-09,Toronto Blue Jays,Los Angeles Angels,8.200281338689493,0.4737275417574496,0.38752113031408414,15.0
824847,2026-05-09,Baltimore Orioles,Athletics,9.473194360018756,0.584722043080766,0.49764860888730617,8.0
823869,2026-05-09,Miami Marlins,Washington Nationals,8.762040216102243,0.5229735923249867,0.43554873746709655,15.0
824523,2026-05-09,Cincinnati Reds,Houston Astros,9.154467077024513,0.5572126568148736,0.46971880732577925,4.0
823468,2026-05-09,Philadelphia Phillies,Colorado Rockies,8.298887236676176,0.4823640315451973,0.39584990403814435,12.0
824444,2026-05-09,Cleveland Guardians,Minnesota Twins,8.592236375224989,0.5080904683261607,0.42089610640925157,3.0
822905,2026-05-09,Texas Rangers,Chicago Cubs,8.975385250103464,0.5416252267317172,0.4540823765569983,6.0
823792,2026-05-09,Milwaukee Brewers,New York Yankees,8.480870805965944,0.4983219820648578,0.4113440569470307,7.0
824115,2026-05-09,Kansas City Royals,Detroit Tigers,9.02018582925,0.545531670848498,0.4579884024535455,6.0
824606,2026-05-09,Chicago White Sox,Seattle Mariners,9.922280355360174,0.6227589616624063,0.536989494546045,7.0
823304,2026-05-09,San Diego Padres,St. Louis Cardinals,8.735272266495576,0.520629004247885,0.43323246849839725,6.0
825089,2026-05-09,Arizona Diamondbacks,New York Mets,9.712152760721027,0.6050850372215769,0.5186034034787244,3.0
823224,2026-05-09,San Francisco Giants,Pittsburgh Pirates,7.559378869755856,0.4180727377022554,0.33479561371691924,16.0
823955,2026-05-09,Los Angeles Dodgers,Atlanta Braves,8.087423621590247,0.46385816511379724,0.37805192072021543,9.0
823868,2026-05-10,Miami Marlins,Washington Nationals,8.784495179483066,0.5249397988063716,0.437493507852178,7.0
823463,2026-05-10,Philadelphia Phillies,Colorado Rockies,8.473186946777012,0.4976479586051707,0.4106868623954909,6.0
824765,2026-05-10,Boston Red Sox,Tampa Bay Rays,8.326699862495262,0.48480169969496867,0.3982079107861129,5.0
824845,2026-05-10,Baltimore Orioles,Athletics,8.935667852175524,0.5381586397944493,0.4506232354922996,3.0
822819,2026-05-10,Toronto Blue Jays,Los Angeles Angels,8.304680625983707,0.4828717481882327,0.3963407674295506,7.0
824440,2026-05-10,Cleveland Guardians,Minnesota Twins,7.404991711449423,0.4048653644916103,0.3225226551092253,9.0
824520,2026-05-10,Cincinnati Reds,Houston Astros,8.614392952540989,0.5100335514839948,0.4228022781320088,5.0
823793,2026-05-10,Milwaukee Brewers,New York Yankees,8.735279530042641,0.520629640557971,0.43323309671625226,7.0
824605,2026-05-10,Chicago White Sox,Seattle Mariners,7.686372238471668,0.4290070506436124,0.3450256523541352,3.0
822902,2026-05-10,Texas Rangers,Chicago Cubs,8.720185964356427,0.5193072846197677,0.43192803377803124,3.0
823221,2026-05-10,San Francisco Giants,Pittsburgh Pirates,8.052365950239917,0.46079661733248695,0.3751249977084231,13.0
823305,2026-05-10,San Diego Padres,St. Louis Cardinals,8.829186291605934,0.5288511981734868,0.44136854920474117,5.0
823954,2026-05-10,Los Angeles Dodgers,Atlanta Braves,9.170604427557121,0.5586132911311507,0.47113049166114207,9.0
825085,2026-05-10,Arizona Diamondbacks,New York Mets,8.829466189730617,0.5288756866940001,0.4413928364821728,6.0
824113,2026-05-10,Kansas City Royals,Detroit Tigers,8.277903561863697,0.48052532563001077,0.39407338274838155,9.0
824441,2026-05-11,Cleveland Guardians,Los Angeles Angels,8.054409002280234,0.4609749728411029,0.37529537435923555,9.0
824844,2026-05-11,Baltimore Orioles,New York Yankees,8.935970691927267,0.5381850833577477,0.45064959712742786,5.0
822818,2026-05-11,Toronto Blue Jays,Tampa Bay Rays,8.282493047044857,0.4809274477258644,0.39446175119439564,13.0
822901,2026-05-11,Texas Rangers,Arizona Diamondbacks,7.629636452366235,0.4241147580655682,0.3404407055838121,1.0
824199,2026-05-11,Houston Astros,Seattle Mariners,9.21652033809651,0.5625944766594215,0.4751491094189187,4.0
823953,2026-05-11,Los Angeles Dodgers,San Francisco Giants,8.935541178168915,0.5381475787390642,0.45061220882107056,12.0
824442,2026-05-12,Cleveland Guardians,Los Angeles Angels,8.456987232415322,0.49622695383118104,0.40930213673317023,5.0
824843,2026-05-12,Baltimore Orioles,New York Yankees,8.253205193095887,0.4783616513369321,0.3919851907054699,8.0
823385,2026-05-12,Pittsburgh Pirates,Colorado Rockies,9.782507038687342,0.6110286904002332,0.5247657365827653,4.0
824521,2026-05-12,Cincinnati Reds,Washington Nationals,9.808310007467743,0.6132021552064755,0.5270244135313692,14.0
824764,2026-05-12,Boston Red Sox,Philadelphia Phillies,7.290249900588421,0.39511838499853225,0.3135240303900845,3.0
822817,2026-05-12,Toronto Blue Jays,Tampa Bay Rays,8.233822246877246,0.4766640722797193,0.3903485786398385,13.0
823632,2026-05-12,New York Mets,Detroit Tigers,8.2164320680949,0.47514138136055656,0.38888187819932346,12.0
824927,2026-05-12,Atlanta Braves,Chicago Cubs,9.381759271914975,0.5768665049499031,0.48962903002411406,7.0
823712,2026-05-12,Minnesota Twins,Miami Marlins,9.741164471115402,0.6075390482783688,0.5211451629039842,3.0
823790,2026-05-12,Milwaukee Brewers,San Diego Padres,9.793955128375277,0.6119934321556073,0.5257679539199158,10.0
824604,2026-05-12,Chicago White Sox,Kansas City Royals,8.903694384304204,0.5353658329607788,0.4478412528652791,11.0
822903,2026-05-12,Texas Rangers,Arizona Diamondbacks,9.211865041477072,0.5621911160835766,0.4747415499866229,11.0
824197,2026-05-12,Houston Astros,Seattle Mariners,8.749225099510257,0.5218512184382911,0.43443954613853414,12.0
825011,2026-05-12,Athletics,St. Louis Cardinals,9.752412197090916,0.6084893155238814,0.5221303674429038,10.0
823951,2026-05-12,Los Angeles Dodgers,San Francisco Giants,8.914385872216613,0.5362999099525912,0.4487712310263658,8.0
824841,2026-05-13,Baltimore Orioles,New York Yankees,9.370501880961877,0.5758971563745771,0.4886418922843434,7.0
824438,2026-05-13,Cleveland Guardians,Los Angeles Angels,7.388916973936265,0.40349615159236374,0.32125555437353237,6.0
823386,2026-05-13,Pittsburgh Pirates,Colorado Rockies,9.344295266565734,0.5736387941907841,0.48634416737971486,14.0
824519,2026-05-13,Cincinnati Reds,Washington Nationals,8.872026969623871,0.5325980402617334,0.44508842580412705,15.0
824763,2026-05-13,Boston Red Sox,Philadelphia Phillies,8.282550810512788,0.48093250897726947,0.3944666398866507,4.0
822815,2026-05-13,Toronto Blue Jays,Tampa Bay Rays,8.18240680186059,0.4721631859899337,0.3860167562561915,8.0
823631,2026-05-13,New York Mets,Detroit Tigers,8.728241785820513,0.5200130871194228,0.4326244876990021,5.0
824928,2026-05-13,Atlanta Braves,Chicago Cubs,8.851608181987697,0.5308125545148191,0.4433148289337714,5.0
823710,2026-05-13,Minnesota Twins,Miami Marlins,9.538439398221497,0.5903070528022203,0.5033718839238113,14.0
823791,2026-05-13,Milwaukee Brewers,San Diego Padres,8.73770500866212,0.5208421173364959,0.4334428836727422,4.0
824603,2026-05-13,Chicago White Sox,Kansas City Royals,7.949529396972492,0.4518300784446655,0.36658125468850455,11.0
822900,2026-05-13,Texas Rangers,Arizona Diamondbacks,9.427987339948977,0.5808421613503179,0.493683275843885,11.0
824195,2026-05-13,Houston Astros,Seattle Mariners,9.38044067518062,0.5767529874938679,0.4895134015543653,7.0
825010,2026-05-13,Athletics,St. Louis Cardinals,9.556931422209408,0.5918867050884867,0.5049939236351072,8.0
823952,2026-05-13,Los Angeles Dodgers,San Francisco Giants,7.879035283207501,0.44569743043179927,0.3607622167186433,4.0
823383,2026-05-14,Pittsburgh Pirates,Colorado Rockies,8.579496671611166,0.5069731344113189,0.41980092203386915,9.0
824517,2026-05-14,Cincinnati Reds,Washington Nationals,8.516738884818531,0.5014683403960908,0.41441508946694056,16.0
823630,2026-05-14,New York Mets,Detroit Tigers,7.4655143791889,0.4100308837006698,0.32731180871892757,13.0
823709,2026-05-14,Minnesota Twins,Miami Marlins,8.723200164586016,0.5195713778738118,0.4321885972734276,10.0
823789,2026-05-14,Milwaukee Brewers,San Diego Padres,8.29270978985317,0.48182268868854594,0.39532668206305077,8.0
824196,2026-05-14,Houston Astros,Seattle Mariners,9.425105466034559,0.5805945542222575,0.4934305093350201,11.0
825008,2026-05-14,Athletics,St. Louis Cardinals,9.577166391002642,0.5936135352568559,0.5067687513006937,9.0
824762,2026-05-14,Boston Red Sox,Philadelphia Phillies,6.673946335576959,0.34401951063815095,0.2671680965777251,4.0
824926,2026-05-14,Atlanta Braves,Chicago Cubs,8.459522843738027,0.49644936960680686,0.4095188025130683,2.0
824602,2026-05-14,Chicago White Sox,Kansas City Royals,8.156099517196157,0.4698615950652989,0.38380577725269693,8.0
823950,2026-05-14,Los Angeles Dodgers,San Francisco Giants,8.34960742568103,0.48680988893155513,0.4001528569182368,7.0
823384,2026-05-15,Pittsburgh Pirates,Philadelphia Phillies,9.925208040641794,0.6230034984331012,0.537245200267944,20.0
822739,2026-05-15,Washington Nationals,Baltimore Orioles,9.959659975445508,0.6258773879857338,0.5402530677018237,5.0
824280,2026-05-15,Detroit Tigers,Toronto Blue Jays,9.440389745289295,0.5819073945027408,0.4947711070712009,5.0
822983,2026-05-15,Tampa Bay Rays,Miami Marlins,7.472140159031463,0.41059735080615384,0.3278378550254907,9.0
823707,2026-05-15,Minnesota Twins,Milwaukee Brewers,10.71743280001558,0.6870746174978888,0.6055319730211133,5.0
824439,2026-05-15,Cleveland Guardians,Cincinnati Reds,7.611825404468607,0.4225812936661619,0.33900616579283377,13.0
823629,2026-05-15,New York Mets,New York Yankees,8.272237740980298,0.4800289243929403,0.39359407859976514,7.0
824925,2026-05-15,Atlanta Braves,Boston Red Sox,8.914058101284729,0.5362712767271608,0.448742716303647,5.0
824601,2026-05-15,Chicago White Sox,Chicago Cubs,9.056845225224587,0.5487249782860835,0.46118766186388194,15.0
824194,2026-05-15,Houston Astros,Texas Rangers,8.78492883392939,0.5249777647303342,0.43753108064470203,2.0
823061,2026-05-15,St. Louis Cardinals,Kansas City Royals,9.189909204239116,0.5602878768820324,0.47281973540653305,9.0
824360,2026-05-15,Colorado Rockies,Arizona Diamondbacks,11.242115348126825,0.7267269739219391,0.6491627680284704,10.0
824037,2026-05-15,Los Angeles Angels,Los Angeles Dodgers,8.712395653146693,0.5186246869323952,0.4312547352826461,6.0
823140,2026-05-15,Seattle Mariners,San Diego Padres,7.642658644651207,0.4252366488667349,0.3414910051365577,2.0
825009,2026-05-15,Athletics,San Francisco Giants,9.424529489311597,0.580545063167316,0.4933799912597401,7.0
824278,2026-05-16,Detroit Tigers,Toronto Blue Jays,8.499681597276519,0.49997206954696377,0.4129539761626018,3.0
823060,2026-05-16,St. Louis Cardinals,Kansas City Royals,8.606690865368936,0.5093581200086608,0.4221394458229269,6.0
824359,2026-05-16,Colorado Rockies,Arizona Diamondbacks,11.482192737694605,0.7440019410551194,0.6685272074243538,6.0
822737,2026-05-16,Washington Nationals,Baltimore Orioles,10.76592806823086,0.6908420158184161,0.6096303513294503,16.0
823382,2026-05-16,Pittsburgh Pirates,Philadelphia Phillies,8.974829645910589,0.5415767540693576,0.4540339621971503,6.0
822981,2026-05-16,Tampa Bay Rays,Miami Marlins,8.284433751948814,0.4810974945171058,0.3946260078586128,15.0
824435,2026-05-16,Cleveland Guardians,Cincinnati Reds,9.17658453844124,0.5591321471163619,0.4716537207398626,11.0
823706,2026-05-16,Minnesota Twins,Milwaukee Brewers,9.6333894402612,0.5984019013229065,0.5116993138925398,3.0
824193,2026-05-16,Houston Astros,Texas Rangers,8.762687606070301,0.5230302872902568,0.43560478477295195,5.0
824600,2026-05-16,Chicago White Sox,Chicago Cubs,9.2357215007432,0.5642574793379829,0.47683039274052896,11.0
823139,2026-05-16,Seattle Mariners,San Diego Padres,7.747365311750135,0.43427861792962985,0.3499801277039831,11.0
823627,2026-05-16,New York Mets,New York Yankees,9.539003343884639,0.5903552487971797,0.5034213517386231,9.0
824924,2026-05-16,Atlanta Braves,Boston Red Sox,8.932519713355031,0.5378837385410242,0.450349208806954,5.0
824038,2026-05-16,Los Angeles Angels,Los Angeles Dodgers,8.942802925014314,0.5387816197567741,0.4512443879049057,17.0
825007,2026-05-16,Athletics,San Francisco Giants,9.280956442979416,0.5681707142548182,0.4807928111741033,10.0
822982,2026-05-17,Tampa Bay Rays,Miami Marlins,8.062133870088722,0.4616494133640882,0.37593979547292516,9.0
822738,2026-05-17,Washington Nationals,Baltimore Orioles,9.795760791612528,0.6121455342507425,0.5259260150882508,10.0
823381,2026-05-17,Pittsburgh Pirates,Philadelphia Phillies,10.35235654480583,0.6581066213824627,0.5743337378283034,6.0
824923,2026-05-17,Atlanta Braves,Boston Red Sox,9.920841492710002,0.6226387616958757,0.5368638178434088,9.0
823628,2026-05-17,New York Mets,New York Yankees,9.35990454844221,0.5749842240743281,0.4877126971939401,13.0
824279,2026-05-17,Detroit Tigers,Toronto Blue Jays,9.469316345219976,0.584389531466066,0.497308434210496,5.0
824436,2026-05-17,Cleveland Guardians,Cincinnati Reds,9.346875010108874,0.573861212736465,0.48657033342486156,13.0
823708,2026-05-17,Minnesota Twins,Milwaukee Brewers,8.500138555824316,0.5000121541892111,0.4129931032389566,9.0
824192,2026-05-17,Houston Astros,Texas Rangers,8.942631759018676,0.538766675959713,0.45122948543782004,8.0
824599,2026-05-17,Chicago White Sox,Chicago Cubs,9.39001454484138,0.5775770526387223,0.49035295885115804,17.0
823058,2026-05-17,St. Louis Cardinals,Kansas City Royals,9.414327343585562,0.5796682288101599,0.4924851943351251,2.0
824358,2026-05-17,Colorado Rockies,Arizona Diamondbacks,10.484807341618763,0.668735753615705,0.5857174081714495,14.0
825006,2026-05-17,Athletics,San Francisco Giants,9.609628543550613,0.5963800069841876,0.5096157418008836,11.0
824034,2026-05-17,Los Angeles Angels,Los Angeles Dodgers,7.8476531821971385,0.44297142370439513,0.35818197648258676,11.0
823138,2026-05-17,Seattle Mariners,San Diego Padres,7.59501662877508,0.42113519605311545,0.33765448842301504,11.0
822980,2026-05-18,Tampa Bay Rays,Baltimore Orioles,7.87342053441264,0.44520951276471105,0.3603001015794496,22.0
823465,2026-05-18,Philadelphia Phillies,Cincinnati Reds,9.752580311764298,0.6085035138446777,0.5221450918388798,9.0
823867,2026-05-18,Miami Marlins,Atlanta Braves,8.800977189078516,0.5263826164674782,0.4389219394303817,12.0
824277,2026-05-18,Detroit Tigers,Cleveland Guardians,8.444996501955144,0.49517518207186023,0.40827791558139925,10.0
822734,2026-05-18,Washington Nationals,New York Mets,10.882181073343904,0.6997913480080888,0.6194047273284049,23.0
823549,2026-05-18,New York Yankees,Toronto Blue Jays,8.855088255139181,0.5311169083305701,0.44361703239727507,13.0
824114,2026-05-18,Kansas City Royals,Boston Red Sox,9.480278523046941,0.5853293018282644,0.4982700271720966,4.0
823705,2026-05-18,Minnesota Twins,Houston Astros,8.602262411888832,0.5089697562649977,0.4217584381719434,9.0
824680,2026-05-18,Chicago Cubs,Milwaukee Brewers,9.003354166945522,0.5440645081892226,0.4565204046528583,12.0
824357,2026-05-18,Colorado Rockies,Texas Rangers,9.788944079560295,0.6115712308198559,0.5253292838274404,13.0
824035,2026-05-18,Los Angeles Angels,Athletics,9.017506351980956,0.5452981503510037,0.4577546690801861,3.0
823137,2026-05-18,Seattle Mariners,Chicago White Sox,7.708876435748513,0.4309506428703926,0.3468506345800355,7.0
823301,2026-05-18,San Diego Padres,Los Angeles Dodgers,7.652728428801261,0.42610459891506275,0.3423040223739655,1.0
825087,2026-05-18,Arizona Diamondbacks,San Francisco Giants,9.589808730962504,0.5946914976487833,0.5078775567545912,14.0
823865,2026-05-19,Miami Marlins,Atlanta Braves,9.3421590851395,0.5734546006457332,0.48615689173429094,12.0
822979,2026-05-19,Tampa Bay Rays,Baltimore Orioles,8.94092860412961,0.5386179775526526,0.4510812050038756,5.0
823464,2026-05-19,Philadelphia Phillies,Cincinnati Reds,8.929956101329717,0.5376598658634715,0.45012607916690456,5.0
824276,2026-05-19,Detroit Tigers,Cleveland Guardians,9.162703540639383,0.5579276275601063,0.47043928106950766,7.0
822736,2026-05-19,Washington Nationals,New York Mets,9.7558909088016,0.6087830847037355,0.5224350457198831,15.0
823548,2026-05-19,New York Yankees,Toronto Blue Jays,9.910798826101342,0.6217994853449874,0.5359865446325657,9.0
823704,2026-05-19,Minnesota Twins,Houston Astros,8.507882437918475,0.50069145122139,0.41365630428725275,3.0
824112,2026-05-19,Kansas City Royals,Boston Red Sox,7.375031269499692,0.40231434679668,0.3201626772028391,8.0
824677,2026-05-19,Chicago Cubs,Milwaukee Brewers,8.840027666908348,0.5297996385333915,0.4423094356160755,7.0
823059,2026-05-19,St. Louis Cardinals,Pittsburgh Pirates,9.003284498588027,0.5440584341564285,0.4565143296451979,15.0
824356,2026-05-19,Colorado Rockies,Texas Rangers,9.88397273187072,0.6195547902556952,0.5336423151886187,10.0
824033,2026-05-19,Los Angeles Angels,Athletics,8.6505193199154,0.5132012231757462,0.4259141572585131,20.0
823136,2026-05-19,Seattle Mariners,Chicago White Sox,7.946633107438936,0.4515778784273187,0.3663415605026673,3.0
823302,2026-05-19,San Diego Padres,Los Angeles Dodgers,8.162443449983563,0.4704165284917872,0.3843386061028174,9.0
825086,2026-05-19,Arizona Diamondbacks,San Francisco Giants,9.697529269758153,0.6038464924692416,0.5173219242946125,8.0
823462,2026-05-20,Philadelphia Phillies,Cincinnati Reds,9.562716460570805,0.5923805777336201,0.5055013462821527,13.0
822977,2026-05-20,Tampa Bay Rays,Baltimore Orioles,7.995309481600601,0.45581898406091786,0.3703768278690206,8.0
823703,2026-05-20,Minnesota Twins,Houston Astros,7.763079193444377,0.43563868678703066,0.3512607579700179,5.0
824355,2026-05-20,Colorado Rockies,Texas Rangers,9.676110417302395,0.6020305204929495,0.5154446376859424,9.0
825084,2026-05-20,Arizona Diamondbacks,San Francisco Giants,9.242967716264582,0.5648847767351635,0.47746499134300724,9.0
823134,2026-05-20,Seattle Mariners,Chicago White Sox,7.455411899734114,0.40916753987503895,0.32651039375051893,9.0
823866,2026-05-20,Miami Marlins,Atlanta Braves,8.957785202116119,0.5400894460544511,0.45254907500630526,10.0
824273,2026-05-20,Detroit Tigers,Cleveland Guardians,6.811352861717351,0.3552054253849192,0.2771975324144224,5.0
822735,2026-05-20,Washington Nationals,New York Mets,10.74566717544095,0.6892704395679452,0.6079195378156514,12.0
823547,2026-05-20,New York Yankees,Toronto Blue Jays,8.793939893638818,0.5257666203094084,0.4383119460110291,3.0
824111,2026-05-20,Kansas City Royals,Boston Red Sox,7.931484664033843,0.450259119107995,0.36508874100878264,7.0
824678,2026-05-20,Chicago Cubs,Milwaukee Brewers,8.040565256265452,0.4597665891327103,0.37414137774724976,5.0
823057,2026-05-20,St. Louis Cardinals,Pittsburgh Pirates,8.544422957667338,0.5038967430629689,0.41678899879572906,7.0
823299,2026-05-20,San Diego Padres,Los Angeles Dodgers,8.3563969044496,0.487405154469729,0.4007297899931235,4.0
824032,2026-05-20,Los Angeles Angels,Athletics,10.461906783188006,0.6669073864293057,0.5837540474563201,11.0
824274,2026-05-21,Detroit Tigers,Cleveland Guardians,7.92444914923907,0.4496468228123484,0.36450737227268204,4.0
823056,2026-05-21,St. Louis Cardinals,Pittsburgh Pirates,8.531102605537903,0.5027283155207157,0.4156463941412149,8.0
822733,2026-05-21,Washington Nationals,New York Mets,9.27892143120905,0.567994807829258,0.48061450773987624,3.0
823864,2026-05-21,Miami Marlins,Atlanta Braves,8.9370969831619,0.5382834281242879,0.4507476405866855,12.0
823545,2026-05-21,New York Yankees,Toronto Blue Jays,8.775368959241117,0.5241407572279853,0.4367029229536599,2.0
824031,2026-05-21,Los Angeles Angels,Athletics,8.917674375078336,0.536587174671707,0.44905733186927854,5.0
825083,2026-05-21,Arizona Diamondbacks,Colorado Rockies,9.091533659318943,0.5517437029572163,0.46421723391640446,3.0
824679,2026-05-22,Chicago Cubs,Houston Astros,8.404031513308324,0.4915822189926284,0.4047835439028492,6.0
823461,2026-05-22,Philadelphia Phillies,Cleveland Guardians,7.069215146785135,0.3765308313058759,0.29650210116693915,1.0
823546,2026-05-22,New York Yankees,Tampa Bay Rays,8.041007631412452,0.45980519719325375,0.3741782361868311,6.0
822816,2026-05-22,Toronto Blue Jays,Pittsburgh Pirates,8.77799720965423,0.5243708824536517,0.43693057687810355,8.0
823863,2026-05-22,Miami Marlins,New York Mets,9.082152223425016,0.5509275814063038,0.4633976784978031,3.0
824761,2026-05-22,Boston Red Sox,Minnesota Twins,7.0664326117822895,0.376298553560724,0.29629053957428597,14.0
824842,2026-05-22,Baltimore Orioles,Detroit Tigers,7.473949074328942,0.41075203540906796,0.3279815312526416,11.0
824922,2026-05-22,Atlanta Braves,Washington Nationals,8.707742488156363,0.5182169440946524,0.43085266818869816,9.0
823788,2026-05-22,Milwaukee Brewers,Los Angeles Dodgers,8.876243174039594,0.5329666385119226,0.4454547878087076,6.0
824110,2026-05-22,Kansas City Royals,Seattle Mariners,9.01596439085953,0.5451637590041992,0.45762016894947494,2.0
824029,2026-05-22,Los Angeles Angels,Texas Rangers,9.08513855213458,0.5511873953780784,0.46365854531650186,15.0
823298,2026-05-22,San Diego Padres,Athletics,8.350782247948505,0.48691288906012536,0.40025267139035864,10.0
825082,2026-05-22,Arizona Diamondbacks,Colorado Rockies,9.825711838455435,0.6146659684888606,0.5285472063150772,5.0
823223,2026-05-22,San Francisco Giants,Chicago White Sox,7.926334657813509,0.44981090570513127,0.3646631478152802,13.0
824518,2026-05-23,Cincinnati Reds,St. Louis Cardinals,9.406008424479166,0.5789529574325752,0.491755596856341,9.0
824674,2026-05-23,Chicago Cubs,Houston Astros,8.247441919576113,0.4778568553008981,0.3914983637208095,3.0
822814,2026-05-23,Toronto Blue Jays,Pittsburgh Pirates,8.154489073153398,0.46972073127704805,0.3836705504758834,7.0
823222,2026-05-23,San Francisco Giants,Chicago White Sox,8.517296864918059,0.5015172863588927,0.41446290571346794,13.0
823458,2026-05-23,Philadelphia Phillies,Cleveland Guardians,7.195038907213035,0.3870797355553424,0.30614015348155643,3.0
823862,2026-05-23,Miami Marlins,New York Mets,8.609585821861653,0.5096119953202546,0.42238855651798585,5.0
824109,2026-05-23,Kansas City Royals,Seattle Mariners,9.024091360036914,0.5458720155586755,0.4583291116521605,5.0
824760,2026-05-23,Boston Red Sox,Minnesota Twins,7.103071906658637,0.3793606515201584,0.29908182324863414,6.0
824920,2026-05-23,Atlanta Braves,Washington Nationals,9.674961717561477,0.6019330664869205,0.5153439481748182,2.0
823787,2026-05-23,Milwaukee Brewers,Los Angeles Dodgers,9.018303689233802,0.5453676411386698,0.4578242200506444,14.0
824516,2026-05-23,Cincinnati Reds,St. Louis Cardinals,9.460367120136995,0.5836219701099452,0.496523427100604,13.0
823300,2026-05-23,San Diego Padres,Athletics,8.11232553842744,0.4660341335780829,0.3801352230717532,2.0
824030,2026-05-23,Los Angeles Angels,Texas Rangers,9.092837245099004,0.5518570888668238,0.4643311263172616,7.0
825080,2026-05-23,Arizona Diamondbacks,Colorado Rockies,10.13484397456144,0.6403797275677585,0.5555085159938917,9.0
822813,2026-05-24,Toronto Blue Jays,Pittsburgh Pirates,8.08756359649011,0.46387039338023495,0.3780636212246059,5.0
824839,2026-05-24,Baltimore Orioles,Detroit Tigers,8.24312918833272,0.4774791331675747,0.3911341759529579,8.0
823459,2026-05-24,Philadelphia Phillies,Cleveland Guardians,7.8523301927001405,0.44337752437615036,0.358566113770556,4.0
823544,2026-05-24,New York Yankees,Tampa Bay Rays,7.813193516805172,0.43998119557834947,0.35535614466813614,2.0
824759,2026-05-24,Boston Red Sox,Minnesota Twins,8.065473194204548,0.46194099636809843,0.3762184746161168,11.0
823861,2026-05-24,Miami Marlins,New York Mets,8.83142714681178,0.5290472493983275,0.4415629985268804,4.0
823786,2026-05-24,Milwaukee Brewers,Los Angeles Dodgers,8.7912394517146,0.5255302258684118,0.43807791027803644,6.0
824108,2026-05-24,Kansas City Royals,Seattle Mariners,8.615354523769676,0.5101178741104031,0.4228850451779608,14.0
824676,2026-05-24,Chicago Cubs,Houston Astros,7.9771331634050995,0.4542346910553287,0.3688683158863195,13.0
823220,2026-05-24,San Francisco Giants,Chicago White Sox,7.981138674722841,0.45458375971464016,0.3692005737857166,13.0
823297,2026-05-24,San Diego Padres,Athletics,7.039065709063938,0.3740164449095969,0.2942134791299975,7.0
824921,2026-05-24,Atlanta Braves,Washington Nationals,8.850913503755908,0.5307517984663839,0.4432545082332629,3.0
825081,2026-05-24,Arizona Diamondbacks,Colorado Rockies,8.862172129161571,0.5317363803461838,0.44423228475544085,10.0
824840,2026-05-24,Baltimore Orioles,Detroit Tigers,7.170595164824992,0.38502359196052194,0.30425694968361483,5.0
824028,2026-05-24,Los Angeles Angels,Texas Rangers,8.927896124812168,0.5374799655408791,0.44994679597666065,3.0
823380,2026-05-25,Pittsburgh Pirates,Chicago Cubs,9.371837210080773,0.5760121626820346,0.4887589810625407,3.0
824838,2026-05-25,Baltimore Orioles,Tampa Bay Rays,8.364995663875504,0.48815908825820753,0.4014607766712736,16.0
823784,2026-05-25,Milwaukee Brewers,St. Louis Cardinals,8.700116027665072,0.5175486193078128,0.43019384202338684,6.0
824598,2026-05-25,Chicago White Sox,Minnesota Twins,9.112829558665794,0.5535954843932595,0.46607818636245524,4.0
824107,2026-05-25,Kansas City Royals,New York Yankees,8.392108937222204,0.4905366273421812,0.4037679428969503,7.0
823625,2026-05-25,New York Mets,Cincinnati Reds,8.511324565678294,0.5009933957843216,0.4139511739801011,9.0
823219,2026-05-25,San Francisco Giants,Arizona Diamondbacks,8.48701318014879,0.4988607909338575,0.411869588546049,8.0
824437,2026-05-25,Cleveland Guardians,Washington Nationals,8.344107157572187,0.4863276760403815,0.39968563362579423,12.0
823296,2026-05-25,San Diego Padres,Philadelphia Phillies,7.685488248143459,0.4289307389462931,0.3449540381785183,3.0
822899,2026-05-25,Texas Rangers,Houston Astros,8.25987943829827,0.4789462812719921,0.3925491793175135,9.0
822812,2026-05-25,Toronto Blue Jays,Miami Marlins,8.180565186197583,0.47200203421412407,0.3858618573370164,10.0
823948,2026-05-25,Los Angeles Dodgers,Colorado Rockies,8.185221168348402,0.4724094677536466,0.3862535086773981,8.0
825005,2026-05-25,Athletics,Seattle Mariners,9.521754967177793,0.5888805514861103,0.5019083497955469,11.0
824434,2026-05-26,Cleveland Guardians,Washington Nationals,8.214923967234599,0.47500934824057806,0.3887547581294141,9.0
824837,2026-05-26,Baltimore Orioles,Tampa Bay Rays,9.180643223349229,0.5594842354940878,0.4720088628130002,7.0
823379,2026-05-26,Pittsburgh Pirates,Chicago Cubs,8.255521748109397,0.4785645645628583,0.3921809191247062,13.0
824275,2026-05-26,Detroit Tigers,Los Angeles Angels,9.028694633544163,0.5462731213017417,0.45873072955675404,16.0
824758,2026-05-26,Boston Red Sox,Atlanta Braves,8.55894807145665,0.505170810802458,0.41803574790134485,13.0
822811,2026-05-26,Toronto Blue Jays,Miami Marlins,8.755146348789356,0.522369835531511,0.4349519865356847,9.0
823624,2026-05-26,New York Mets,Cincinnati Reds,8.078147040356223,0.4630478357234957,0.37727674095660907,9.0
823785,2026-05-26,Milwaukee Brewers,St. Louis Cardinals,8.523555549755214,0.5020662958780671,0.4149993319965447,6.0
824106,2026-05-26,Kansas City Royals,New York Yankees,8.51622554122777,0.5014233099241772,0.4143710994775812,16.0
824597,2026-05-26,Chicago White Sox,Minnesota Twins,9.186823702137078,0.5600202977498625,0.47254970824188847,8.0
822898,2026-05-26,Texas Rangers,Houston Astros,7.991007675391413,0.4554439635392481,0.37001962582863474,17.0
823294,2026-05-26,San Diego Padres,Philadelphia Phillies,8.438966514210826,0.49464627148025103,0.4077630838585978,7.0
825004,2026-05-26,Athletics,Seattle Mariners,8.946641857027116,0.5391167666497882,0.4515786402852679,5.0
823216,2026-05-26,San Francisco Giants,Arizona Diamondbacks,8.23549071280676,0.47681018208471104,0.3904893807286422,12.0
823949,2026-05-26,Los Angeles Dodgers,Colorado Rockies,8.367738183771806,0.488399559697532,0.40169399292955815,21.0
822809,2026-05-27,Toronto Blue Jays,Miami Marlins,7.889993973718796,0.44664996909941523,0.3616647438692426,3.0
824432,2026-05-27,Cleveland Guardians,Washington Nationals,9.231078213090068,0.5638554296110135,0.47642378038298927,5.0
823783,2026-05-27,Milwaukee Brewers,St. Louis Cardinals,8.831452668401162,0.529049482228094,0.4415652132338931,3.0
825003,2026-05-27,Athletics,Seattle Mariners,9.172018431879062,0.5587359843601082,0.471254205333701,10.0
823217,2026-05-27,San Francisco Giants,Arizona Diamondbacks,8.181334190389325,0.47206932586999645,0.38592653632945434,5.0
823295,2026-05-27,San Diego Padres,Philadelphia Phillies,7.4319663884047795,0.4071656229121301,0.3246535833087364,3.0
824836,2026-05-27,Baltimore Orioles,Tampa Bay Rays,10.163933630469487,0.6427690652808825,0.5580343900472531,13.0
823376,2026-05-27,Pittsburgh Pirates,Chicago Cubs,9.996206533768843,0.628918373971446,0.5434412886764343,14.0
824270,2026-05-27,Detroit Tigers,Los Angeles Angels,8.40502477913732,0.4916693295928095,0.4048681823359026,4.0
824756,2026-05-27,Boston Red Sox,Atlanta Braves,8.75882489094926,0.5226920044060239,0.43527039228239606,8.0
823626,2026-05-27,New York Mets,Cincinnati Reds,9.492263474689992,0.5863561942342282,0.4993213482898964,6.0
824104,2026-05-27,Kansas City Royals,New York Yankees,9.745506539503905,0.6079059654583308,0.5215255065778902,7.0
824596,2026-05-27,Chicago White Sox,Minnesota Twins,9.124843936295427,0.5546396798042444,0.4671283985349453,17.0
822897,2026-05-27,Texas Rangers,Houston Astros,8.146788503344728,0.4690472235020612,0.3830241402818294,7.0
823947,2026-05-27,Los Angeles Dodgers,Colorado Rockies,8.198296675588072,0.473553826234033,0.3873540113484246,5.0
824272,2026-05-28,Detroit Tigers,Los Angeles Angels,8.85367645001374,0.5309934394652055,0.4434944297471951,8.0
824595,2026-05-28,Chicago White Sox,Minnesota Twins,8.953646508931284,0.5397282158305,0.4521886173735358,8.0
824757,2026-05-28,Boston Red Sox,Atlanta Braves,7.485571180884299,0.41174619918486444,0.3289052436846182,12.0
824834,2026-05-28,Baltimore Orioles,Toronto Blue Jays,9.131942659767367,0.5552564675047115,0.4677490269224163,3.0
823378,2026-05-28,Pittsburgh Pirates,Chicago Cubs,9.319451939585333,0.5714956806610094,0.4841663891065029,9.0
822896,2026-05-28,Texas Rangers,Houston Astros,8.08794248446375,0.46390349336501824,0.3780952930381917,6.0
824515,2026-05-29,Cincinnati Reds,Atlanta Braves,9.192026790222368,0.5604715010236221,0.4730050628009125,11.0
822732,2026-05-29,Washington Nationals,San Diego Padres,10.557145795562796,0.6744846743789072,0.5919050088968507,12.0
823377,2026-05-29,Pittsburgh Pirates,Minnesota Twins,9.015658681878397,0.5451371139813532,0.45759350354971273,11.0
824835,2026-05-29,Baltimore Orioles,Toronto Blue Jays,9.358730691440115,0.5748830745464464,0.4876097750997434,11.0
822978,2026-05-29,Tampa Bay Rays,Los Angeles Angels,8.501330025930823,0.5001166705670493,0.41309512693261197,13.0
823623,2026-05-29,New York Mets,Miami Marlins,8.662399573191836,0.5142427483668719,0.4269385259739076,16.0
824433,2026-05-29,Cleveland Guardians,Boston Red Sox,8.706902247340123,0.518143314278145,0.4307800729339289,7.0
823055,2026-05-29,St. Louis Cardinals,Chicago Cubs,9.210757946457079,0.5620951817363153,0.4746446304949115,11.0
824594,2026-05-29,Chicago White Sox,Detroit Tigers,8.565711528693532,0.5057640490283437,0.4186165647019745,7.0
822894,2026-05-29,Texas Rangers,Kansas City Royals,8.407968887655976,0.49192753374636083,0.4051190826300614,10.0
824191,2026-05-29,Houston Astros,Milwaukee Brewers,9.30622046152449,0.5703533998455448,0.4830066998300064,9.0
824353,2026-05-29,Colorado Rockies,San Francisco Giants,11.603253122705087,0.7524917371729185,0.678127507554529,14.0
825002,2026-05-29,Athletics,New York Yankees,9.112204305325868,0.5535411320407595,0.466023537526592,10.0
823135,2026-05-29,Seattle Mariners,Arizona Diamondbacks,7.938760670056417,0.450892469742816,0.3656903087016865,13.0
823946,2026-05-29,Los Angeles Dodgers,Philadelphia Phillies,8.82068396390001,0.528107270870006,0.4406308920090004,6.0
824593,2026-05-30,Chicago White Sox,Detroit Tigers,8.414203919648438,0.49247436944659523,0.40565056783180947,8.0
822731,2026-05-30,Washington Nationals,San Diego Padres,9.060924667529182,0.5490801371724,0.46154383332609544,13.0
822893,2026-05-30,Texas Rangers,Kansas City Royals,8.877458874805251,0.5330729149281828,0.44556043332904927,13.0
823375,2026-05-30,Pittsburgh Pirates,Minnesota Twins,8.493641050089703,0.49944218977727073,0.4124368357104142,19.0
824833,2026-05-30,Baltimore Orioles,Toronto Blue Jays,8.256586137851032,0.47865779916245493,0.392270859798889,11.0
822975,2026-05-30,Tampa Bay Rays,Los Angeles Angels,8.5732535206995,0.5064255592184852,0.4192644479797985,17.0
823622,2026-05-30,New York Mets,Miami Marlins,7.802957830653101,0.4390936478522103,0.35451829837478294,7.0
824190,2026-05-30,Houston Astros,Milwaukee Brewers,8.446329861254341,0.49529213669713706,0.4083917773017306,11.0
824431,2026-05-30,Cleveland Guardians,Boston Red Sox,8.112659938948251,0.4660633610763377,0.38016322295705607,10.0
823054,2026-05-30,St. Louis Cardinals,Chicago Cubs,9.142618705032794,0.5561838261024181,0.46868256115033147,7.0
824513,2026-05-30,Cincinnati Reds,Atlanta Braves,9.585248746127935,0.5943027681058488,0.5074776265981508,7.0
824352,2026-05-30,Colorado Rockies,San Francisco Giants,11.436663933603326,0.7407702019461995,0.664887406838911,11.0
825000,2026-05-30,Athletics,New York Yankees,9.649667395634019,0.5997855317001831,0.5131265326206538,10.0
823132,2026-05-30,Seattle Mariners,Arizona Diamondbacks,7.664137784209147,0.427088443822651,0.34322607810309735,6.0
823945,2026-05-30,Los Angeles Dodgers,Philadelphia Phillies,8.328024111464462,0.4849177798410047,0.3983202766154803,7.0
824832,2026-05-31,Baltimore Orioles,Toronto Blue Jays,8.453714065660579,0.49593984377856654,0.4090224884542929,14.0
822729,2026-05-31,Washington Nationals,San Diego Padres,9.638805958891837,0.5988624446875231,0.5121742410001463,6.0
823373,2026-05-31,Pittsburgh Pirates,Minnesota Twins,7.661799763919118,0.426886795856024,0.3430370529497988,12.0
822976,2026-05-31,Tampa Bay Rays,Los Angeles Angels,8.585599531089663,0.5075083922103203,0.42032548494292443,7.0
823621,2026-05-31,New York Mets,Miami Marlins,8.460463854964788,0.49653191240875355,0.4095992181384063,11.0
824430,2026-05-31,Cleveland Guardians,Boston Red Sox,8.308019387873394,0.48316436073150737,0.39662372939097085,13.0
824512,2026-05-31,Cincinnati Reds,Atlanta Braves,8.365725851850835,0.48822311266523166,0.4015228663993697,10.0
824187,2026-05-31,Houston Astros,Milwaukee Brewers,8.258197098960661,0.4787989125825709,0.39240699656639433,2.0
824592,2026-05-31,Chicago White Sox,Detroit Tigers,8.34667415265876,0.48655272410175693,0.39990367060093435,3.0
822895,2026-05-31,Texas Rangers,Kansas City Royals,8.409730392400137,0.4920820228287264,0.40526921873430466,9.0
824354,2026-05-31,Colorado Rockies,San Francisco Giants,11.21198536693284,0.7245188543080678,0.6467036192354529,25.0
825001,2026-05-31,Athletics,New York Yankees,9.580869447057715,0.59392935409274,0.5070935362746324,21.0
823133,2026-05-31,Seattle Mariners,Arizona Diamondbacks,7.9996509190749245,0.456197499447459,0.37073743406003834,5.0
823944,2026-05-31,Los Angeles Dodgers,Philadelphia Phillies,9.26718608563045,0.5669801425328374,0.47958635831519336,10.0
823053,2026-05-31,St. Louis Cardinals,Chicago Cubs,8.94261649280746,0.5387653431271219,0.4512281562974269,6.0
822974,2026-06-01,Tampa Bay Rays,Detroit Tigers,8.636213106858836,0.5119468986133932,0.42468127520104315,19.0
822730,2026-06-01,Washington Nationals,Miami Marlins,9.711804618981432,0.6050555634438877,0.5185728974593553,10.0
824510,2026-06-01,Cincinnati Reds,Kansas City Royals,7.650444377783126,0.42590769699072956,0.3421195477169119,11.0
823702,2026-06-01,Minnesota Twins,Chicago White Sox,9.073674521261287,0.5501898931076666,0.4626572060961516,15.0
823781,2026-06-01,Milwaukee Brewers,San Francisco Giants,8.67393504321124,0.5152539539960995,0.4279336376943179,18.0
823050,2026-06-01,St. Louis Cardinals,Texas Rangers,8.94689383483927,0.5391387638772569,0.4516005809714718,3.0
824027,2026-06-01,Los Angeles Angels,Colorado Rockies,9.051241132997488,0.5482370188461622,0.4606984257666181,17.0
823131,2026-06-01,Seattle Mariners,New York Mets,8.224650057881098,0.4758609079089761,0.38957479353893965,5.0
825078,2026-06-01,Arizona Diamondbacks,Los Angeles Dodgers,8.391961030451343,0.49052365653855545,0.40375534781005307,5.0
822971,2026-06-02,Tampa Bay Rays,Detroit Tigers,8.876897451003991,0.5330238356188399,0.44551164460088305,8.0
823460,2026-06-02,Philadelphia Phillies,San Diego Padres,9.002183056559458,0.5439624036125398,0.45641828640774607,5.0
822728,2026-06-02,Washington Nationals,Miami Marlins,9.421490971922015,0.5802839561416218,0.49311348912370406,10.0
824754,2026-06-02,Boston Red Sox,Baltimore Orioles,7.876993465299389,0.4455199883556711,0.3605941437884992,6.0
823541,2026-06-02,New York Yankees,Cleveland Guardians,8.719535643510303,0.5192503047586596,0.4318718204656382,13.0
824511,2026-06-02,Cincinnati Reds,Kansas City Royals,8.469626322167525,0.49733562493746447,0.4103824097949864,7.0
824918,2026-06-02,Atlanta Braves,Toronto Blue Jays,9.473366281224585,0.5847367826733348,0.4976636896449155,7.0
823700,2026-06-02,Minnesota Twins,Chicago White Sox,9.006554363837303,0.5443435060955083,0.4567994693957656,10.0
823782,2026-06-02,Milwaukee Brewers,San Francisco Giants,8.044729093615624,0.4601300008389816,0.37448835175651163,11.0
823052,2026-06-02,St. Louis Cardinals,Texas Rangers,8.628915123829309,0.51130698770655,0.4240526318929282,11.0
824675,2026-06-02,Chicago Cubs,Athletics,8.677853789082294,0.5155974514128256,0.42827179446259617,3.0
824189,2026-06-02,Houston Astros,Pittsburgh Pirates,8.941672686363994,0.5386829422701156,0.45114598561148217,16.0
824026,2026-06-02,Los Angeles Angels,Colorado Rockies,9.61801465641213,0.597093906598713,0.5103511455392854,10.0
823129,2026-06-02,Seattle Mariners,New York Mets,8.33345790273719,0.4853941048220442,0.39878143554997253,11.0
825079,2026-06-02,Arizona Diamondbacks,Los Angeles Dodgers,9.052906783881381,0.5483820580218212,0.4608438305665472,11.0
822727,2026-06-03,Washington Nationals,Miami Marlins,8.82623084922639,0.5285926174138942,0.44111211348103774,5.0
822973,2026-06-03,Tampa Bay Rays,Detroit Tigers,8.947996203067861,0.5392349973092851,0.45169657018953546,9.0
823701,2026-06-03,Minnesota Twins,Chicago White Sox,9.971582645686635,0.6268703277040459,0.5412934631859181,8.0
823130,2026-06-03,Seattle Mariners,New York Mets,8.551591872817417,0.5045255689401079,0.41740423192681464,8.0
823456,2026-06-03,Philadelphia Phillies,San Diego Padres,7.979226501467822,0.4544171149858848,0.36904194645577026,5.0
824755,2026-06-03,Boston Red Sox,Baltimore Orioles,8.967721260429053,0.5409565417888809,0.4534146106610698,9.0
823540,2026-06-03,New York Yankees,Cleveland Guardians,8.863847126414067,0.5318828446606318,0.44437778220293955,9.0
824509,2026-06-03,Cincinnati Reds,Kansas City Royals,8.593917198028802,0.5082378801033846,0.4210406463364712,7.0
824917,2026-06-03,Atlanta Braves,Toronto Blue Jays,9.41769506006896,0.5799577147567289,0.49278056180307067,10.0
823780,2026-06-03,Milwaukee Brewers,San Francisco Giants,9.33893683520344,0.5731767298833912,0.485874407970146,1.0
823051,2026-06-03,St. Louis Cardinals,Texas Rangers,9.08862365206019,0.5514905752469509,0.4639630013902591,8.0
824671,2026-06-03,Chicago Cubs,Athletics,9.17454878509625,0.5589555291648675,0.471475597208846,9.0
824188,2026-06-03,Houston Astros,Pittsburgh Pirates,8.587646562817309,0.5076879263310898,0.42050146649217196,20.0
824024,2026-06-03,Los Angeles Angels,Colorado Rockies,8.76793597305985,0.5234898940091112,0.43605920590058517,15.0
825077,2026-06-03,Arizona Diamondbacks,Los Angeles Dodgers,9.009003436776416,0.5445570051400107,0.4570130487518321,7.0
823457,2026-06-04,Philadelphia Phillies,San Diego Padres,8.939911310731448,0.5385291575060571,0.45099264044422976,10.0
823542,2026-06-04,New York Yankees,Cleveland Guardians,9.090886661396642,0.5516874254984659,0.4641607077335239,3.0
824753,2026-06-04,Boston Red Sox,Baltimore Orioles,10.106696161385498,0.6380625132446351,0.553062273846024,10.0
823779,2026-06-04,Milwaukee Brewers,San Francisco Giants,9.644972504143922,0.5993865923989553,0.51271491032458,21.0
824919,2026-06-04,Atlanta Braves,Toronto Blue Jays,8.088630335786812,0.4639635852966233,0.37815279365483745,9.0
823698,2026-06-04,Minnesota Twins,Kansas City Royals,11.099680673380005,0.7162119422214193,0.6374841840819659,14.0
824672,2026-06-04,Chicago Cubs,Athletics,9.19807346054007,0.5609957596520765,0.4735342887640817,13.0
824185,2026-06-04,Houston Astros,Pittsburgh Pirates,8.751392620249261,0.522041066720252,0.4346271163179174,6.0
825076,2026-06-04,Arizona Diamondbacks,Los Angeles Dodgers,9.32352319444056,0.57184703433788,0.48452324668317165,5.0
824673,2026-06-05,Chicago Cubs,San Francisco Giants,9.17639145338231,0.5591153959411753,0.4716368260167407,21.0
823455,2026-06-05,Philadelphia Phillies,Chicago White Sox,9.04208004065904,0.5474391877143844,0.45989879272408135,14.0
824271,2026-06-05,Detroit Tigers,Seattle Mariners,8.344596918204717,0.48637061294520095,0.39972723079702327,10.0
823538,2026-06-05,New York Yankees,Boston Red Sox,8.803786669012432,0.5266285213687917,0.43916550601665844,8.0
822810,2026-06-05,Toronto Blue Jays,Baltimore Orioles,8.712599464209132,0.5186425458398707,0.43127234766351785,16.0
823860,2026-06-05,Miami Marlins,Tampa Bay Rays,8.821496164392457,0.5281783401716867,0.44070134921147525,6.0
824914,2026-06-05,Atlanta Braves,Pittsburgh Pirates,9.437319185089803,0.581643722063348,0.49450178027666086,9.0
824186,2026-06-05,Houston Astros,Athletics,8.351532335245517,0.48697865187986,0.4003164032194552,6.0
822892,2026-06-05,Texas Rangers,Cleveland Guardians,9.015342794252724,0.545109581593557,0.45756595052041504,5.0
823049,2026-06-05,St. Louis Cardinals,Cincinnati Reds,10.50651859261625,0.6704654614558909,0.5875768294875666,13.0
823699,2026-06-05,Minnesota Twins,Kansas City Royals,9.696588719591372,0.6037667960114843,0.5172394961581407,8.0
824350,2026-06-05,Colorado Rockies,Milwaukee Brewers,12.06041126184223,0.7831491484712227,0.713279236572963,16.0
823293,2026-06-05,San Diego Padres,New York Mets,7.714533692865945,0.4314395012851755,0.34730997238196093,5.0
825073,2026-06-05,Arizona Diamondbacks,Washington Nationals,9.270903515897018,0.5673016083245421,0.4799120330137598,15.0
823943,2026-06-05,Los Angeles Dodgers,Los Angeles Angels,9.166731832147308,0.5582772370603863,0.4707916859197427,1.0
824269,2026-06-06,Detroit Tigers,Seattle Mariners,9.738604187565999,0.607322652174275,0.520920885705387,4.0
823697,2026-06-06,Minnesota Twins,Kansas City Royals,8.858133104918302,0.5313831842753641,0.4438814687290717,5.0
823048,2026-06-06,St. Louis Cardinals,Cincinnati Reds,8.835092944563403,0.5293679528861932,0.4418811270206454,11.0
824669,2026-06-06,Chicago Cubs,San Francisco Giants,8.892050769812606,0.5343483505007031,0.4468287820419251,5.0
822808,2026-06-06,Toronto Blue Jays,Baltimore Orioles,9.479372917693935,0.5852516841234345,0.49819058777968445,10.0
823454,2026-06-06,Philadelphia Phillies,Chicago White Sox,10.394835173874847,0.6615296936291167,0.577991857160027,9.0
823859,2026-06-06,Miami Marlins,Tampa Bay Rays,8.196410443558687,0.4733887309418355,0.3871952001366523,7.0
824184,2026-06-06,Houston Astros,Athletics,9.199707196395815,0.561137389557953,0.4736772871569599,15.0
824915,2026-06-06,Atlanta Braves,Pittsburgh Pirates,9.005291819861185,0.5442334382451789,0.456689370020558,9.0
825075,2026-06-06,Arizona Diamondbacks,Washington Nationals,9.303693477837705,0.5701351766405158,0.4827852352643154,7.0
822891,2026-06-06,Texas Rangers,Cleveland Guardians,8.692110152553765,0.5168469924955448,0.4295024484667014,6.0
824351,2026-06-06,Colorado Rockies,Milwaukee Brewers,11.578246154425372,0.7507504498966213,0.6761538607754248,8.0
823292,2026-06-06,San Diego Padres,New York Mets,7.769708021502117,0.43621265486141136,0.35180149380342224,5.0
823942,2026-06-06,Los Angeles Dodgers,Los Angeles Angels,8.748936531807255,0.5218259430652037,0.43441457554235197,11.0
823453,2026-06-07,Philadelphia Phillies,Chicago White Sox,9.091076458566416,0.5517039346274982,0.4641772896431112,14.0
823537,2026-06-07,New York Yankees,Boston Red Sox,9.45531370659416,0.5831884054430735,0.4960801580971409,7.0
824916,2026-06-07,Atlanta Braves,Pittsburgh Pirates,9.10331936679465,0.5527686691852182,0.4652470395498511,5.0
822807,2026-06-07,Toronto Blue Jays,Baltimore Orioles,8.08991059490552,0.46407543322922956,0.3782598235158968,10.0
823857,2026-06-07,Miami Marlins,Tampa Bay Rays,8.593128372277016,0.5081686985261831,0.42097281107971635,5.0
824268,2026-06-07,Detroit Tigers,Seattle Mariners,9.17150689795816,0.5586915991851638,0.47120945002940723,9.0
823696,2026-06-07,Minnesota Twins,Kansas City Royals,9.10164855196816,0.5526233849055548,0.46510103360926053,11.0
824183,2026-06-07,Houston Astros,Athletics,8.596018603561578,0.5084221763061485,0.42122136863655535,5.0
823047,2026-06-07,St. Louis Cardinals,Cincinnati Reds,9.83452570548607,0.6154067551018163,0.5293183290345734,8.0
822890,2026-06-07,Texas Rangers,Cleveland Guardians,8.477661509170531,0.4980404638067048,0.41106953789948986,10.0
824349,2026-06-07,Colorado Rockies,Milwaukee Brewers,11.938721646662897,0.7752100368606492,0.7041011658102725,16.0
825074,2026-06-07,Arizona Diamondbacks,Washington Nationals,9.03212514161668,0.5465720075865163,0.45903005560825483,6.0
823291,2026-06-07,San Diego Padres,New York Mets,8.278710145742652,0.48059599557508803,0.394141629351021,10.0
823941,2026-06-07,Los Angeles Dodgers,Los Angeles Angels,9.10794611738951,0.5531709473306555,0.4656513774557539,18.0
824670,2026-06-07,Chicago Cubs,San Francisco Giants,8.720042312188383,0.5192946981271412,0.43191561645910037,3.0
824829,2026-06-08,Baltimore Orioles,Seattle Mariners,9.11898713249746,0.554130699277756,0.466616409002683,9.0
822972,2026-06-08,Tampa Bay Rays,Boston Red Sox,8.23652548894019,0.4769008003897582,0.3905767128584735,4.0
824427,2026-06-08,Cleveland Guardians,New York Yankees,9.126008920770794,0.5547409110731135,0.4672302455525076,12.0
822806,2026-06-08,Toronto Blue Jays,Philadelphia Phillies,8.12166042389423,0.4668500957412556,0.38091708331418933,7.0
824025,2026-06-08,Los Angeles Angels,Houston Astros,9.05814007211132,0.5488377127330005,0.4613007101122688,9.0
823289,2026-06-08,San Diego Padres,Cincinnati Reds,7.907014854116557,0.4481300469882784,0.36306806155055704,8.0
823218,2026-06-08,San Francisco Giants,Washington Nationals,8.320285172250086,0.48423942340081577,0.3976637279459869,7.0
824998,2026-06-08,Athletics,Milwaukee Brewers,9.668726854727545,0.6014039990551553,0.5147974130934956,29.0
824830,2026-06-09,Baltimore Orioles,Seattle Mariners,9.445962234954418,0.5823858163303267,0.49525989058716746,11.0
822969,2026-06-09,Tampa Bay Rays,Boston Red Sox,8.871638343195057,0.5325640634996303,0.4450546589344438,7.0
823374,2026-06-09,Pittsburgh Pirates,Los Angeles Dodgers,10.127707338294298,0.6397927020394601,0.5548884885836776,15.0
823858,2026-06-09,Miami Marlins,Arizona Diamondbacks,8.61446662786254,0.5100400122762161,0.42280861959967614,16.0
824267,2026-06-09,Detroit Tigers,Minnesota Twins,9.00514030744739,0.544220229252649,0.456676157696453,14.0
824429,2026-06-09,Cleveland Guardians,New York Yankees,10.2544187711304,0.6501651617728316,0.565875749270324,5.0
822805,2026-06-09,Toronto Blue Jays,Philadelphia Phillies,8.266004662159242,0.4794828596250697,0.39306697307672234,5.0
823620,2026-06-09,New York Mets,St. Louis Cardinals,8.568028296572935,0.505967255146343,0.418815559696011,7.0
824105,2026-06-09,Kansas City Royals,Texas Rangers,9.934026418365955,0.6237397606085316,0.5380153090510327,8.0
824591,2026-06-09,Chicago White Sox,Atlanta Braves,9.471166537876835,0.5845481796069979,0.4974707306002627,11.0
824347,2026-06-09,Colorado Rockies,Chicago Cubs,12.542226891621251,0.8129489923313626,0.7482309500402257,10.0
824023,2026-06-09,Los Angeles Angels,Houston Astros,8.152379484019736,0.4695362135468387,0.3834934326057897,11.0
823290,2026-06-09,San Diego Padres,Cincinnati Reds,7.971346925792473,0.4537304997560906,0.3683885194647961,8.0
823214,2026-06-09,San Francisco Giants,Washington Nationals,8.834488445630049,0.5293150694096921,0.4418286642741146,9.0
824999,2026-06-09,Athletics,Milwaukee Brewers,13.091029615680371,0.8436297145049145,0.7851208826583229,12.0
822970,2026-06-10,Tampa Bay Rays,Boston Red Sox,9.303486961690918,0.5701173415387562,0.48276713644632563,12.0
824428,2026-06-10,Cleveland Guardians,New York Yankees,8.63652662553109,0.511974388273853,0.42470828579096553,12.0
823215,2026-06-10,San Francisco Giants,Washington Nationals,8.950019781402169,0.5394116436295265,0.45187278154534954,21.0
823287,2026-06-10,San Diego Padres,Cincinnati Reds,8.461475497993924,0.4966206509950394,0.4096856739600274,9.0
824831,2026-06-10,Baltimore Orioles,Seattle Mariners,9.614524843300964,0.5967968622163521,0.5100451173467683,9.0
823372,2026-06-10,Pittsburgh Pirates,Los Angeles Dodgers,10.379104957521616,0.6602636363000632,0.5766379896078984,17.0
823856,2026-06-10,Miami Marlins,Arizona Diamondbacks,8.851968584116639,0.5308440747379871,0.44334612409673624,8.0
824266,2026-06-10,Detroit Tigers,Minnesota Twins,8.83140810946969,0.5290455838610196,0.441561346509679,10.0
822804,2026-06-10,Toronto Blue Jays,Philadelphia Phillies,9.521384262938097,0.5888488432384134,0.5018758317919338,11.0
823618,2026-06-10,New York Mets,St. Louis Cardinals,10.347614013838323,0.6577236378963421,0.5739249233234736,11.0
824103,2026-06-10,Kansas City Royals,Texas Rangers,10.238585858703292,0.6488750186933576,0.5645054632630485,10.0
824590,2026-06-10,Chicago White Sox,Atlanta Braves,8.742138446190818,0.5212304799816578,0.43382639347603014,3.0
824348,2026-06-10,Colorado Rockies,Chicago Cubs,12.19244999215224,0.7915772208485463,0.723082501104213,5.0
824996,2026-06-10,Athletics,Milwaukee Brewers,12.624991197955326,0.8178004004649193,0.754000107513032,7.0
824022,2026-06-10,Los Angeles Angels,Houston Astros,8.090935403520609,0.46416496615511355,0.3783455044076809,5.0
823619,2026-06-11,New York Mets,St. Louis Cardinals,10.14274132531905,0.6410289399197552,0.5561944755520458,9.0
823855,2026-06-11,Miami Marlins,Arizona Diamondbacks,9.08980673775972,0.5515934887875752,0.46406635979831257,2.0
824265,2026-06-11,Detroit Tigers,Minnesota Twins,9.101140027701604,0.5525791652087174,0.46505659660403753,11.0
824101,2026-06-11,Kansas City Royals,Texas Rangers,9.377653092878557,0.576512984705611,0.4892689598486166,6.0
824346,2026-06-11,Colorado Rockies,Chicago Cubs,11.738770691248611,0.761813982752058,0.6887347094092657,12.0
823371,2026-06-11,Pittsburgh Pirates,Los Angeles Dodgers,10.207546371114475,0.6463407960688835,0.5618168648627516,14.0
824827,2026-06-11,Baltimore Orioles,Seattle Mariners,9.31683343114779,0.5712696705971505,0.4839368757504276,12.0
823370,2026-06-12,Pittsburgh Pirates,Miami Marlins,10.435497406300081,0.6647939432180732,0.581487266530057,11.0
822726,2026-06-12,Washington Nationals,Seattle Mariners,10.126225433809482,0.6396707662810441,0.5547597245698628,12.0
824826,2026-06-12,Baltimore Orioles,San Diego Padres,9.916318781001294,0.6222608652747561,0.5364687600628908,10.0
824425,2026-06-12,Cleveland Guardians,Detroit Tigers,8.567562830004679,0.5059264287125891,0.41877557753594175,5.0
824752,2026-06-12,Boston Red Sox,Texas Rangers,8.16442818349148,0.47059015425073975,0.3845053494216237,11.0
823617,2026-06-12,New York Mets,Atlanta Braves,9.359502386941921,0.5749495709660999,0.48767743615931414,12.0
824507,2026-06-12,Cincinnati Reds,Arizona Diamondbacks,9.551398276787236,0.5914142000819538,0.5045085876839133,7.0
822803,2026-06-12,Toronto Blue Jays,New York Yankees,9.212954879462101,0.5622855514673071,0.4748369601890481,13.0
823778,2026-06-12,Milwaukee Brewers,Philadelphia Phillies,8.053439855013233,0.4608903666958025,0.3752145510305636,6.0
824588,2026-06-12,Chicago White Sox,Los Angeles Dodgers,9.21971226447406,0.5628710052021082,0.47542856954537555,10.0
823695,2026-06-12,Minnesota Twins,St. Louis Cardinals,9.938747180263,0.624133720709589,0.5384275147341024,17.0
824102,2026-06-12,Kansas City Royals,Houston Astros,9.809666602606,0.6133163279443263,0.527143140425889,18.0
824020,2026-06-12,Los Angeles Angels,Tampa Bay Rays,8.623121722826927,0.5107989826433256,0.42355372973571226,7.0
824997,2026-06-12,Athletics,Colorado Rockies,11.33790284402985,0.7336881297419153,0.6569389055637629,10.0
823211,2026-06-12,San Francisco Giants,Chicago Cubs,9.38302278418619,0.5769752742202519,0.4897398289250145,6.0
823694,2026-06-13,Minnesota Twins,St. Louis Cardinals,9.347786005288729,0.5739397506799986,0.48665020138286935,15.0
822802,2026-06-13,Toronto Blue Jays,New York Yankees,8.504460984700426,0.5003913198430897,0.41336325392169915,4.0
822725,2026-06-13,Washington Nationals,Seattle Mariners,10.375879493477687,0.6600038084881243,0.5763602681339983,11.0
823369,2026-06-13,Pittsburgh Pirates,Miami Marlins,10.207925131835978,0.6463717594274961,0.561849690066913,5.0
824828,2026-06-13,Baltimore Orioles,San Diego Padres,10.091771970239167,0.6368318454763261,0.5517644315604672,12.0
823616,2026-06-13,New York Mets,Atlanta Braves,9.263267660707932,0.5666412476884929,0.4792430897379087,4.0
824426,2026-06-13,Cleveland Guardians,Detroit Tigers,8.982569346741874,0.5422519339802261,0.4547084471349864,4.0
824508,2026-06-13,Cincinnati Reds,Arizona Diamondbacks,9.383766167261609,0.5770392655034179,0.48980501744570826,3.0
824587,2026-06-13,Chicago White Sox,Los Angeles Dodgers,9.146135122757705,0.55648920734553,0.4689900815325543,8.0
824749,2026-06-13,Boston Red Sox,Texas Rangers,8.263777468412831,0.4792877499206578,0.3928786760524033,9.0
823776,2026-06-13,Milwaukee Brewers,Philadelphia Phillies,10.2190608254251,0.6472816591146446,0.562814571086327,17.0
824100,2026-06-13,Kansas City Royals,Houston Astros,9.162171899306257,0.5578814838134167,0.4703927735011792,15.0
823213,2026-06-13,San Francisco Giants,Chicago Cubs,8.609956466512461,0.5096444989929902,0.42242045269442596,7.0
824995,2026-06-13,Athletics,Colorado Rockies,12.357977590426803,0.8018652885644838,0.7351355624331947,12.0
824019,2026-06-13,Los Angeles Angels,Tampa Bay Rays,8.981608743005811,0.5421681414181279,0.45462472710302004,8.0
823368,2026-06-14,Pittsburgh Pirates,Miami Marlins,10.009318642667507,0.6300074655396011,0.5445844824232414,6.0
822722,2026-06-14,Washington Nationals,Seattle Mariners,10.44502252183971,0.6655568084092253,0.5823051465087307,11.0
824823,2026-06-14,Baltimore Orioles,San Diego Padres,9.66482957101555,0.6010731952081322,0.5144557711419657,7.0
822801,2026-06-14,Toronto Blue Jays,New York Yankees,8.523816026114314,0.5020891446903305,0.41502166063515056,11.0
823615,2026-06-14,New York Mets,Atlanta Braves,9.900760343399632,0.6209599838977357,0.5351094620138416,9.0
824506,2026-06-14,Cincinnati Reds,Arizona Diamondbacks,9.747034406951524,0.6080350518216026,0.5216593355504582,8.0
823693,2026-06-14,Minnesota Twins,St. Louis Cardinals,9.82455201173235,0.6145684563190731,0.5284457253735367,9.0
823777,2026-06-14,Milwaukee Brewers,Philadelphia Phillies,7.769395848655007,0.4361856218336339,0.35177602207493647,4.0
824099,2026-06-14,Kansas City Royals,Houston Astros,9.271025030303761,0.5673121155652796,0.47992267881226636,4.0
824586,2026-06-14,Chicago White Sox,Los Angeles Dodgers,9.184386053250917,0.5598088819776298,0.47233638674956674,10.0
824994,2026-06-14,Athletics,Colorado Rockies,11.638666927713201,0.7549465111884459,0.6809139156370134,32.0
823212,2026-06-14,San Francisco Giants,Chicago Cubs,7.950034227312071,0.45187403951613603,0.36662303929949225,6.0
824021,2026-06-14,Los Angeles Angels,Tampa Bay Rays,8.25582075603977,0.47859075587014366,0.3922061846405077,11.0
824751,2026-06-14,Boston Red Sox,Texas Rangers,8.935712288568467,0.5381625199315897,0.4506271035837302,10.0
823452,2026-06-15,Philadelphia Phillies,Miami Marlins,8.125606796806284,0.4671950902262325,0.38124776541856864,7.0
822724,2026-06-15,Washington Nationals,Kansas City Royals,8.821981552382182,0.5282208122435814,0.44074345680459615,10.0
824505,2026-06-15,Cincinnati Reds,New York Mets,8.733812929926355,0.5205011606062955,0.43310625517459295,12.0
823046,2026-06-15,St. Louis Cardinals,San Diego Padres,7.746285651743788,0.4341851994945013,0.34989220133949656,3.0
822887,2026-06-15,Texas Rangers,Minnesota Twins,8.01463456194332,0.4575041763014235,0.3719828681373872,6.0
824666,2026-06-15,Chicago Cubs,Colorado Rockies,9.396544808971976,0.5781389467425355,0.4909256392839873,9.0
824181,2026-06-15,Houston Astros,Detroit Tigers,8.771296197821101,0.5237841371463443,0.436350189738355,12.0
824993,2026-06-15,Athletics,Pittsburgh Pirates,10.155005018787842,0.6420362858225367,0.5572593588581743,13.0
825071,2026-06-15,Arizona Diamondbacks,Los Angeles Angels,9.371904797133,0.5760179834999015,0.48876490748155305,7.0
823938,2026-06-15,Los Angeles Dodgers,Tampa Bay Rays,9.595910051058357,0.5952114767876483,0.5084126561435716,7.0
823451,2026-06-16,Philadelphia Phillies,Miami Marlins,8.508585013996422,0.5007530814605142,0.41371648648095627,10.0
822723,2026-06-16,Washington Nationals,Kansas City Royals,9.681317547135073,0.6024722058597499,0.5159010572730115,10.0
824750,2026-06-16,Boston Red Sox,Toronto Blue Jays,8.55094378706203,0.5044687221316154,0.417348605155248,7.0
823535,2026-06-16,New York Yankees,Chicago White Sox,9.10232118746364,0.5526818742021958,0.46515981201754075,14.0
824504,2026-06-16,Cincinnati Reds,New York Mets,8.860476878774294,0.5315881406927381,0.44408503568595875,8.0
824912,2026-06-16,Atlanta Braves,San Francisco Giants,8.792595819073131,0.5256489622681441,0.43819545812447225,9.0
823775,2026-06-16,Milwaukee Brewers,Cleveland Guardians,9.162502248523625,0.5579101565271323,0.47042167214507075,3.0
823045,2026-06-16,St. Louis Cardinals,San Diego Padres,9.480633359183626,0.5853597132474847,0.49830115329575175,5.0
822888,2026-06-16,Texas Rangers,Minnesota Twins,8.94389716237318,0.5388771518121885,0.4513396586621527,14.0
824667,2026-06-16,Chicago Cubs,Colorado Rockies,9.910407155117197,0.6217667413072208,0.535952326793851,7.0
824182,2026-06-16,Houston Astros,Detroit Tigers,8.504800005329736,0.5004210588941858,0.4133922891743752,6.0
823128,2026-06-16,Seattle Mariners,Baltimore Orioles,8.090646178546997,0.4641396976841917,0.37832132264884744,4.0
824991,2026-06-16,Athletics,Pittsburgh Pirates,10.605962540376508,0.6783410451636154,0.5960678235306811,11.0
825070,2026-06-16,Arizona Diamondbacks,Los Angeles Angels,9.108240904381132,0.5531965760748688,0.46567714049024406,7.0
823939,2026-06-16,Los Angeles Dodgers,Tampa Bay Rays,8.401614480426211,0.49137024400584633,0.404577601667764,1.0
824503,2026-06-17,Cincinnati Reds,New York Mets,8.223097752227524,0.4757249896002524,0.3894438809861342,10.0
822721,2026-06-17,Washington Nationals,Kansas City Royals,10.222628706367775,0.6475730135296487,0.5631236406445014,8.0
823450,2026-06-17,Philadelphia Phillies,Miami Marlins,9.449142266374908,0.5826587808954864,0.4955388260480015,16.0
824178,2026-06-17,Houston Astros,Detroit Tigers,8.696690781558493,0.5172484407223269,0.42989800879898044,6.0
823044,2026-06-17,St. Louis Cardinals,San Diego Padres,10.035062595412764,0.6321427202987684,0.5468279150904047,7.0
823940,2026-06-17,Los Angeles Dodgers,Tampa Bay Rays,8.908071720446609,0.535748288994492,0.44822197252262874,9.0
825072,2026-06-17,Arizona Diamondbacks,Los Angeles Angels,9.024074374025814,0.5458705353975284,0.45832762976655667,9.0
824746,2026-06-17,Boston Red Sox,Toronto Blue Jays,8.765308575159263,0.5232598130274817,0.4358317064332242,3.0
823536,2026-06-17,New York Yankees,Chicago White Sox,8.214801212884865,0.474998601308227,0.3887444115062897,15.0
824913,2026-06-17,Atlanta Braves,San Francisco Giants,9.322074294002986,0.5717219991835948,0.4843962448220302,12.0
823774,2026-06-17,Milwaukee Brewers,Cleveland Guardians,8.98176404998684,0.5421816888273968,0.454638262522264,13.0
824668,2026-06-17,Chicago Cubs,Colorado Rockies,9.390613944856115,0.5776286343850383,0.4904055232432013,14.0
823127,2026-06-17,Seattle Mariners,Baltimore Orioles,8.577426937883178,0.5067916033081367,0.41962305321583115,8.0
824992,2026-06-17,Athletics,Pittsburgh Pirates,9.711084989252921,0.6049946374829412,0.5185098393543025,16.0
824748,2026-06-18,Boston Red Sox,Toronto Blue Jays,8.582776477159971,0.5072607948767708,0.4200828155681118,7.0
823772,2026-06-18,Milwaukee Brewers,Cleveland Guardians,8.895400719508157,0.5346411106569443,0.4471200417982328,6.0
822889,2026-06-18,Texas Rangers,Minnesota Twins,9.009075241781893,0.5445632645800761,0.457019310928107,12.0
823125,2026-06-18,Seattle Mariners,Baltimore Orioles,8.089302086681082,0.4640222714592221,0.378208950968475,3.0
823448,2026-06-18,Philadelphia Phillies,New York Mets,9.577844831942304,0.593671401333757,0.506828255852181,10.0
823533,2026-06-18,New York Yankees,Chicago White Sox,10.395638919021922,0.6615943347606311,0.5780610092599121,6.0
824098,2026-06-18,Kansas City Royals,St. Louis Cardinals,8.325225805048538,0.4846724892510484,0.3980828432610436,20.0
824989,2026-06-18,Athletics,Los Angeles Angels,9.96306613211913,0.6261611439038566,0.5405503240249506,5.0
824663,2026-06-19,Chicago Cubs,Toronto Blue Jays,8.534496117833715,0.5030259884417168,0.415937418476997,18.0
824264,2026-06-19,Detroit Tigers,Chicago White Sox,7.627593427518242,0.42393880248554716,0.3402760382503472,7.0
823534,2026-06-19,New York Yankees,Cincinnati Reds,9.823169279381876,0.6144521939446745,0.5283247385255913,5.0
822966,2026-06-19,Tampa Bay Rays,Washington Nationals,9.111197612948356,0.5534536196410372,0.46593555123198527,7.0
823853,2026-06-19,Miami Marlins,San Francisco Giants,8.84949169967051,0.5306274462932282,0.4431310534231825,7.0
824910,2026-06-19,Atlanta Braves,Milwaukee Brewers,8.940308450632859,0.5385638320822358,0.45102721476218544,5.0
822886,2026-06-19,Texas Rangers,San Diego Padres,9.283641074373968,0.5684027531215108,0.48102803878088063,16.0
824179,2026-06-19,Houston Astros,Cleveland Guardians,9.38863676725604,0.5774584820772367,0.4902321352646577,12.0
824097,2026-06-19,Kansas City Royals,St. Louis Cardinals,9.390606116727565,0.5776279607390766,0.490404836754291,11.0
824345,2026-06-19,Colorado Rockies,Pittsburgh Pirates,11.255447166247471,0.7277012100523516,0.6502489006905496,7.0
824990,2026-06-19,Athletics,Los Angeles Angels,9.757742731513114,0.6089394415647611,0.5225972297797036,23.0
825069,2026-06-19,Arizona Diamondbacks,Minnesota Twins,9.313912036944766,0.5710174901175871,0.48368082061536466,14.0
823124,2026-06-19,Seattle Mariners,Boston Red Sox,8.306515054526953,0.48303251827012667,0.3964962295393596,8.0
823936,2026-06-19,Los Angeles Dodgers,Baltimore Orioles,9.20596916762721,0.5616801723425071,0.4742254191468542,11.0
824263,2026-06-20,Detroit Tigers,Chicago White Sox,8.272524809403079,0.48005407466502314,0.3936183594868117,5.0
823532,2026-06-20,New York Yankees,Cincinnati Reds,9.9856257977602,0.6280387843336073,0.5425185328215567,12.0
824665,2026-06-20,Chicago Cubs,Toronto Blue Jays,9.0480825521749,0.5479619627773307,0.4604227084749946,14.0
822885,2026-06-20,Texas Rangers,San Diego Padres,8.545267884606853,0.5039708568916307,0.41686149948957185,10.0
822967,2026-06-20,Tampa Bay Rays,Washington Nationals,8.249875964679504,0.47807004518525303,0.39170394821073906,7.0
823854,2026-06-20,Miami Marlins,San Francisco Giants,7.946193185052895,0.4515395730410735,0.36630515750006903,9.0
824909,2026-06-20,Atlanta Braves,Milwaukee Brewers,8.492295888509847,0.4993241916429921,0.41232169503558413,7.0
823447,2026-06-20,Philadelphia Phillies,New York Mets,8.968116439692672,0.5409910241248137,0.45344903955384386,18.0
824180,2026-06-20,Houston Astros,Cleveland Guardians,8.864180374082569,0.5319119838309461,0.44440673041978146,9.0
824342,2026-06-20,Colorado Rockies,Pittsburgh Pirates,11.706081519477468,0.7595830546529836,0.686189934709457,3.0
824988,2026-06-20,Athletics,Los Angeles Angels,9.403635647654214,0.5787488951424624,0.49154750121334756,7.0
823126,2026-06-20,Seattle Mariners,Boston Red Sox,8.858619056220222,0.5314256800322836,0.44392367449905257,6.0
823937,2026-06-20,Los Angeles Dodgers,Baltimore Orioles,8.337074824867413,0.48571117503787326,0.39908847751476856,5.0
825068,2026-06-20,Arizona Diamondbacks,Minnesota Twins,9.751849335275923,0.6084417773209329,0.5220810687289719,24.0
823531,2026-06-21,New York Yankees,Cincinnati Reds,8.694498663910554,0.5170563247788473,0.42970869961958374,5.0
824908,2026-06-21,Atlanta Braves,Milwaukee Brewers,9.354544743407784,0.5745223374849615,0.4872427639603516,13.0
822968,2026-06-21,Tampa Bay Rays,Washington Nationals,8.441880752742666,0.4949018880671553,0.40801187754451884,7.0
823852,2026-06-21,Miami Marlins,San Francisco Giants,9.151273788156008,0.556935411363208,0.4694395051496134,3.0
824260,2026-06-21,Detroit Tigers,Chicago White Sox,8.163549037169648,0.4705132452754777,0.38443148710648556,9.0
824095,2026-06-21,Kansas City Royals,St. Louis Cardinals,8.80047319618107,0.5263385024954458,0.43887824843889267,22.0
824177,2026-06-21,Houston Astros,Cleveland Guardians,8.744187830245684,0.5214099962384247,0.43400369434508074,3.0
822883,2026-06-21,Texas Rangers,San Diego Padres,8.274512958219924,0.4802282599942615,0.3937865328935033,7.0
824343,2026-06-21,Colorado Rockies,Pittsburgh Pirates,11.748175612656727,0.7624537301131078,0.6894651996662123,14.0
825067,2026-06-21,Arizona Diamondbacks,Minnesota Twins,9.92588589882324,0.6230601099385259,0.5373044026023513,6.0
824987,2026-06-21,Athletics,Los Angeles Angels,9.77314912534081,0.6102395807265901,0.5239463859955598,16.0
823123,2026-06-21,Seattle Mariners,Boston Red Sox,7.983061187929275,0.4547513136227123,0.3693600813394511,4.0
823934,2026-06-21,Los Angeles Dodgers,Baltimore Orioles,9.369572177327557,0.5758170810749406,0.4885603714891959,13.0
823449,2026-06-21,Philadelphia Phillies,New York Mets,9.00262435356435,0.5440008789296839,0.45645676619657205,8.0
824261,2026-06-22,Detroit Tigers,New York Yankees,8.493537265721361,0.4994330857673663,0.41242795189790504,8.0
822964,2026-06-22,Tampa Bay Rays,Kansas City Royals,8.359561114545185,0.4876825853186392,0.4009987414781031,3.0
823851,2026-06-22,Miami Marlins,Texas Rangers,8.738898520898788,0.5209466692251777,0.4335461210318705,7.0
822720,2026-06-22,Washington Nationals,Philadelphia Phillies,9.178892244781656,0.5593323449495318,0.47185564636023747,5.0
822800,2026-06-22,Toronto Blue Jays,Houston Astros,7.441375273466803,0.4079687212249884,0.3253982171958559,6.0
824502,2026-06-22,Cincinnati Reds,Milwaukee Brewers,9.332958825360578,0.5726611200393004,0.48535035492642997,3.0
823692,2026-06-22,Minnesota Twins,Los Angeles Dodgers,9.76463933277225,0.6095215943535346,0.523201206293794,3.0
824585,2026-06-22,Chicago White Sox,Cleveland Guardians,9.056129332337347,0.5486626481567207,0.4611251612738686,11.0
823040,2026-06-22,St. Louis Cardinals,Arizona Diamondbacks,9.228548501082747,0.5636363608899756,0.47620226399180204,5.0
824344,2026-06-22,Colorado Rockies,Boston Red Sox,11.937826307969186,0.7751510200849496,0.7040331403099418,5.0
824016,2026-06-22,Los Angeles Angels,Baltimore Orioles,8.984037455891592,0.5423799921335651,0.4548364019545636,7.0
823288,2026-06-22,San Diego Padres,Atlanta Braves,8.182586989355016,0.47217895365895013,0.38603191286399885,1.0
822799,2026-06-23,Toronto Blue Jays,Houston Astros,8.649906277788102,0.5131474761255532,0.4258613115172721,16.0
822963,2026-06-23,Tampa Bay Rays,Kansas City Royals,7.982219669719432,0.4546779713057769,0.36929025927798553,17.0
823365,2026-06-23,Pittsburgh Pirates,Seattle Mariners,10.181696892968395,0.6442253456743525,0.5595756329973388,5.0
823849,2026-06-23,Miami Marlins,Texas Rangers,8.353947105218824,0.4871903657432773,0.4005215943012588,10.0
824262,2026-06-23,Detroit Tigers,New York Yankees,8.52051016690367,0.5017991564450964,0.41473829509359195,7.0
822718,2026-06-23,Washington Nationals,Philadelphia Phillies,8.514277609370533,0.5012524372873074,0.4142041849875502,23.0
823614,2026-06-23,New York Mets,Chicago Cubs,9.256850795873591,0.566086163248267,0.4786809819093236,15.0
824501,2026-06-23,Cincinnati Reds,Milwaukee Brewers,8.937408362236507,0.5383106165073263,0.45077474661238737,2.0
823690,2026-06-23,Minnesota Twins,Los Angeles Dodgers,8.7216457368831,0.5194351856411701,0.4320542205866536,15.0
824584,2026-06-23,Chicago White Sox,Cleveland Guardians,8.49972913112393,0.499976239240855,0.4129580462080695,3.0
823043,2026-06-23,St. Louis Cardinals,Arizona Diamondbacks,9.352867557541352,0.5743777832639242,0.48709571643997496,7.0
824340,2026-06-23,Colorado Rockies,Boston Red Sox,11.66636297612921,0.7568571502384368,0.6830859892134884,7.0
824017,2026-06-23,Los Angeles Angels,Baltimore Orioles,9.096291759998914,0.5521575421084195,0.4646329563893696,6.0
823286,2026-06-23,San Diego Padres,Atlanta Braves,7.43208860115416,0.4071760519258502,0.32466325093408405,13.0
823210,2026-06-23,San Francisco Giants,Athletics,8.943341331851856,0.5388286254798282,0.4512912644285791,4.0
823850,2026-06-24,Miami Marlins,Texas Rangers,7.443306536316104,0.4081336127239604,0.3255511467402836,6.0
823613,2026-06-24,New York Mets,Chicago Cubs,9.467946693690754,0.5842720793370615,0.4971882905219569,13.0
824583,2026-06-24,Chicago White Sox,Cleveland Guardians,8.312605315683086,0.48356629093525233,0.3970124781013421,7.0
824341,2026-06-24,Colorado Rockies,Boston Red Sox,10.449620740364384,0.665924834817794,0.5826998482543864,14.0
824018,2026-06-24,Los Angeles Angels,Baltimore Orioles,9.037909384239093,0.5470759054155826,0.45953480727358453,13.0
822965,2026-06-24,Tampa Bay Rays,Kansas City Royals,8.415531613148723,0.4925908150095271,0.405763765285809,8.0
823367,2026-06-24,Pittsburgh Pirates,Seattle Mariners,9.8891349138155,0.6199870555433625,0.5340935116976651,12.0
824259,2026-06-24,Detroit Tigers,New York Yankees,7.887885216750368,0.44646665006390124,0.3614910125462932,6.0
822719,2026-06-24,Washington Nationals,Philadelphia Phillies,9.692663956977007,0.6034341889086124,0.5168955290607655,9.0
822798,2026-06-24,Toronto Blue Jays,Houston Astros,8.915779595149505,0.5364216599013164,0.448892482141315,4.0
823611,2026-06-24,New York Mets,Chicago Cubs,8.37911459677401,0.48939711790154733,0.40266178442715056,15.0
824500,2026-06-24,Cincinnati Reds,Milwaukee Brewers,9.282352915263973,0.5682914175070171,0.4809151693523488,11.0
823691,2026-06-24,Minnesota Twins,Los Angeles Dodgers,9.587179181145903,0.5944673451870147,0.5076469349394337,7.0
823041,2026-06-24,St. Louis Cardinals,Arizona Diamondbacks,9.445896071400579,0.5823801366229584,0.4952540870958863,13.0
823284,2026-06-24,San Diego Padres,Atlanta Braves,7.972924240234732,0.45386793373193746,0.3685192905046438,7.0
823208,2026-06-24,San Francisco Giants,Athletics,7.597562374384367,0.42135414455205167,0.33785907052165143,3.0
822961,2026-06-25,Tampa Bay Rays,Kansas City Royals,9.494423596778928,0.586541214831396,0.4995108351220307,15.0
823366,2026-06-25,Pittsburgh Pirates,Seattle Mariners,9.600143865017792,0.5955722007849269,0.5087839622368031,6.0
823209,2026-06-25,San Francisco Giants,Athletics,8.420378798779705,0.49301594345774735,0.40617709698285787,15.0
824258,2026-06-25,Detroit Tigers,Houston Astros,8.747835868518015,0.5217295362001411,0.43431933437448134,3.0
822717,2026-06-25,Washington Nationals,Philadelphia Phillies,10.225322611421932,0.6477929414189517,0.5633569760678615,15.0
822797,2026-06-25,Toronto Blue Jays,Texas Rangers,8.143168911496915,0.4687306769874974,0.3827204126747792,11.0
823612,2026-06-25,New York Mets,Chicago Cubs,9.914375096232643,0.6220984241775539,0.5362989685933409,7.0
824747,2026-06-25,Boston Red Sox,New York Yankees,8.355259812668127,0.48730545829267524,0.40063315096754243,9.0
823363,2026-06-26,Pittsburgh Pirates,Cincinnati Reds,9.344255585984431,0.5736353728547612,0.48634068861836144,10.0
824255,2026-06-26,Detroit Tigers,Houston Astros,8.611472305317724,0.5097774297675658,0.4225509049310401,8.0
824824,2026-06-26,Baltimore Orioles,Washington Nationals,8.1086986429245,0.46571714502995626,0.37983157775011056,4.0
822796,2026-06-26,Toronto Blue Jays,Texas Rangers,9.208116914029617,0.5618663106609763,0.4744134301049042,9.0
822962,2026-06-26,Tampa Bay Rays,Arizona Diamondbacks,9.578260155680317,0.5937068244179153,0.5068646829020498,7.0
823610,2026-06-26,New York Mets,Philadelphia Phillies,9.974446201414489,0.627108684206082,0.5415433008013636,3.0
824423,2026-06-26,Cleveland Guardians,Seattle Mariners,8.268222359039887,0.47967714225681457,0.39325449205556967,4.0
824743,2026-06-26,Boston Red Sox,New York Yankees,8.832870295179593,0.5291735059543803,0.44168823461388035,7.0
824582,2026-06-26,Chicago White Sox,Kansas City Royals,7.380558086751044,0.4027846249133577,0.3205974802674593,23.0
823773,2026-06-26,Milwaukee Brewers,Chicago Cubs,8.625324091510073,0.5109921035163161,0.4237433736255718,8.0
823688,2026-06-26,Minnesota Twins,Colorado Rockies,9.550257193870754,0.5913167403287879,0.5044084975464111,17.0
823039,2026-06-26,St. Louis Cardinals,Miami Marlins,9.823225122707,0.6144568895412104,0.5283296247770949,4.0
824014,2026-06-26,Los Angeles Angels,Athletics,8.107595210889006,0.46562071002060296,0.3797392126117518,12.0
823285,2026-06-26,San Diego Padres,Los Angeles Dodgers,8.260432135944935,0.478994696823121,0.39259589363808944,8.0
823206,2026-06-26,San Francisco Giants,Atlanta Braves,9.46948124745035,0.5844036718670904,0.49732289919274075,4.0
824257,2026-06-27,Detroit Tigers,Houston Astros,7.774773474082573,0.4366513461006999,0.35221490206232686,14.0
824745,2026-06-27,Boston Red Sox,New York Yankees,8.495984161346392,0.49964772858345907,0.4126374150430516,5.0
822794,2026-06-27,Toronto Blue Jays,Texas Rangers,9.820358027481957,0.6142157876331806,0.5280787504759369,11.0
823364,2026-06-27,Pittsburgh Pirates,Cincinnati Reds,8.677659689441871,0.5155804378917137,0.42825504395712655,16.0
823609,2026-06-27,New York Mets,Philadelphia Phillies,8.119614596941652,0.46667125800443465,0.3807456896379541,8.0
824581,2026-06-27,Chicago White Sox,Kansas City Royals,9.29121239532669,0.5690570324140958,0.4816914738171564,3.0
822960,2026-06-27,Tampa Bay Rays,Arizona Diamondbacks,9.380543329553456,0.576761825195872,0.48952240334102615,6.0
824825,2026-06-27,Baltimore Orioles,Washington Nationals,8.199226147066545,0.47363518129406773,0.3874322750890669,7.0
823689,2026-06-27,Minnesota Twins,Colorado Rockies,10.183943194107876,0.6444093542288402,0.5597704712472644,13.0
823770,2026-06-27,Milwaukee Brewers,Chicago Cubs,8.567165338404175,0.5058915643668273,0.41874143488263144,10.0
824421,2026-06-27,Cleveland Guardians,Seattle Mariners,8.42942581064506,0.493809443740077,0.40694883785846464,7.0
823038,2026-06-27,St. Louis Cardinals,Miami Marlins,9.599123519029648,0.595485273989833,0.508694478430844,6.0
823283,2026-06-27,San Diego Padres,Los Angeles Dodgers,7.889987822500681,0.4466494343434462,0.3616642370556216,18.0
823207,2026-06-27,San Francisco Giants,Atlanta Braves,8.824689586666068,0.5284577628146923,0.44097839209422157,5.0
824015,2026-06-27,Los Angeles Angels,Athletics,8.133162590577628,0.46785569117454573,0.38188113688455794,7.0
823362,2026-06-28,Pittsburgh Pirates,Cincinnati Reds,9.414081064944812,0.5796470572217975,0.4924635944881567,13.0
824821,2026-06-28,Baltimore Orioles,Washington Nationals,8.435085075646775,0.49430582231430087,0.4074317763706692,10.0
822795,2026-06-28,Toronto Blue Jays,Texas Rangers,9.593382030668836,0.5949960490226074,0.5081909448952938,5.0
822959,2026-06-28,Tampa Bay Rays,Arizona Diamondbacks,8.741272837379928,0.5211546554874886,0.4337515099995399,6.0
823608,2026-06-28,New York Mets,Philadelphia Phillies,9.09290679870251,0.5518631385212718,0.4643372031970395,9.0
824256,2026-06-28,Detroit Tigers,Houston Astros,8.206338562707753,0.4742577551095817,0.3880313088718589,12.0
824422,2026-06-28,Cleveland Guardians,Seattle Mariners,8.936291132879418,0.5382130636505923,0.45067749115124983,11.0
823686,2026-06-28,Minnesota Twins,Colorado Rockies,9.62017385305768,0.5972776641055101,0.5105404864628962,5.0
823769,2026-06-28,Milwaukee Brewers,Chicago Cubs,9.221305169406131,0.5630089930458725,0.475568036381685,7.0
824580,2026-06-28,Chicago White Sox,Kansas City Royals,8.410587955232241,0.4921572340111885,0.4053423153487192,9.0
823037,2026-06-28,St. Louis Cardinals,Miami Marlins,10.400706170986282,0.6620017583389799,0.5784969266717539,3.0
824011,2026-06-28,Los Angeles Angels,Athletics,9.707055152450957,0.6046534122923315,0.5181567133106636,5.0
823204,2026-06-28,San Francisco Giants,Atlanta Braves,8.247395991107854,0.47785283264041567,0.391494484798378,5.0
823281,2026-06-28,San Diego Padres,Los Angeles Dodgers,8.440079173352498,0.49474386589117375,0.40785806914903583,6.0
824744,2026-06-28,Boston Red Sox,New York Yankees,7.750197527831234,0.43452369509295047,0.3502108185936534,9.0
824822,2026-06-29,Baltimore Orioles,Chicago White Sox,8.453766288628294,0.49594442456756654,0.4090269498446422,10.0
823444,2026-06-29,Philadelphia Phillies,Pittsburgh Pirates,8.719503696764276,0.5192475056361039,0.43186905904515693,18.0
823529,2026-06-29,New York Yankees,Detroit Tigers,8.700765614969034,0.5176055461288303,0.43024995030300395,10.0
822792,2026-06-29,Toronto Blue Jays,New York Mets,8.893426371063624,0.5344685698591275,0.4469483795660931,3.0
824420,2026-06-29,Cleveland Guardians,Texas Rangers,8.417823467766052,0.49279182395171955,0.40595918442375467,9.0
824741,2026-06-29,Boston Red Sox,Washington Nationals,8.723604061501284,0.5196067652014481,0.43222351451409,9.0
823771,2026-06-29,Milwaukee Brewers,Cincinnati Reds,9.443315289967355,0.5821585800572522,0.4950277163974896,8.0
824662,2026-06-29,Chicago Cubs,San Diego Padres,10.052952153751972,0.6336241193013682,0.5483860085845413,5.0
824176,2026-06-29,Houston Astros,Minnesota Twins,8.919846457247665,0.5367769048406352,0.4492463182766555,9.0
824339,2026-06-29,Colorado Rockies,Miami Marlins,11.646773123160866,0.755506559632605,0.6815502948229354,17.0
823121,2026-06-29,Seattle Mariners,Los Angeles Angels,8.231110948198154,0.4764266469085692,0.39011980241960786,8.0
824986,2026-06-29,Athletics,Los Angeles Dodgers,9.77765621521765,0.6106196997768989,0.5243410260064206,13.0
825065,2026-06-29,Arizona Diamondbacks,San Francisco Giants,8.80975998007956,0.5271513125746522,0.43968343594382053,9.0
824819,2026-06-30,Baltimore Orioles,Chicago White Sox,9.975836619920956,0.6272244022474657,0.5416646052027108,12.0
823445,2026-06-30,Philadelphia Phillies,Pittsburgh Pirates,9.216348123399698,0.5625795561842993,0.475134031992413,8.0
824418,2026-06-30,Cleveland Guardians,Texas Rangers,9.010846835392908,0.5447176957664757,0.4571738165065501,6.0
823528,2026-06-30,New York Yankees,Detroit Tigers,9.095079380230617,0.5520520998973653,0.46452702524661516,12.0
822793,2026-06-30,Toronto Blue Jays,New York Mets,8.769806096602341,0.5236536557818499,0.4362211478682094,3.0
824742,2026-06-30,Boston Red Sox,Washington Nationals,8.723682614499957,0.5196136475849228,0.4322303055508516,9.0
824907,2026-06-30,Atlanta Braves,St. Louis Cardinals,9.586040389941628,0.5943702608329806,0.5075470576940623,8.0
823768,2026-06-30,Milwaukee Brewers,Cincinnati Reds,9.930418076483155,0.6234385479264405,0.5377002096744887,9.0
824096,2026-06-30,Kansas City Royals,Tampa Bay Rays,10.20675510251735,0.6462761074272857,0.5617482883935556,14.0
824661,2026-06-30,Chicago Cubs,San Diego Padres,9.91845792800688,0.6224396169008681,0.5366556185458693,16.0
824175,2026-06-30,Houston Astros,Minnesota Twins,9.093316666038804,0.5518987878419029,0.4643730133657456,10.0
824338,2026-06-30,Colorado Rockies,Miami Marlins,10.985736993624101,0.7076631352614516,0.6280480316674255,17.0
823122,2026-06-30,Seattle Mariners,Los Angeles Angels,7.937545144008518,0.45078665374787147,0.3655897880635939,11.0
824984,2026-06-30,Athletics,Los Angeles Dodgers,10.326261208858181,0.6559972851587101,0.5720832959172713,12.0
825066,2026-06-30,Arizona Diamondbacks,San Francisco Giants,9.006865824559492,0.5443706585372875,0.4568266306478356,10.0
824818,2026-07-01,Baltimore Orioles,Chicago White Sox,9.358577281208193,0.5748698550484784,0.4875963243720001,7.0
824419,2026-07-01,Cleveland Guardians,Texas Rangers,8.597162331916929,0.5085224821286755,0.4213197370283849,13.0
823530,2026-07-01,New York Yankees,Detroit Tigers,10.210627556011298,0.6465926521316818,0.5620838826263257,8.0
824740,2026-07-01,Boston Red Sox,Washington Nationals,9.093396165652564,0.5519057024874022,0.4643799592919736,12.0
824660,2026-07-01,Chicago Cubs,San Diego Padres,10.243535941745979,0.6492785608940697,0.5649339605454836,26.0
822791,2026-07-01,Toronto Blue Jays,New York Mets,10.071736238156168,0.6351774517755748,0.5500212087074478,12.0
823446,2026-07-01,Philadelphia Phillies,Pittsburgh Pirates,9.322210330175528,0.5717337389466949,0.48440816886413574,16.0
824905,2026-07-01,Atlanta Braves,St. Louis Cardinals,10.113491565938537,0.6386223991922821,0.553653030613581,6.0
824094,2026-07-01,Kansas City Royals,Tampa Bay Rays,10.89892300889666,0.7010704619008712,0.6208062687787086,4.0
823767,2026-07-01,Milwaukee Brewers,Cincinnati Reds,9.586964403659861,0.594449035397427,0.5076280979989691,6.0
824174,2026-07-01,Houston Astros,Minnesota Twins,9.140938599485693,0.556037906527329,0.4685356378935047,11.0
824337,2026-07-01,Colorado Rockies,Miami Marlins,11.224579534118371,0.7254429030103793,0.6477322822154302,9.0
824985,2026-07-01,Athletics,Los Angeles Dodgers,9.691727360148791,0.6033548051369095,0.5168134436313817,8.0
825064,2026-07-01,Arizona Diamondbacks,San Francisco Giants,9.714057451581926,0.6052462782370511,0.5187703006263896,10.0
823442,2026-07-02,Philadelphia Phillies,Pittsburgh Pirates,10.61001901321089,0.6786606382421159,0.5964132543412655,7.0
823765,2026-07-02,Milwaukee Brewers,Cincinnati Reds,8.46855863367024,0.4972419689083604,0.4102911271879093,9.0
824335,2026-07-02,Colorado Rockies,Miami Marlins,11.857927814914111,0.7698492173094875,0.6979339801607933,18.0
824416,2026-07-02,Cleveland Guardians,Chicago White Sox,9.350472492768704,0.5741713387721752,0.486885731826119,11.0
824906,2026-07-02,Atlanta Braves,St. Louis Cardinals,9.135828632703431,0.5555940519763715,0.4680888037200171,16.0
824093,2026-07-02,Kansas City Royals,Tampa Bay Rays,10.22977676736252,0.6481564661138504,0.5637427290853828,7.0
822884,2026-07-02,Texas Rangers,Detroit Tigers,8.741462218258675,0.5211712446971584,0.43376789306148444,14.0
823119,2026-07-02,Seattle Mariners,Los Angeles Angels,7.801691276372336,0.43898384471548846,0.3544146728806682,1.0
823935,2026-07-02,Los Angeles Dodgers,San Diego Padres,9.655250117883941,0.6002597771823306,0.5136159768042897,19.0
824659,2026-07-03,Chicago Cubs,St. Louis Cardinals,9.27324582306384,0.5675041371136111,0.48011724354311847,18.0
822714,2026-07-03,Washington Nationals,Pittsburgh Pirates,10.19265673185462,0.6451228157440316,0.56052612321112,14.0
823527,2026-07-03,New York Yankees,Minnesota Twins,10.793636004870555,0.6929855911335261,0.6119665486370677,7.0
824417,2026-07-03,Cleveland Guardians,Chicago White Sox,9.029364365148101,0.5463314743701752,0.45878916458299523,7.0
824498,2026-07-03,Cincinnati Reds,Baltimore Orioles,9.658177114715865,0.6005083629725018,0.5138725820980434,3.0
824904,2026-07-03,Atlanta Braves,New York Mets,9.43025612259246,0.5810370698990331,0.4938822704709435,8.0
824336,2026-07-03,Colorado Rockies,San Francisco Giants,12.097002618329096,0.7855043093702776,0.7160123976938922,18.0
824173,2026-07-03,Houston Astros,Tampa Bay Rays,9.152985386038013,0.5570840179706844,0.46958920882175803,4.0
824013,2026-07-03,Los Angeles Angels,Boston Red Sox,8.833565031667645,0.5292342852411513,0.44174852576771917,7.0
824982,2026-07-03,Athletics,Miami Marlins,10.291635273292867,0.6531909022608902,0.5690935700436967,17.0
825062,2026-07-03,Arizona Diamondbacks,Milwaukee Brewers,9.418775628899402,0.5800505903447164,0.4928753345465384,11.0
823120,2026-07-03,Seattle Mariners,Toronto Blue Jays,8.190238152599058,0.47284852400245087,0.3866756565033387,2.0
823933,2026-07-03,Los Angeles Dodgers,San Diego Padres,9.198177728639353,0.561004798972912,0.47354341508915215,7.0
822716,2026-07-04,Washington Nationals,Pittsburgh Pirates,9.79422947585072,0.6120165432346062,0.5257919695583749,8.0
823526,2026-07-04,New York Yankees,Minnesota Twins,10.80382146556468,0.6937719212941331,0.6128243241377004,15.0
822882,2026-07-04,Texas Rangers,Detroit Tigers,9.169215295968062,0.5584927506329135,0.47100895685954913,3.0
823118,2026-07-04,Seattle Mariners,Toronto Blue Jays,8.019370796633195,0.45791730483503235,0.3723768214480476,11.0
824171,2026-07-04,Houston Astros,Tampa Bay Rays,8.431827038076884,0.49402005615629047,0.4071537315450308,18.0
824415,2026-07-04,Cleveland Guardians,Chicago White Sox,7.85259150892948,0.4434002159908506,0.3585875807036512,4.0
824499,2026-07-04,Cincinnati Reds,Baltimore Orioles,8.218521737202712,0.47532433486143716,0.3890580391857744,13.0
824658,2026-07-04,Chicago Cubs,St. Louis Cardinals,8.830858003488709,0.5289974560180836,0.44151361000439904,3.0
824903,2026-07-04,Atlanta Braves,New York Mets,8.975084337657592,0.5415989742575478,0.4540561554976428,17.0
824092,2026-07-04,Kansas City Royals,Philadelphia Phillies,9.676070915582008,0.6020271693304132,0.5154411751708632,7.0
824334,2026-07-04,Colorado Rockies,San Francisco Giants,11.8366822215249,0.768427748180083,0.6963027190846662,10.0
824012,2026-07-04,Los Angeles Angels,Boston Red Sox,9.647774485541362,0.5996246978369517,0.5129605743195682,9.0
824983,2026-07-04,Athletics,Miami Marlins,10.759032596879905,0.6903075449061141,0.6090483396992319,9.0
825063,2026-07-04,Arizona Diamondbacks,Milwaukee Brewers,9.474169829335223,0.5848056729524118,0.49773417613188564,7.0
823932,2026-07-04,Los Angeles Dodgers,San Diego Padres,8.38856713253429,0.49022602870271287,0.4034663659071594,3.0
824902,2026-07-05,Atlanta Braves,New York Mets,9.26701152499057,0.5669650462628102,0.4795710658306665,19.0
822715,2026-07-05,Washington Nationals,Pittsburgh Pirates,10.328257985726434,0.6561588611315587,0.5722555802751016,16.0
824497,2026-07-05,Cincinnati Reds,Baltimore Orioles,9.200881443448479,0.5612391811675131,0.4737800692960475,5.0
823525,2026-07-05,New York Yankees,Minnesota Twins,8.958322659887658,0.5401363536076739,0.4525958875261817,7.0
824413,2026-07-05,Cleveland Guardians,Chicago White Sox,8.116785270066188,0.4664239410375067,0.38050869508851654,13.0
824656,2026-07-05,Chicago Cubs,St. Louis Cardinals,9.179922921226545,0.5594217531596233,0.47194583347693686,10.0
824091,2026-07-05,Kansas City Royals,Philadelphia Phillies,10.884149381316401,0.699941858574,0.6195695848092283,7.0
822879,2026-07-05,Texas Rangers,Detroit Tigers,8.838494672536962,0.529665537112044,0.4421763723205698,9.0
824172,2026-07-05,Houston Astros,Tampa Bay Rays,9.32582146569782,0.5720453524902006,0.4847247024755598,2.0
824333,2026-07-05,Colorado Rockies,San Francisco Giants,12.480849995327864,0.8093001485135765,0.7439069318263958,13.0
825061,2026-07-05,Arizona Diamondbacks,Milwaukee Brewers,8.656428871514482,0.5137193169994116,0.4264236432589379,5.0
824980,2026-07-05,Athletics,Miami Marlins,9.023854994204168,0.5458514185808272,0.4583084907872309,17.0
823117,2026-07-05,Seattle Mariners,Toronto Blue Jays,8.149640401917354,0.4692966462305567,0.38326349979913676,4.0
823931,2026-07-05,Los Angeles Dodgers,San Diego Padres,9.621907596422167,0.5974251980411986,0.5106925174798439,7.0
824010,2026-07-05,Los Angeles Angels,Boston Red Sox,9.606711149537912,0.596131577334325,0.5093598988568959,12.0
824089,2026-07-06,Kansas City Royals,Philadelphia Phillies,9.578468688963751,0.5937246099939836,0.5068829728350877,16.0
822958,2026-07-06,Tampa Bay Rays,New York Yankees,8.010092265282474,0.4571080075675497,0.3716051721702895,6.0
822712,2026-07-06,Washington Nationals,Houston Astros,10.359111219848591,0.6586518148770653,0.5749158646589283,23.0
824900,2026-07-06,Atlanta Braves,New York Mets,10.526202929273326,0.6720305428765604,0.5892609633111264,13.0
823036,2026-07-06,St. Louis Cardinals,Milwaukee Brewers,8.092879711604853,0.46433483660355634,0.37850807807637915,7.0
823282,2026-07-06,San Diego Padres,Arizona Diamondbacks,8.75962486581736,0.5227620647170458,0.43533964174332185,8.0
823205,2026-07-06,San Francisco Giants,Toronto Blue Jays,8.907983041918573,0.535740541312478,0.4482142592159849,11.0
823930,2026-07-06,Los Angeles Dodgers,Colorado Rockies,9.265847615637517,0.5668643871120558,0.47946910165699225,15.0
823062,2026-07-07,St. Louis Cardinals,Milwaukee Brewers,9.029733318760043,0.5463636205151744,0.4588213566860778,7.0
824820,2026-07-07,Baltimore Orioles,Chicago Cubs,8.69968969503086,0.517511257296913,0.4301570181924821,7.0
822956,2026-07-07,Tampa Bay Rays,New York Yankees,8.51469837923397,0.5012893472519999,0.41424023862729237,10.0
823361,2026-07-07,Pittsburgh Pirates,Atlanta Braves,9.739053280416849,0.607360612068071,0.520960226081657,16.0
823847,2026-07-07,Miami Marlins,Seattle Mariners,8.520640317299549,0.5018105731889015,0.41474945024725846,11.0
824254,2026-07-07,Detroit Tigers,Athletics,8.281720396880607,0.4808597481957654,0.39439636113605975,8.0
822713,2026-07-07,Washington Nationals,Houston Astros,8.840729235775884,0.5298610083971118,0.44237033368383927,9.0
823607,2026-07-07,New York Mets,Kansas City Royals,9.087931867460263,0.5514303971022432,0.4639025658509035,28.0
824495,2026-07-07,Cincinnati Reds,Philadelphia Phillies,9.34926180506066,0.5740669748529708,0.4867795875209503,5.0
823687,2026-07-07,Minnesota Twins,Cleveland Guardians,9.144633777121891,0.5563588279540289,0.4688587824617129,4.0
824579,2026-07-07,Chicago White Sox,Boston Red Sox,8.838552543726077,0.5296705995589018,0.44218139539813583,9.0
823035,2026-07-07,St. Louis Cardinals,Milwaukee Brewers,8.533467157040835,0.502935729983824,0.41584917091600915,12.0
822881,2026-07-07,Texas Rangers,Los Angeles Angels,8.338966839388279,0.4858770383031757,0.3992491162719641,11.0
823280,2026-07-07,San Diego Padres,Arizona Diamondbacks,9.061687481893815,0.5491465439326165,0.46161043721138995,5.0
823203,2026-07-07,San Francisco Giants,Toronto Blue Jays,9.130874552563064,0.5551636712493744,0.467655639218636,12.0
823929,2026-07-07,Los Angeles Dodgers,Colorado Rockies,9.24983888945111,0.5654794563251864,0.47806679784255707,7.0
823202,2026-07-08,San Francisco Giants,Toronto Blue Jays,8.173819095755631,0.47141175253034534,0.38529459696917445,10.0
824815,2026-07-08,Baltimore Orioles,Chicago Cubs,9.174677717355097,0.5589667154219464,0.47148687830313796,16.0
822957,2026-07-08,Tampa Bay Rays,New York Yankees,8.604102907661503,0.5091311639659268,0.42191677870354033,3.0
823360,2026-07-08,Pittsburgh Pirates,Atlanta Braves,10.558630096370656,0.6746022079806951,0.5920317372297952,3.0
823848,2026-07-08,Miami Marlins,Seattle Mariners,8.889303666366663,0.5341082606470189,0.4465899578553827,2.0
824253,2026-07-08,Detroit Tigers,Athletics,9.079277931351522,0.5506774941215528,0.4631466133540753,7.0
822710,2026-07-08,Washington Nationals,Houston Astros,9.538086751158188,0.5902769141411699,0.5033409506342281,10.0
823605,2026-07-08,New York Mets,Kansas City Royals,9.536471691453054,0.59013887771673,0.5031992815144134,8.0
824496,2026-07-08,Cincinnati Reds,Philadelphia Phillies,8.636946589984344,0.5120112111277759,0.4247444675635432,16.0
823684,2026-07-08,Minnesota Twins,Cleveland Guardians,9.322256234801992,0.5717377004481179,0.484412192566925,11.0
824578,2026-07-08,Chicago White Sox,Boston Red Sox,9.570882010103483,0.5930774262547127,0.5062175551914184,5.0
823032,2026-07-08,St. Louis Cardinals,Milwaukee Brewers,10.00235149110967,0.6294289032093213,0.5439770889472265,6.0
822880,2026-07-08,Texas Rangers,Los Angeles Angels,7.931173581365638,0.4502320432719946,0.36506302861505757,14.0
823279,2026-07-08,San Diego Padres,Arizona Diamondbacks,8.461313693658155,0.49660645794563685,0.40967184573706283,14.0
823928,2026-07-08,Los Angeles Dodgers,Colorado Rockies,9.62522774626354,0.5977076894502936,0.5109836552668149,7.0
823359,2026-07-09,Pittsburgh Pirates,Atlanta Braves,10.176482841891483,0.6437981007026441,0.5591233244027645,15.0
822954,2026-07-09,Tampa Bay Rays,New York Yankees,8.731828430832456,0.5203273072738437,0.43293463318399206,16.0
823606,2026-07-09,New York Mets,Kansas City Royals,9.61776126570409,0.5970723404839421,0.5103289254405303,10.0
824816,2026-07-09,Baltimore Orioles,Chicago Cubs,8.523868266758427,0.502093727203921,0.4150261388575722,5.0
823683,2026-07-09,Minnesota Twins,Cleveland Guardians,9.066458151399889,0.5495618230120928,0.46202700474501257,7.0
824577,2026-07-09,Chicago White Sox,Boston Red Sox,8.701875857057061,0.5177028417687201,0.4303458510246565,3.0
823846,2026-07-09,Miami Marlins,Seattle Mariners,7.9989277768614615,0.45613444833222927,0.37067736091089853,12.0
824251,2026-07-09,Detroit Tigers,Athletics,9.069634193610575,0.5498382623040663,0.46230435499913397,5.0
824494,2026-07-09,Cincinnati Reds,Philadelphia Phillies,8.847518890465125,0.5304548978059147,0.4429597641551184,1.0
823034,2026-07-09,St. Louis Cardinals,Milwaukee Brewers,9.590562288354201,0.5947557279203076,0.5079436462064222,12.0
822877,2026-07-09,Texas Rangers,Los Angeles Angels,8.495005864335909,0.49956191190145327,0.41255366628026424,13.0
823277,2026-07-09,San Diego Padres,Arizona Diamondbacks,8.814011097618087,0.5275233469462822,0.440052101990106,4.0
823201,2026-07-09,San Francisco Giants,Colorado Rockies,9.000977938224066,0.5438573309835991,0.4563132057494209,10.0
824252,2026-07-10,Detroit Tigers,Philadelphia Phillies,9.123194000939074,0.5544963026576993,0.4669841590990611,12.0
822709,2026-07-10,Washington Nationals,New York Yankees,10.459339677015555,0.6667021816486491,0.5835338274152158,8.0
824817,2026-07-10,Baltimore Orioles,Kansas City Royals,9.427783498523338,0.5808246485920769,0.4936653970154937,8.0
822955,2026-07-10,Tampa Bay Rays,Seattle Mariners,8.842432601905012,0.5300100077032226,0.44251819611715143,9.0
823845,2026-07-10,Miami Marlins,Cleveland Guardians,7.87946515570016,0.4457347894440331,0.36079760524641546,5.0
824493,2026-07-10,Cincinnati Reds,Chicago Cubs,9.034321382638383,0.5467633433394752,0.4592216989493101,4.0
823604,2026-07-10,New York Mets,Boston Red Sox,9.602889539169439,0.5958060907998097,0.5090247542063815,8.0
824575,2026-07-10,Chicago White Sox,Athletics,9.341078912390842,0.5733614559908693,0.48606219585821975,15.0
822878,2026-07-10,Texas Rangers,Houston Astros,9.65059888063619,0.5998646704695406,0.5132081984603138,10.0
823685,2026-07-10,Minnesota Twins,Los Angeles Angels,9.819880268647694,0.6141756072892146,0.5280369449142854,7.0
823033,2026-07-10,St. Louis Cardinals,Atlanta Braves,9.098222039738504,0.5523254133854584,0.46480161889243565,3.0
823278,2026-07-10,San Diego Padres,Toronto Blue Jays,8.892892317106027,0.5344218970961738,0.44690194727326477,8.0
823927,2026-07-10,Los Angeles Dodgers,Arizona Diamondbacks,9.795741033395613,0.6121438699879446,0.5259242855481071,12.0
823200,2026-07-10,San Francisco Giants,Colorado Rockies,8.063307818129454,0.4617519177828164,0.3760377584812794,7.0
823357,2026-07-11,Pittsburgh Pirates,Milwaukee Brewers,9.311718639055526,0.5708281326471574,0.48348857751219126,13.0
823682,2026-07-11,Minnesota Twins,Los Angeles Angels,9.423450301922317,0.5804523300833158,0.493285337599962,8.0
824576,2026-07-11,Chicago White Sox,Athletics,8.65474005389387,0.5135712597018676,0.4262780309898788,1.0
822711,2026-07-11,Washington Nationals,New York Yankees,9.684436064718632,0.6027366656227262,0.5161743941805457,6.0
823198,2026-07-11,San Francisco Giants,Colorado Rockies,8.853020565403273,0.5309360783182177,0.44343747387337423,6.0
823356,2026-07-11,Pittsburgh Pirates,Milwaukee Brewers,9.469029474825097,0.5843649320088169,0.497283270367856,5.0
822953,2026-07-11,Tampa Bay Rays,Seattle Mariners,8.396813874047448,0.4909492357226473,0.4041686465284236,7.0
823603,2026-07-11,New York Mets,Boston Red Sox,9.58556334309909,0.5943295898569853,0.5075052183429059,4.0
823844,2026-07-11,Miami Marlins,Cleveland Guardians,8.396844368344508,0.49095191001007354,0.40417124395351145,5.0
824249,2026-07-11,Detroit Tigers,Philadelphia Phillies,8.85829320663431,0.5313971849844559,0.44389537378914473,6.0
822875,2026-07-11,Texas Rangers,Houston Astros,9.197645131630608,0.5609586261735147,0.47349679835531444,12.0
824813,2026-07-11,Baltimore Orioles,Kansas City Royals,8.893753430554682,0.534497152448746,0.4469768154827667,7.0
824492,2026-07-11,Cincinnati Reds,Chicago Cubs,8.918099027197382,0.5366242684538456,0.4490942786792499,8.0
823030,2026-07-11,St. Louis Cardinals,Atlanta Braves,9.264135963897889,0.5667163493111903,0.47931915500364825,5.0
823276,2026-07-11,San Diego Padres,Toronto Blue Jays,8.789841641072591,0.5254078591509618,0.43795677651878523,15.0
823926,2026-07-11,Los Angeles Dodgers,Arizona Diamondbacks,9.071482357819258,0.5499991134051221,0.4624657557616094,11.0
823358,2026-07-12,Pittsburgh Pirates,Milwaukee Brewers,9.29305178355272,0.5692159554805665,0.48185265745956973,19.0
822708,2026-07-12,Washington Nationals,New York Yankees,10.030181658265796,0.6317381969210031,0.5464026829757258,8.0
824814,2026-07-12,Baltimore Orioles,Kansas City Royals,9.461844324812578,0.5837486897559607,0.49665300352635805,10.0
822951,2026-07-12,Tampa Bay Rays,Seattle Mariners,8.399736481310075,0.49120554422802076,0.4044176058148883,10.0
823602,2026-07-12,New York Mets,Boston Red Sox,8.596861794477894,0.5084961248249733,0.4212938882953615,5.0
823842,2026-07-12,Miami Marlins,Cleveland Guardians,7.28486585090443,0.39466258224139983,0.31310444531550785,7.0
824250,2026-07-12,Detroit Tigers,Philadelphia Phillies,8.158074801851248,0.470034376213679,0.38397165851621917,5.0
824491,2026-07-12,Cincinnati Reds,Chicago Cubs,8.314217110455465,0.48370755946657223,0.39714913413619823,12.0
823681,2026-07-12,Minnesota Twins,Los Angeles Angels,9.449395809194298,0.5826805425543042,0.49556106557273844,6.0
824574,2026-07-12,Chicago White Sox,Athletics,8.770030838842917,0.5236733355971361,0.4362406099768249,10.0
823029,2026-07-12,St. Louis Cardinals,Atlanta Braves,9.30309839086764,0.5700837834834618,0.48273308267944737,7.0
822876,2026-07-12,Texas Rangers,Houston Astros,8.016888656574544,0.4577007889863666,0.37217034385999437,11.0
823199,2026-07-12,San Francisco Giants,Colorado Rockies,9.612807247468913,0.5966506441234101,0.5098944959958887,4.0
823274,2026-07-12,San Diego Padres,Toronto Blue Jays,9.172728964803236,0.5587976352119666,0.4713163721304585,9.0
823925,2026-07-12,Los Angeles Dodgers,Arizona Diamondbacks,10.167561466487538,0.6430666549659259,0.5583492341770715,8.0
823440,2026-07-16,Philadelphia Phillies,New York Mets,10.27752331114203,0.6520447219979282,0.5678739465101118,5.0
824766,2026-07-17,Boston Red Sox,Tampa Bay Rays,8.585013899875621,0.5074570293712729,0.420275141661621,10.0
823524,2026-07-17,New York Yankees,Los Angeles Dodgers,10.55446412759174,0.6742722838805737,0.591676026011951,3.0
824737,2026-07-17,Boston Red Sox,Tampa Bay Rays,8.353336987727765,0.48713687362547003,0.4004697479828805,8.0
822789,2026-07-17,Toronto Blue Jays,Chicago White Sox,10.118822936973197,0.6390614530487365,0.5541164287165311,16.0
824901,2026-07-17,Atlanta Braves,Texas Rangers,10.360491298424755,0.6587631651763475,0.5750347816056394,16.0
823766,2026-07-17,Milwaukee Brewers,Miami Marlins,10.480974485611322,0.6684300192781494,0.5853889491864763,3.0
824655,2026-07-17,Chicago Cubs,Minnesota Twins,11.536211259805004,0.747808857911699,0.6728251402207698,7.0
824090,2026-07-17,Kansas City Royals,San Diego Padres,11.303049362222302,0.7311656455056121,0.6541169361159791,13.0
824170,2026-07-17,Houston Astros,Baltimore Orioles,9.84835110372011,0.6165679007476877,0.5305276866582525,5.0
824332,2026-07-17,Colorado Rockies,Cincinnati Reds,12.577223591137901,0.8150100716317795,0.7506791083162021,9.0
824009,2026-07-17,Los Angeles Angels,Detroit Tigers,9.241743997030602,0.5647788520393879,0.47735781817198636,3.0
824981,2026-07-17,Athletics,Washington Nationals,10.519664984997696,0.6715110508856266,0.5887017769332097,27.0
825060,2026-07-17,Arizona Diamondbacks,St. Louis Cardinals,9.746217404238733,0.6079660264290611,0.5215877729478815,9.0
823115,2026-07-17,Seattle Mariners,San Francisco Giants,8.538812367544605,0.5034045998074728,0.4163076424761052,7.0
824414,2026-07-18,Cleveland Guardians,Pittsburgh Pirates,10.396309107412298,0.6616482309615441,0.578118668650812,8.0
824657,2026-07-18,Chicago Cubs,Minnesota Twins,9.276421402116235,0.567778686853496,0.480395465782498,8.0
823441,2026-07-18,Philadelphia Phillies,New York Mets,9.197930762199228,0.5609833886443553,0.47352179875892314,7.0
822790,2026-07-18,Toronto Blue Jays,Chicago White Sox,9.393135889982089,0.5778456473688356,0.49062668706838586,1.0
824331,2026-07-18,Colorado Rockies,Cincinnati Reds,11.485568736884359,0.7442407373939459,0.6687964742358099,13.0
823763,2026-07-18,Milwaukee Brewers,Miami Marlins,9.408794004485312,0.5791924943341298,0.49199989873950833,14.0
824088,2026-07-18,Kansas City Royals,San Diego Padres,7.7557053633238775,0.43500037077422143,0.35065960341221636,7.0
824169,2026-07-18,Houston Astros,Baltimore Orioles,8.661839293877868,0.5141936315900417,0.4268902050500958,6.0
824738,2026-07-18,Boston Red Sox,Tampa Bay Rays,7.879431036336297,0.4457318242082413,0.3607947963837927,13.0
824899,2026-07-18,Atlanta Braves,Texas Rangers,10.540553318508582,0.6731696286610956,0.5904877058875353,13.0
825059,2026-07-18,Arizona Diamondbacks,St. Louis Cardinals,8.867429437043873,0.5321960728559714,0.44468898220754915,8.0
824412,2026-07-18,Cleveland Guardians,Pittsburgh Pirates,7.382961324170148,0.40298916085206116,0.32078662345621023,8.0
823116,2026-07-18,Seattle Mariners,San Francisco Giants,8.668103222403955,0.5147427452375424,0.42743049574612535,7.0
824979,2026-07-18,Athletics,Washington Nationals,11.424374798422598,0.7398942909402939,0.6639022742967223,16.0
824008,2026-07-18,Los Angeles Angels,Detroit Tigers,8.752030921994571,0.522096973187684,0.43468235567702457,7.0
822786,2026-07-19,Toronto Blue Jays,Chicago White Sox,8.294169094427016,0.4819505676782412,0.39545026634123764,3.0
823523,2026-07-19,New York Yankees,Los Angeles Dodgers,9.250250346614585,0.5655150620309197,0.47810283660740666,10.0
823439,2026-07-19,Philadelphia Phillies,New York Mets,8.934613960691909,0.5380666140812277,0.45053149790450514,7.0
824739,2026-07-19,Boston Red Sox,Tampa Bay Rays,8.081011413251227,0.46329802867300696,0.3775160441955888,7.0
824897,2026-07-19,Atlanta Braves,Texas Rangers,10.252044380103143,0.6499717948254982,0.5656703036392741,13.0
824411,2026-07-19,Cleveland Guardians,Pittsburgh Pirates,7.522762180407268,0.41493132422506185,0.33186815036634093,8.0
823764,2026-07-19,Milwaukee Brewers,Miami Marlins,8.617277582182863,0.5102865106328698,0.42305058224370634,4.0
824086,2026-07-19,Kansas City Royals,San Diego Padres,9.690195055691863,0.6032249213338914,0.5166791475251786,21.0
824168,2026-07-19,Houston Astros,Baltimore Orioles,8.699141701891687,0.51746323324181,0.430109687013309,7.0
824653,2026-07-19,Chicago Cubs,Minnesota Twins,8.712804099995832,0.5186604769760196,0.43129003145061606,11.0
824330,2026-07-19,Colorado Rockies,Cincinnati Reds,11.754320169041716,0.7628711890448536,0.6899420509361865,15.0
824978,2026-07-19,Athletics,Washington Nationals,10.524053866194278,0.6718598192730765,0.5890771752152559,7.0
824007,2026-07-19,Los Angeles Angels,Detroit Tigers,9.477260633620872,0.5850706313600746,0.49800529922615133,5.0
823113,2026-07-19,Seattle Mariners,San Francisco Giants,7.636276740938638,0.42468675744251555,0.3409761213220523,9.0
825057,2026-07-19,Arizona Diamondbacks,St. Louis Cardinals,8.66957649550167,0.5148718924917781,0.42755759168046115,15.0
823521,2026-07-19,New York Yankees,Los Angeles Dodgers,8.460398936445962,0.49652621793793894,0.40959367029996246,3.0
824410,2026-07-20,Cleveland Guardians,Minnesota Twins,8.44014355265284,0.49474951278736345,0.40786356523566253,17.0
823522,2026-07-20,New York Yankees,Pittsburgh Pirates,8.196524534633603,0.47339871680498485,0.38720480549285663,13.0
822788,2026-07-20,Toronto Blue Jays,Tampa Bay Rays,8.381681370833078,0.4896221988112596,0.40288022263193135,8.0
823436,2026-07-20,Philadelphia Phillies,Los Angeles Dodgers,9.120865429205363,0.5542939408053846,0.4667805997942279,17.0
824736,2026-07-20,Boston Red Sox,Baltimore Orioles,8.555039462512955,0.5048279725191747,0.417700174669675,11.0
824898,2026-07-20,Atlanta Braves,San Diego Padres,10.046575158778216,0.6330962799648241,0.5478306875673692,5.0
823762,2026-07-20,Milwaukee Brewers,New York Mets,9.47689645286513,0.5850394140664278,0.4979733535059661,11.0
824087,2026-07-20,Kansas City Royals,San Francisco Giants,10.032123463616527,0.6318991478131991,0.5465718613955883,7.0
822874,2026-07-20,Texas Rangers,Chicago White Sox,9.431016498264503,0.5811023884650041,0.49394896326412896,13.0
824654,2026-07-20,Chicago Cubs,Detroit Tigers,9.103868009832775,0.5528163744298373,0.4652949843299003,14.0
824167,2026-07-20,Houston Astros,Miami Marlins,7.83834490829615,0.44216337319420357,0.35741788660642526,13.0
824328,2026-07-20,Colorado Rockies,Washington Nationals,10.768384136229216,0.6910322892591526,0.6098375962742215,10.0
823112,2026-07-20,Seattle Mariners,Cincinnati Reds,7.641644231517791,0.4251492330513232,0.3414091438335002,8.0
825058,2026-07-20,Arizona Diamondbacks,Athletics,9.788990616923556,0.6115751523902022,0.5253333578770565,7.0
824006,2026-07-20,Los Angeles Angels,St. Louis Cardinals,9.188091618552695,0.5601302565906198,0.4726606682004306,5.0
